warehouse_id,sku_id,order_week,weekly_demand,ending_stock,reorder_qty
east,SKU0001,2023-40,3,299,0
east,SKU0001,2023-41,4,295,0
east,SKU0001,2023-42,2,293,0
east,SKU0001,2023-43,5,288,0
east,SKU0001,2023-44,12,276,0
east,SKU0001,2023-45,4,272,0
east,SKU0001,2023-46,9,263,0
east,SKU0001,2023-47,11,252,0
east,SKU0001,2023-48,15,237,0
east,SKU0001,2023-49,13,224,0
east,SKU0001,2023-50,26,198,0
east,SKU0001,2023-51,19,179,0
east,SKU0001,2023-52,33,146,0
east,SKU0001,2024-01,12,134,0
east,SKU0001,2024-02,20,114,0
east,SKU0001,2024-03,20,294,200
east,SKU0001,2024-04,41,253,0
east,SKU0001,2024-05,28,225,0
east,SKU0001,2024-06,54,171,0
east,SKU0001,2024-07,48,123,0
east,SKU0001,2024-08,44,579,500
east,SKU0001,2024-09,49,530,0
east,SKU0001,2024-10,42,488,0
east,SKU0001,2024-11,76,412,0
east,SKU0001,2024-12,56,356,0
east,SKU0001,2024-13,66,290,0
east,SKU0001,2024-14,40,250,0
east,SKU0001,2024-15,47,203,0
east,SKU0001,2024-16,67,136,0
east,SKU0001,2024-17,106,530,500
east,SKU0001,2024-18,85,445,0
east,SKU0001,2024-19,75,370,0
east,SKU0001,2024-20,53,317,0
east,SKU0001,2024-21,48,269,0
east,SKU0001,2024-22,40,229,0
east,SKU0001,2024-23,40,189,0
east,SKU0001,2024-24,68,121,0
east,SKU0001,2024-25,35,286,200
east,SKU0001,2024-26,38,248,0
east,SKU0001,2024-27,36,212,0
east,SKU0001,2024-28,35,177,0
east,SKU0001,2024-29,31,146,0
east,SKU0001,2024-30,29,117,0
east,SKU0001,2024-31,36,281,200
east,SKU0001,2024-32,54,227,0
east,SKU0001,2024-33,41,186,0
east,SKU0001,2024-34,56,130,0
east,SKU0001,2024-35,38,592,500
east,SKU0001,2024-36,21,571,0
east,SKU0001,2024-37,23,548,0
east,SKU0001,2024-38,42,506,0
east,SKU0001,2024-39,37,469,0
east,SKU0001,2024-40,59,410,0
east,SKU0001,2024-41,24,386,0
east,SKU0001,2024-42,31,355,0
east,SKU0001,2024-43,47,308,0
east,SKU0001,2024-44,25,283,0
east,SKU0001,2024-45,23,260,0
east,SKU0001,2024-46,55,205,0
east,SKU0001,2024-47,31,174,0
east,SKU0001,2024-48,33,141,0
east,SKU0001,2024-49,37,104,0
east,SKU0001,2024-50,35,369,300
east,SKU0001,2024-51,26,343,0
east,SKU0002,2023-20,2,412,0
east,SKU0002,2023-21,3,409,0
east,SKU0002,2023-22,5,404,0
east,SKU0002,2023-23,6,398,0
east,SKU0002,2023-24,5,393,0
east,SKU0002,2023-25,4,389,0
east,SKU0002,2023-26,4,385,0
east,SKU0002,2023-27,8,377,0
east,SKU0002,2023-28,8,369,0
east,SKU0002,2023-29,6,363,0
east,SKU0002,2023-30,7,356,0
east,SKU0002,2023-31,13,343,0
east,SKU0002,2023-32,7,336,0
east,SKU0002,2023-33,13,323,0
east,SKU0002,2023-34,11,312,0
east,SKU0002,2023-35,7,305,0
east,SKU0002,2023-36,16,289,0
east,SKU0002,2023-37,15,274,0
east,SKU0002,2023-38,10,264,0
east,SKU0002,2023-39,11,253,0
east,SKU0002,2023-40,15,238,0
east,SKU0002,2023-41,15,223,0
east,SKU0002,2023-42,10,213,0
east,SKU0002,2023-43,15,198,0
east,SKU0002,2023-44,13,185,0
east,SKU0002,2023-45,23,162,0
east,SKU0002,2023-46,17,145,0
east,SKU0002,2023-47,15,130,0
east,SKU0002,2023-48,18,112,0
east,SKU0002,2023-49,26,586,500
east,SKU0002,2023-50,36,550,0
east,SKU0002,2023-51,28,522,0
east,SKU0002,2023-52,25,497,0
east,SKU0002,2024-01,27,470,0
east,SKU0002,2024-02,24,446,0
east,SKU0002,2024-03,27,419,0
east,SKU0002,2024-04,26,393,0
east,SKU0002,2024-05,40,353,0
east,SKU0002,2024-06,37,316,0
east,SKU0002,2024-07,31,285,0
east,SKU0002,2024-08,36,249,0
east,SKU0002,2024-09,44,205,0
east,SKU0002,2024-10,38,167,0
east,SKU0002,2024-11,41,126,0
east,SKU0002,2024-12,58,568,500
east,SKU0002,2024-13,46,522,0
east,SKU0002,2024-14,29,493,0
east,SKU0002,2024-15,56,437,0
east,SKU0002,2024-16,46,391,0
east,SKU0002,2024-17,42,349,0
east,SKU0002,2024-18,58,291,0
east,SKU0002,2024-19,44,247,0
east,SKU0002,2024-20,51,196,0
east,SKU0002,2024-21,55,141,0
east,SKU0002,2024-22,44,297,200
east,SKU0002,2024-23,60,237,0
east,SKU0002,2024-24,45,192,0
east,SKU0002,2024-25,40,152,0
east,SKU0002,2024-26,50,102,0
east,SKU0002,2024-27,62,540,500
east,SKU0002,2024-28,46,494,0
east,SKU0002,2024-29,47,447,0
east,SKU0002,2024-30,41,406,0
east,SKU0002,2024-31,59,347,0
east,SKU0002,2024-32,41,306,0
east,SKU0002,2024-33,40,266,0
east,SKU0002,2024-34,31,235,0
east,SKU0002,2024-35,38,197,0
east,SKU0002,2024-36,36,161,0
east,SKU0002,2024-37,34,127,0
east,SKU0002,2024-38,32,395,300
east,SKU0002,2024-39,29,366,0
east,SKU0002,2024-40,37,329,0
east,SKU0002,2024-41,26,303,0
east,SKU0002,2024-42,27,276,0
east,SKU0002,2024-43,27,249,0
east,SKU0002,2024-44,35,214,0
east,SKU0002,2024-45,34,180,0
east,SKU0002,2024-46,29,151,0
east,SKU0002,2024-47,43,108,0
east,SKU0002,2024-48,43,265,200
east,SKU0002,2024-49,38,227,0
east,SKU0002,2024-50,30,197,0
east,SKU0002,2024-51,29,168,0
east,SKU0003,2023-11,3,454,0
east,SKU0003,2023-12,3,451,0
east,SKU0003,2023-13,3,448,0
east,SKU0003,2023-14,7,441,0
east,SKU0003,2023-15,12,429,0
east,SKU0003,2023-16,8,421,0
east,SKU0003,2023-17,10,411,0
east,SKU0003,2023-18,9,402,0
east,SKU0003,2023-19,11,391,0
east,SKU0003,2023-20,4,387,0
east,SKU0003,2023-21,12,375,0
east,SKU0003,2023-22,18,357,0
east,SKU0003,2023-23,10,347,0
east,SKU0003,2023-24,13,334,0
east,SKU0003,2023-25,8,326,0
east,SKU0003,2023-26,15,311,0
east,SKU0003,2023-27,13,298,0
east,SKU0003,2023-28,16,282,0
east,SKU0003,2023-29,21,261,0
east,SKU0003,2023-30,24,237,0
east,SKU0003,2023-31,19,218,0
east,SKU0003,2023-32,16,202,0
east,SKU0003,2023-33,19,183,0
east,SKU0003,2023-34,14,169,0
east,SKU0003,2023-35,10,159,0
east,SKU0003,2023-36,22,137,0
east,SKU0003,2023-37,20,117,0
east,SKU0003,2023-38,16,101,0
east,SKU0003,2023-39,10,391,300
east,SKU0003,2023-40,18,373,0
east,SKU0003,2023-41,18,355,0
east,SKU0003,2023-42,19,336,0
east,SKU0003,2023-43,28,308,0
east,SKU0003,2023-44,24,284,0
east,SKU0003,2023-45,25,259,0
east,SKU0003,2023-46,27,232,0
east,SKU0003,2023-47,23,209,0
east,SKU0003,2023-48,37,172,0
east,SKU0003,2023-49,37,135,0
east,SKU0003,2023-50,31,104,0
east,SKU0003,2023-51,28,376,300
east,SKU0003,2023-52,38,338,0
east,SKU0003,2024-01,45,293,0
east,SKU0003,2024-02,37,256,0
east,SKU0003,2024-03,59,197,0
east,SKU0003,2024-04,46,151,0
east,SKU0003,2024-05,43,108,0
east,SKU0003,2024-06,52,356,300
east,SKU0003,2024-07,61,295,0
east,SKU0003,2024-08,51,244,0
east,SKU0003,2024-09,65,179,0
east,SKU0003,2024-10,56,123,0
east,SKU0003,2024-11,63,260,200
east,SKU0003,2024-12,53,207,0
east,SKU0003,2024-13,76,131,0
east,SKU0003,2024-14,65,266,200
east,SKU0003,2024-15,42,224,0
east,SKU0003,2024-16,47,177,0
east,SKU0003,2024-17,37,140,0
east,SKU0003,2024-18,56,384,300
east,SKU0003,2024-19,45,339,0
east,SKU0003,2024-20,52,287,0
east,SKU0003,2024-21,57,230,0
east,SKU0003,2024-22,37,193,0
east,SKU0003,2024-23,53,140,0
east,SKU0003,2024-24,33,107,0
east,SKU0003,2024-25,62,345,300
east,SKU0003,2024-26,39,306,0
east,SKU0003,2024-27,37,269,0
east,SKU0003,2024-28,47,222,0
east,SKU0003,2024-29,54,168,0
east,SKU0003,2024-30,38,130,0
east,SKU0003,2024-31,30,100,0
east,SKU0003,2024-32,30,270,200
east,SKU0003,2024-33,36,234,0
east,SKU0003,2024-34,29,205,0
east,SKU0003,2024-35,28,177,0
east,SKU0003,2024-36,28,149,0
east,SKU0003,2024-37,30,119,0
east,SKU0003,2024-38,39,280,200
east,SKU0003,2024-39,42,238,0
east,SKU0003,2024-40,34,204,0
east,SKU0003,2024-41,25,179,0
east,SKU0003,2024-42,32,147,0
east,SKU0003,2024-43,35,112,0
east,SKU0003,2024-44,27,285,200
east,SKU0003,2024-45,22,263,0
east,SKU0003,2024-46,34,229,0
east,SKU0003,2024-47,27,202,0
east,SKU0003,2024-48,36,166,0
east,SKU0003,2024-49,38,128,0
east,SKU0003,2024-50,41,587,500
east,SKU0003,2024-51,34,553,0
east,SKU0004,2023-02,1,257,0
east,SKU0004,2023-03,1,256,0
east,SKU0004,2023-04,3,253,0
east,SKU0004,2023-05,2,251,0
east,SKU0004,2023-06,8,243,0
east,SKU0004,2023-07,7,236,0
east,SKU0004,2023-08,10,226,0
east,SKU0004,2023-09,7,219,0
east,SKU0004,2023-10,7,212,0
east,SKU0004,2023-11,9,203,0
east,SKU0004,2023-12,12,191,0
east,SKU0004,2023-13,19,172,0
east,SKU0004,2023-14,19,153,0
east,SKU0004,2023-15,12,141,0
east,SKU0004,2023-16,21,120,0
east,SKU0004,2023-17,11,109,0
east,SKU0004,2023-18,6,103,0
east,SKU0004,2023-19,16,587,500
east,SKU0004,2023-20,16,571,0
east,SKU0004,2023-21,19,552,0
east,SKU0004,2023-22,20,532,0
east,SKU0004,2023-23,12,520,0
east,SKU0004,2023-24,14,506,0
east,SKU0004,2023-25,17,489,0
east,SKU0004,2023-26,17,472,0
east,SKU0004,2023-27,22,450,0
east,SKU0004,2023-28,17,433,0
east,SKU0004,2023-29,22,411,0
east,SKU0004,2023-30,21,390,0
east,SKU0004,2023-31,14,376,0
east,SKU0004,2023-32,27,349,0
east,SKU0004,2023-33,22,327,0
east,SKU0004,2023-34,27,300,0
east,SKU0004,2023-35,19,281,0
east,SKU0004,2023-36,30,251,0
east,SKU0004,2023-37,24,227,0
east,SKU0004,2023-38,25,202,0
east,SKU0004,2023-39,25,177,0
east,SKU0004,2023-40,19,158,0
east,SKU0004,2023-41,43,115,0
east,SKU0004,2023-42,26,389,300
east,SKU0004,2023-43,36,353,0
east,SKU0004,2023-44,26,327,0
east,SKU0004,2023-45,33,294,0
east,SKU0004,2023-46,48,246,0
east,SKU0004,2023-47,34,212,0
east,SKU0004,2023-48,28,184,0
east,SKU0004,2023-49,37,147,0
east,SKU0004,2023-50,40,107,0
east,SKU0004,2023-51,59,548,500
east,SKU0004,2023-52,59,489,0
east,SKU0004,2024-01,50,439,0
east,SKU0004,2024-02,40,399,0
east,SKU0004,2024-03,46,353,0
east,SKU0004,2024-04,52,301,0
east,SKU0004,2024-05,53,248,0
east,SKU0004,2024-06,62,186,0
east,SKU0004,2024-07,49,137,0
east,SKU0004,2024-08,40,397,300
east,SKU0004,2024-09,67,330,0
east,SKU0004,2024-10,75,255,0
east,SKU0004,2024-11,57,198,0
east,SKU0004,2024-12,52,146,0
east,SKU0004,2024-13,46,100,0
east,SKU0004,2024-14,27,373,300
east,SKU0004,2024-15,39,334,0
east,SKU0004,2024-16,51,283,0
east,SKU0004,2024-17,58,225,0
east,SKU0004,2024-18,69,156,0
east,SKU0004,2024-19,63,593,500
east,SKU0004,2024-20,36,557,0
east,SKU0004,2024-21,48,509,0
east,SKU0004,2024-22,36,473,0
east,SKU0004,2024-23,46,427,0
east,SKU0004,2024-24,58,369,0
east,SKU0004,2024-25,50,319,0
east,SKU0004,2024-26,34,285,0
east,SKU0004,2024-27,35,250,0
east,SKU0004,2024-28,49,201,0
east,SKU0004,2024-29,49,152,0
east,SKU0004,2024-30,46,106,0
east,SKU0004,2024-31,24,382,300
east,SKU0004,2024-32,55,327,0
east,SKU0004,2024-33,38,289,0
east,SKU0004,2024-34,42,247,0
east,SKU0004,2024-35,19,228,0
east,SKU0004,2024-36,37,191,0
east,SKU0004,2024-37,30,161,0
east,SKU0004,2024-38,46,115,0
east,SKU0004,2024-39,53,562,500
east,SKU0004,2024-40,41,521,0
east,SKU0004,2024-41,42,479,0
east,SKU0004,2024-42,19,460,0
east,SKU0004,2024-43,21,439,0
east,SKU0004,2024-44,41,398,0
east,SKU0004,2024-45,39,359,0
east,SKU0004,2024-46,43,316,0
east,SKU0004,2024-47,29,287,0
east,SKU0004,2024-48,13,274,0
east,SKU0004,2024-49,25,249,0
east,SKU0004,2024-50,41,208,0
east,SKU0004,2024-51,37,171,0
east,SKU0005,2023-30,3,560,0
east,SKU0005,2023-31,2,558,0
east,SKU0005,2023-32,3,555,0
east,SKU0005,2023-33,11,544,0
east,SKU0005,2023-34,2,542,0
east,SKU0005,2023-35,5,537,0
east,SKU0005,2023-36,5,532,0
east,SKU0005,2023-37,8,524,0
east,SKU0005,2023-38,12,512,0
east,SKU0005,2023-39,7,505,0
east,SKU0005,2023-40,5,500,0
east,SKU0005,2023-41,8,492,0
east,SKU0005,2023-42,4,488,0
east,SKU0005,2023-43,5,483,0
east,SKU0005,2023-44,8,475,0
east,SKU0005,2023-45,18,457,0
east,SKU0005,2023-46,16,441,0
east,SKU0005,2023-47,25,416,0
east,SKU0005,2023-48,23,393,0
east,SKU0005,2023-49,12,381,0
east,SKU0005,2023-50,25,356,0
east,SKU0005,2023-51,26,330,0
east,SKU0005,2023-52,16,314,0
east,SKU0005,2024-01,37,277,0
east,SKU0005,2024-02,29,248,0
east,SKU0005,2024-03,34,214,0
east,SKU0005,2024-04,31,183,0
east,SKU0005,2024-05,36,147,0
east,SKU0005,2024-06,43,104,0
east,SKU0005,2024-07,26,578,500
east,SKU0005,2024-08,32,546,0
east,SKU0005,2024-09,54,492,0
east,SKU0005,2024-10,44,448,0
east,SKU0005,2024-11,30,418,0
east,SKU0005,2024-12,37,381,0
east,SKU0005,2024-13,35,346,0
east,SKU0005,2024-14,69,277,0
east,SKU0005,2024-15,46,231,0
east,SKU0005,2024-16,30,201,0
east,SKU0005,2024-17,33,168,0
east,SKU0005,2024-18,52,116,0
east,SKU0005,2024-19,54,262,200
east,SKU0005,2024-20,38,224,0
east,SKU0005,2024-21,34,190,0
east,SKU0005,2024-22,62,128,0
east,SKU0005,2024-23,37,591,500
east,SKU0005,2024-24,24,567,0
east,SKU0005,2024-25,46,521,0
east,SKU0005,2024-26,28,493,0
east,SKU0005,2024-27,44,449,0
east,SKU0005,2024-28,46,403,0
east,SKU0005,2024-29,41,362,0
east,SKU0005,2024-30,61,301,0
east,SKU0005,2024-31,28,273,0
east,SKU0005,2024-32,39,234,0
east,SKU0005,2024-33,46,188,0
east,SKU0005,2024-34,33,155,0
east,SKU0005,2024-35,54,101,0
east,SKU0005,2024-36,59,242,200
east,SKU0005,2024-37,43,199,0
east,SKU0005,2024-38,17,182,0
east,SKU0005,2024-39,55,127,0
east,SKU0005,2024-40,35,592,500
east,SKU0005,2024-41,34,558,0
east,SKU0005,2024-42,12,546,0
east,SKU0005,2024-43,36,510,0
east,SKU0005,2024-44,27,483,0
east,SKU0005,2024-45,44,439,0
east,SKU0005,2024-46,54,385,0
east,SKU0005,2024-47,37,348,0
east,SKU0005,2024-48,53,295,0
east,SKU0005,2024-49,15,280,0
east,SKU0005,2024-50,52,228,0
east,SKU0005,2024-51,41,187,0
east,SKU0006,2023-32,1,333,0
east,SKU0006,2023-33,4,329,0
east,SKU0006,2023-34,3,326,0
east,SKU0006,2023-35,7,319,0
east,SKU0006,2023-36,14,305,0
east,SKU0006,2023-37,10,295,0
east,SKU0006,2023-38,15,280,0
east,SKU0006,2023-39,12,268,0
east,SKU0006,2023-40,13,255,0
east,SKU0006,2023-41,19,236,0
east,SKU0006,2023-42,24,212,0
east,SKU0006,2023-43,18,194,0
east,SKU0006,2023-44,25,169,0
east,SKU0006,2023-45,35,134,0
east,SKU0006,2023-46,33,101,0
east,SKU0006,2023-47,29,272,200
east,SKU0006,2023-48,43,229,0
east,SKU0006,2023-49,49,180,0
east,SKU0006,2023-50,43,137,0
east,SKU0006,2023-51,60,277,200
east,SKU0006,2023-52,67,210,0
east,SKU0006,2024-01,50,160,0
east,SKU0006,2024-02,51,109,0
east,SKU0006,2024-03,56,553,500
east,SKU0006,2024-04,45,508,0
east,SKU0006,2024-05,58,450,0
east,SKU0006,2024-06,61,389,0
east,SKU0006,2024-07,39,350,0
east,SKU0006,2024-08,70,280,0
east,SKU0006,2024-09,63,217,0
east,SKU0006,2024-10,67,150,0
east,SKU0006,2024-11,54,396,300
east,SKU0006,2024-12,56,340,0
east,SKU0006,2024-13,48,292,0
east,SKU0006,2024-14,44,248,0
east,SKU0006,2024-15,45,203,0
east,SKU0006,2024-16,34,169,0
east,SKU0006,2024-17,51,118,0
east,SKU0006,2024-18,50,268,200
east,SKU0006,2024-19,44,224,0
east,SKU0006,2024-20,35,189,0
east,SKU0006,2024-21,48,141,0
east,SKU0006,2024-22,36,105,0
east,SKU0006,2024-23,47,358,300
east,SKU0006,2024-24,25,333,0
east,SKU0006,2024-25,38,295,0
east,SKU0006,2024-26,37,258,0
east,SKU0006,2024-27,33,225,0
east,SKU0006,2024-28,40,185,0
east,SKU0006,2024-29,38,147,0
east,SKU0006,2024-30,25,122,0
east,SKU0006,2024-31,30,392,300
east,SKU0006,2024-32,33,359,0
east,SKU0006,2024-33,25,334,0
east,SKU0006,2024-34,21,313,0
east,SKU0006,2024-35,22,291,0
east,SKU0006,2024-36,16,275,0
east,SKU0006,2024-37,32,243,0
east,SKU0006,2024-38,20,223,0
east,SKU0006,2024-39,17,206,0
east,SKU0006,2024-40,17,189,0
east,SKU0006,2024-41,21,168,0
east,SKU0006,2024-42,24,144,0
east,SKU0006,2024-43,20,124,0
east,SKU0006,2024-44,22,102,0
east,SKU0006,2024-45,18,384,300
east,SKU0006,2024-46,18,366,0
east,SKU0006,2024-47,25,341,0
east,SKU0006,2024-48,18,323,0
east,SKU0006,2024-49,23,300,0
east,SKU0006,2024-50,20,280,0
east,SKU0006,2024-51,25,255,0
east,SKU0007,2023-24,1,463,0
east,SKU0007,2023-25,1,462,0
east,SKU0007,2023-26,4,458,0
east,SKU0007,2023-27,3,455,0
east,SKU0007,2023-28,2,453,0
east,SKU0007,2023-29,5,448,0
east,SKU0007,2023-30,10,438,0
east,SKU0007,2023-31,7,431,0
east,SKU0007,2023-32,8,423,0
east,SKU0007,2023-33,6,417,0
east,SKU0007,2023-34,3,414,0
east,SKU0007,2023-35,8,406,0
east,SKU0007,2023-36,7,399,0
east,SKU0007,2023-37,15,384,0
east,SKU0007,2023-38,17,367,0
east,SKU0007,2023-39,15,352,0
east,SKU0007,2023-40,10,342,0
east,SKU0007,2023-41,19,323,0
east,SKU0007,2023-42,23,300,0
east,SKU0007,2023-43,21,279,0
east,SKU0007,2023-44,19,260,0
east,SKU0007,2023-45,15,245,0
east,SKU0007,2023-46,21,224,0
east,SKU0007,2023-47,23,201,0
east,SKU0007,2023-48,32,169,0
east,SKU0007,2023-49,14,155,0
east,SKU0007,2023-50,35,120,0
east,SKU0007,2023-51,24,396,300
east,SKU0007,2023-52,31,365,0
east,SKU0007,2024-01,34,331,0
east,SKU0007,2024-02,33,298,0
east,SKU0007,2024-03,40,258,0
east,SKU0007,2024-04,41,217,0
east,SKU0007,2024-05,39,178,0
east,SKU0007,2024-06,54,124,0
east,SKU0007,2024-07,50,274,200
east,SKU0007,2024-08,60,214,0
east,SKU0007,2024-09,48,166,0
east,SKU0007,2024-10,51,115,0
east,SKU0007,2024-11,61,354,300
east,SKU0007,2024-12,42,312,0
east,SKU0007,2024-13,57,255,0
east,SKU0007,2024-14,58,197,0
east,SKU0007,2024-15,49,148,0
east,SKU0007,2024-16,45,103,0
east,SKU0007,2024-17,58,545,500
east,SKU0007,2024-18,39,506,0
east,SKU0007,2024-19,53,453,0
east,SKU0007,2024-20,55,398,0
east,SKU0007,2024-21,43,355,0
east,SKU0007,2024-22,50,305,0
east,SKU0007,2024-23,38,267,0
east,SKU0007,2024-24,44,223,0
east,SKU0007,2024-25,48,175,0
east,SKU0007,2024-26,40,135,0
east,SKU0007,2024-27,48,587,500
east,SKU0007,2024-28,46,541,0
east,SKU0007,2024-29,22,519,0
east,SKU0007,2024-30,41,478,0
east,SKU0007,2024-31,37,441,0
east,SKU0007,2024-32,26,415,0
east,SKU0007,2024-33,39,376,0
east,SKU0007,2024-34,34,342,0
east,SKU0007,2024-35,31,311,0
east,SKU0007,2024-36,22,289,0
east,SKU0007,2024-37,26,263,0
east,SKU0007,2024-38,32,231,0
east,SKU0007,2024-39,30,201,0
east,SKU0007,2024-40,34,167,0
east,SKU0007,2024-41,36,131,0
east,SKU0007,2024-42,23,108,0
east,SKU0007,2024-43,28,280,200
east,SKU0007,2024-44,25,255,0
east,SKU0007,2024-45,24,231,0
east,SKU0007,2024-46,34,197,0
east,SKU0007,2024-47,20,177,0
east,SKU0007,2024-48,33,144,0
east,SKU0007,2024-49,29,115,0
east,SKU0007,2024-50,37,578,500
east,SKU0007,2024-51,31,547,0
east,SKU0008,2023-27,1,233,0
east,SKU0008,2023-28,5,228,0
east,SKU0008,2023-29,5,223,0
east,SKU0008,2023-30,7,216,0
east,SKU0008,2023-31,7,209,0
east,SKU0008,2023-32,8,201,0
east,SKU0008,2023-33,15,186,0
east,SKU0008,2023-34,14,172,0
east,SKU0008,2023-35,16,156,0
east,SKU0008,2023-36,18,138,0
east,SKU0008,2023-37,22,116,0
east,SKU0008,2023-38,20,396,300
east,SKU0008,2023-39,19,377,0
east,SKU0008,2023-40,21,356,0
east,SKU0008,2023-41,18,338,0
east,SKU0008,2023-42,28,310,0
east,SKU0008,2023-43,22,288,0
east,SKU0008,2023-44,20,268,0
east,SKU0008,2023-45,32,236,0
east,SKU0008,2023-46,33,203,0
east,SKU0008,2023-47,34,169,0
east,SKU0008,2023-48,32,137,0
east,SKU0008,2023-49,29,108,0
east,SKU0008,2023-50,48,260,200
east,SKU0008,2023-51,41,219,0
east,SKU0008,2023-52,43,176,0
east,SKU0008,2024-01,43,133,0
east,SKU0008,2024-02,45,388,300
east,SKU0008,2024-03,48,340,0
east,SKU0008,2024-04,49,291,0
east,SKU0008,2024-05,62,229,0
east,SKU0008,2024-06,76,153,0
east,SKU0008,2024-07,59,394,300
east,SKU0008,2024-08,70,324,0
east,SKU0008,2024-09,68,256,0
east,SKU0008,2024-10,47,209,0
east,SKU0008,2024-11,43,166,0
east,SKU0008,2024-12,64,102,0
east,SKU0008,2024-13,62,340,300
east,SKU0008,2024-14,66,274,0
east,SKU0008,2024-15,55,219,0
east,SKU0008,2024-16,45,174,0
east,SKU0008,2024-17,51,123,0
east,SKU0008,2024-18,49,374,300
east,SKU0008,2024-19,54,320,0
east,SKU0008,2024-20,35,285,0
east,SKU0008,2024-21,41,244,0
east,SKU0008,2024-22,56,188,0
east,SKU0008,2024-23,48,140,0
east,SKU0008,2024-24,44,396,300
east,SKU0008,2024-25,40,356,0
east,SKU0008,2024-26,47,309,0
east,SKU0008,2024-27,32,277,0
east,SKU0008,2024-28,39,238,0
east,SKU0008,2024-29,26,212,0
east,SKU0008,2024-30,36,176,0
east,SKU0008,2024-31,39,137,0
east,SKU0008,2024-32,23,114,0
east,SKU0008,2024-33,22,392,300
east,SKU0008,2024-34,36,356,0
east,SKU0008,2024-35,34,322,0
east,SKU0008,2024-36,31,291,0
east,SKU0008,2024-37,31,260,0
east,SKU0008,2024-38,28,232,0
east,SKU0008,2024-39,21,211,0
east,SKU0008,2024-40,35,176,0
east,SKU0008,2024-41,23,153,0
east,SKU0008,2024-42,29,124,0
east,SKU0008,2024-43,31,393,300
east,SKU0008,2024-44,33,360,0
east,SKU0008,2024-45,26,334,0
east,SKU0008,2024-46,37,297,0
east,SKU0008,2024-47,28,269,0
east,SKU0008,2024-48,24,245,0
east,SKU0008,2024-49,34,211,0
east,SKU0008,2024-50,31,180,0
east,SKU0008,2024-51,42,138,0
east,SKU0009,2023-02,1,389,0
east,SKU0009,2023-03,2,387,0
east,SKU0009,2023-04,2,385,0
east,SKU0009,2023-05,4,381,0
east,SKU0009,2023-06,4,377,0
east,SKU0009,2023-07,4,373,0
east,SKU0009,2023-08,5,368,0
east,SKU0009,2023-09,5,363,0
east,SKU0009,2023-10,5,358,0
east,SKU0009,2023-11,10,348,0
east,SKU0009,2023-12,9,339,0
east,SKU0009,2023-13,6,333,0
east,SKU0009,2023-14,11,322,0
east,SKU0009,2023-15,12,310,0
east,SKU0009,2023-16,13,297,0
east,SKU0009,2023-17,9,288,0
east,SKU0009,2023-18,12,276,0
east,SKU0009,2023-19,13,263,0
east,SKU0009,2023-20,12,251,0
east,SKU0009,2023-21,15,236,0
east,SKU0009,2023-22,16,220,0
east,SKU0009,2023-23,19,201,0
east,SKU0009,2023-24,9,192,0
east,SKU0009,2023-25,13,179,0
east,SKU0009,2023-26,9,170,0
east,SKU0009,2023-27,16,154,0
east,SKU0009,2023-28,16,138,0
east,SKU0009,2023-29,14,124,0
east,SKU0009,2023-30,17,107,0
east,SKU0009,2023-31,20,387,300
east,SKU0009,2023-32,17,370,0
east,SKU0009,2023-33,18,352,0
east,SKU0009,2023-34,20,332,0
east,SKU0009,2023-35,14,318,0
east,SKU0009,2023-36,20,298,0
east,SKU0009,2023-37,32,266,0
east,SKU0009,2023-38,14,252,0
east,SKU0009,2023-39,23,229,0
east,SKU0009,2023-40,24,205,0
east,SKU0009,2023-41,32,173,0
east,SKU0009,2023-42,25,148,0
east,SKU0009,2023-43,19,129,0
east,SKU0009,2023-44,17,112,0
east,SKU0009,2023-45,27,385,300
east,SKU0009,2023-46,28,357,0
east,SKU0009,2023-47,43,314,0
east,SKU0009,2023-48,20,294,0
east,SKU0009,2023-49,31,263,0
east,SKU0009,2023-50,33,230,0
east,SKU0009,2023-51,21,209,0
east,SKU0009,2023-52,48,161,0
east,SKU0009,2024-01,38,123,0
east,SKU0009,2024-02,37,386,300
east,SKU0009,2024-03,26,360,0
east,SKU0009,2024-04,39,321,0
east,SKU0009,2024-05,44,277,0
east,SKU0009,2024-06,43,234,0
east,SKU0009,2024-07,39,195,0
east,SKU0009,2024-08,47,148,0
east,SKU0009,2024-09,32,116,0
east,SKU0009,2024-10,54,362,300
east,SKU0009,2024-11,52,310,0
east,SKU0009,2024-12,50,260,0
east,SKU0009,2024-13,40,220,0
east,SKU0009,2024-14,63,157,0
east,SKU0009,2024-15,49,108,0
east,SKU0009,2024-16,48,360,300
east,SKU0009,2024-17,44,316,0
east,SKU0009,2024-18,43,273,0
east,SKU0009,2024-19,38,235,0
east,SKU0009,2024-20,61,174,0
east,SKU0009,2024-21,52,122,0
east,SKU0009,2024-22,58,364,300
east,SKU0009,2024-23,32,332,0
east,SKU0009,2024-24,67,265,0
east,SKU0009,2024-25,60,205,0
east,SKU0009,2024-26,55,150,0
east,SKU0009,2024-27,57,593,500
east,SKU0009,2024-28,42,551,0
east,SKU0009,2024-29,45,506,0
east,SKU0009,2024-30,42,464,0
east,SKU0009,2024-31,33,431,0
east,SKU0009,2024-32,56,375,0
east,SKU0009,2024-33,30,345,0
east,SKU0009,2024-34,32,313,0
east,SKU0009,2024-35,30,283,0
east,SKU0009,2024-36,42,241,0
east,SKU0009,2024-37,33,208,0
east,SKU0009,2024-38,23,185,0
east,SKU0009,2024-39,23,162,0
east,SKU0009,2024-40,26,136,0
east,SKU0009,2024-41,28,108,0
east,SKU0009,2024-42,43,565,500
east,SKU0009,2024-43,30,535,0
east,SKU0009,2024-44,30,505,0
east,SKU0009,2024-45,31,474,0
east,SKU0009,2024-46,40,434,0
east,SKU0009,2024-47,27,407,0
east,SKU0009,2024-48,42,365,0
east,SKU0009,2024-49,40,325,0
east,SKU0009,2024-50,39,286,0
east,SKU0009,2024-51,40,246,0
east,SKU0010,2023-38,1,413,0
east,SKU0010,2023-39,3,410,0
east,SKU0010,2023-40,5,405,0
east,SKU0010,2023-41,5,400,0
east,SKU0010,2023-42,8,392,0
east,SKU0010,2023-43,18,374,0
east,SKU0010,2023-44,20,354,0
east,SKU0010,2023-45,18,336,0
east,SKU0010,2023-46,17,319,0
east,SKU0010,2023-47,33,286,0
east,SKU0010,2023-48,25,261,0
east,SKU0010,2023-49,23,238,0
east,SKU0010,2023-50,42,196,0
east,SKU0010,2023-51,36,160,0
east,SKU0010,2023-52,49,111,0
east,SKU0010,2024-01,30,281,200
east,SKU0010,2024-02,48,233,0
east,SKU0010,2024-03,41,192,0
east,SKU0010,2024-04,54,138,0
east,SKU0010,2024-05,71,367,300
east,SKU0010,2024-06,38,329,0
east,SKU0010,2024-07,48,281,0
east,SKU0010,2024-08,49,232,0
east,SKU0010,2024-09,81,151,0
east,SKU0010,2024-10,56,295,200
east,SKU0010,2024-11,33,262,0
east,SKU0010,2024-12,47,215,0
east,SKU0010,2024-13,53,162,0
east,SKU0010,2024-14,57,105,0
east,SKU0010,2024-15,76,229,200
east,SKU0010,2024-16,49,180,0
east,SKU0010,2024-17,40,140,0
east,SKU0010,2024-18,36,104,0
east,SKU0010,2024-19,42,362,300
east,SKU0010,2024-20,68,294,0
east,SKU0010,2024-21,44,250,0
east,SKU0010,2024-22,27,223,0
east,SKU0010,2024-23,21,202,0
east,SKU0010,2024-24,34,168,0
east,SKU0010,2024-25,41,127,0
east,SKU0010,2024-26,32,595,500
east,SKU0010,2024-27,30,565,0
east,SKU0010,2024-28,34,531,0
east,SKU0010,2024-29,14,517,0
east,SKU0010,2024-30,23,494,0
east,SKU0010,2024-31,37,457,0
east,SKU0010,2024-32,29,428,0
east,SKU0010,2024-33,26,402,0
east,SKU0010,2024-34,9,393,0
east,SKU0010,2024-35,33,360,0
east,SKU0010,2024-36,23,337,0
east,SKU0010,2024-37,22,315,0
east,SKU0010,2024-38,21,294,0
east,SKU0010,2024-39,21,273,0
east,SKU0010,2024-40,23,250,0
east,SKU0010,2024-41,19,231,0
east,SKU0010,2024-42,21,210,0
east,SKU0010,2024-43,17,193,0
east,SKU0010,2024-44,34,159,0
east,SKU0010,2024-45,11,148,0
east,SKU0010,2024-46,17,131,0
east,SKU0010,2024-47,8,123,0
east,SKU0010,2024-48,22,101,0
east,SKU0010,2024-49,26,275,200
east,SKU0010,2024-50,27,248,0
east,SKU0010,2024-51,25,223,0
east,SKU0011,2023-08,1,478,0
east,SKU0011,2023-09,3,475,0
east,SKU0011,2023-10,3,472,0
east,SKU0011,2023-11,3,469,0
east,SKU0011,2023-12,2,467,0
east,SKU0011,2023-13,7,460,0
east,SKU0011,2023-14,6,454,0
east,SKU0011,2023-15,15,439,0
east,SKU0011,2023-16,4,435,0
east,SKU0011,2023-17,16,419,0
east,SKU0011,2023-18,14,405,0
east,SKU0011,2023-19,11,394,0
east,SKU0011,2023-20,9,385,0
east,SKU0011,2023-21,11,374,0
east,SKU0011,2023-22,11,363,0
east,SKU0011,2023-23,14,349,0
east,SKU0011,2023-24,7,342,0
east,SKU0011,2023-25,20,322,0
east,SKU0011,2023-26,19,303,0
east,SKU0011,2023-27,14,289,0
east,SKU0011,2023-28,17,272,0
east,SKU0011,2023-29,21,251,0
east,SKU0011,2023-30,17,234,0
east,SKU0011,2023-31,16,218,0
east,SKU0011,2023-32,21,197,0
east,SKU0011,2023-33,21,176,0
east,SKU0011,2023-34,11,165,0
east,SKU0011,2023-35,28,137,0
east,SKU0011,2023-36,31,106,0
east,SKU0011,2023-37,8,398,300
east,SKU0011,2023-38,22,376,0
east,SKU0011,2023-39,18,358,0
east,SKU0011,2023-40,22,336,0
east,SKU0011,2023-41,20,316,0
east,SKU0011,2023-42,26,290,0
east,SKU0011,2023-43,33,257,0
east,SKU0011,2023-44,19,238,0
east,SKU0011,2023-45,34,204,0
east,SKU0011,2023-46,21,183,0
east,SKU0011,2023-47,27,156,0
east,SKU0011,2023-48,34,122,0
east,SKU0011,2023-49,33,289,200
east,SKU0011,2023-50,44,245,0
east,SKU0011,2023-51,41,204,0
east,SKU0011,2023-52,47,157,0
east,SKU0011,2024-01,54,103,0
east,SKU0011,2024-02,34,269,200
east,SKU0011,2024-03,41,228,0
east,SKU0011,2024-04,60,168,0
east,SKU0011,2024-05,40,128,0
east,SKU0011,2024-06,40,288,200
east,SKU0011,2024-07,33,255,0
east,SKU0011,2024-08,63,192,0
east,SKU0011,2024-09,42,150,0
east,SKU0011,2024-10,60,290,200
east,SKU0011,2024-11,74,216,0
east,SKU0011,2024-12,48,168,0
east,SKU0011,2024-13,69,599,500
east,SKU0011,2024-14,41,558,0
east,SKU0011,2024-15,55,503,0
east,SKU0011,2024-16,79,424,0
east,SKU0011,2024-17,65,359,0
east,SKU0011,2024-18,37,322,0
east,SKU0011,2024-19,33,289,0
east,SKU0011,2024-20,70,219,0
east,SKU0011,2024-21,47,172,0
east,SKU0011,2024-22,35,137,0
east,SKU0011,2024-23,59,278,200
east,SKU0011,2024-24,36,242,0
east,SKU0011,2024-25,51,191,0
east,SKU0011,2024-26,47,144,0
east,SKU0011,2024-27,46,298,200
east,SKU0011,2024-28,42,256,0
east,SKU0011,2024-29,35,221,0
east,SKU0011,2024-30,53,168,0
east,SKU0011,2024-31,52,116,0
east,SKU0011,2024-32,28,288,200
east,SKU0011,2024-33,37,251,0
east,SKU0011,2024-34,58,193,0
east,SKU0011,2024-35,41,152,0
east,SKU0011,2024-36,25,127,0
east,SKU0011,2024-37,30,597,500
east,SKU0011,2024-38,40,557,0
east,SKU0011,2024-39,32,525,0
east,SKU0011,2024-40,33,492,0
east,SKU0011,2024-41,29,463,0
east,SKU0011,2024-42,34,429,0
east,SKU0011,2024-43,44,385,0
east,SKU0011,2024-44,32,353,0
east,SKU0011,2024-45,26,327,0
east,SKU0011,2024-46,40,287,0
east,SKU0011,2024-47,42,245,0
east,SKU0011,2024-48,45,200,0
east,SKU0011,2024-49,41,159,0
east,SKU0011,2024-50,44,115,0
east,SKU0011,2024-51,16,299,200
east,SKU0012,2023-06,1,542,0
east,SKU0012,2023-07,3,539,0
east,SKU0012,2023-08,2,537,0
east,SKU0012,2023-09,5,532,0
east,SKU0012,2023-10,6,526,0
east,SKU0012,2023-11,2,524,0
east,SKU0012,2023-12,9,515,0
east,SKU0012,2023-13,13,502,0
east,SKU0012,2023-14,17,485,0
east,SKU0012,2023-15,15,470,0
east,SKU0012,2023-16,17,453,0
east,SKU0012,2023-17,16,437,0
east,SKU0012,2023-18,14,423,0
east,SKU0012,2023-19,17,406,0
east,SKU0012,2023-20,21,385,0
east,SKU0012,2023-21,14,371,0
east,SKU0012,2023-22,26,345,0
east,SKU0012,2023-23,27,318,0
east,SKU0012,2023-24,22,296,0
east,SKU0012,2023-25,22,274,0
east,SKU0012,2023-26,10,264,0
east,SKU0012,2023-27,23,241,0
east,SKU0012,2023-28,22,219,0
east,SKU0012,2023-29,22,197,0
east,SKU0012,2023-30,22,175,0
east,SKU0012,2023-31,29,146,0
east,SKU0012,2023-32,25,121,0
east,SKU0012,2023-33,32,289,200
east,SKU0012,2023-34,13,276,0
east,SKU0012,2023-35,28,248,0
east,SKU0012,2023-36,28,220,0
east,SKU0012,2023-37,35,185,0
east,SKU0012,2023-38,44,141,0
east,SKU0012,2023-39,38,103,0
east,SKU0012,2023-40,40,563,500
east,SKU0012,2023-41,34,529,0
east,SKU0012,2023-42,26,503,0
east,SKU0012,2023-43,42,461,0
east,SKU0012,2023-44,30,431,0
east,SKU0012,2023-45,34,397,0
east,SKU0012,2023-46,68,329,0
east,SKU0012,2023-47,42,287,0
east,SKU0012,2023-48,25,262,0
east,SKU0012,2023-49,39,223,0
east,SKU0012,2023-50,53,170,0
east,SKU0012,2023-51,32,138,0
east,SKU0012,2023-52,51,587,500
east,SKU0012,2024-01,44,543,0
east,SKU0012,2024-02,26,517,0
east,SKU0012,2024-03,54,463,0
east,SKU0012,2024-04,67,396,0
east,SKU0012,2024-05,40,356,0
east,SKU0012,2024-06,44,312,0
east,SKU0012,2024-07,77,235,0
east,SKU0012,2024-08,50,185,0
east,SKU0012,2024-09,67,118,0
east,SKU0012,2024-10,63,555,500
east,SKU0012,2024-11,49,506,0
east,SKU0012,2024-12,49,457,0
east,SKU0012,2024-13,62,395,0
east,SKU0012,2024-14,49,346,0
east,SKU0012,2024-15,53,293,0
east,SKU0012,2024-16,39,254,0
east,SKU0012,2024-17,47,207,0
east,SKU0012,2024-18,47,160,0
east,SKU0012,2024-19,40,120,0
east,SKU0012,2024-20,49,271,200
east,SKU0012,2024-21,64,207,0
east,SKU0012,2024-22,41,166,0
east,SKU0012,2024-23,41,125,0
east,SKU0012,2024-24,44,581,500
east,SKU0012,2024-25,33,548,0
east,SKU0012,2024-26,30,518,0
east,SKU0012,2024-27,27,491,0
east,SKU0012,2024-28,51,440,0
east,SKU0012,2024-29,48,392,0
east,SKU0012,2024-30,32,360,0
east,SKU0012,2024-31,25,335,0
east,SKU0012,2024-32,42,293,0
east,SKU0012,2024-33,32,261,0
east,SKU0012,2024-34,24,237,0
east,SKU0012,2024-35,18,219,0
east,SKU0012,2024-36,22,197,0
east,SKU0012,2024-37,28,169,0
east,SKU0012,2024-38,36,133,0
east,SKU0012,2024-39,35,598,500
east,SKU0012,2024-40,28,570,0
east,SKU0012,2024-41,41,529,0
east,SKU0012,2024-42,41,488,0
east,SKU0012,2024-43,30,458,0
east,SKU0012,2024-44,17,441,0
east,SKU0012,2024-45,42,399,0
east,SKU0012,2024-46,17,382,0
east,SKU0012,2024-47,33,349,0
east,SKU0012,2024-48,43,306,0
east,SKU0012,2024-49,28,278,0
east,SKU0012,2024-50,31,247,0
east,SKU0012,2024-51,40,207,0
east,SKU0013,2023-35,2,486,0
east,SKU0013,2023-36,1,485,0
east,SKU0013,2023-37,2,483,0
east,SKU0013,2023-38,3,480,0
east,SKU0013,2023-39,6,474,0
east,SKU0013,2023-40,4,470,0
east,SKU0013,2023-41,3,467,0
east,SKU0013,2023-42,6,461,0
east,SKU0013,2023-43,17,444,0
east,SKU0013,2023-44,8,436,0
east,SKU0013,2023-45,11,425,0
east,SKU0013,2023-46,5,420,0
east,SKU0013,2023-47,17,403,0
east,SKU0013,2023-48,14,389,0
east,SKU0013,2023-49,9,380,0
east,SKU0013,2023-50,18,362,0
east,SKU0013,2023-51,16,346,0
east,SKU0013,2023-52,17,329,0
east,SKU0013,2024-01,28,301,0
east,SKU0013,2024-02,13,288,0
east,SKU0013,2024-03,36,252,0
east,SKU0013,2024-04,29,223,0
east,SKU0013,2024-05,29,194,0
east,SKU0013,2024-06,27,167,0
east,SKU0013,2024-07,25,142,0
east,SKU0013,2024-08,22,120,0
east,SKU0013,2024-09,40,580,500
east,SKU0013,2024-10,37,543,0
east,SKU0013,2024-11,46,497,0
east,SKU0013,2024-12,32,465,0
east,SKU0013,2024-13,30,435,0
east,SKU0013,2024-14,47,388,0
east,SKU0013,2024-15,36,352,0
east,SKU0013,2024-16,39,313,0
east,SKU0013,2024-17,70,243,0
east,SKU0013,2024-18,60,183,0
east,SKU0013,2024-19,40,143,0
east,SKU0013,2024-20,64,279,200
east,SKU0013,2024-21,61,218,0
east,SKU0013,2024-22,41,177,0
east,SKU0013,2024-23,71,106,0
east,SKU0013,2024-24,68,338,300
east,SKU0013,2024-25,40,298,0
east,SKU0013,2024-26,50,248,0
east,SKU0013,2024-27,37,211,0
east,SKU0013,2024-28,40,171,0
east,SKU0013,2024-29,48,123,0
east,SKU0013,2024-30,45,578,500
east,SKU0013,2024-31,44,534,0
east,SKU0013,2024-32,37,497,0
east,SKU0013,2024-33,28,469,0
east,SKU0013,2024-34,39,430,0
east,SKU0013,2024-35,31,399,0
east,SKU0013,2024-36,25,374,0
east,SKU0013,2024-37,53,321,0
east,SKU0013,2024-38,38,283,0
east,SKU0013,2024-39,32,251,0
east,SKU0013,2024-40,21,230,0
east,SKU0013,2024-41,43,187,0
east,SKU0013,2024-42,33,154,0
east,SKU0013,2024-43,27,127,0
east,SKU0013,2024-44,35,392,300
east,SKU0013,2024-45,39,353,0
east,SKU0013,2024-46,56,297,0
east,SKU0013,2024-47,29,268,0
east,SKU0013,2024-48,35,233,0
east,SKU0013,2024-49,26,207,0
east,SKU0013,2024-50,41,166,0
east,SKU0013,2024-51,35,131,0
east,SKU0014,2023-04,1,239,0
east,SKU0014,2023-05,4,235,0
east,SKU0014,2023-06,3,232,0
east,SKU0014,2023-07,7,225,0
east,SKU0014,2023-08,3,222,0
east,SKU0014,2023-09,6,216,0
east,SKU0014,2023-10,7,209,0
east,SKU0014,2023-11,14,195,0
east,SKU0014,2023-12,8,187,0
east,SKU0014,2023-13,8,179,0
east,SKU0014,2023-14,9,170,0
east,SKU0014,2023-15,15,155,0
east,SKU0014,2023-16,18,137,0
east,SKU0014,2023-17,12,125,0
east,SKU0014,2023-18,15,110,0
east,SKU0014,2023-19,14,596,500
east,SKU0014,2023-20,24,572,0
east,SKU0014,2023-21,11,561,0
east,SKU0014,2023-22,13,548,0
east,SKU0014,2023-23,4,544,0
east,SKU0014,2023-24,12,532,0
east,SKU0014,2023-25,18,514,0
east,SKU0014,2023-26,21,493,0
east,SKU0014,2023-27,17,476,0
east,SKU0014,2023-28,11,465,0
east,SKU0014,2023-29,25,440,0
east,SKU0014,2023-30,26,414,0
east,SKU0014,2023-31,23,391,0
east,SKU0014,2023-32,23,368,0
east,SKU0014,2023-33,17,351,0
east,SKU0014,2023-34,27,324,0
east,SKU0014,2023-35,32,292,0
east,SKU0014,2023-36,21,271,0
east,SKU0014,2023-37,23,248,0
east,SKU0014,2023-38,14,234,0
east,SKU0014,2023-39,27,207,0
east,SKU0014,2023-40,26,181,0
east,SKU0014,2023-41,25,156,0
east,SKU0014,2023-42,22,134,0
east,SKU0014,2023-43,32,102,0
east,SKU0014,2023-44,32,270,200
east,SKU0014,2023-45,31,239,0
east,SKU0014,2023-46,22,217,0
east,SKU0014,2023-47,30,187,0
east,SKU0014,2023-48,37,150,0
east,SKU0014,2023-49,45,105,0
east,SKU0014,2023-50,37,368,300
east,SKU0014,2023-51,31,337,0
east,SKU0014,2023-52,46,291,0
east,SKU0014,2024-01,23,268,0
east,SKU0014,2024-02,35,233,0
east,SKU0014,2024-03,66,167,0
east,SKU0014,2024-04,45,122,0
east,SKU0014,2024-05,51,271,200
east,SKU0014,2024-06,47,224,0
east,SKU0014,2024-07,56,168,0
east,SKU0014,2024-08,36,132,0
east,SKU0014,2024-09,67,565,500
east,SKU0014,2024-10,56,509,0
east,SKU0014,2024-11,54,455,0
east,SKU0014,2024-12,46,409,0
east,SKU0014,2024-13,59,350,0
east,SKU0014,2024-14,56,294,0
east,SKU0014,2024-15,63,231,0
east,SKU0014,2024-16,52,179,0
east,SKU0014,2024-17,55,124,0
east,SKU0014,2024-18,43,581,500
east,SKU0014,2024-19,42,539,0
east,SKU0014,2024-20,56,483,0
east,SKU0014,2024-21,39,444,0
east,SKU0014,2024-22,48,396,0
east,SKU0014,2024-23,54,342,0
east,SKU0014,2024-24,45,297,0
east,SKU0014,2024-25,35,262,0
east,SKU0014,2024-26,24,238,0
east,SKU0014,2024-27,41,197,0
east,SKU0014,2024-28,21,176,0
east,SKU0014,2024-29,44,132,0
east,SKU0014,2024-30,34,398,300
east,SKU0014,2024-31,31,367,0
east,SKU0014,2024-32,34,333,0
east,SKU0014,2024-33,22,311,0
east,SKU0014,2024-34,27,284,0
east,SKU0014,2024-35,8,276,0
east,SKU0014,2024-36,28,248,0
east,SKU0014,2024-37,17,231,0
east,SKU0014,2024-38,18,213,0
east,SKU0014,2024-39,15,198,0
east,SKU0014,2024-40,17,181,0
east,SKU0014,2024-41,26,155,0
east,SKU0014,2024-42,38,117,0
east,SKU0014,2024-43,27,290,200
east,SKU0014,2024-44,33,257,0
east,SKU0014,2024-45,27,230,0
east,SKU0014,2024-46,19,211,0
east,SKU0014,2024-47,23,188,0
east,SKU0014,2024-48,24,164,0
east,SKU0014,2024-49,29,135,0
east,SKU0014,2024-50,23,112,0
east,SKU0014,2024-51,13,599,500
east,SKU0015,2023-33,1,370,0
east,SKU0015,2023-34,4,366,0
east,SKU0015,2023-35,6,360,0
east,SKU0015,2023-36,11,349,0
east,SKU0015,2023-37,11,338,0
east,SKU0015,2023-38,15,323,0
east,SKU0015,2023-39,17,306,0
east,SKU0015,2023-40,23,283,0
east,SKU0015,2023-41,23,260,0
east,SKU0015,2023-42,19,241,0
east,SKU0015,2023-43,23,218,0
east,SKU0015,2023-44,22,196,0
east,SKU0015,2023-45,38,158,0
east,SKU0015,2023-46,29,129,0
east,SKU0015,2023-47,56,373,300
east,SKU0015,2023-48,44,329,0
east,SKU0015,2023-49,40,289,0
east,SKU0015,2023-50,43,246,0
east,SKU0015,2023-51,64,182,0
east,SKU0015,2023-52,51,131,0
east,SKU0015,2024-01,64,567,500
east,SKU0015,2024-02,80,487,0
east,SKU0015,2024-03,43,444,0
east,SKU0015,2024-04,64,380,0
east,SKU0015,2024-05,58,322,0
east,SKU0015,2024-06,72,250,0
east,SKU0015,2024-07,47,203,0
east,SKU0015,2024-08,34,169,0
east,SKU0015,2024-09,45,124,0
east,SKU0015,2024-10,44,580,500
east,SKU0015,2024-11,50,530,0
east,SKU0015,2024-12,33,497,0
east,SKU0015,2024-13,52,445,0
east,SKU0015,2024-14,52,393,0
east,SKU0015,2024-15,37,356,0
east,SKU0015,2024-16,41,315,0
east,SKU0015,2024-17,36,279,0
east,SKU0015,2024-18,34,245,0
east,SKU0015,2024-19,21,224,0
east,SKU0015,2024-20,27,197,0
east,SKU0015,2024-21,29,168,0
east,SKU0015,2024-22,44,124,0
east,SKU0015,2024-23,39,285,200
east,SKU0015,2024-24,36,249,0
east,SKU0015,2024-25,27,222,0
east,SKU0015,2024-26,16,206,0
east,SKU0015,2024-27,23,183,0
east,SKU0015,2024-28,48,135,0
east,SKU0015,2024-29,29,106,0
east,SKU0015,2024-30,22,584,500
east,SKU0015,2024-31,18,566,0
east,SKU0015,2024-32,17,549,0
east,SKU0015,2024-33,15,534,0
east,SKU0015,2024-34,15,519,0
east,SKU0015,2024-35,18,501,0
east,SKU0015,2024-36,12,489,0
east,SKU0015,2024-37,25,464,0
east,SKU0015,2024-38,29,435,0
east,SKU0015,2024-39,14,421,0
east,SKU0015,2024-40,14,407,0
east,SKU0015,2024-41,14,393,0
east,SKU0015,2024-42,12,381,0
east,SKU0015,2024-43,14,367,0
east,SKU0015,2024-44,17,350,0
east,SKU0015,2024-45,27,323,0
east,SKU0015,2024-46,15,308,0
east,SKU0015,2024-47,15,293,0
east,SKU0015,2024-48,26,267,0
east,SKU0015,2024-49,24,243,0
east,SKU0015,2024-50,30,213,0
east,SKU0015,2024-51,27,186,0
east,SKU0016,2023-14,1,299,0
east,SKU0016,2023-15,3,296,0
east,SKU0016,2023-16,2,294,0
east,SKU0016,2023-17,5,289,0
east,SKU0016,2023-18,16,273,0
east,SKU0016,2023-19,11,262,0
east,SKU0016,2023-20,15,247,0
east,SKU0016,2023-21,22,225,0
east,SKU0016,2023-22,21,204,0
east,SKU0016,2023-23,17,187,0
east,SKU0016,2023-24,19,168,0
east,SKU0016,2023-25,21,147,0
east,SKU0016,2023-26,13,134,0
east,SKU0016,2023-27,25,109,0
east,SKU0016,2023-28,25,584,500
east,SKU0016,2023-29,18,566,0
east,SKU0016,2023-30,21,545,0
east,SKU0016,2023-31,21,524,0
east,SKU0016,2023-32,26,498,0
east,SKU0016,2023-33,28,470,0
east,SKU0016,2023-34,18,452,0
east,SKU0016,2023-35,17,435,0
east,SKU0016,2023-36,30,405,0
east,SKU0016,2023-37,24,381,0
east,SKU0016,2023-38,27,354,0
east,SKU0016,2023-39,31,323,0
east,SKU0016,2023-40,16,307,0
east,SKU0016,2023-41,26,281,0
east,SKU0016,2023-42,25,256,0
east,SKU0016,2023-43,34,222,0
east,SKU0016,2023-44,35,187,0
east,SKU0016,2023-45,38,149,0
east,SKU0016,2023-46,25,124,0
east,SKU0016,2023-47,48,376,300
east,SKU0016,2023-48,41,335,0
east,SKU0016,2023-49,57,278,0
east,SKU0016,2023-50,12,266,0
east,SKU0016,2023-51,28,238,0
east,SKU0016,2023-52,69,169,0
east,SKU0016,2024-01,49,120,0
east,SKU0016,2024-02,53,567,500
east,SKU0016,2024-03,67,500,0
east,SKU0016,2024-04,45,455,0
east,SKU0016,2024-05,49,406,0
east,SKU0016,2024-06,33,373,0
east,SKU0016,2024-07,55,318,0
east,SKU0016,2024-08,44,274,0
east,SKU0016,2024-09,53,221,0
east,SKU0016,2024-10,53,168,0
east,SKU0016,2024-11,48,120,0
east,SKU0016,2024-12,48,272,200
east,SKU0016,2024-13,45,227,0
east,SKU0016,2024-14,16,211,0
east,SKU0016,2024-15,57,154,0
east,SKU0016,2024-16,40,114,0
east,SKU0016,2024-17,48,266,200
east,SKU0016,2024-18,50,216,0
east,SKU0016,2024-19,44,172,0
east,SKU0016,2024-20,53,119,0
east,SKU0016,2024-21,47,372,300
east,SKU0016,2024-22,35,337,0
east,SKU0016,2024-23,34,303,0
east,SKU0016,2024-24,48,255,0
east,SKU0016,2024-25,31,224,0
east,SKU0016,2024-26,37,187,0
east,SKU0016,2024-27,33,154,0
east,SKU0016,2024-28,42,112,0
east,SKU0016,2024-29,20,592,500
east,SKU0016,2024-30,27,565,0
east,SKU0016,2024-31,28,537,0
east,SKU0016,2024-32,25,512,0
east,SKU0016,2024-33,27,485,0
east,SKU0016,2024-34,25,460,0
east,SKU0016,2024-35,23,437,0
east,SKU0016,2024-36,23,414,0
east,SKU0016,2024-37,25,389,0
east,SKU0016,2024-38,34,355,0
east,SKU0016,2024-39,22,333,0
east,SKU0016,2024-40,15,318,0
east,SKU0016,2024-41,26,292,0
east,SKU0016,2024-42,13,279,0
east,SKU0016,2024-43,19,260,0
east,SKU0016,2024-44,15,245,0
east,SKU0016,2024-45,23,222,0
east,SKU0016,2024-46,18,204,0
east,SKU0016,2024-47,17,187,0
east,SKU0016,2024-48,30,157,0
east,SKU0016,2024-49,29,128,0
east,SKU0016,2024-50,35,593,500
east,SKU0016,2024-51,26,567,0
east,SKU0017,2023-40,3,594,0
east,SKU0017,2023-41,2,592,0
east,SKU0017,2023-42,6,586,0
east,SKU0017,2023-43,9,577,0
east,SKU0017,2023-44,9,568,0
east,SKU0017,2023-45,16,552,0
east,SKU0017,2023-46,15,537,0
east,SKU0017,2023-47,19,518,0
east,SKU0017,2023-48,16,502,0
east,SKU0017,2023-49,21,481,0
east,SKU0017,2023-50,18,463,0
east,SKU0017,2023-51,17,446,0
east,SKU0017,2023-52,38,408,0
east,SKU0017,2024-01,29,379,0
east,SKU0017,2024-02,30,349,0
east,SKU0017,2024-03,38,311,0
east,SKU0017,2024-04,52,259,0
east,SKU0017,2024-05,48,211,0
east,SKU0017,2024-06,34,177,0
east,SKU0017,2024-07,50,127,0
east,SKU0017,2024-08,60,567,500
east,SKU0017,2024-09,54,513,0
east,SKU0017,2024-10,49,464,0
east,SKU0017,2024-11,53,411,0
east,SKU0017,2024-12,54,357,0
east,SKU0017,2024-13,56,301,0
east,SKU0017,2024-14,41,260,0
east,SKU0017,2024-15,61,199,0
east,SKU0017,2024-16,60,139,0
east,SKU0017,2024-17,39,100,0
east,SKU0017,2024-18,56,544,500
east,SKU0017,2024-19,46,498,0
east,SKU0017,2024-20,40,458,0
east,SKU0017,2024-21,38,420,0
east,SKU0017,2024-22,46,374,0
east,SKU0017,2024-23,39,335,0
east,SKU0017,2024-24,40,295,0
east,SKU0017,2024-25,47,248,0
east,SKU0017,2024-26,47,201,0
east,SKU0017,2024-27,28,173,0
east,SKU0017,2024-28,33,140,0
east,SKU0017,2024-29,31,109,0
east,SKU0017,2024-30,31,278,200
east,SKU0017,2024-31,25,253,0
east,SKU0017,2024-32,33,220,0
east,SKU0017,2024-33,26,194,0
east,SKU0017,2024-34,26,168,0
east,SKU0017,2024-35,31,137,0
east,SKU0017,2024-36,36,101,0
east,SKU0017,2024-37,38,563,500
east,SKU0017,2024-38,37,526,0
east,SKU0017,2024-39,22,504,0
east,SKU0017,2024-40,26,478,0
east,SKU0017,2024-41,25,453,0
east,SKU0017,2024-42,27,426,0
east,SKU0017,2024-43,26,400,0
east,SKU0017,2024-44,29,371,0
east,SKU0017,2024-45,23,348,0
east,SKU0017,2024-46,41,307,0
east,SKU0017,2024-47,34,273,0
east,SKU0017,2024-48,30,243,0
east,SKU0017,2024-49,25,218,0
east,SKU0017,2024-50,26,192,0
east,SKU0017,2024-51,34,158,0
east,SKU0018,2023-23,1,213,0
east,SKU0018,2023-25,2,211,0
east,SKU0018,2023-26,5,206,0
east,SKU0018,2023-27,9,197,0
east,SKU0018,2023-28,10,187,0
east,SKU0018,2023-29,10,177,0
east,SKU0018,2023-30,7,170,0
east,SKU0018,2023-31,8,162,0
east,SKU0018,2023-32,10,152,0
east,SKU0018,2023-33,12,140,0
east,SKU0018,2023-34,6,134,0
east,SKU0018,2023-35,13,121,0
east,SKU0018,2023-36,8,113,0
east,SKU0018,2023-37,17,396,300
east,SKU0018,2023-38,18,378,0
east,SKU0018,2023-39,12,366,0
east,SKU0018,2023-40,15,351,0
east,SKU0018,2023-41,22,329,0
east,SKU0018,2023-42,12,317,0
east,SKU0018,2023-43,18,299,0
east,SKU0018,2023-44,19,280,0
east,SKU0018,2023-45,18,262,0
east,SKU0018,2023-46,27,235,0
east,SKU0018,2023-47,32,203,0
east,SKU0018,2023-48,29,174,0
east,SKU0018,2023-49,26,148,0
east,SKU0018,2023-50,35,113,0
east,SKU0018,2023-51,37,376,300
east,SKU0018,2023-52,42,334,0
east,SKU0018,2024-01,51,283,0
east,SKU0018,2024-02,32,251,0
east,SKU0018,2024-03,36,215,0
east,SKU0018,2024-04,41,174,0
east,SKU0018,2024-05,46,128,0
east,SKU0018,2024-06,55,273,200
east,SKU0018,2024-07,39,234,0
east,SKU0018,2024-08,74,160,0
east,SKU0018,2024-09,62,598,500
east,SKU0018,2024-10,61,537,0
east,SKU0018,2024-11,70,467,0
east,SKU0018,2024-12,50,417,0
east,SKU0018,2024-13,71,346,0
east,SKU0018,2024-14,69,277,0
east,SKU0018,2024-15,61,216,0
east,SKU0018,2024-16,59,157,0
east,SKU0018,2024-17,42,115,0
east,SKU0018,2024-18,39,576,500
east,SKU0018,2024-19,50,526,0
east,SKU0018,2024-20,59,467,0
east,SKU0018,2024-21,64,403,0
east,SKU0018,2024-22,38,365,0
east,SKU0018,2024-23,45,320,0
east,SKU0018,2024-24,60,260,0
east,SKU0018,2024-25,20,240,0
east,SKU0018,2024-26,41,199,0
east,SKU0018,2024-27,37,162,0
east,SKU0018,2024-28,42,120,0
east,SKU0018,2024-29,49,571,500
east,SKU0018,2024-30,34,537,0
east,SKU0018,2024-31,36,501,0
east,SKU0018,2024-32,18,483,0
east,SKU0018,2024-33,18,465,0
east,SKU0018,2024-34,29,436,0
east,SKU0018,2024-35,29,407,0
east,SKU0018,2024-36,34,373,0
east,SKU0018,2024-37,21,352,0
east,SKU0018,2024-38,24,328,0
east,SKU0018,2024-39,20,308,0
east,SKU0018,2024-40,32,276,0
east,SKU0018,2024-41,27,249,0
east,SKU0018,2024-42,15,234,0
east,SKU0018,2024-43,27,207,0
east,SKU0018,2024-44,18,189,0
east,SKU0018,2024-45,24,165,0
east,SKU0018,2024-46,27,138,0
east,SKU0018,2024-47,19,119,0
east,SKU0018,2024-48,11,108,0
east,SKU0018,2024-49,24,284,200
east,SKU0018,2024-50,28,256,0
east,SKU0018,2024-51,17,239,0
east,SKU0019,2023-28,2,249,0
east,SKU0019,2023-29,5,244,0
east,SKU0019,2023-30,8,236,0
east,SKU0019,2023-31,6,230,0
east,SKU0019,2023-32,11,219,0
east,SKU0019,2023-33,10,209,0
east,SKU0019,2023-34,13,196,0
east,SKU0019,2023-35,7,189,0
east,SKU0019,2023-36,16,173,0
east,SKU0019,2023-37,12,161,0
east,SKU0019,2023-38,15,146,0
east,SKU0019,2023-39,15,131,0
east,SKU0019,2023-40,17,114,0
east,SKU0019,2023-41,21,293,200
east,SKU0019,2023-42,26,267,0
east,SKU0019,2023-43,22,245,0
east,SKU0019,2023-44,28,217,0
east,SKU0019,2023-45,37,180,0
east,SKU0019,2023-46,32,148,0
east,SKU0019,2023-47,36,112,0
east,SKU0019,2023-48,35,377,300
east,SKU0019,2023-49,43,334,0
east,SKU0019,2023-50,47,287,0
east,SKU0019,2023-51,46,241,0
east,SKU0019,2023-52,44,197,0
east,SKU0019,2024-01,47,150,0
east,SKU0019,2024-02,53,297,200
east,SKU0019,2024-03,48,249,0
east,SKU0019,2024-04,72,177,0
east,SKU0019,2024-05,47,130,0
east,SKU0019,2024-06,62,568,500
east,SKU0019,2024-07,50,518,0
east,SKU0019,2024-08,47,471,0
east,SKU0019,2024-09,69,402,0
east,SKU0019,2024-10,65,337,0
east,SKU0019,2024-11,49,288,0
east,SKU0019,2024-12,54,234,0
east,SKU0019,2024-13,62,172,0
east,SKU0019,2024-14,42,130,0
east,SKU0019,2024-15,68,562,500
east,SKU0019,2024-16,53,509,0
east,SKU0019,2024-17,50,459,0
east,SKU0019,2024-18,47,412,0
east,SKU0019,2024-19,49,363,0
east,SKU0019,2024-20,35,328,0
east,SKU0019,2024-21,42,286,0
east,SKU0019,2024-22,54,232,0
east,SKU0019,2024-23,45,187,0
east,SKU0019,2024-24,37,150,0
east,SKU0019,2024-25,36,114,0
east,SKU0019,2024-26,41,273,200
east,SKU0019,2024-27,44,229,0
east,SKU0019,2024-28,30,199,0
east,SKU0019,2024-29,47,152,0
east,SKU0019,2024-30,24,128,0
east,SKU0019,2024-31,34,594,500
east,SKU0019,2024-32,26,568,0
east,SKU0019,2024-33,33,535,0
east,SKU0019,2024-34,35,500,0
east,SKU0019,2024-35,29,471,0
east,SKU0019,2024-36,31,440,0
east,SKU0019,2024-37,23,417,0
east,SKU0019,2024-38,38,379,0
east,SKU0019,2024-39,29,350,0
east,SKU0019,2024-40,32,318,0
east,SKU0019,2024-41,30,288,0
east,SKU0019,2024-42,36,252,0
east,SKU0019,2024-43,32,220,0
east,SKU0019,2024-44,34,186,0
east,SKU0019,2024-45,34,152,0
east,SKU0019,2024-46,29,123,0
east,SKU0019,2024-47,27,596,500
east,SKU0019,2024-48,36,560,0
east,SKU0019,2024-49,29,531,0
east,SKU0019,2024-50,38,493,0
east,SKU0019,2024-51,29,464,0
east,SKU0020,2023-08,1,227,0
east,SKU0020,2023-09,1,226,0
east,SKU0020,2023-10,5,221,0
east,SKU0020,2023-11,4,217,0
east,SKU0020,2023-12,3,214,0
east,SKU0020,2023-13,8,206,0
east,SKU0020,2023-14,8,198,0
east,SKU0020,2023-15,10,188,0
east,SKU0020,2023-16,9,179,0
east,SKU0020,2023-17,8,171,0
east,SKU0020,2023-18,11,160,0
east,SKU0020,2023-19,14,146,0
east,SKU0020,2023-20,15,131,0
east,SKU0020,2023-21,15,116,0
east,SKU0020,2023-22,17,299,200
east,SKU0020,2023-23,20,279,0
east,SKU0020,2023-24,20,259,0
east,SKU0020,2023-25,24,235,0
east,SKU0020,2023-26,22,213,0
east,SKU0020,2023-27,20,193,0
east,SKU0020,2023-28,15,178,0
east,SKU0020,2023-29,21,157,0
east,SKU0020,2023-30,23,134,0
east,SKU0020,2023-31,18,116,0
east,SKU0020,2023-32,11,105,0
east,SKU0020,2023-33,23,582,500
east,SKU0020,2023-34,18,564,0
east,SKU0020,2023-35,30,534,0
east,SKU0020,2023-36,20,514,0
east,SKU0020,2023-37,19,495,0
east,SKU0020,2023-38,24,471,0
east,SKU0020,2023-39,13,458,0
east,SKU0020,2023-40,31,427,0
east,SKU0020,2023-41,23,404,0
east,SKU0020,2023-42,26,378,0
east,SKU0020,2023-43,32,346,0
east,SKU0020,2023-44,30,316,0
east,SKU0020,2023-45,41,275,0
east,SKU0020,2023-46,37,238,0
east,SKU0020,2023-47,36,202,0
east,SKU0020,2023-48,33,169,0
east,SKU0020,2023-49,37,132,0
east,SKU0020,2023-50,42,590,500
east,SKU0020,2023-51,26,564,0
east,SKU0020,2023-52,40,524,0
east,SKU0020,2024-01,42,482,0
east,SKU0020,2024-02,51,431,0
east,SKU0020,2024-03,50,381,0
east,SKU0020,2024-04,44,337,0
east,SKU0020,2024-05,50,287,0
east,SKU0020,2024-06,39,248,0
east,SKU0020,2024-07,46,202,0
east,SKU0020,2024-08,53,149,0
east,SKU0020,2024-09,61,588,500
east,SKU0020,2024-10,50,538,0
east,SKU0020,2024-11,69,469,0
east,SKU0020,2024-12,73,396,0
east,SKU0020,2024-13,55,341,0
east,SKU0020,2024-14,72,269,0
east,SKU0020,2024-15,62,207,0
east,SKU0020,2024-16,60,147,0
east,SKU0020,2024-17,59,388,300
east,SKU0020,2024-18,58,330,0
east,SKU0020,2024-19,69,261,0
east,SKU0020,2024-20,49,212,0
east,SKU0020,2024-21,72,140,0
east,SKU0020,2024-22,39,101,0
east,SKU0020,2024-23,54,347,300
east,SKU0020,2024-24,32,315,0
east,SKU0020,2024-25,48,267,0
east,SKU0020,2024-26,50,217,0
east,SKU0020,2024-27,31,186,0
east,SKU0020,2024-28,59,127,0
east,SKU0020,2024-29,51,376,300
east,SKU0020,2024-30,39,337,0
east,SKU0020,2024-31,44,293,0
east,SKU0020,2024-32,31,262,0
east,SKU0020,2024-33,29,233,0
east,SKU0020,2024-34,34,199,0
east,SKU0020,2024-35,34,165,0
east,SKU0020,2024-36,31,134,0
east,SKU0020,2024-37,35,299,200
east,SKU0020,2024-38,21,278,0
east,SKU0020,2024-39,28,250,0
east,SKU0020,2024-40,28,222,0
east,SKU0020,2024-41,22,200,0
east,SKU0020,2024-42,25,175,0
east,SKU0020,2024-43,39,136,0
east,SKU0020,2024-44,40,396,300
east,SKU0020,2024-45,25,371,0
east,SKU0020,2024-46,33,338,0
east,SKU0020,2024-47,36,302,0
east,SKU0020,2024-48,32,270,0
east,SKU0020,2024-49,29,241,0
east,SKU0020,2024-50,62,179,0
east,SKU0020,2024-51,30,149,0
east,SKU0021,2023-10,1,332,0
east,SKU0021,2023-11,3,329,0
east,SKU0021,2023-12,2,327,0
east,SKU0021,2023-13,4,323,0
east,SKU0021,2023-14,7,316,0
east,SKU0021,2023-15,3,313,0
east,SKU0021,2023-16,5,308,0
east,SKU0021,2023-18,8,300,0
east,SKU0021,2023-19,14,286,0
east,SKU0021,2023-20,15,271,0
east,SKU0021,2023-21,19,252,0
east,SKU0021,2023-22,18,234,0
east,SKU0021,2023-23,11,223,0
east,SKU0021,2023-24,13,210,0
east,SKU0021,2023-25,16,194,0
east,SKU0021,2023-26,18,176,0
east,SKU0021,2023-27,11,165,0
east,SKU0021,2023-28,10,155,0
east,SKU0021,2023-29,25,130,0
east,SKU0021,2023-30,17,113,0
east,SKU0021,2023-31,17,396,300
east,SKU0021,2023-32,23,373,0
east,SKU0021,2023-33,23,350,0
east,SKU0021,2023-34,18,332,0
east,SKU0021,2023-35,28,304,0
east,SKU0021,2023-36,15,289,0
east,SKU0021,2023-37,20,269,0
east,SKU0021,2023-38,18,251,0
east,SKU0021,2023-39,25,226,0
east,SKU0021,2023-40,26,200,0
east,SKU0021,2023-41,16,184,0
east,SKU0021,2023-42,36,148,0
east,SKU0021,2023-43,30,118,0
east,SKU0021,2023-44,42,376,300
east,SKU0021,2023-45,23,353,0
east,SKU0021,2023-46,22,331,0
east,SKU0021,2023-47,32,299,0
east,SKU0021,2023-48,52,247,0
east,SKU0021,2023-49,34,213,0
east,SKU0021,2023-50,55,158,0
east,SKU0021,2023-51,46,112,0
east,SKU0021,2023-52,53,559,500
east,SKU0021,2024-01,43,516,0
east,SKU0021,2024-02,52,464,0
east,SKU0021,2024-03,47,417,0
east,SKU0021,2024-04,55,362,0
east,SKU0021,2024-05,46,316,0
east,SKU0021,2024-06,60,256,0
east,SKU0021,2024-07,47,209,0
east,SKU0021,2024-08,52,157,0
east,SKU0021,2024-09,33,124,0
east,SKU0021,2024-10,33,391,300
east,SKU0021,2024-11,71,320,0
east,SKU0021,2024-12,53,267,0
east,SKU0021,2024-13,36,231,0
east,SKU0021,2024-14,47,184,0
east,SKU0021,2024-15,80,104,0
east,SKU0021,2024-16,41,563,500
east,SKU0021,2024-17,56,507,0
east,SKU0021,2024-18,56,451,0
east,SKU0021,2024-19,45,406,0
east,SKU0021,2024-20,32,374,0
east,SKU0021,2024-21,48,326,0
east,SKU0021,2024-22,29,297,0
east,SKU0021,2024-23,36,261,0
east,SKU0021,2024-24,45,216,0
east,SKU0021,2024-25,42,174,0
east,SKU0021,2024-26,43,131,0
east,SKU0021,2024-27,20,111,0
east,SKU0021,2024-28,23,288,200
east,SKU0021,2024-29,19,269,0
east,SKU0021,2024-30,36,233,0
east,SKU0021,2024-31,29,204,0
east,SKU0021,2024-32,25,179,0
east,SKU0021,2024-33,17,162,0
east,SKU0021,2024-34,35,127,0
east,SKU0021,2024-35,31,596,500
east,SKU0021,2024-36,26,570,0
east,SKU0021,2024-37,16,554,0
east,SKU0021,2024-38,32,522,0
east,SKU0021,2024-39,21,501,0
east,SKU0021,2024-40,21,480,0
east,SKU0021,2024-41,6,474,0
east,SKU0021,2024-42,18,456,0
east,SKU0021,2024-43,8,448,0
east,SKU0021,2024-44,21,427,0
east,SKU0021,2024-45,37,390,0
east,SKU0021,2024-46,32,358,0
east,SKU0021,2024-47,33,325,0
east,SKU0021,2024-48,21,304,0
east,SKU0021,2024-49,36,268,0
east,SKU0021,2024-50,23,245,0
east,SKU0021,2024-51,25,220,0
east,SKU0022,2023-04,1,388,0
east,SKU0022,2023-05,3,385,0
east,SKU0022,2023-06,1,384,0
east,SKU0022,2023-07,4,380,0
east,SKU0022,2023-08,3,377,0
east,SKU0022,2023-09,4,373,0
east,SKU0022,2023-10,9,364,0
east,SKU0022,2023-11,7,357,0
east,SKU0022,2023-12,7,350,0
east,SKU0022,2023-13,8,342,0
east,SKU0022,2023-14,6,336,0
east,SKU0022,2023-15,12,324,0
east,SKU0022,2023-16,10,314,0
east,SKU0022,2023-17,17,297,0
east,SKU0022,2023-18,9,288,0
east,SKU0022,2023-19,18,270,0
east,SKU0022,2023-20,13,257,0
east,SKU0022,2023-21,13,244,0
east,SKU0022,2023-22,14,230,0
east,SKU0022,2023-23,15,215,0
east,SKU0022,2023-24,18,197,0
east,SKU0022,2023-25,9,188,0
east,SKU0022,2023-26,20,168,0
east,SKU0022,2023-27,13,155,0
east,SKU0022,2023-28,21,134,0
east,SKU0022,2023-29,12,122,0
east,SKU0022,2023-30,18,104,0
east,SKU0022,2023-31,4,100,0
east,SKU0022,2023-32,13,287,200
east,SKU0022,2023-33,14,273,0
east,SKU0022,2023-34,10,263,0
east,SKU0022,2023-35,21,242,0
east,SKU0022,2023-36,15,227,0
east,SKU0022,2023-37,17,210,0
east,SKU0022,2023-38,8,202,0
east,SKU0022,2023-39,31,171,0
east,SKU0022,2023-40,14,157,0
east,SKU0022,2023-41,18,139,0
east,SKU0022,2023-42,22,117,0
east,SKU0022,2023-43,14,103,0
east,SKU0022,2023-44,19,284,200
east,SKU0022,2023-45,20,264,0
east,SKU0022,2023-46,23,241,0
east,SKU0022,2023-47,18,223,0
east,SKU0022,2023-48,34,189,0
east,SKU0022,2023-49,32,157,0
east,SKU0022,2023-50,16,141,0
east,SKU0022,2023-51,39,102,0
east,SKU0022,2023-52,37,265,200
east,SKU0022,2024-01,21,244,0
east,SKU0022,2024-02,20,224,0
east,SKU0022,2024-03,39,185,0
east,SKU0022,2024-04,36,149,0
east,SKU0022,2024-05,67,582,500
east,SKU0022,2024-06,45,537,0
east,SKU0022,2024-07,50,487,0
east,SKU0022,2024-08,52,435,0
east,SKU0022,2024-09,38,397,0
east,SKU0022,2024-10,73,324,0
east,SKU0022,2024-11,71,253,0
east,SKU0022,2024-12,50,203,0
east,SKU0022,2024-13,42,161,0
east,SKU0022,2024-14,42,119,0
east,SKU0022,2024-15,61,358,300
east,SKU0022,2024-16,64,294,0
east,SKU0022,2024-17,37,257,0
east,SKU0022,2024-18,53,204,0
east,SKU0022,2024-19,59,145,0
east,SKU0022,2024-20,70,275,200
east,SKU0022,2024-21,70,205,0
east,SKU0022,2024-22,47,158,0
east,SKU0022,2024-23,59,299,200
east,SKU0022,2024-24,42,257,0
east,SKU0022,2024-25,76,181,0
east,SKU0022,2024-26,66,115,0
east,SKU0022,2024-27,63,252,200
east,SKU0022,2024-28,40,212,0
east,SKU0022,2024-29,44,168,0
east,SKU0022,2024-30,50,118,0
east,SKU0022,2024-31,52,566,500
east,SKU0022,2024-32,37,529,0
east,SKU0022,2024-33,39,490,0
east,SKU0022,2024-34,20,470,0
east,SKU0022,2024-35,30,440,0
east,SKU0022,2024-36,29,411,0
east,SKU0022,2024-37,46,365,0
east,SKU0022,2024-38,39,326,0
east,SKU0022,2024-39,23,303,0
east,SKU0022,2024-40,44,259,0
east,SKU0022,2024-41,19,240,0
east,SKU0022,2024-42,41,199,0
east,SKU0022,2024-43,49,150,0
east,SKU0022,2024-44,25,125,0
east,SKU0022,2024-45,34,591,500
east,SKU0022,2024-46,38,553,0
east,SKU0022,2024-47,35,518,0
east,SKU0022,2024-48,46,472,0
east,SKU0022,2024-49,32,440,0
east,SKU0022,2024-50,21,419,0
east,SKU0022,2024-51,33,386,0
east,SKU0023,2023-08,2,395,0
east,SKU0023,2023-10,3,392,0
east,SKU0023,2023-11,7,385,0
east,SKU0023,2023-12,5,380,0
east,SKU0023,2023-13,8,372,0
east,SKU0023,2023-14,11,361,0
east,SKU0023,2023-15,9,352,0
east,SKU0023,2023-16,17,335,0
east,SKU0023,2023-17,10,325,0
east,SKU0023,2023-18,16,309,0
east,SKU0023,2023-19,14,295,0
east,SKU0023,2023-20,18,277,0
east,SKU0023,2023-21,23,254,0
east,SKU0023,2023-22,22,232,0
east,SKU0023,2023-23,29,203,0
east,SKU0023,2023-24,12,191,0
east,SKU0023,2023-25,18,173,0
east,SKU0023,2023-26,29,144,0
east,SKU0023,2023-27,28,116,0
east,SKU0023,2023-28,27,589,500
east,SKU0023,2023-29,34,555,0
east,SKU0023,2023-30,19,536,0
east,SKU0023,2023-31,32,504,0
east,SKU0023,2023-32,34,470,0
east,SKU0023,2023-33,29,441,0
east,SKU0023,2023-34,23,418,0
east,SKU0023,2023-35,22,396,0
east,SKU0023,2023-36,29,367,0
east,SKU0023,2023-37,30,337,0
east,SKU0023,2023-38,39,298,0
east,SKU0023,2023-39,35,263,0
east,SKU0023,2023-40,42,221,0
east,SKU0023,2023-41,30,191,0
east,SKU0023,2023-42,32,159,0
east,SKU0023,2023-43,40,119,0
east,SKU0023,2023-44,32,287,200
east,SKU0023,2023-45,36,251,0
east,SKU0023,2023-46,40,211,0
east,SKU0023,2023-47,31,180,0
east,SKU0023,2023-48,52,128,0
east,SKU0023,2023-49,48,380,300
east,SKU0023,2023-50,49,331,0
east,SKU0023,2023-51,53,278,0
east,SKU0023,2023-52,44,234,0
east,SKU0023,2024-01,61,173,0
east,SKU0023,2024-02,38,135,0
east,SKU0023,2024-03,47,288,200
east,SKU0023,2024-04,51,237,0
east,SKU0023,2024-05,60,177,0
east,SKU0023,2024-06,62,115,0
east,SKU0023,2024-07,49,266,200
east,SKU0023,2024-08,46,220,0
east,SKU0023,2024-09,64,156,0
east,SKU0023,2024-10,52,104,0
east,SKU0023,2024-11,45,559,500
east,SKU0023,2024-12,42,517,0
east,SKU0023,2024-13,62,455,0
east,SKU0023,2024-14,53,402,0
east,SKU0023,2024-15,44,358,0
east,SKU0023,2024-16,57,301,0
east,SKU0023,2024-17,36,265,0
east,SKU0023,2024-18,54,211,0
east,SKU0023,2024-19,48,163,0
east,SKU0023,2024-20,45,118,0
east,SKU0023,2024-21,39,379,300
east,SKU0023,2024-22,41,338,0
east,SKU0023,2024-23,42,296,0
east,SKU0023,2024-24,42,254,0
east,SKU0023,2024-25,37,217,0
east,SKU0023,2024-26,30,187,0
east,SKU0023,2024-27,36,151,0
east,SKU0023,2024-28,28,123,0
east,SKU0023,2024-29,30,593,500
east,SKU0023,2024-30,28,565,0
east,SKU0023,2024-31,34,531,0
east,SKU0023,2024-32,27,504,0
east,SKU0023,2024-33,23,481,0
east,SKU0023,2024-34,29,452,0
east,SKU0023,2024-35,28,424,0
east,SKU0023,2024-36,24,400,0
east,SKU0023,2024-37,27,373,0
east,SKU0023,2024-38,24,349,0
east,SKU0023,2024-39,19,330,0
east,SKU0023,2024-40,29,301,0
east,SKU0023,2024-41,28,273,0
east,SKU0023,2024-42,21,252,0
east,SKU0023,2024-43,28,224,0
east,SKU0023,2024-44,27,197,0
east,SKU0023,2024-45,34,163,0
east,SKU0023,2024-46,28,135,0
east,SKU0023,2024-47,23,112,0
east,SKU0023,2024-48,27,585,500
east,SKU0023,2024-49,30,555,0
east,SKU0023,2024-50,25,530,0
east,SKU0023,2024-51,24,506,0
east,SKU0024,2023-22,1,572,0
east,SKU0024,2023-23,2,570,0
east,SKU0024,2023-24,3,567,0
east,SKU0024,2023-25,4,563,0
east,SKU0024,2023-26,7,556,0
east,SKU0024,2023-27,9,547,0
east,SKU0024,2023-28,11,536,0
east,SKU0024,2023-29,8,528,0
east,SKU0024,2023-30,16,512,0
east,SKU0024,2023-31,17,495,0
east,SKU0024,2023-32,14,481,0
east,SKU0024,2023-33,10,471,0
east,SKU0024,2023-34,12,459,0
east,SKU0024,2023-35,6,453,0
east,SKU0024,2023-36,19,434,0
east,SKU0024,2023-37,15,419,0
east,SKU0024,2023-38,22,397,0
east,SKU0024,2023-39,19,378,0
east,SKU0024,2023-40,9,369,0
east,SKU0024,2023-41,17,352,0
east,SKU0024,2023-42,13,339,0
east,SKU0024,2023-43,15,324,0
east,SKU0024,2023-44,19,305,0
east,SKU0024,2023-45,31,274,0
east,SKU0024,2023-46,25,249,0
east,SKU0024,2023-47,36,213,0
east,SKU0024,2023-48,26,187,0
east,SKU0024,2023-49,38,149,0
east,SKU0024,2023-50,21,128,0
east,SKU0024,2023-51,13,115,0
east,SKU0024,2023-52,30,285,200
east,SKU0024,2024-01,44,241,0
east,SKU0024,2024-02,32,209,0
east,SKU0024,2024-03,44,165,0
east,SKU0024,2024-04,46,119,0
east,SKU0024,2024-05,77,242,200
east,SKU0024,2024-06,52,190,0
east,SKU0024,2024-07,60,130,0
east,SKU0024,2024-08,42,388,300
east,SKU0024,2024-09,45,343,0
east,SKU0024,2024-10,60,283,0
east,SKU0024,2024-11,72,211,0
east,SKU0024,2024-12,79,132,0
east,SKU0024,2024-13,65,267,200
east,SKU0024,2024-14,51,216,0
east,SKU0024,2024-15,61,155,0
east,SKU0024,2024-16,81,374,300
east,SKU0024,2024-17,64,310,0
east,SKU0024,2024-18,58,252,0
east,SKU0024,2024-19,49,203,0
east,SKU0024,2024-20,45,158,0
east,SKU0024,2024-21,62,396,300
east,SKU0024,2024-22,28,368,0
east,SKU0024,2024-23,34,334,0
east,SKU0024,2024-24,56,278,0
east,SKU0024,2024-25,52,226,0
east,SKU0024,2024-26,37,189,0
east,SKU0024,2024-27,41,148,0
east,SKU0024,2024-28,37,111,0
east,SKU0024,2024-29,31,580,500
east,SKU0024,2024-30,52,528,0
east,SKU0024,2024-31,42,486,0
east,SKU0024,2024-32,33,453,0
east,SKU0024,2024-33,28,425,0
east,SKU0024,2024-34,35,390,0
east,SKU0024,2024-35,21,369,0
east,SKU0024,2024-36,36,333,0
east,SKU0024,2024-37,33,300,0
east,SKU0024,2024-38,23,277,0
east,SKU0024,2024-39,24,253,0
east,SKU0024,2024-40,32,221,0
east,SKU0024,2024-41,23,198,0
east,SKU0024,2024-42,18,180,0
east,SKU0024,2024-43,30,150,0
east,SKU0024,2024-44,14,136,0
east,SKU0024,2024-45,24,112,0
east,SKU0024,2024-46,34,378,300
east,SKU0024,2024-47,19,359,0
east,SKU0024,2024-48,30,329,0
east,SKU0024,2024-49,25,304,0
east,SKU0024,2024-50,24,280,0
east,SKU0024,2024-51,27,253,0
east,SKU0025,2023-22,3,583,0
east,SKU0025,2023-23,2,581,0
east,SKU0025,2023-24,4,577,0
east,SKU0025,2023-25,8,569,0
east,SKU0025,2023-26,6,563,0
east,SKU0025,2023-27,8,555,0
east,SKU0025,2023-28,9,546,0
east,SKU0025,2023-29,10,536,0
east,SKU0025,2023-30,8,528,0
east,SKU0025,2023-31,12,516,0
east,SKU0025,2023-32,12,504,0
east,SKU0025,2023-33,7,497,0
east,SKU0025,2023-34,7,490,0
east,SKU0025,2023-35,11,479,0
east,SKU0025,2023-36,13,466,0
east,SKU0025,2023-37,16,450,0
east,SKU0025,2023-38,22,428,0
east,SKU0025,2023-39,22,406,0
east,SKU0025,2023-40,22,384,0
east,SKU0025,2023-41,17,367,0
east,SKU0025,2023-42,17,350,0
east,SKU0025,2023-43,20,330,0
east,SKU0025,2023-44,18,312,0
east,SKU0025,2023-45,22,290,0
east,SKU0025,2023-46,27,263,0
east,SKU0025,2023-47,23,240,0
east,SKU0025,2023-48,23,217,0
east,SKU0025,2023-49,41,176,0
east,SKU0025,2023-50,39,137,0
east,SKU0025,2023-51,47,290,200
east,SKU0025,2023-52,53,237,0
east,SKU0025,2024-01,31,206,0
east,SKU0025,2024-02,48,158,0
east,SKU0025,2024-03,27,131,0
east,SKU0025,2024-04,46,285,200
east,SKU0025,2024-05,38,247,0
east,SKU0025,2024-06,33,214,0
east,SKU0025,2024-07,41,173,0
east,SKU0025,2024-08,53,120,0
east,SKU0025,2024-09,61,259,200
east,SKU0025,2024-10,59,200,0
east,SKU0025,2024-11,42,158,0
east,SKU0025,2024-12,75,283,200
east,SKU0025,2024-13,56,227,0
east,SKU0025,2024-14,56,171,0
east,SKU0025,2024-15,41,130,0
east,SKU0025,2024-16,44,586,500
east,SKU0025,2024-17,70,516,0
east,SKU0025,2024-18,76,440,0
east,SKU0025,2024-19,46,394,0
east,SKU0025,2024-20,37,357,0
east,SKU0025,2024-21,72,285,0
east,SKU0025,2024-22,66,219,0
east,SKU0025,2024-23,44,175,0
east,SKU0025,2024-24,45,130,0
east,SKU0025,2024-25,55,275,200
east,SKU0025,2024-26,35,240,0
east,SKU0025,2024-27,50,190,0
east,SKU0025,2024-28,40,150,0
east,SKU0025,2024-29,44,106,0
east,SKU0025,2024-30,36,370,300
east,SKU0025,2024-31,37,333,0
east,SKU0025,2024-32,29,304,0
east,SKU0025,2024-33,22,282,0
east,SKU0025,2024-34,37,245,0
east,SKU0025,2024-35,18,227,0
east,SKU0025,2024-36,40,187,0
east,SKU0025,2024-37,19,168,0
east,SKU0025,2024-38,14,154,0
east,SKU0025,2024-39,20,134,0
east,SKU0025,2024-40,36,398,300
east,SKU0025,2024-41,22,376,0
east,SKU0025,2024-42,31,345,0
east,SKU0025,2024-43,24,321,0
east,SKU0025,2024-44,39,282,0
east,SKU0025,2024-45,34,248,0
east,SKU0025,2024-46,30,218,0
east,SKU0025,2024-47,31,187,0
east,SKU0025,2024-48,29,158,0
east,SKU0025,2024-49,29,129,0
east,SKU0025,2024-50,27,102,0
east,SKU0025,2024-51,24,378,300
east,SKU0026,2023-13,2,540,0
east,SKU0026,2023-14,3,537,0
east,SKU0026,2023-15,7,530,0
east,SKU0026,2023-16,6,524,0
east,SKU0026,2023-17,13,511,0
east,SKU0026,2023-18,7,504,0
east,SKU0026,2023-19,21,483,0
east,SKU0026,2023-20,19,464,0
east,SKU0026,2023-21,16,448,0
east,SKU0026,2023-22,19,429,0
east,SKU0026,2023-23,26,403,0
east,SKU0026,2023-24,16,387,0
east,SKU0026,2023-25,23,364,0
east,SKU0026,2023-26,30,334,0
east,SKU0026,2023-27,29,305,0
east,SKU0026,2023-28,24,281,0
east,SKU0026,2023-29,25,256,0
east,SKU0026,2023-30,25,231,0
east,SKU0026,2023-31,26,205,0
east,SKU0026,2023-32,33,172,0
east,SKU0026,2023-33,33,139,0
east,SKU0026,2023-34,32,107,0
east,SKU0026,2023-35,36,271,200
east,SKU0026,2023-36,51,220,0
east,SKU0026,2023-37,28,192,0
east,SKU0026,2023-38,29,163,0
east,SKU0026,2023-39,47,116,0
east,SKU0026,2023-40,45,271,200
east,SKU0026,2023-41,37,234,0
east,SKU0026,2023-42,19,215,0
east,SKU0026,2023-43,45,170,0
east,SKU0026,2023-44,47,123,0
east,SKU0026,2023-45,47,276,200
east,SKU0026,2023-46,34,242,0
east,SKU0026,2023-47,48,194,0
east,SKU0026,2023-48,55,139,0
east,SKU0026,2023-49,48,591,500
east,SKU0026,2023-50,60,531,0
east,SKU0026,2023-51,42,489,0
east,SKU0026,2023-52,53,436,0
east,SKU0026,2024-01,46,390,0
east,SKU0026,2024-02,43,347,0
east,SKU0026,2024-03,30,317,0
east,SKU0026,2024-04,43,274,0
east,SKU0026,2024-05,29,245,0
east,SKU0026,2024-06,37,208,0
east,SKU0026,2024-07,44,164,0
east,SKU0026,2024-08,45,119,0
east,SKU0026,2024-09,34,385,300
east,SKU0026,2024-10,44,341,0
east,SKU0026,2024-11,42,299,0
east,SKU0026,2024-12,48,251,0
east,SKU0026,2024-13,39,212,0
east,SKU0026,2024-14,57,155,0
east,SKU0026,2024-15,37,118,0
east,SKU0026,2024-16,44,374,300
east,SKU0026,2024-17,43,331,0
east,SKU0026,2024-18,38,293,0
east,SKU0026,2024-19,31,262,0
east,SKU0026,2024-20,25,237,0
east,SKU0026,2024-21,32,205,0
east,SKU0026,2024-22,26,179,0
east,SKU0026,2024-23,33,146,0
east,SKU0026,2024-24,24,122,0
east,SKU0026,2024-25,28,294,200
east,SKU0026,2024-26,32,262,0
east,SKU0026,2024-27,17,245,0
east,SKU0026,2024-28,24,221,0
east,SKU0026,2024-29,12,209,0
east,SKU0026,2024-30,18,191,0
east,SKU0026,2024-31,28,163,0
east,SKU0026,2024-32,30,133,0
east,SKU0026,2024-33,21,112,0
east,SKU0026,2024-34,21,391,300
east,SKU0026,2024-35,18,373,0
east,SKU0026,2024-36,21,352,0
east,SKU0026,2024-37,30,322,0
east,SKU0026,2024-38,19,303,0
east,SKU0026,2024-39,19,284,0
east,SKU0026,2024-40,15,269,0
east,SKU0026,2024-41,6,263,0
east,SKU0026,2024-42,12,251,0
east,SKU0026,2024-43,15,236,0
east,SKU0026,2024-44,20,216,0
east,SKU0026,2024-45,13,203,0
east,SKU0026,2024-46,9,194,0
east,SKU0026,2024-47,23,171,0
east,SKU0026,2024-48,18,153,0
east,SKU0026,2024-49,14,139,0
east,SKU0026,2024-50,24,115,0
east,SKU0026,2024-51,8,107,0
east,SKU0027,2023-14,1,358,0
east,SKU0027,2023-15,3,355,0
east,SKU0027,2023-16,6,349,0
east,SKU0027,2023-17,3,346,0
east,SKU0027,2023-18,5,341,0
east,SKU0027,2023-19,8,333,0
east,SKU0027,2023-20,9,324,0
east,SKU0027,2023-21,4,320,0
east,SKU0027,2023-22,6,314,0
east,SKU0027,2023-23,13,301,0
east,SKU0027,2023-24,2,299,0
east,SKU0027,2023-25,7,292,0
east,SKU0027,2023-26,17,275,0
east,SKU0027,2023-27,8,267,0
east,SKU0027,2023-28,5,262,0
east,SKU0027,2023-29,12,250,0
east,SKU0027,2023-30,13,237,0
east,SKU0027,2023-31,9,228,0
east,SKU0027,2023-32,9,219,0
east,SKU0027,2023-33,11,208,0
east,SKU0027,2023-34,11,197,0
east,SKU0027,2023-35,20,177,0
east,SKU0027,2023-36,11,166,0
east,SKU0027,2023-37,21,145,0
east,SKU0027,2023-38,14,131,0
east,SKU0027,2023-39,16,115,0
east,SKU0027,2023-40,15,100,0
east,SKU0027,2023-41,9,391,300
east,SKU0027,2023-42,19,372,0
east,SKU0027,2023-43,22,350,0
east,SKU0027,2023-44,19,331,0
east,SKU0027,2023-45,16,315,0
east,SKU0027,2023-46,17,298,0
east,SKU0027,2023-47,24,274,0
east,SKU0027,2023-48,25,249,0
east,SKU0027,2023-49,24,225,0
east,SKU0027,2023-50,17,208,0
east,SKU0027,2023-51,39,169,0
east,SKU0027,2023-52,29,140,0
east,SKU0027,2024-01,36,104,0
east,SKU0027,2024-02,33,571,500
east,SKU0027,2024-03,22,549,0
east,SKU0027,2024-04,55,494,0
east,SKU0027,2024-05,29,465,0
east,SKU0027,2024-06,57,408,0
east,SKU0027,2024-07,26,382,0
east,SKU0027,2024-08,42,340,0
east,SKU0027,2024-09,61,279,0
east,SKU0027,2024-10,55,224,0
east,SKU0027,2024-11,54,170,0
east,SKU0027,2024-12,41,129,0
east,SKU0027,2024-13,27,102,0
east,SKU0027,2024-14,54,548,500
east,SKU0027,2024-15,61,487,0
east,SKU0027,2024-16,57,430,0
east,SKU0027,2024-17,33,397,0
east,SKU0027,2024-18,57,340,0
east,SKU0027,2024-19,42,298,0
east,SKU0027,2024-20,59,239,0
east,SKU0027,2024-21,41,198,0
east,SKU0027,2024-22,56,142,0
east,SKU0027,2024-23,47,595,500
east,SKU0027,2024-24,50,545,0
east,SKU0027,2024-25,51,494,0
east,SKU0027,2024-26,28,466,0
east,SKU0027,2024-27,66,400,0
east,SKU0027,2024-28,40,360,0
east,SKU0027,2024-29,61,299,0
east,SKU0027,2024-30,50,249,0
east,SKU0027,2024-31,34,215,0
east,SKU0027,2024-32,48,167,0
east,SKU0027,2024-33,58,109,0
east,SKU0027,2024-34,41,568,500
east,SKU0027,2024-35,41,527,0
east,SKU0027,2024-36,34,493,0
east,SKU0027,2024-37,35,458,0
east,SKU0027,2024-38,43,415,0
east,SKU0027,2024-39,34,381,0
east,SKU0027,2024-40,21,360,0
east,SKU0027,2024-41,44,316,0
east,SKU0027,2024-42,43,273,0
east,SKU0027,2024-43,38,235,0
east,SKU0027,2024-44,15,220,0
east,SKU0027,2024-45,33,187,0
east,SKU0027,2024-46,22,165,0
east,SKU0027,2024-47,33,132,0
east,SKU0027,2024-48,47,285,200
east,SKU0027,2024-49,43,242,0
east,SKU0027,2024-50,23,219,0
east,SKU0027,2024-51,33,186,0
east,SKU0028,2023-25,2,452,0
east,SKU0028,2023-26,3,449,0
east,SKU0028,2023-27,4,445,0
east,SKU0028,2023-28,1,444,0
east,SKU0028,2023-29,10,434,0
east,SKU0028,2023-30,12,422,0
east,SKU0028,2023-31,7,415,0
east,SKU0028,2023-32,12,403,0
east,SKU0028,2023-33,20,383,0
east,SKU0028,2023-34,7,376,0
east,SKU0028,2023-35,17,359,0
east,SKU0028,2023-36,13,346,0
east,SKU0028,2023-37,22,324,0
east,SKU0028,2023-38,17,307,0
east,SKU0028,2023-39,17,290,0
east,SKU0028,2023-40,14,276,0
east,SKU0028,2023-41,22,254,0
east,SKU0028,2023-42,15,239,0
east,SKU0028,2023-43,25,214,0
east,SKU0028,2023-44,30,184,0
east,SKU0028,2023-45,35,149,0
east,SKU0028,2023-46,37,112,0
east,SKU0028,2023-47,30,382,300
east,SKU0028,2023-48,55,327,0
east,SKU0028,2023-49,38,289,0
east,SKU0028,2023-50,32,257,0
east,SKU0028,2023-51,57,200,0
east,SKU0028,2023-52,48,152,0
east,SKU0028,2024-01,44,108,0
east,SKU0028,2024-02,45,263,200
east,SKU0028,2024-03,48,215,0
east,SKU0028,2024-04,46,169,0
east,SKU0028,2024-05,64,105,0
east,SKU0028,2024-06,57,348,300
east,SKU0028,2024-07,49,299,0
east,SKU0028,2024-08,46,253,0
east,SKU0028,2024-09,66,187,0
east,SKU0028,2024-10,47,140,0
east,SKU0028,2024-11,55,385,300
east,SKU0028,2024-12,54,331,0
east,SKU0028,2024-13,65,266,0
east,SKU0028,2024-14,77,189,0
east,SKU0028,2024-15,78,111,0
east,SKU0028,2024-16,45,366,300
east,SKU0028,2024-17,80,286,0
east,SKU0028,2024-18,54,232,0
east,SKU0028,2024-19,42,190,0
east,SKU0028,2024-20,44,146,0
east,SKU0028,2024-21,40,106,0
east,SKU0028,2024-22,55,551,500
east,SKU0028,2024-23,17,534,0
east,SKU0028,2024-24,28,506,0
east,SKU0028,2024-25,40,466,0
east,SKU0028,2024-26,51,415,0
east,SKU0028,2024-27,49,366,0
east,SKU0028,2024-28,32,334,0
east,SKU0028,2024-29,46,288,0
east,SKU0028,2024-30,37,251,0
east,SKU0028,2024-31,51,200,0
east,SKU0028,2024-32,22,178,0
east,SKU0028,2024-33,27,151,0
east,SKU0028,2024-34,13,138,0
east,SKU0028,2024-35,30,108,0
east,SKU0028,2024-36,18,590,500
east,SKU0028,2024-37,50,540,0
east,SKU0028,2024-38,18,522,0
east,SKU0028,2024-39,38,484,0
east,SKU0028,2024-40,25,459,0
east,SKU0028,2024-41,24,435,0
east,SKU0028,2024-42,25,410,0
east,SKU0028,2024-43,5,405,0
east,SKU0028,2024-44,30,375,0
east,SKU0028,2024-45,30,345,0
east,SKU0028,2024-46,23,322,0
east,SKU0028,2024-47,41,281,0
east,SKU0028,2024-48,24,257,0
east,SKU0028,2024-49,19,238,0
east,SKU0028,2024-50,29,209,0
east,SKU0028,2024-51,29,180,0
east,SKU0029,2023-31,5,434,0
east,SKU0029,2023-32,4,430,0
east,SKU0029,2023-33,13,417,0
east,SKU0029,2023-34,10,407,0
east,SKU0029,2023-35,18,389,0
east,SKU0029,2023-36,24,365,0
east,SKU0029,2023-37,26,339,0
east,SKU0029,2023-38,22,317,0
east,SKU0029,2023-39,30,287,0
east,SKU0029,2023-40,25,262,0
east,SKU0029,2023-41,29,233,0
east,SKU0029,2023-42,29,204,0
east,SKU0029,2023-43,67,137,0
east,SKU0029,2023-44,39,298,200
east,SKU0029,2023-45,43,255,0
east,SKU0029,2023-46,30,225,0
east,SKU0029,2023-47,59,166,0
east,SKU0029,2023-48,29,137,0
east,SKU0029,2023-49,41,296,200
east,SKU0029,2023-50,38,258,0
east,SKU0029,2023-51,42,216,0
east,SKU0029,2023-52,50,166,0
east,SKU0029,2024-01,48,118,0
east,SKU0029,2024-02,31,587,500
east,SKU0029,2024-03,38,549,0
east,SKU0029,2024-04,42,507,0
east,SKU0029,2024-05,42,465,0
east,SKU0029,2024-06,50,415,0
east,SKU0029,2024-07,47,368,0
east,SKU0029,2024-08,39,329,0
east,SKU0029,2024-09,58,271,0
east,SKU0029,2024-10,39,232,0
east,SKU0029,2024-11,30,202,0
east,SKU0029,2024-12,34,168,0
east,SKU0029,2024-13,40,128,0
east,SKU0029,2024-14,32,396,300
east,SKU0029,2024-15,29,367,0
east,SKU0029,2024-16,43,324,0
east,SKU0029,2024-17,44,280,0
east,SKU0029,2024-18,37,243,0
east,SKU0029,2024-19,35,208,0
east,SKU0029,2024-20,30,178,0
east,SKU0029,2024-21,47,131,0
east,SKU0029,2024-22,34,297,200
east,SKU0029,2024-23,21,276,0
east,SKU0029,2024-24,21,255,0
east,SKU0029,2024-25,31,224,0
east,SKU0029,2024-26,21,203,0
east,SKU0029,2024-27,32,171,0
east,SKU0029,2024-28,25,146,0
east,SKU0029,2024-29,30,116,0
east,SKU0029,2024-30,20,596,500
east,SKU0029,2024-31,15,581,0
east,SKU0029,2024-32,28,553,0
east,SKU0029,2024-33,16,537,0
east,SKU0029,2024-34,23,514,0
east,SKU0029,2024-35,21,493,0
east,SKU0029,2024-36,18,475,0
east,SKU0029,2024-37,22,453,0
east,SKU0029,2024-38,22,431,0
east,SKU0029,2024-39,16,415,0
east,SKU0029,2024-40,13,402,0
east,SKU0029,2024-41,14,388,0
east,SKU0029,2024-42,15,373,0
east,SKU0029,2024-43,16,357,0
east,SKU0029,2024-44,17,340,0
east,SKU0029,2024-45,18,322,0
east,SKU0029,2024-46,16,306,0
east,SKU0029,2024-47,17,289,0
east,SKU0029,2024-48,23,266,0
east,SKU0029,2024-49,19,247,0
east,SKU0029,2024-50,12,235,0
east,SKU0029,2024-51,13,222,0
east,SKU0030,2023-15,2,345,0
east,SKU0030,2023-16,1,344,0
east,SKU0030,2023-17,2,342,0
east,SKU0030,2023-18,5,337,0
east,SKU0030,2023-19,7,330,0
east,SKU0030,2023-20,5,325,0
east,SKU0030,2023-21,9,316,0
east,SKU0030,2023-22,8,308,0
east,SKU0030,2023-23,11,297,0
east,SKU0030,2023-24,14,283,0
east,SKU0030,2023-25,10,273,0
east,SKU0030,2023-26,12,261,0
east,SKU0030,2023-27,12,249,0
east,SKU0030,2023-28,18,231,0
east,SKU0030,2023-29,10,221,0
east,SKU0030,2023-30,16,205,0
east,SKU0030,2023-31,17,188,0
east,SKU0030,2023-32,10,178,0
east,SKU0030,2023-33,15,163,0
east,SKU0030,2023-34,11,152,0
east,SKU0030,2023-35,15,137,0
east,SKU0030,2023-36,22,115,0
east,SKU0030,2023-37,24,591,500
east,SKU0030,2023-38,26,565,0
east,SKU0030,2023-39,19,546,0
east,SKU0030,2023-40,18,528,0
east,SKU0030,2023-41,21,507,0
east,SKU0030,2023-42,23,484,0
east,SKU0030,2023-43,18,466,0
east,SKU0030,2023-44,34,432,0
east,SKU0030,2023-45,20,412,0
east,SKU0030,2023-46,26,386,0
east,SKU0030,2023-47,29,357,0
east,SKU0030,2023-48,29,328,0
east,SKU0030,2023-49,29,299,0
east,SKU0030,2023-50,29,270,0
east,SKU0030,2023-51,26,244,0
east,SKU0030,2023-52,28,216,0
east,SKU0030,2024-01,27,189,0
east,SKU0030,2024-02,38,151,0
east,SKU0030,2024-03,42,109,0
east,SKU0030,2024-04,57,552,500
east,SKU0030,2024-05,31,521,0
east,SKU0030,2024-06,41,480,0
east,SKU0030,2024-07,57,423,0
east,SKU0030,2024-08,43,380,0
east,SKU0030,2024-09,37,343,0
east,SKU0030,2024-10,53,290,0
east,SKU0030,2024-11,55,235,0
east,SKU0030,2024-12,61,174,0
east,SKU0030,2024-13,42,132,0
east,SKU0030,2024-14,44,388,300
east,SKU0030,2024-15,42,346,0
east,SKU0030,2024-16,51,295,0
east,SKU0030,2024-17,58,237,0
east,SKU0030,2024-18,56,181,0
east,SKU0030,2024-19,57,124,0
east,SKU0030,2024-20,51,573,500
east,SKU0030,2024-21,50,523,0
east,SKU0030,2024-22,51,472,0
east,SKU0030,2024-23,57,415,0
east,SKU0030,2024-24,55,360,0
east,SKU0030,2024-25,45,315,0
east,SKU0030,2024-26,30,285,0
east,SKU0030,2024-27,46,239,0
east,SKU0030,2024-28,48,191,0
east,SKU0030,2024-29,45,146,0
east,SKU0030,2024-30,28,118,0
east,SKU0030,2024-31,38,580,500
east,SKU0030,2024-32,32,548,0
east,SKU0030,2024-33,55,493,0
east,SKU0030,2024-34,31,462,0
east,SKU0030,2024-35,27,435,0
east,SKU0030,2024-36,45,390,0
east,SKU0030,2024-37,39,351,0
east,SKU0030,2024-38,33,318,0
east,SKU0030,2024-39,36,282,0
east,SKU0030,2024-40,38,244,0
east,SKU0030,2024-41,29,215,0
east,SKU0030,2024-42,34,181,0
east,SKU0030,2024-43,33,148,0
east,SKU0030,2024-44,38,110,0
east,SKU0030,2024-45,36,574,500
east,SKU0030,2024-46,38,536,0
east,SKU0030,2024-47,28,508,0
east,SKU0030,2024-48,25,483,0
east,SKU0030,2024-49,51,432,0
east,SKU0030,2024-50,37,395,0
east,SKU0030,2024-51,24,371,0
east,SKU0031,2023-21,2,345,0
east,SKU0031,2023-22,3,342,0
east,SKU0031,2023-23,4,338,0
east,SKU0031,2023-24,1,337,0
east,SKU0031,2023-25,5,332,0
east,SKU0031,2023-26,2,330,0
east,SKU0031,2023-27,12,318,0
east,SKU0031,2023-28,10,308,0
east,SKU0031,2023-29,9,299,0
east,SKU0031,2023-30,12,287,0
east,SKU0031,2023-31,10,277,0
east,SKU0031,2023-32,12,265,0
east,SKU0031,2023-33,15,250,0
east,SKU0031,2023-34,9,241,0
east,SKU0031,2023-35,8,233,0
east,SKU0031,2023-36,7,226,0
east,SKU0031,2023-37,10,216,0
east,SKU0031,2023-38,17,199,0
east,SKU0031,2023-39,14,185,0
east,SKU0031,2023-40,17,168,0
east,SKU0031,2023-41,20,148,0
east,SKU0031,2023-42,14,134,0
east,SKU0031,2023-43,28,106,0
east,SKU0031,2023-44,19,587,500
east,SKU0031,2023-45,16,571,0
east,SKU0031,2023-46,26,545,0
east,SKU0031,2023-47,31,514,0
east,SKU0031,2023-48,15,499,0
east,SKU0031,2023-49,34,465,0
east,SKU0031,2023-50,31,434,0
east,SKU0031,2023-51,46,388,0
east,SKU0031,2023-52,27,361,0
east,SKU0031,2024-01,37,324,0
east,SKU0031,2024-02,34,290,0
east,SKU0031,2024-03,45,245,0
east,SKU0031,2024-04,29,216,0
east,SKU0031,2024-05,39,177,0
east,SKU0031,2024-06,45,132,0
east,SKU0031,2024-07,58,274,200
east,SKU0031,2024-08,64,210,0
east,SKU0031,2024-09,38,172,0
east,SKU0031,2024-10,41,131,0
east,SKU0031,2024-11,41,290,200
east,SKU0031,2024-12,74,216,0
east,SKU0031,2024-13,26,190,0
east,SKU0031,2024-14,51,139,0
east,SKU0031,2024-15,63,576,500
east,SKU0031,2024-16,67,509,0
east,SKU0031,2024-17,52,457,0
east,SKU0031,2024-18,49,408,0
east,SKU0031,2024-19,57,351,0
east,SKU0031,2024-20,56,295,0
east,SKU0031,2024-21,66,229,0
east,SKU0031,2024-22,46,183,0
east,SKU0031,2024-23,54,129,0
east,SKU0031,2024-24,52,377,300
east,SKU0031,2024-25,40,337,0
east,SKU0031,2024-26,39,298,0
east,SKU0031,2024-27,21,277,0
east,SKU0031,2024-28,39,238,0
east,SKU0031,2024-29,45,193,0
east,SKU0031,2024-30,28,165,0
east,SKU0031,2024-31,32,133,0
east,SKU0031,2024-32,41,292,200
east,SKU0031,2024-33,32,260,0
east,SKU0031,2024-34,31,229,0
east,SKU0031,2024-35,22,207,0
east,SKU0031,2024-36,35,172,0
east,SKU0031,2024-37,20,152,0
east,SKU0031,2024-38,33,119,0
east,SKU0031,2024-39,42,577,500
east,SKU0031,2024-40,28,549,0
east,SKU0031,2024-41,32,517,0
east,SKU0031,2024-42,27,490,0
east,SKU0031,2024-43,26,464,0
east,SKU0031,2024-44,26,438,0
east,SKU0031,2024-45,18,420,0
east,SKU0031,2024-46,26,394,0
east,SKU0031,2024-47,22,372,0
east,SKU0031,2024-48,15,357,0
east,SKU0031,2024-49,29,328,0
east,SKU0031,2024-50,26,302,0
east,SKU0031,2024-51,27,275,0
east,SKU0032,2023-05,2,348,0
east,SKU0032,2023-06,1,347,0
east,SKU0032,2023-07,1,346,0
east,SKU0032,2023-08,5,341,0
east,SKU0032,2023-09,4,337,0
east,SKU0032,2023-10,6,331,0
east,SKU0032,2023-11,7,324,0
east,SKU0032,2023-12,8,316,0
east,SKU0032,2023-13,9,307,0
east,SKU0032,2023-14,9,298,0
east,SKU0032,2023-15,11,287,0
east,SKU0032,2023-16,8,279,0
east,SKU0032,2023-17,13,266,0
east,SKU0032,2023-18,17,249,0
east,SKU0032,2023-19,12,237,0
east,SKU0032,2023-20,11,226,0
east,SKU0032,2023-21,19,207,0
east,SKU0032,2023-22,19,188,0
east,SKU0032,2023-23,14,174,0
east,SKU0032,2023-24,19,155,0
east,SKU0032,2023-25,12,143,0
east,SKU0032,2023-26,13,130,0
east,SKU0032,2023-27,19,111,0
east,SKU0032,2023-28,15,596,500
east,SKU0032,2023-29,22,574,0
east,SKU0032,2023-30,17,557,0
east,SKU0032,2023-31,12,545,0
east,SKU0032,2023-32,14,531,0
east,SKU0032,2023-33,25,506,0
east,SKU0032,2023-34,30,476,0
east,SKU0032,2023-35,23,453,0
east,SKU0032,2023-36,16,437,0
east,SKU0032,2023-37,24,413,0
east,SKU0032,2023-38,24,389,0
east,SKU0032,2023-39,17,372,0
east,SKU0032,2023-40,23,349,0
east,SKU0032,2023-41,26,323,0
east,SKU0032,2023-42,16,307,0
east,SKU0032,2023-43,26,281,0
east,SKU0032,2023-44,34,247,0
east,SKU0032,2023-45,21,226,0
east,SKU0032,2023-46,21,205,0
east,SKU0032,2023-47,36,169,0
east,SKU0032,2023-48,40,129,0
east,SKU0032,2023-49,26,103,0
east,SKU0032,2023-50,37,366,300
east,SKU0032,2023-51,34,332,0
east,SKU0032,2023-52,32,300,0
east,SKU0032,2024-01,40,260,0
east,SKU0032,2024-02,35,225,0
east,SKU0032,2024-03,41,184,0
east,SKU0032,2024-04,46,138,0
east,SKU0032,2024-05,61,377,300
east,SKU0032,2024-06,37,340,0
east,SKU0032,2024-07,39,301,0
east,SKU0032,2024-08,42,259,0
east,SKU0032,2024-09,60,199,0
east,SKU0032,2024-10,64,135,0
east,SKU0032,2024-11,46,589,500
east,SKU0032,2024-12,59,530,0
east,SKU0032,2024-13,52,478,0
east,SKU0032,2024-14,66,412,0
east,SKU0032,2024-15,60,352,0
east,SKU0032,2024-16,60,292,0
east,SKU0032,2024-17,84,208,0
east,SKU0032,2024-18,55,153,0
east,SKU0032,2024-19,58,595,500
east,SKU0032,2024-20,58,537,0
east,SKU0032,2024-21,43,494,0
east,SKU0032,2024-22,61,433,0
east,SKU0032,2024-23,51,382,0
east,SKU0032,2024-24,46,336,0
east,SKU0032,2024-25,53,283,0
east,SKU0032,2024-26,40,243,0
east,SKU0032,2024-27,43,200,0
east,SKU0032,2024-28,33,167,0
east,SKU0032,2024-29,38,129,0
east,SKU0032,2024-30,38,391,300
east,SKU0032,2024-31,35,356,0
east,SKU0032,2024-32,24,332,0
east,SKU0032,2024-33,29,303,0
east,SKU0032,2024-34,29,274,0
east,SKU0032,2024-35,23,251,0
east,SKU0032,2024-36,16,235,0
east,SKU0032,2024-37,30,205,0
east,SKU0032,2024-38,19,186,0
east,SKU0032,2024-39,22,164,0
east,SKU0032,2024-40,33,131,0
east,SKU0032,2024-41,28,103,0
east,SKU0032,2024-42,30,273,200
east,SKU0032,2024-43,32,241,0
east,SKU0032,2024-44,23,218,0
east,SKU0032,2024-45,30,188,0
east,SKU0032,2024-46,27,161,0
east,SKU0032,2024-47,18,143,0
east,SKU0032,2024-48,27,116,0
east,SKU0032,2024-49,23,293,200
east,SKU0032,2024-50,27,266,0
east,SKU0032,2024-51,29,237,0
east,SKU0033,2023-29,3,198,0
east,SKU0033,2023-30,5,193,0
east,SKU0033,2023-31,4,189,0
east,SKU0033,2023-32,8,181,0
east,SKU0033,2023-33,12,169,0
east,SKU0033,2023-34,15,154,0
east,SKU0033,2023-35,21,133,0
east,SKU0033,2023-36,14,119,0
east,SKU0033,2023-37,19,100,0
east,SKU0033,2023-38,12,288,200
east,SKU0033,2023-39,20,268,0
east,SKU0033,2023-40,16,252,0
east,SKU0033,2023-41,15,237,0
east,SKU0033,2023-42,11,226,0
east,SKU0033,2023-43,27,199,0
east,SKU0033,2023-44,21,178,0
east,SKU0033,2023-45,32,146,0
east,SKU0033,2023-46,52,394,300
east,SKU0033,2023-47,39,355,0
east,SKU0033,2023-48,42,313,0
east,SKU0033,2023-49,40,273,0
east,SKU0033,2023-50,53,220,0
east,SKU0033,2023-51,50,170,0
east,SKU0033,2023-52,45,125,0
east,SKU0033,2024-01,64,261,200
east,SKU0033,2024-02,55,206,0
east,SKU0033,2024-03,73,133,0
east,SKU0033,2024-04,42,291,200
east,SKU0033,2024-05,49,242,0
east,SKU0033,2024-06,41,201,0
east,SKU0033,2024-07,57,144,0
east,SKU0033,2024-08,34,110,0
east,SKU0033,2024-09,55,555,500
east,SKU0033,2024-10,56,499,0
east,SKU0033,2024-11,54,445,0
east,SKU0033,2024-12,63,382,0
east,SKU0033,2024-13,60,322,0
east,SKU0033,2024-14,51,271,0
east,SKU0033,2024-15,45,226,0
east,SKU0033,2024-16,46,180,0
east,SKU0033,2024-17,39,141,0
east,SKU0033,2024-18,55,586,500
east,SKU0033,2024-19,54,532,0
east,SKU0033,2024-20,48,484,0
east,SKU0033,2024-21,43,441,0
east,SKU0033,2024-22,50,391,0
east,SKU0033,2024-23,44,347,0
east,SKU0033,2024-24,50,297,0
east,SKU0033,2024-25,59,238,0
east,SKU0033,2024-26,34,204,0
east,SKU0033,2024-27,36,168,0
east,SKU0033,2024-28,38,130,0
east,SKU0033,2024-29,26,104,0
east,SKU0033,2024-30,30,274,200
east,SKU0033,2024-31,26,248,0
east,SKU0033,2024-32,33,215,0
east,SKU0033,2024-33,26,189,0
east,SKU0033,2024-34,26,163,0
east,SKU0033,2024-35,31,132,0
east,SKU0033,2024-36,33,299,200
east,SKU0033,2024-37,30,269,0
east,SKU0033,2024-38,23,246,0
east,SKU0033,2024-39,20,226,0
east,SKU0033,2024-40,26,200,0
east,SKU0033,2024-41,26,174,0
east,SKU0033,2024-42,27,147,0
east,SKU0033,2024-43,35,112,0
east,SKU0033,2024-44,24,588,500
east,SKU0033,2024-45,29,559,0
east,SKU0033,2024-46,17,542,0
east,SKU0033,2024-47,29,513,0
east,SKU0033,2024-48,28,485,0
east,SKU0033,2024-49,25,460,0
east,SKU0033,2024-50,22,438,0
east,SKU0033,2024-51,39,399,0
east,SKU0034,2023-25,1,345,0
east,SKU0034,2023-26,2,343,0
east,SKU0034,2023-27,3,340,0
east,SKU0034,2023-28,4,336,0
east,SKU0034,2023-29,5,331,0
east,SKU0034,2023-30,5,326,0
east,SKU0034,2023-31,11,315,0
east,SKU0034,2023-32,7,308,0
east,SKU0034,2023-33,10,298,0
east,SKU0034,2023-34,4,294,0
east,SKU0034,2023-35,9,285,0
east,SKU0034,2023-36,8,277,0
east,SKU0034,2023-37,8,269,0
east,SKU0034,2023-38,7,262,0
east,SKU0034,2023-39,17,245,0
east,SKU0034,2023-40,13,232,0
east,SKU0034,2023-41,18,214,0
east,SKU0034,2023-42,13,201,0
east,SKU0034,2023-43,15,186,0
east,SKU0034,2023-44,18,168,0
east,SKU0034,2023-45,18,150,0
east,SKU0034,2023-46,18,132,0
east,SKU0034,2023-47,21,111,0
east,SKU0034,2023-48,10,101,0
east,SKU0034,2023-49,16,585,500
east,SKU0034,2023-50,32,553,0
east,SKU0034,2023-51,21,532,0
east,SKU0034,2023-52,38,494,0
east,SKU0034,2024-01,24,470,0
east,SKU0034,2024-02,27,443,0
east,SKU0034,2024-03,32,411,0
east,SKU0034,2024-04,31,380,0
east,SKU0034,2024-05,45,335,0
east,SKU0034,2024-06,34,301,0
east,SKU0034,2024-07,30,271,0
east,SKU0034,2024-08,38,233,0
east,SKU0034,2024-09,44,189,0
east,SKU0034,2024-10,51,138,0
east,SKU0034,2024-11,51,387,300
east,SKU0034,2024-12,43,344,0
east,SKU0034,2024-13,49,295,0
east,SKU0034,2024-14,56,239,0
east,SKU0034,2024-15,48,191,0
east,SKU0034,2024-16,41,150,0
east,SKU0034,2024-17,48,102,0
east,SKU0034,2024-18,46,256,200
east,SKU0034,2024-19,56,200,0
east,SKU0034,2024-20,47,153,0
east,SKU0034,2024-21,39,114,0
east,SKU0034,2024-22,53,561,500
east,SKU0034,2024-23,52,509,0
east,SKU0034,2024-24,51,458,0
east,SKU0034,2024-25,37,421,0
east,SKU0034,2024-26,40,381,0
east,SKU0034,2024-27,52,329,0
east,SKU0034,2024-28,32,297,0
east,SKU0034,2024-29,28,269,0
east,SKU0034,2024-30,43,226,0
east,SKU0034,2024-31,36,190,0
east,SKU0034,2024-32,22,168,0
east,SKU0034,2024-33,37,131,0
east,SKU0034,2024-34,33,298,200
east,SKU0034,2024-35,32,266,0
east,SKU0034,2024-36,34,232,0
east,SKU0034,2024-37,40,192,0
east,SKU0034,2024-38,28,164,0
east,SKU0034,2024-39,32,132,0
east,SKU0034,2024-40,31,101,0
east,SKU0034,2024-41,29,372,300
east,SKU0034,2024-42,23,349,0
east,SKU0034,2024-43,24,325,0
east,SKU0034,2024-44,43,282,0
east,SKU0034,2024-45,27,255,0
east,SKU0034,2024-46,28,227,0
east,SKU0034,2024-47,30,197,0
east,SKU0034,2024-48,30,167,0
east,SKU0034,2024-49,21,146,0
east,SKU0034,2024-50,38,108,0
east,SKU0034,2024-51,23,385,300
east,SKU0035,2023-26,4,422,0
east,SKU0035,2023-27,3,419,0
east,SKU0035,2023-28,8,411,0
east,SKU0035,2023-29,9,402,0
east,SKU0035,2023-30,8,394,0
east,SKU0035,2023-31,12,382,0
east,SKU0035,2023-32,9,373,0
east,SKU0035,2023-33,18,355,0
east,SKU0035,2023-34,15,340,0
east,SKU0035,2023-35,16,324,0
east,SKU0035,2023-36,26,298,0
east,SKU0035,2023-37,10,288,0
east,SKU0035,2023-38,14,274,0
east,SKU0035,2023-39,30,244,0
east,SKU0035,2023-40,17,227,0
east,SKU0035,2023-41,21,206,0
east,SKU0035,2023-42,29,177,0
east,SKU0035,2023-43,27,150,0
east,SKU0035,2023-44,28,122,0
east,SKU0035,2023-45,29,393,300
east,SKU0035,2023-46,27,366,0
east,SKU0035,2023-47,36,330,0
east,SKU0035,2023-48,45,285,0
east,SKU0035,2023-49,45,240,0
east,SKU0035,2023-50,37,203,0
east,SKU0035,2023-51,60,143,0
east,SKU0035,2023-52,46,297,200
east,SKU0035,2024-01,48,249,0
east,SKU0035,2024-02,51,198,0
east,SKU0035,2024-03,53,145,0
east,SKU0035,2024-04,39,106,0
east,SKU0035,2024-05,42,564,500
east,SKU0035,2024-06,60,504,0
east,SKU0035,2024-07,58,446,0
east,SKU0035,2024-08,45,401,0
east,SKU0035,2024-09,37,364,0
east,SKU0035,2024-10,49,315,0
east,SKU0035,2024-11,40,275,0
east,SKU0035,2024-12,50,225,0
east,SKU0035,2024-13,49,176,0
east,SKU0035,2024-14,46,130,0
east,SKU0035,2024-15,50,280,200
east,SKU0035,2024-16,53,227,0
east,SKU0035,2024-17,49,178,0
east,SKU0035,2024-18,56,122,0
east,SKU0035,2024-19,43,279,200
east,SKU0035,2024-20,45,234,0
east,SKU0035,2024-21,38,196,0
east,SKU0035,2024-22,25,171,0
east,SKU0035,2024-23,37,134,0
east,SKU0035,2024-24,33,101,0
east,SKU0035,2024-25,37,364,300
east,SKU0035,2024-26,35,329,0
east,SKU0035,2024-27,26,303,0
east,SKU0035,2024-28,26,277,0
east,SKU0035,2024-29,25,252,0
east,SKU0035,2024-30,28,224,0
east,SKU0035,2024-31,25,199,0
east,SKU0035,2024-32,31,168,0
east,SKU0035,2024-33,25,143,0
east,SKU0035,2024-34,24,119,0
east,SKU0035,2024-35,21,398,300
east,SKU0035,2024-36,18,380,0
east,SKU0035,2024-37,30,350,0
east,SKU0035,2024-38,13,337,0
east,SKU0035,2024-39,25,312,0
east,SKU0035,2024-40,22,290,0
east,SKU0035,2024-41,12,278,0
east,SKU0035,2024-42,17,261,0
east,SKU0035,2024-43,18,243,0
east,SKU0035,2024-44,16,227,0
east,SKU0035,2024-45,16,211,0
east,SKU0035,2024-46,15,196,0
east,SKU0035,2024-47,23,173,0
east,SKU0035,2024-48,16,157,0
east,SKU0035,2024-49,22,135,0
east,SKU0035,2024-50,18,117,0
east,SKU0035,2024-51,22,395,300
east,SKU0036,2023-07,1,392,0
east,SKU0036,2023-08,1,391,0
east,SKU0036,2023-09,6,385,0
east,SKU0036,2023-10,5,380,0
east,SKU0036,2023-11,5,375,0
east,SKU0036,2023-12,9,366,0
east,SKU0036,2023-13,3,363,0
east,SKU0036,2023-14,8,355,0
east,SKU0036,2023-15,10,345,0
east,SKU0036,2023-16,7,338,0
east,SKU0036,2023-17,10,328,0
east,SKU0036,2023-18,12,316,0
east,SKU0036,2023-19,16,300,0
east,SKU0036,2023-20,9,291,0
east,SKU0036,2023-21,15,276,0
east,SKU0036,2023-22,15,261,0
east,SKU0036,2023-23,10,251,0
east,SKU0036,2023-24,11,240,0
east,SKU0036,2023-25,11,229,0
east,SKU0036,2023-26,26,203,0
east,SKU0036,2023-27,15,188,0
east,SKU0036,2023-28,22,166,0
east,SKU0036,2023-29,15,151,0
east,SKU0036,2023-30,19,132,0
east,SKU0036,2023-31,24,108,0
east,SKU0036,2023-32,18,390,300
east,SKU0036,2023-33,21,369,0
east,SKU0036,2023-34,17,352,0
east,SKU0036,2023-35,21,331,0
east,SKU0036,2023-36,19,312,0
east,SKU0036,2023-37,24,288,0
east,SKU0036,2023-38,31,257,0
east,SKU0036,2023-39,27,230,0
east,SKU0036,2023-40,34,196,0
east,SKU0036,2023-41,23,173,0
east,SKU0036,2023-42,22,151,0
east,SKU0036,2023-43,25,126,0
east,SKU0036,2023-44,37,589,500
east,SKU0036,2023-45,12,577,0
east,SKU0036,2023-46,31,546,0
east,SKU0036,2023-47,26,520,0
east,SKU0036,2023-48,24,496,0
east,SKU0036,2023-49,31,465,0
east,SKU0036,2023-50,29,436,0
east,SKU0036,2023-51,37,399,0
east,SKU0036,2023-52,33,366,0
east,SKU0036,2024-01,36,330,0
east,SKU0036,2024-02,39,291,0
east,SKU0036,2024-03,47,244,0
east,SKU0036,2024-04,51,193,0
east,SKU0036,2024-05,57,136,0
east,SKU0036,2024-06,45,291,200
east,SKU0036,2024-07,42,249,0
east,SKU0036,2024-08,51,198,0
east,SKU0036,2024-09,55,143,0
east,SKU0036,2024-10,49,294,200
east,SKU0036,2024-11,58,236,0
east,SKU0036,2024-12,50,186,0
east,SKU0036,2024-13,59,127,0
east,SKU0036,2024-14,71,256,200
east,SKU0036,2024-15,59,197,0
east,SKU0036,2024-16,37,160,0
east,SKU0036,2024-17,73,287,200
east,SKU0036,2024-18,37,250,0
east,SKU0036,2024-19,54,196,0
east,SKU0036,2024-20,60,136,0
east,SKU0036,2024-21,45,391,300
east,SKU0036,2024-22,51,340,0
east,SKU0036,2024-23,42,298,0
east,SKU0036,2024-24,45,253,0
east,SKU0036,2024-25,33,220,0
east,SKU0036,2024-26,51,169,0
east,SKU0036,2024-27,38,131,0
east,SKU0036,2024-28,34,297,200
east,SKU0036,2024-29,51,246,0
east,SKU0036,2024-30,20,226,0
east,SKU0036,2024-31,40,186,0
east,SKU0036,2024-32,35,151,0
east,SKU0036,2024-33,15,136,0
east,SKU0036,2024-34,45,591,500
east,SKU0036,2024-35,33,558,0
east,SKU0036,2024-36,32,526,0
east,SKU0036,2024-37,31,495,0
east,SKU0036,2024-38,27,468,0
east,SKU0036,2024-39,21,447,0
east,SKU0036,2024-40,33,414,0
east,SKU0036,2024-41,31,383,0
east,SKU0036,2024-42,31,352,0
east,SKU0036,2024-43,20,332,0
east,SKU0036,2024-44,31,301,0
east,SKU0036,2024-45,31,270,0
east,SKU0036,2024-46,28,242,0
east,SKU0036,2024-47,33,209,0
east,SKU0036,2024-48,32,177,0
east,SKU0036,2024-49,35,142,0
east,SKU0036,2024-50,35,107,0
east,SKU0036,2024-51,27,580,500
east,SKU0037,2023-23,1,326,0
east,SKU0037,2023-24,3,323,0
east,SKU0037,2023-25,3,320,0
east,SKU0037,2023-26,1,319,0
east,SKU0037,2023-27,9,310,0
east,SKU0037,2023-28,6,304,0
east,SKU0037,2023-29,14,290,0
east,SKU0037,2023-30,13,277,0
east,SKU0037,2023-31,11,266,0
east,SKU0037,2023-32,19,247,0
east,SKU0037,2023-33,12,235,0
east,SKU0037,2023-34,8,227,0
east,SKU0037,2023-35,12,215,0
east,SKU0037,2023-36,21,194,0
east,SKU0037,2023-37,21,173,0
east,SKU0037,2023-38,24,149,0
east,SKU0037,2023-39,19,130,0
east,SKU0037,2023-40,21,109,0
east,SKU0037,2023-41,21,288,200
east,SKU0037,2023-42,21,267,0
east,SKU0037,2023-43,24,243,0
east,SKU0037,2023-44,28,215,0
east,SKU0037,2023-45,23,192,0
east,SKU0037,2023-46,28,164,0
east,SKU0037,2023-47,18,146,0
east,SKU0037,2023-48,50,596,500
east,SKU0037,2023-49,65,531,0
east,SKU0037,2023-50,35,496,0
east,SKU0037,2023-51,46,450,0
east,SKU0037,2023-52,46,404,0
east,SKU0037,2024-01,53,351,0
east,SKU0037,2024-02,54,297,0
east,SKU0037,2024-03,48,249,0
east,SKU0037,2024-04,52,197,0
east,SKU0037,2024-05,58,139,0
east,SKU0037,2024-06,31,108,0
east,SKU0037,2024-07,84,524,500
east,SKU0037,2024-08,59,465,0
east,SKU0037,2024-09,38,427,0
east,SKU0037,2024-10,51,376,0
east,SKU0037,2024-11,49,327,0
east,SKU0037,2024-12,50,277,0
east,SKU0037,2024-13,49,228,0
east,SKU0037,2024-14,57,171,0
east,SKU0037,2024-15,33,138,0
east,SKU0037,2024-16,51,387,300
east,SKU0037,2024-17,32,355,0
east,SKU0037,2024-18,46,309,0
east,SKU0037,2024-19,50,259,0
east,SKU0037,2024-20,42,217,0
east,SKU0037,2024-21,50,167,0
east,SKU0037,2024-22,43,124,0
east,SKU0037,2024-23,49,575,500
east,SKU0037,2024-24,46,529,0
east,SKU0037,2024-25,33,496,0
east,SKU0037,2024-26,39,457,0
east,SKU0037,2024-27,45,412,0
east,SKU0037,2024-28,49,363,0
east,SKU0037,2024-29,43,320,0
east,SKU0037,2024-30,38,282,0
east,SKU0037,2024-31,25,257,0
east,SKU0037,2024-32,32,225,0
east,SKU0037,2024-33,39,186,0
east,SKU0037,2024-34,29,157,0
east,SKU0037,2024-35,40,117,0
east,SKU0037,2024-36,26,391,300
east,SKU0037,2024-37,34,357,0
east,SKU0037,2024-38,26,331,0
east,SKU0037,2024-39,32,299,0
east,SKU0037,2024-40,28,271,0
east,SKU0037,2024-41,27,244,0
east,SKU0037,2024-42,48,196,0
east,SKU0037,2024-43,33,163,0
east,SKU0037,2024-44,48,115,0
east,SKU0037,2024-45,33,382,300
east,SKU0037,2024-46,31,351,0
east,SKU0037,2024-47,33,318,0
east,SKU0037,2024-48,36,282,0
east,SKU0037,2024-49,38,244,0
east,SKU0037,2024-50,49,195,0
east,SKU0037,2024-51,41,154,0
east,SKU0038,2023-23,1,356,0
east,SKU0038,2023-24,3,353,0
east,SKU0038,2023-25,3,350,0
east,SKU0038,2023-26,14,336,0
east,SKU0038,2023-27,5,331,0
east,SKU0038,2023-28,11,320,0
east,SKU0038,2023-29,12,308,0
east,SKU0038,2023-30,9,299,0
east,SKU0038,2023-31,18,281,0
east,SKU0038,2023-32,12,269,0
east,SKU0038,2023-33,15,254,0
east,SKU0038,2023-34,13,241,0
east,SKU0038,2023-35,11,230,0
east,SKU0038,2023-36,17,213,0
east,SKU0038,2023-37,30,183,0
east,SKU0038,2023-38,19,164,0
east,SKU0038,2023-39,22,142,0
east,SKU0038,2023-40,25,117,0
east,SKU0038,2023-41,25,392,300
east,SKU0038,2023-42,35,357,0
east,SKU0038,2023-43,23,334,0
east,SKU0038,2023-44,30,304,0
east,SKU0038,2023-45,43,261,0
east,SKU0038,2023-46,40,221,0
east,SKU0038,2023-47,58,163,0
east,SKU0038,2023-48,63,100,0
east,SKU0038,2023-49,42,358,300
east,SKU0038,2023-50,45,313,0
east,SKU0038,2023-51,54,259,0
east,SKU0038,2023-52,42,217,0
east,SKU0038,2024-01,61,156,0
east,SKU0038,2024-02,61,295,200
east,SKU0038,2024-03,45,250,0
east,SKU0038,2024-04,56,194,0
east,SKU0038,2024-05,44,150,0
east,SKU0038,2024-06,63,587,500
east,SKU0038,2024-07,64,523,0
east,SKU0038,2024-08,59,464,0
east,SKU0038,2024-09,59,405,0
east,SKU0038,2024-10,57,348,0
east,SKU0038,2024-11,38,310,0
east,SKU0038,2024-12,44,266,0
east,SKU0038,2024-13,50,216,0
east,SKU0038,2024-14,55,161,0
east,SKU0038,2024-15,55,106,0
east,SKU0038,2024-16,63,343,300
east,SKU0038,2024-17,53,290,0
east,SKU0038,2024-18,31,259,0
east,SKU0038,2024-19,53,206,0
east,SKU0038,2024-20,42,164,0
east,SKU0038,2024-21,38,126,0
east,SKU0038,2024-22,30,596,500
east,SKU0038,2024-23,46,550,0
east,SKU0038,2024-24,57,493,0
east,SKU0038,2024-25,40,453,0
east,SKU0038,2024-26,39,414,0
east,SKU0038,2024-27,41,373,0
east,SKU0038,2024-28,44,329,0
east,SKU0038,2024-29,37,292,0
east,SKU0038,2024-30,42,250,0
east,SKU0038,2024-31,34,216,0
east,SKU0038,2024-32,30,186,0
east,SKU0038,2024-33,21,165,0
east,SKU0038,2024-34,28,137,0
east,SKU0038,2024-35,27,110,0
east,SKU0038,2024-36,22,588,500
east,SKU0038,2024-37,29,559,0
east,SKU0038,2024-38,33,526,0
east,SKU0038,2024-39,33,493,0
east,SKU0038,2024-40,25,468,0
east,SKU0038,2024-41,24,444,0
east,SKU0038,2024-42,30,414,0
east,SKU0038,2024-43,31,383,0
east,SKU0038,2024-44,14,369,0
east,SKU0038,2024-45,35,334,0
east,SKU0038,2024-46,37,297,0
east,SKU0038,2024-47,25,272,0
east,SKU0038,2024-48,35,237,0
east,SKU0038,2024-49,25,212,0
east,SKU0038,2024-50,37,175,0
east,SKU0038,2024-51,30,145,0
east,SKU0039,2023-36,2,423,0
east,SKU0039,2023-38,9,414,0
east,SKU0039,2023-39,6,408,0
east,SKU0039,2023-40,6,402,0
east,SKU0039,2023-41,13,389,0
east,SKU0039,2023-42,12,377,0
east,SKU0039,2023-43,20,357,0
east,SKU0039,2023-44,20,337,0
east,SKU0039,2023-45,15,322,0
east,SKU0039,2023-46,25,297,0
east,SKU0039,2023-47,18,279,0
east,SKU0039,2023-48,26,253,0
east,SKU0039,2023-49,17,236,0
east,SKU0039,2023-50,30,206,0
east,SKU0039,2023-51,49,157,0
east,SKU0039,2023-52,46,111,0
east,SKU0039,2024-01,51,260,200
east,SKU0039,2024-02,41,219,0
east,SKU0039,2024-03,58,161,0
east,SKU0039,2024-04,43,118,0
east,SKU0039,2024-05,81,337,300
east,SKU0039,2024-06,70,267,0
east,SKU0039,2024-07,65,202,0
east,SKU0039,2024-08,42,160,0
east,SKU0039,2024-09,57,103,0
east,SKU0039,2024-10,45,258,200
east,SKU0039,2024-11,69,189,0
east,SKU0039,2024-12,71,118,0
east,SKU0039,2024-13,52,566,500
east,SKU0039,2024-14,54,512,0
east,SKU0039,2024-15,64,448,0
east,SKU0039,2024-16,58,390,0
east,SKU0039,2024-17,57,333,0
east,SKU0039,2024-18,62,271,0
east,SKU0039,2024-19,28,243,0
east,SKU0039,2024-20,39,204,0
east,SKU0039,2024-21,56,148,0
east,SKU0039,2024-22,66,282,200
east,SKU0039,2024-23,54,228,0
east,SKU0039,2024-24,45,183,0
east,SKU0039,2024-25,23,160,0
east,SKU0039,2024-26,39,121,0
east,SKU0039,2024-27,39,282,200
east,SKU0039,2024-28,42,240,0
east,SKU0039,2024-29,53,187,0
east,SKU0039,2024-30,36,151,0
east,SKU0039,2024-31,24,127,0
east,SKU0039,2024-32,38,289,200
east,SKU0039,2024-33,47,242,0
east,SKU0039,2024-34,34,208,0
east,SKU0039,2024-35,34,174,0
east,SKU0039,2024-36,21,153,0
east,SKU0039,2024-37,34,119,0
east,SKU0039,2024-38,19,100,0
east,SKU0039,2024-39,37,563,500
east,SKU0039,2024-40,29,534,0
east,SKU0039,2024-41,22,512,0
east,SKU0039,2024-42,43,469,0
east,SKU0039,2024-43,23,446,0
east,SKU0039,2024-44,21,425,0
east,SKU0039,2024-45,26,399,0
east,SKU0039,2024-46,22,377,0
east,SKU0039,2024-47,33,344,0
east,SKU0039,2024-48,31,313,0
east,SKU0039,2024-49,44,269,0
east,SKU0039,2024-50,44,225,0
east,SKU0039,2024-51,23,202,0
east,SKU0040,2023-28,2,201,0
east,SKU0040,2023-29,1,200,0
east,SKU0040,2023-30,4,196,0
east,SKU0040,2023-31,7,189,0
east,SKU0040,2023-32,14,175,0
east,SKU0040,2023-33,5,170,0
east,SKU0040,2023-34,14,156,0
east,SKU0040,2023-35,15,141,0
east,SKU0040,2023-36,14,127,0
east,SKU0040,2023-37,19,108,0
east,SKU0040,2023-38,16,592,500
east,SKU0040,2023-39,17,575,0
east,SKU0040,2023-40,18,557,0
east,SKU0040,2023-41,25,532,0
east,SKU0040,2023-42,12,520,0
east,SKU0040,2023-43,16,504,0
east,SKU0040,2023-44,9,495,0
east,SKU0040,2023-45,33,462,0
east,SKU0040,2023-46,21,441,0
east,SKU0040,2023-47,22,419,0
east,SKU0040,2023-48,36,383,0
east,SKU0040,2023-49,25,358,0
east,SKU0040,2023-50,39,319,0
east,SKU0040,2023-51,37,282,0
east,SKU0040,2023-52,34,248,0
east,SKU0040,2024-01,34,214,0
east,SKU0040,2024-02,61,153,0
east,SKU0040,2024-03,40,113,0
east,SKU0040,2024-04,64,249,200
east,SKU0040,2024-05,60,189,0
east,SKU0040,2024-06,39,150,0
east,SKU0040,2024-07,25,125,0
east,SKU0040,2024-08,57,268,200
east,SKU0040,2024-09,68,200,0
east,SKU0040,2024-10,73,127,0
east,SKU0040,2024-11,70,357,300
east,SKU0040,2024-12,52,305,0
east,SKU0040,2024-13,62,243,0
east,SKU0040,2024-14,65,178,0
east,SKU0040,2024-15,43,135,0
east,SKU0040,2024-16,65,270,200
east,SKU0040,2024-17,66,204,0
east,SKU0040,2024-18,44,160,0
east,SKU0040,2024-19,44,116,0
east,SKU0040,2024-20,51,365,300
east,SKU0040,2024-21,46,319,0
east,SKU0040,2024-22,34,285,0
east,SKU0040,2024-23,52,233,0
east,SKU0040,2024-24,32,201,0
east,SKU0040,2024-25,47,154,0
east,SKU0040,2024-26,55,299,200
east,SKU0040,2024-27,41,258,0
east,SKU0040,2024-28,32,226,0
east,SKU0040,2024-29,32,194,0
east,SKU0040,2024-30,39,155,0
east,SKU0040,2024-31,48,107,0
east,SKU0040,2024-32,33,374,300
east,SKU0040,2024-33,26,348,0
east,SKU0040,2024-34,29,319,0
east,SKU0040,2024-35,30,289,0
east,SKU0040,2024-36,35,254,0
east,SKU0040,2024-37,21,233,0
east,SKU0040,2024-38,26,207,0
east,SKU0040,2024-39,34,173,0
east,SKU0040,2024-40,28,145,0
east,SKU0040,2024-41,25,120,0
east,SKU0040,2024-42,27,593,500
east,SKU0040,2024-43,30,563,0
east,SKU0040,2024-44,32,531,0
east,SKU0040,2024-45,35,496,0
east,SKU0040,2024-46,35,461,0
east,SKU0040,2024-47,41,420,0
east,SKU0040,2024-48,30,390,0
east,SKU0040,2024-49,11,379,0
east,SKU0040,2024-50,35,344,0
east,SKU0040,2024-51,42,302,0
east,SKU0041,2023-18,1,578,0
east,SKU0041,2023-19,5,573,0
east,SKU0041,2023-20,4,569,0
east,SKU0041,2023-21,7,562,0
east,SKU0041,2023-22,12,550,0
east,SKU0041,2023-23,7,543,0
east,SKU0041,2023-24,12,531,0
east,SKU0041,2023-25,19,512,0
east,SKU0041,2023-26,12,500,0
east,SKU0041,2023-27,19,481,0
east,SKU0041,2023-28,21,460,0
east,SKU0041,2023-29,22,438,0
east,SKU0041,2023-30,21,417,0
east,SKU0041,2023-31,18,399,0
east,SKU0041,2023-32,30,369,0
east,SKU0041,2023-33,25,344,0
east,SKU0041,2023-34,26,318,0
east,SKU0041,2023-35,28,290,0
east,SKU0041,2023-36,36,254,0
east,SKU0041,2023-37,38,216,0
east,SKU0041,2023-38,28,188,0
east,SKU0041,2023-39,28,160,0
east,SKU0041,2023-40,32,128,0
east,SKU0041,2023-41,51,277,200
east,SKU0041,2023-42,40,237,0
east,SKU0041,2023-43,49,188,0
east,SKU0041,2023-44,50,138,0
east,SKU0041,2023-45,36,102,0
east,SKU0041,2023-46,34,268,200
east,SKU0041,2023-47,43,225,0
east,SKU0041,2023-48,55,170,0
east,SKU0041,2023-49,48,122,0
east,SKU0041,2023-50,33,289,200
east,SKU0041,2023-51,53,236,0
east,SKU0041,2023-52,44,192,0
east,SKU0041,2024-01,53,139,0
east,SKU0041,2024-02,62,277,200
east,SKU0041,2024-03,48,229,0
east,SKU0041,2024-04,23,206,0
east,SKU0041,2024-05,41,165,0
east,SKU0041,2024-06,56,109,0
east,SKU0041,2024-07,32,377,300
east,SKU0041,2024-08,29,348,0
east,SKU0041,2024-09,66,282,0
east,SKU0041,2024-10,49,233,0
east,SKU0041,2024-11,34,199,0
east,SKU0041,2024-12,66,133,0
east,SKU0041,2024-13,67,266,200
east,SKU0041,2024-14,31,235,0
east,SKU0041,2024-15,41,194,0
east,SKU0041,2024-16,41,153,0
east,SKU0041,2024-17,29,124,0
east,SKU0041,2024-18,49,575,500
east,SKU0041,2024-19,41,534,0
east,SKU0041,2024-20,29,505,0
east,SKU0041,2024-21,27,478,0
east,SKU0041,2024-22,34,444,0
east,SKU0041,2024-23,39,405,0
east,SKU0041,2024-24,28,377,0
east,SKU0041,2024-25,36,341,0
east,SKU0041,2024-26,39,302,0
east,SKU0041,2024-27,34,268,0
east,SKU0041,2024-28,30,238,0
east,SKU0041,2024-29,27,211,0
east,SKU0041,2024-30,33,178,0
east,SKU0041,2024-31,31,147,0
east,SKU0041,2024-32,29,118,0
east,SKU0041,2024-33,35,583,500
east,SKU0041,2024-34,19,564,0
east,SKU0041,2024-35,33,531,0
east,SKU0041,2024-36,26,505,0
east,SKU0041,2024-37,23,482,0
east,SKU0041,2024-38,22,460,0
east,SKU0041,2024-39,20,440,0
east,SKU0041,2024-40,21,419,0
east,SKU0041,2024-41,21,398,0
east,SKU0041,2024-42,21,377,0
east,SKU0041,2024-43,22,355,0
east,SKU0041,2024-44,21,334,0
east,SKU0041,2024-45,12,322,0
east,SKU0041,2024-46,17,305,0
east,SKU0041,2024-47,11,294,0
east,SKU0041,2024-48,17,277,0
east,SKU0041,2024-49,15,262,0
east,SKU0041,2024-50,16,246,0
east,SKU0041,2024-51,20,226,0
east,SKU0042,2023-05,1,386,0
east,SKU0042,2023-06,4,382,0
east,SKU0042,2023-07,4,378,0
east,SKU0042,2023-08,3,375,0
east,SKU0042,2023-09,4,371,0
east,SKU0042,2023-10,3,368,0
east,SKU0042,2023-11,7,361,0
east,SKU0042,2023-12,11,350,0
east,SKU0042,2023-13,8,342,0
east,SKU0042,2023-14,7,335,0
east,SKU0042,2023-15,12,323,0
east,SKU0042,2023-16,7,316,0
east,SKU0042,2023-17,9,307,0
east,SKU0042,2023-18,11,296,0
east,SKU0042,2023-19,11,285,0
east,SKU0042,2023-20,10,275,0
east,SKU0042,2023-21,16,259,0
east,SKU0042,2023-22,12,247,0
east,SKU0042,2023-23,12,235,0
east,SKU0042,2023-24,15,220,0
east,SKU0042,2023-25,13,207,0
east,SKU0042,2023-26,15,192,0
east,SKU0042,2023-27,17,175,0
east,SKU0042,2023-28,19,156,0
east,SKU0042,2023-29,16,140,0
east,SKU0042,2023-30,18,122,0
east,SKU0042,2023-31,21,101,0
east,SKU0042,2023-32,26,275,200
east,SKU0042,2023-33,23,252,0
east,SKU0042,2023-34,21,231,0
east,SKU0042,2023-35,19,212,0
east,SKU0042,2023-36,28,184,0
east,SKU0042,2023-37,22,162,0
east,SKU0042,2023-38,23,139,0
east,SKU0042,2023-39,31,108,0
east,SKU0042,2023-40,14,594,500
east,SKU0042,2023-41,22,572,0
east,SKU0042,2023-42,20,552,0
east,SKU0042,2023-43,22,530,0
east,SKU0042,2023-44,25,505,0
east,SKU0042,2023-45,35,470,0
east,SKU0042,2023-46,38,432,0
east,SKU0042,2023-47,30,402,0
east,SKU0042,2023-48,30,372,0
east,SKU0042,2023-49,27,345,0
east,SKU0042,2023-50,39,306,0
east,SKU0042,2023-51,35,271,0
east,SKU0042,2023-52,34,237,0
east,SKU0042,2024-01,32,205,0
east,SKU0042,2024-02,52,153,0
east,SKU0042,2024-03,34,119,0
east,SKU0042,2024-04,43,276,200
east,SKU0042,2024-05,70,206,0
east,SKU0042,2024-06,35,171,0
east,SKU0042,2024-07,65,106,0
east,SKU0042,2024-08,45,261,200
east,SKU0042,2024-09,66,195,0
east,SKU0042,2024-10,44,151,0
east,SKU0042,2024-11,51,100,0
east,SKU0042,2024-12,51,549,500
east,SKU0042,2024-13,42,507,0
east,SKU0042,2024-14,49,458,0
east,SKU0042,2024-15,46,412,0
east,SKU0042,2024-16,42,370,0
east,SKU0042,2024-17,65,305,0
east,SKU0042,2024-18,42,263,0
east,SKU0042,2024-19,61,202,0
east,SKU0042,2024-20,59,143,0
east,SKU0042,2024-21,59,284,200
east,SKU0042,2024-22,47,237,0
east,SKU0042,2024-23,49,188,0
east,SKU0042,2024-24,61,127,0
east,SKU0042,2024-25,42,585,500
east,SKU0042,2024-26,39,546,0
east,SKU0042,2024-27,48,498,0
east,SKU0042,2024-28,47,451,0
east,SKU0042,2024-29,43,408,0
east,SKU0042,2024-30,39,369,0
east,SKU0042,2024-31,41,328,0
east,SKU0042,2024-32,46,282,0
east,SKU0042,2024-33,33,249,0
east,SKU0042,2024-34,39,210,0
east,SKU0042,2024-35,23,187,0
east,SKU0042,2024-36,32,155,0
east,SKU0042,2024-37,28,127,0
east,SKU0042,2024-38,26,101,0
east,SKU0042,2024-39,30,371,300
east,SKU0042,2024-40,23,348,0
east,SKU0042,2024-41,31,317,0
east,SKU0042,2024-42,28,289,0
east,SKU0042,2024-43,26,263,0
east,SKU0042,2024-44,36,227,0
east,SKU0042,2024-45,23,204,0
east,SKU0042,2024-46,26,178,0
east,SKU0042,2024-47,42,136,0
east,SKU0042,2024-48,27,109,0
east,SKU0042,2024-49,38,271,200
east,SKU0042,2024-50,34,237,0
east,SKU0042,2024-51,33,204,0
east,SKU0043,2023-16,2,420,0
east,SKU0043,2023-17,1,419,0
east,SKU0043,2023-18,3,416,0
east,SKU0043,2023-19,4,412,0
east,SKU0043,2023-20,4,408,0
east,SKU0043,2023-21,6,402,0
east,SKU0043,2023-22,6,396,0
east,SKU0043,2023-23,8,388,0
east,SKU0043,2023-24,7,381,0
east,SKU0043,2023-25,9,372,0
east,SKU0043,2023-26,7,365,0
east,SKU0043,2023-27,13,352,0
east,SKU0043,2023-28,12,340,0
east,SKU0043,2023-29,11,329,0
east,SKU0043,2023-30,5,324,0
east,SKU0043,2023-31,10,314,0
east,SKU0043,2023-32,14,300,0
east,SKU0043,2023-33,15,285,0
east,SKU0043,2023-34,11,274,0
east,SKU0043,2023-35,16,258,0
east,SKU0043,2023-36,17,241,0
east,SKU0043,2023-37,17,224,0
east,SKU0043,2023-38,17,207,0
east,SKU0043,2023-39,18,189,0
east,SKU0043,2023-40,19,170,0
east,SKU0043,2023-41,12,158,0
east,SKU0043,2023-42,16,142,0
east,SKU0043,2023-43,13,129,0
east,SKU0043,2023-44,20,109,0
east,SKU0043,2023-45,13,396,300
east,SKU0043,2023-46,22,374,0
east,SKU0043,2023-47,20,354,0
east,SKU0043,2023-48,25,329,0
east,SKU0043,2023-49,43,286,0
east,SKU0043,2023-50,12,274,0
east,SKU0043,2023-51,26,248,0
east,SKU0043,2023-52,26,222,0
east,SKU0043,2024-01,40,182,0
east,SKU0043,2024-02,23,159,0
east,SKU0043,2024-03,30,129,0
east,SKU0043,2024-04,34,395,300
east,SKU0043,2024-05,39,356,0
east,SKU0043,2024-06,32,324,0
east,SKU0043,2024-07,46,278,0
east,SKU0043,2024-08,57,221,0
east,SKU0043,2024-09,35,186,0
east,SKU0043,2024-10,31,155,0
east,SKU0043,2024-11,39,116,0
east,SKU0043,2024-12,43,573,500
east,SKU0043,2024-13,47,526,0
east,SKU0043,2024-14,26,500,0
east,SKU0043,2024-15,48,452,0
east,SKU0043,2024-16,28,424,0
east,SKU0043,2024-17,39,385,0
east,SKU0043,2024-18,54,331,0
east,SKU0043,2024-19,32,299,0
east,SKU0043,2024-20,32,267,0
east,SKU0043,2024-21,49,218,0
east,SKU0043,2024-22,47,171,0
east,SKU0043,2024-23,37,134,0
east,SKU0043,2024-24,30,104,0
east,SKU0043,2024-25,55,349,300
east,SKU0043,2024-26,35,314,0
east,SKU0043,2024-27,54,260,0
east,SKU0043,2024-28,51,209,0
east,SKU0043,2024-29,38,171,0
east,SKU0043,2024-30,36,135,0
east,SKU0043,2024-31,45,390,300
east,SKU0043,2024-32,15,375,0
east,SKU0043,2024-33,41,334,0
east,SKU0043,2024-34,60,274,0
east,SKU0043,2024-35,37,237,0
east,SKU0043,2024-36,23,214,0
east,SKU0043,2024-37,54,160,0
east,SKU0043,2024-38,40,120,0
east,SKU0043,2024-39,42,578,500
east,SKU0043,2024-40,26,552,0
east,SKU0043,2024-41,26,526,0
east,SKU0043,2024-42,37,489,0
east,SKU0043,2024-43,35,454,0
east,SKU0043,2024-44,37,417,0
east,SKU0043,2024-45,18,399,0
east,SKU0043,2024-46,59,340,0
east,SKU0043,2024-47,33,307,0
east,SKU0043,2024-48,41,266,0
east,SKU0043,2024-49,48,218,0
east,SKU0043,2024-50,32,186,0
east,SKU0043,2024-51,37,149,0
east,SKU0044,2023-06,2,539,0
east,SKU0044,2023-07,2,537,0
east,SKU0044,2023-08,8,529,0
east,SKU0044,2023-09,6,523,0
east,SKU0044,2023-10,5,518,0
east,SKU0044,2023-11,4,514,0
east,SKU0044,2023-12,5,509,0
east,SKU0044,2023-13,10,499,0
east,SKU0044,2023-14,9,490,0
east,SKU0044,2023-15,8,482,0
east,SKU0044,2023-16,13,469,0
east,SKU0044,2023-17,22,447,0
east,SKU0044,2023-18,16,431,0
east,SKU0044,2023-19,14,417,0
east,SKU0044,2023-20,15,402,0
east,SKU0044,2023-21,19,383,0
east,SKU0044,2023-22,17,366,0
east,SKU0044,2023-23,18,348,0
east,SKU0044,2023-24,17,331,0
east,SKU0044,2023-25,13,318,0
east,SKU0044,2023-26,22,296,0
east,SKU0044,2023-27,17,279,0
east,SKU0044,2023-28,14,265,0
east,SKU0044,2023-29,24,241,0
east,SKU0044,2023-30,25,216,0
east,SKU0044,2023-31,19,197,0
east,SKU0044,2023-32,29,168,0
east,SKU0044,2023-33,21,147,0
east,SKU0044,2023-34,24,123,0
east,SKU0044,2023-35,28,595,500
east,SKU0044,2023-36,18,577,0
east,SKU0044,2023-37,27,550,0
east,SKU0044,2023-38,22,528,0
east,SKU0044,2023-39,28,500,0
east,SKU0044,2023-40,21,479,0
east,SKU0044,2023-41,26,453,0
east,SKU0044,2023-42,32,421,0
east,SKU0044,2023-43,26,395,0
east,SKU0044,2023-44,24,371,0
east,SKU0044,2023-45,38,333,0
east,SKU0044,2023-46,22,311,0
east,SKU0044,2023-47,29,282,0
east,SKU0044,2023-48,29,253,0
east,SKU0044,2023-49,39,214,0
east,SKU0044,2023-50,39,175,0
east,SKU0044,2023-51,32,143,0
east,SKU0044,2023-52,46,397,300
east,SKU0044,2024-01,48,349,0
east,SKU0044,2024-02,50,299,0
east,SKU0044,2024-03,46,253,0
east,SKU0044,2024-04,51,202,0
east,SKU0044,2024-05,58,144,0
east,SKU0044,2024-06,46,598,500
east,SKU0044,2024-07,59,539,0
east,SKU0044,2024-08,55,484,0
east,SKU0044,2024-09,47,437,0
east,SKU0044,2024-10,78,359,0
east,SKU0044,2024-11,57,302,0
east,SKU0044,2024-12,85,217,0
east,SKU0044,2024-13,60,157,0
east,SKU0044,2024-14,49,108,0
east,SKU0044,2024-15,53,555,500
east,SKU0044,2024-16,50,505,0
east,SKU0044,2024-17,54,451,0
east,SKU0044,2024-18,57,394,0
east,SKU0044,2024-19,55,339,0
east,SKU0044,2024-20,49,290,0
east,SKU0044,2024-21,52,238,0
east,SKU0044,2024-22,41,197,0
east,SKU0044,2024-23,48,149,0
east,SKU0044,2024-24,42,107,0
east,SKU0044,2024-25,32,375,300
east,SKU0044,2024-26,40,335,0
east,SKU0044,2024-27,41,294,0
east,SKU0044,2024-28,39,255,0
east,SKU0044,2024-29,40,215,0
east,SKU0044,2024-30,40,175,0
east,SKU0044,2024-31,24,151,0
east,SKU0044,2024-32,28,123,0
east,SKU0044,2024-33,34,389,300
east,SKU0044,2024-34,39,350,0
east,SKU0044,2024-35,17,333,0
east,SKU0044,2024-36,22,311,0
east,SKU0044,2024-37,32,279,0
east,SKU0044,2024-38,30,249,0
east,SKU0044,2024-39,23,226,0
east,SKU0044,2024-40,23,203,0
east,SKU0044,2024-41,34,169,0
east,SKU0044,2024-42,23,146,0
east,SKU0044,2024-43,23,123,0
east,SKU0044,2024-44,19,104,0
east,SKU0044,2024-45,22,382,300
east,SKU0044,2024-46,26,356,0
east,SKU0044,2024-47,18,338,0
east,SKU0044,2024-48,23,315,0
east,SKU0044,2024-49,30,285,0
east,SKU0044,2024-50,33,252,0
east,SKU0044,2024-51,29,223,0
east,SKU0045,2023-32,3,469,0
east,SKU0045,2023-33,4,465,0
east,SKU0045,2023-34,10,455,0
east,SKU0045,2023-35,9,446,0
east,SKU0045,2023-36,15,431,0
east,SKU0045,2023-37,13,418,0
east,SKU0045,2023-38,20,398,0
east,SKU0045,2023-39,22,376,0
east,SKU0045,2023-40,19,357,0
east,SKU0045,2023-41,28,329,0
east,SKU0045,2023-42,18,311,0
east,SKU0045,2023-43,27,284,0
east,SKU0045,2023-44,34,250,0
east,SKU0045,2023-45,38,212,0
east,SKU0045,2023-46,34,178,0
east,SKU0045,2023-47,53,125,0
east,SKU0045,2023-48,44,281,200
east,SKU0045,2023-49,32,249,0
east,SKU0045,2023-50,59,190,0
east,SKU0045,2023-51,50,140,0
east,SKU0045,2023-52,48,292,200
east,SKU0045,2024-01,42,250,0
east,SKU0045,2024-02,53,197,0
east,SKU0045,2024-03,51,146,0
east,SKU0045,2024-04,49,597,500
east,SKU0045,2024-05,59,538,0
east,SKU0045,2024-06,48,490,0
east,SKU0045,2024-07,66,424,0
east,SKU0045,2024-08,49,375,0
east,SKU0045,2024-09,35,340,0
east,SKU0045,2024-10,57,283,0
east,SKU0045,2024-11,35,248,0
east,SKU0045,2024-12,52,196,0
east,SKU0045,2024-13,48,148,0
east,SKU0045,2024-14,54,394,300
east,SKU0045,2024-15,35,359,0
east,SKU0045,2024-16,50,309,0
east,SKU0045,2024-17,41,268,0
east,SKU0045,2024-18,42,226,0
east,SKU0045,2024-19,30,196,0
east,SKU0045,2024-20,58,138,0
east,SKU0045,2024-21,43,595,500
east,SKU0045,2024-22,37,558,0
east,SKU0045,2024-23,38,520,0
east,SKU0045,2024-24,39,481,0
east,SKU0045,2024-25,35,446,0
east,SKU0045,2024-26,35,411,0
east,SKU0045,2024-27,30,381,0
east,SKU0045,2024-28,26,355,0
east,SKU0045,2024-29,22,333,0
east,SKU0045,2024-30,34,299,0
east,SKU0045,2024-31,32,267,0
east,SKU0045,2024-32,34,233,0
east,SKU0045,2024-33,28,205,0
east,SKU0045,2024-34,26,179,0
east,SKU0045,2024-35,35,144,0
east,SKU0045,2024-36,32,112,0
east,SKU0045,2024-37,18,294,200
east,SKU0045,2024-38,22,272,0
east,SKU0045,2024-39,33,239,0
east,SKU0045,2024-40,26,213,0
east,SKU0045,2024-41,22,191,0
east,SKU0045,2024-42,23,168,0
east,SKU0045,2024-43,42,126,0
east,SKU0045,2024-44,40,386,300
east,SKU0045,2024-45,19,367,0
east,SKU0045,2024-46,34,333,0
east,SKU0045,2024-47,24,309,0
east,SKU0045,2024-48,23,286,0
east,SKU0045,2024-49,34,252,0
east,SKU0045,2024-50,34,218,0
east,SKU0045,2024-51,29,189,0
east,SKU0046,2023-28,2,444,0
east,SKU0046,2023-29,2,442,0
east,SKU0046,2023-30,6,436,0
east,SKU0046,2023-31,19,417,0
east,SKU0046,2023-32,12,405,0
east,SKU0046,2023-33,17,388,0
east,SKU0046,2023-34,18,370,0
east,SKU0046,2023-35,16,354,0
east,SKU0046,2023-36,17,337,0
east,SKU0046,2023-37,36,301,0
east,SKU0046,2023-38,35,266,0
east,SKU0046,2023-39,37,229,0
east,SKU0046,2023-40,40,189,0
east,SKU0046,2023-41,39,150,0
east,SKU0046,2023-42,60,390,300
east,SKU0046,2023-43,49,341,0
east,SKU0046,2023-44,33,308,0
east,SKU0046,2023-45,38,270,0
east,SKU0046,2023-46,51,219,0
east,SKU0046,2023-47,44,175,0
east,SKU0046,2023-48,35,140,0
east,SKU0046,2023-49,44,596,500
east,SKU0046,2023-50,36,560,0
east,SKU0046,2023-51,55,505,0
east,SKU0046,2023-52,29,476,0
east,SKU0046,2024-01,53,423,0
east,SKU0046,2024-02,60,363,0
east,SKU0046,2024-03,39,324,0
east,SKU0046,2024-04,31,293,0
east,SKU0046,2024-05,57,236,0
east,SKU0046,2024-06,49,187,0
east,SKU0046,2024-07,23,164,0
east,SKU0046,2024-08,32,132,0
east,SKU0046,2024-09,35,397,300
east,SKU0046,2024-10,55,342,0
east,SKU0046,2024-11,60,282,0
east,SKU0046,2024-12,27,255,0
east,SKU0046,2024-13,42,213,0
east,SKU0046,2024-14,28,185,0
east,SKU0046,2024-15,38,147,0
east,SKU0046,2024-16,54,293,200
east,SKU0046,2024-17,42,251,0
east,SKU0046,2024-18,35,216,0
east,SKU0046,2024-19,30,186,0
east,SKU0046,2024-20,50,136,0
east,SKU0046,2024-21,29,107,0
east,SKU0046,2024-22,22,285,200
east,SKU0046,2024-23,51,234,0
east,SKU0046,2024-24,50,184,0
east,SKU0046,2024-25,31,153,0
east,SKU0046,2024-26,28,125,0
east,SKU0046,2024-27,32,393,300
east,SKU0046,2024-28,44,349,0
east,SKU0046,2024-29,20,329,0
east,SKU0046,2024-30,30,299,0
east,SKU0046,2024-31,24,275,0
east,SKU0046,2024-32,37,238,0
east,SKU0046,2024-33,19,219,0
east,SKU0046,2024-34,22,197,0
east,SKU0046,2024-35,27,170,0
east,SKU0046,2024-36,28,142,0
east,SKU0046,2024-37,19,123,0
east,SKU0046,2024-38,19,104,0
east,SKU0046,2024-39,19,585,500
east,SKU0046,2024-40,15,570,0
east,SKU0046,2024-41,17,553,0
east,SKU0046,2024-42,22,531,0
east,SKU0046,2024-43,15,516,0
east,SKU0046,2024-44,21,495,0
east,SKU0046,2024-45,26,469,0
east,SKU0046,2024-46,14,455,0
east,SKU0046,2024-47,25,430,0
east,SKU0046,2024-48,11,419,0
east,SKU0046,2024-49,20,399,0
east,SKU0046,2024-50,18,381,0
east,SKU0046,2024-51,27,354,0
east,SKU0047,2023-18,1,511,0
east,SKU0047,2023-19,4,507,0
east,SKU0047,2023-20,3,504,0
east,SKU0047,2023-21,2,502,0
east,SKU0047,2023-22,6,496,0
east,SKU0047,2023-23,4,492,0
east,SKU0047,2023-24,9,483,0
east,SKU0047,2023-25,12,471,0
east,SKU0047,2023-26,8,463,0
east,SKU0047,2023-27,10,453,0
east,SKU0047,2023-28,13,440,0
east,SKU0047,2023-29,7,433,0
east,SKU0047,2023-30,14,419,0
east,SKU0047,2023-31,17,402,0
east,SKU0047,2023-32,8,394,0
east,SKU0047,2023-33,11,383,0
east,SKU0047,2023-34,20,363,0
east,SKU0047,2023-35,17,346,0
east,SKU0047,2023-36,17,329,0
east,SKU0047,2023-37,18,311,0
east,SKU0047,2023-38,16,295,0
east,SKU0047,2023-39,13,282,0
east,SKU0047,2023-40,11,271,0
east,SKU0047,2023-41,28,243,0
east,SKU0047,2023-42,15,228,0
east,SKU0047,2023-43,28,200,0
east,SKU0047,2023-44,20,180,0
east,SKU0047,2023-45,24,156,0
east,SKU0047,2023-46,25,131,0
east,SKU0047,2023-47,26,105,0
east,SKU0047,2023-48,15,290,200
east,SKU0047,2023-49,23,267,0
east,SKU0047,2023-50,33,234,0
east,SKU0047,2023-51,43,191,0
east,SKU0047,2023-52,34,157,0
east,SKU0047,2024-01,40,117,0
east,SKU0047,2024-02,47,270,200
east,SKU0047,2024-03,38,232,0
east,SKU0047,2024-04,51,181,0
east,SKU0047,2024-05,38,143,0
east,SKU0047,2024-06,58,385,300
east,SKU0047,2024-07,38,347,0
east,SKU0047,2024-08,52,295,0
east,SKU0047,2024-09,48,247,0
east,SKU0047,2024-10,50,197,0
east,SKU0047,2024-11,53,144,0
east,SKU0047,2024-12,63,381,300
east,SKU0047,2024-13,70,311,0
east,SKU0047,2024-14,52,259,0
east,SKU0047,2024-15,56,203,0
east,SKU0047,2024-16,64,139,0
east,SKU0047,2024-17,35,104,0
east,SKU0047,2024-18,67,537,500
east,SKU0047,2024-19,43,494,0
east,SKU0047,2024-20,48,446,0
east,SKU0047,2024-21,43,403,0
east,SKU0047,2024-22,39,364,0
east,SKU0047,2024-23,40,324,0
east,SKU0047,2024-24,44,280,0
east,SKU0047,2024-25,46,234,0
east,SKU0047,2024-26,37,197,0
east,SKU0047,2024-27,24,173,0
east,SKU0047,2024-28,41,132,0
east,SKU0047,2024-29,35,597,500
east,SKU0047,2024-30,36,561,0
east,SKU0047,2024-31,43,518,0
east,SKU0047,2024-32,42,476,0
east,SKU0047,2024-33,36,440,0
east,SKU0047,2024-34,27,413,0
east,SKU0047,2024-35,28,385,0
east,SKU0047,2024-36,28,357,0
east,SKU0047,2024-37,23,334,0
east,SKU0047,2024-38,35,299,0
east,SKU0047,2024-39,32,267,0
east,SKU0047,2024-40,27,240,0
east,SKU0047,2024-41,26,214,0
east,SKU0047,2024-42,36,178,0
east,SKU0047,2024-43,34,144,0
east,SKU0047,2024-44,34,110,0
east,SKU0047,2024-45,38,572,500
east,SKU0047,2024-46,24,548,0
east,SKU0047,2024-47,23,525,0
east,SKU0047,2024-48,29,496,0
east,SKU0047,2024-49,32,464,0
east,SKU0047,2024-50,19,445,0
east,SKU0047,2024-51,39,406,0
east,SKU0048,2023-31,3,288,0
east,SKU0048,2023-32,2,286,0
east,SKU0048,2023-33,13,273,0
east,SKU0048,2023-34,7,266,0
east,SKU0048,2023-35,20,246,0
east,SKU0048,2023-36,13,233,0
east,SKU0048,2023-37,17,216,0
east,SKU0048,2023-38,19,197,0
east,SKU0048,2023-39,22,175,0
east,SKU0048,2023-40,25,150,0
east,SKU0048,2023-41,35,115,0
east,SKU0048,2023-42,41,374,300
east,SKU0048,2023-43,23,351,0
east,SKU0048,2023-44,47,304,0
east,SKU0048,2023-45,39,265,0
east,SKU0048,2023-46,43,222,0
east,SKU0048,2023-47,45,177,0
east,SKU0048,2023-48,24,153,0
east,SKU0048,2023-49,42,111,0
east,SKU0048,2023-50,52,359,300
east,SKU0048,2023-51,35,324,0
east,SKU0048,2023-52,27,297,0
east,SKU0048,2024-01,43,254,0
east,SKU0048,2024-02,46,208,0
east,SKU0048,2024-03,50,158,0
east,SKU0048,2024-04,26,132,0
east,SKU0048,2024-05,54,578,500
east,SKU0048,2024-06,23,555,0
east,SKU0048,2024-07,87,468,0
east,SKU0048,2024-08,62,406,0
east,SKU0048,2024-09,39,367,0
east,SKU0048,2024-10,51,316,0
east,SKU0048,2024-11,54,262,0
east,SKU0048,2024-12,52,210,0
east,SKU0048,2024-13,32,178,0
east,SKU0048,2024-14,59,119,0
east,SKU0048,2024-15,76,543,500
east,SKU0048,2024-16,30,513,0
east,SKU0048,2024-17,68,445,0
east,SKU0048,2024-18,59,386,0
east,SKU0048,2024-19,41,345,0
east,SKU0048,2024-20,26,319,0
east,SKU0048,2024-21,60,259,0
east,SKU0048,2024-22,53,206,0
east,SKU0048,2024-23,17,189,0
east,SKU0048,2024-24,52,137,0
east,SKU0048,2024-25,34,103,0
east,SKU0048,2024-26,41,362,300
east,SKU0048,2024-27,34,328,0
east,SKU0048,2024-28,32,296,0
east,SKU0048,2024-29,55,241,0
east,SKU0048,2024-30,45,196,0
east,SKU0048,2024-31,44,152,0
east,SKU0048,2024-32,18,134,0
east,SKU0048,2024-33,33,101,0
east,SKU0048,2024-34,24,577,500
east,SKU0048,2024-35,30,547,0
east,SKU0048,2024-36,27,520,0
east,SKU0048,2024-37,29,491,0
east,SKU0048,2024-38,28,463,0
east,SKU0048,2024-39,30,433,0
east,SKU0048,2024-40,36,397,0
east,SKU0048,2024-41,34,363,0
east,SKU0048,2024-42,27,336,0
east,SKU0048,2024-43,34,302,0
east,SKU0048,2024-44,41,261,0
east,SKU0048,2024-45,28,233,0
east,SKU0048,2024-46,34,199,0
east,SKU0048,2024-47,26,173,0
east,SKU0048,2024-48,29,144,0
east,SKU0048,2024-49,29,115,0
east,SKU0048,2024-50,25,290,200
east,SKU0048,2024-51,48,242,0
east,SKU0049,2023-38,1,384,0
east,SKU0049,2023-39,4,380,0
east,SKU0049,2023-40,2,378,0
east,SKU0049,2023-41,2,376,0
east,SKU0049,2023-42,21,355,0
east,SKU0049,2023-43,6,349,0
east,SKU0049,2023-44,16,333,0
east,SKU0049,2023-45,18,315,0
east,SKU0049,2023-46,12,303,0
east,SKU0049,2023-47,32,271,0
east,SKU0049,2023-48,23,248,0
east,SKU0049,2023-49,27,221,0
east,SKU0049,2023-50,37,184,0
east,SKU0049,2023-51,44,140,0
east,SKU0049,2023-52,51,589,500
east,SKU0049,2024-01,61,528,0
east,SKU0049,2024-02,64,464,0
east,SKU0049,2024-03,45,419,0
east,SKU0049,2024-04,55,364,0
east,SKU0049,2024-05,43,321,0
east,SKU0049,2024-06,39,282,0
east,SKU0049,2024-07,54,228,0
east,SKU0049,2024-08,20,208,0
east,SKU0049,2024-09,54,154,0
east,SKU0049,2024-10,74,380,300
east,SKU0049,2024-11,58,322,0
east,SKU0049,2024-12,44,278,0
east,SKU0049,2024-13,50,228,0
east,SKU0049,2024-14,49,179,0
east,SKU0049,2024-15,39,140,0
east,SKU0049,2024-16,35,105,0
east,SKU0049,2024-17,56,249,200
east,SKU0049,2024-18,27,222,0
east,SKU0049,2024-19,45,177,0
east,SKU0049,2024-20,30,147,0
east,SKU0049,2024-21,54,393,300
east,SKU0049,2024-22,40,353,0
east,SKU0049,2024-23,40,313,0
east,SKU0049,2024-24,29,284,0
east,SKU0049,2024-25,47,237,0
east,SKU0049,2024-26,47,190,0
east,SKU0049,2024-27,47,143,0
east,SKU0049,2024-28,26,117,0
east,SKU0049,2024-29,39,378,300
east,SKU0049,2024-30,20,358,0
east,SKU0049,2024-31,27,331,0
east,SKU0049,2024-32,21,310,0
east,SKU0049,2024-33,32,278,0
east,SKU0049,2024-34,25,253,0
east,SKU0049,2024-35,21,232,0
east,SKU0049,2024-36,25,207,0
east,SKU0049,2024-37,22,185,0
east,SKU0049,2024-38,23,162,0
east,SKU0049,2024-39,21,141,0
east,SKU0049,2024-40,34,107,0
east,SKU0049,2024-41,14,393,300
east,SKU0049,2024-42,18,375,0
east,SKU0049,2024-43,11,364,0
east,SKU0049,2024-44,28,336,0
east,SKU0049,2024-45,22,314,0
east,SKU0049,2024-46,25,289,0
east,SKU0049,2024-47,19,270,0
east,SKU0049,2024-48,24,246,0
east,SKU0049,2024-49,20,226,0
east,SKU0049,2024-50,25,201,0
east,SKU0049,2024-51,22,179,0
east,SKU0050,2023-24,3,538,0
east,SKU0050,2023-25,3,535,0
east,SKU0050,2023-27,4,531,0
east,SKU0050,2023-28,8,523,0
east,SKU0050,2023-29,10,513,0
east,SKU0050,2023-30,9,504,0
east,SKU0050,2023-31,5,499,0
east,SKU0050,2023-32,7,492,0
east,SKU0050,2023-33,13,479,0
east,SKU0050,2023-34,19,460,0
east,SKU0050,2023-35,11,449,0
east,SKU0050,2023-36,7,442,0
east,SKU0050,2023-37,27,415,0
east,SKU0050,2023-38,13,402,0
east,SKU0050,2023-39,11,391,0
east,SKU0050,2023-40,19,372,0
east,SKU0050,2023-41,22,350,0
east,SKU0050,2023-42,18,332,0
east,SKU0050,2023-43,19,313,0
east,SKU0050,2023-44,17,296,0
east,SKU0050,2023-45,18,278,0
east,SKU0050,2023-46,29,249,0
east,SKU0050,2023-47,34,215,0
east,SKU0050,2023-48,29,186,0
east,SKU0050,2023-49,28,158,0
east,SKU0050,2023-50,27,131,0
east,SKU0050,2023-51,25,106,0
east,SKU0050,2023-52,62,244,200
east,SKU0050,2024-01,41,203,0
east,SKU0050,2024-02,42,161,0
east,SKU0050,2024-03,41,120,0
east,SKU0050,2024-04,44,376,300
east,SKU0050,2024-05,46,330,0
east,SKU0050,2024-06,39,291,0
east,SKU0050,2024-07,45,246,0
east,SKU0050,2024-08,37,209,0
east,SKU0050,2024-09,54,155,0
east,SKU0050,2024-10,68,387,300
east,SKU0050,2024-11,46,341,0
east,SKU0050,2024-12,56,285,0
east,SKU0050,2024-13,25,260,0
east,SKU0050,2024-14,50,210,0
east,SKU0050,2024-15,71,139,0
east,SKU0050,2024-16,59,580,500
east,SKU0050,2024-17,60,520,0
east,SKU0050,2024-18,69,451,0
east,SKU0050,2024-19,35,416,0
east,SKU0050,2024-20,39,377,0
east,SKU0050,2024-21,55,322,0
east,SKU0050,2024-22,53,269,0
east,SKU0050,2024-23,41,228,0
east,SKU0050,2024-24,70,158,0
east,SKU0050,2024-25,39,119,0
east,SKU0050,2024-26,20,399,300
east,SKU0050,2024-27,41,358,0
east,SKU0050,2024-28,52,306,0
east,SKU0050,2024-29,26,280,0
east,SKU0050,2024-30,39,241,0
east,SKU0050,2024-31,32,209,0
east,SKU0050,2024-32,47,162,0
east,SKU0050,2024-33,25,137,0
east,SKU0050,2024-34,26,111,0
east,SKU0050,2024-35,29,582,500
east,SKU0050,2024-36,27,555,0
east,SKU0050,2024-37,34,521,0
east,SKU0050,2024-38,22,499,0
east,SKU0050,2024-39,28,471,0
east,SKU0050,2024-40,23,448,0
east,SKU0050,2024-41,24,424,0
east,SKU0050,2024-42,30,394,0
east,SKU0050,2024-43,38,356,0
east,SKU0050,2024-44,23,333,0
east,SKU0050,2024-45,29,304,0
east,SKU0050,2024-46,27,277,0
east,SKU0050,2024-47,38,239,0
east,SKU0050,2024-48,25,214,0
east,SKU0050,2024-49,29,185,0
east,SKU0050,2024-50,35,150,0
east,SKU0050,2024-51,21,129,0
north,SKU0001,2023-39,4,296,0
north,SKU0001,2023-40,3,293,0
north,SKU0001,2023-41,3,290,0
north,SKU0001,2023-42,6,284,0
north,SKU0001,2023-43,7,277,0
north,SKU0001,2023-44,13,264,0
north,SKU0001,2023-45,8,256,0
north,SKU0001,2023-46,9,247,0
north,SKU0001,2023-47,11,236,0
north,SKU0001,2023-48,8,228,0
north,SKU0001,2023-49,13,215,0
north,SKU0001,2023-50,26,189,0
north,SKU0001,2023-51,13,176,0
north,SKU0001,2023-52,40,136,0
north,SKU0001,2024-01,26,110,0
north,SKU0001,2024-02,21,289,200
north,SKU0001,2024-03,22,267,0
north,SKU0001,2024-04,41,226,0
north,SKU0001,2024-05,28,198,0
north,SKU0001,2024-06,47,151,0
north,SKU0001,2024-07,38,113,0
north,SKU0001,2024-08,23,290,200
north,SKU0001,2024-09,28,262,0
north,SKU0001,2024-10,54,208,0
north,SKU0001,2024-11,58,150,0
north,SKU0001,2024-12,50,100,0
north,SKU0001,2024-13,56,244,200
north,SKU0001,2024-14,31,213,0
north,SKU0001,2024-15,43,170,0
north,SKU0001,2024-16,53,117,0
north,SKU0001,2024-17,81,536,500
north,SKU0001,2024-18,65,471,0
north,SKU0001,2024-19,62,409,0
north,SKU0001,2024-20,52,357,0
north,SKU0001,2024-21,44,313,0
north,SKU0001,2024-22,56,257,0
north,SKU0001,2024-23,39,218,0
north,SKU0001,2024-24,48,170,0
north,SKU0001,2024-25,36,134,0
north,SKU0001,2024-26,33,101,0
north,SKU0001,2024-27,30,371,300
north,SKU0001,2024-28,42,329,0
north,SKU0001,2024-29,24,305,0
north,SKU0001,2024-30,31,274,0
north,SKU0001,2024-31,44,230,0
north,SKU0001,2024-32,36,194,0
north,SKU0001,2024-33,44,150,0
north,SKU0001,2024-34,59,291,200
north,SKU0001,2024-35,47,244,0
north,SKU0001,2024-36,14,230,0
north,SKU0001,2024-37,20,210,0
north,SKU0001,2024-38,43,167,0
north,SKU0001,2024-39,36,131,0
north,SKU0001,2024-40,45,386,300
north,SKU0001,2024-41,24,362,0
north,SKU0001,2024-42,31,331,0
north,SKU0001,2024-43,39,292,0
north,SKU0001,2024-44,16,276,0
north,SKU0001,2024-45,31,245,0
north,SKU0001,2024-46,44,201,0
north,SKU0001,2024-47,24,177,0
north,SKU0001,2024-48,28,149,0
north,SKU0001,2024-49,37,112,0
north,SKU0001,2024-50,39,573,500
north,SKU0001,2024-51,13,560,0
north,SKU0002,2023-21,3,551,0
north,SKU0002,2023-22,3,548,0
north,SKU0002,2023-23,3,545,0
north,SKU0002,2023-24,6,539,0
north,SKU0002,2023-25,5,534,0
north,SKU0002,2023-26,4,530,0
north,SKU0002,2023-27,5,525,0
north,SKU0002,2023-28,2,523,0
north,SKU0002,2023-29,4,519,0
north,SKU0002,2023-30,7,512,0
north,SKU0002,2023-31,13,499,0
north,SKU0002,2023-32,10,489,0
north,SKU0002,2023-33,8,481,0
north,SKU0002,2023-34,16,465,0
north,SKU0002,2023-35,13,452,0
north,SKU0002,2023-36,11,441,0
north,SKU0002,2023-37,13,428,0
north,SKU0002,2023-38,9,419,0
north,SKU0002,2023-39,18,401,0
north,SKU0002,2023-40,15,386,0
north,SKU0002,2023-41,22,364,0
north,SKU0002,2023-42,7,357,0
north,SKU0002,2023-43,14,343,0
north,SKU0002,2023-44,11,332,0
north,SKU0002,2023-45,14,318,0
north,SKU0002,2023-46,23,295,0
north,SKU0002,2023-47,23,272,0
north,SKU0002,2023-48,27,245,0
north,SKU0002,2023-49,13,232,0
north,SKU0002,2023-50,24,208,0
north,SKU0002,2023-51,22,186,0
north,SKU0002,2023-52,34,152,0
north,SKU0002,2024-01,29,123,0
north,SKU0002,2024-02,27,596,500
north,SKU0002,2024-03,33,563,0
north,SKU0002,2024-04,32,531,0
north,SKU0002,2024-05,41,490,0
north,SKU0002,2024-06,37,453,0
north,SKU0002,2024-07,46,407,0
north,SKU0002,2024-08,46,361,0
north,SKU0002,2024-09,34,327,0
north,SKU0002,2024-10,45,282,0
north,SKU0002,2024-11,45,237,0
north,SKU0002,2024-12,55,182,0
north,SKU0002,2024-13,57,125,0
north,SKU0002,2024-14,31,294,200
north,SKU0002,2024-15,56,238,0
north,SKU0002,2024-16,45,193,0
north,SKU0002,2024-17,51,142,0
north,SKU0002,2024-18,52,390,300
north,SKU0002,2024-19,57,333,0
north,SKU0002,2024-20,55,278,0
north,SKU0002,2024-21,61,217,0
north,SKU0002,2024-22,68,149,0
north,SKU0002,2024-23,66,383,300
north,SKU0002,2024-24,62,321,0
north,SKU0002,2024-25,34,287,0
north,SKU0002,2024-26,55,232,0
north,SKU0002,2024-27,41,191,0
north,SKU0002,2024-28,39,152,0
north,SKU0002,2024-29,49,103,0
north,SKU0002,2024-30,36,367,300
north,SKU0002,2024-31,44,323,0
north,SKU0002,2024-32,44,279,0
north,SKU0002,2024-33,37,242,0
north,SKU0002,2024-34,34,208,0
north,SKU0002,2024-35,34,174,0
north,SKU0002,2024-36,28,146,0
north,SKU0002,2024-37,30,116,0
north,SKU0002,2024-38,31,585,500
north,SKU0002,2024-39,37,548,0
north,SKU0002,2024-40,31,517,0
north,SKU0002,2024-41,28,489,0
north,SKU0002,2024-42,34,455,0
north,SKU0002,2024-43,36,419,0
north,SKU0002,2024-44,33,386,0
north,SKU0002,2024-45,37,349,0
north,SKU0002,2024-46,37,312,0
north,SKU0002,2024-47,42,270,0
north,SKU0002,2024-48,34,236,0
north,SKU0002,2024-49,32,204,0
north,SKU0002,2024-50,22,182,0
north,SKU0002,2024-51,38,144,0
north,SKU0003,2023-10,1,343,0
north,SKU0003,2023-11,1,342,0
north,SKU0003,2023-12,2,340,0
north,SKU0003,2023-13,4,336,0
north,SKU0003,2023-14,5,331,0
north,SKU0003,2023-15,10,321,0
north,SKU0003,2023-16,9,312,0
north,SKU0003,2023-17,9,303,0
north,SKU0003,2023-18,8,295,0
north,SKU0003,2023-19,15,280,0
north,SKU0003,2023-20,11,269,0
north,SKU0003,2023-21,15,254,0
north,SKU0003,2023-22,10,244,0
north,SKU0003,2023-23,14,230,0
north,SKU0003,2023-24,18,212,0
north,SKU0003,2023-25,18,194,0
north,SKU0003,2023-26,10,184,0
north,SKU0003,2023-27,21,163,0
north,SKU0003,2023-28,16,147,0
north,SKU0003,2023-29,17,130,0
north,SKU0003,2023-30,19,111,0
north,SKU0003,2023-31,24,587,500
north,SKU0003,2023-32,16,571,0
north,SKU0003,2023-33,9,562,0
north,SKU0003,2023-34,23,539,0
north,SKU0003,2023-35,21,518,0
north,SKU0003,2023-36,30,488,0
north,SKU0003,2023-37,16,472,0
north,SKU0003,2023-38,23,449,0
north,SKU0003,2023-39,15,434,0
north,SKU0003,2023-40,25,409,0
north,SKU0003,2023-41,17,392,0
north,SKU0003,2023-42,27,365,0
north,SKU0003,2023-43,21,344,0
north,SKU0003,2023-44,28,316,0
north,SKU0003,2023-45,25,291,0
north,SKU0003,2023-46,27,264,0
north,SKU0003,2023-47,26,238,0
north,SKU0003,2023-48,39,199,0
north,SKU0003,2023-49,44,155,0
north,SKU0003,2023-50,23,132,0
north,SKU0003,2023-51,34,598,500
north,SKU0003,2023-52,36,562,0
north,SKU0003,2024-01,41,521,0
north,SKU0003,2024-02,53,468,0
north,SKU0003,2024-03,48,420,0
north,SKU0003,2024-04,49,371,0
north,SKU0003,2024-05,32,339,0
north,SKU0003,2024-06,57,282,0
north,SKU0003,2024-07,43,239,0
north,SKU0003,2024-08,40,199,0
north,SKU0003,2024-09,56,143,0
north,SKU0003,2024-10,77,366,300
north,SKU0003,2024-11,63,303,0
north,SKU0003,2024-12,56,247,0
north,SKU0003,2024-13,62,185,0
north,SKU0003,2024-14,94,591,500
north,SKU0003,2024-15,46,545,0
north,SKU0003,2024-16,50,495,0
north,SKU0003,2024-17,38,457,0
north,SKU0003,2024-18,54,403,0
north,SKU0003,2024-19,44,359,0
north,SKU0003,2024-20,40,319,0
north,SKU0003,2024-21,54,265,0
north,SKU0003,2024-22,49,216,0
north,SKU0003,2024-23,38,178,0
north,SKU0003,2024-24,41,137,0
north,SKU0003,2024-25,42,395,300
north,SKU0003,2024-26,44,351,0
north,SKU0003,2024-27,35,316,0
north,SKU0003,2024-28,47,269,0
north,SKU0003,2024-29,52,217,0
north,SKU0003,2024-30,43,174,0
north,SKU0003,2024-31,32,142,0
north,SKU0003,2024-32,56,286,200
north,SKU0003,2024-33,36,250,0
north,SKU0003,2024-34,22,228,0
north,SKU0003,2024-35,41,187,0
north,SKU0003,2024-36,29,158,0
north,SKU0003,2024-37,31,127,0
north,SKU0003,2024-38,27,100,0
north,SKU0003,2024-39,27,373,300
north,SKU0003,2024-40,25,348,0
north,SKU0003,2024-41,27,321,0
north,SKU0003,2024-42,35,286,0
north,SKU0003,2024-43,25,261,0
north,SKU0003,2024-44,26,235,0
north,SKU0003,2024-45,33,202,0
north,SKU0003,2024-46,29,173,0
north,SKU0003,2024-47,24,149,0
north,SKU0003,2024-48,28,121,0
north,SKU0003,2024-49,29,292,200
north,SKU0003,2024-50,32,260,0
north,SKU0003,2024-51,39,221,0
north,SKU0004,2023-03,1,516,0
north,SKU0004,2023-04,5,511,0
north,SKU0004,2023-05,1,510,0
north,SKU0004,2023-06,2,508,0
north,SKU0004,2023-07,8,500,0
north,SKU0004,2023-08,9,491,0
north,SKU0004,2023-09,5,486,0
north,SKU0004,2023-10,5,481,0
north,SKU0004,2023-11,10,471,0
north,SKU0004,2023-12,12,459,0
north,SKU0004,2023-13,13,446,0
north,SKU0004,2023-14,15,431,0
north,SKU0004,2023-15,18,413,0
north,SKU0004,2023-16,16,397,0
north,SKU0004,2023-17,9,388,0
north,SKU0004,2023-18,9,379,0
north,SKU0004,2023-19,11,368,0
north,SKU0004,2023-20,21,347,0
north,SKU0004,2023-21,15,332,0
north,SKU0004,2023-22,19,313,0
north,SKU0004,2023-23,23,290,0
north,SKU0004,2023-24,16,274,0
north,SKU0004,2023-25,27,247,0
north,SKU0004,2023-26,19,228,0
north,SKU0004,2023-27,33,195,0
north,SKU0004,2023-28,12,183,0
north,SKU0004,2023-29,21,162,0
north,SKU0004,2023-30,17,145,0
north,SKU0004,2023-31,24,121,0
north,SKU0004,2023-32,24,597,500
north,SKU0004,2023-33,21,576,0
north,SKU0004,2023-34,31,545,0
north,SKU0004,2023-35,25,520,0
north,SKU0004,2023-36,31,489,0
north,SKU0004,2023-37,34,455,0
north,SKU0004,2023-38,20,435,0
north,SKU0004,2023-39,27,408,0
north,SKU0004,2023-40,18,390,0
north,SKU0004,2023-41,30,360,0
north,SKU0004,2023-42,27,333,0
north,SKU0004,2023-43,29,304,0
north,SKU0004,2023-44,38,266,0
north,SKU0004,2023-45,34,232,0
north,SKU0004,2023-46,44,188,0
north,SKU0004,2023-47,27,161,0
north,SKU0004,2023-48,23,138,0
north,SKU0004,2023-49,36,102,0
north,SKU0004,2023-50,28,574,500
north,SKU0004,2023-51,55,519,0
north,SKU0004,2023-52,42,477,0
north,SKU0004,2024-01,68,409,0
north,SKU0004,2024-02,45,364,0
north,SKU0004,2024-03,67,297,0
north,SKU0004,2024-04,48,249,0
north,SKU0004,2024-05,51,198,0
north,SKU0004,2024-06,56,142,0
north,SKU0004,2024-07,50,292,200
north,SKU0004,2024-08,40,252,0
north,SKU0004,2024-09,67,185,0
north,SKU0004,2024-10,80,105,0
north,SKU0004,2024-11,56,249,200
north,SKU0004,2024-12,59,190,0
north,SKU0004,2024-13,49,141,0
north,SKU0004,2024-14,32,109,0
north,SKU0004,2024-15,44,265,200
north,SKU0004,2024-16,67,198,0
north,SKU0004,2024-17,39,159,0
north,SKU0004,2024-18,67,392,300
north,SKU0004,2024-19,62,330,0
north,SKU0004,2024-20,32,298,0
north,SKU0004,2024-21,45,253,0
north,SKU0004,2024-22,44,209,0
north,SKU0004,2024-23,38,171,0
north,SKU0004,2024-24,61,110,0
north,SKU0004,2024-25,65,345,300
north,SKU0004,2024-26,30,315,0
north,SKU0004,2024-27,44,271,0
north,SKU0004,2024-28,51,220,0
north,SKU0004,2024-29,34,186,0
north,SKU0004,2024-30,54,132,0
north,SKU0004,2024-31,30,102,0
north,SKU0004,2024-32,59,243,200
north,SKU0004,2024-33,34,209,0
north,SKU0004,2024-34,29,180,0
north,SKU0004,2024-35,26,154,0
north,SKU0004,2024-36,38,116,0
north,SKU0004,2024-37,46,570,500
north,SKU0004,2024-38,38,532,0
north,SKU0004,2024-39,51,481,0
north,SKU0004,2024-40,45,436,0
north,SKU0004,2024-41,21,415,0
north,SKU0004,2024-42,28,387,0
north,SKU0004,2024-43,22,365,0
north,SKU0004,2024-44,35,330,0
north,SKU0004,2024-45,29,301,0
north,SKU0004,2024-46,29,272,0
north,SKU0004,2024-47,30,242,0
north,SKU0004,2024-48,11,231,0
north,SKU0004,2024-49,30,201,0
north,SKU0004,2024-50,46,155,0
north,SKU0004,2024-51,43,112,0
north,SKU0005,2023-29,1,488,0
north,SKU0005,2023-30,1,487,0
north,SKU0005,2023-31,2,485,0
north,SKU0005,2023-32,3,482,0
north,SKU0005,2023-33,7,475,0
north,SKU0005,2023-34,7,468,0
north,SKU0005,2023-35,10,458,0
north,SKU0005,2023-36,8,450,0
north,SKU0005,2023-37,9,441,0
north,SKU0005,2023-38,10,431,0
north,SKU0005,2023-39,11,420,0
north,SKU0005,2023-40,8,412,0
north,SKU0005,2023-41,14,398,0
north,SKU0005,2023-42,14,384,0
north,SKU0005,2023-43,14,370,0
north,SKU0005,2023-44,10,360,0
north,SKU0005,2023-45,21,339,0
north,SKU0005,2023-46,14,325,0
north,SKU0005,2023-47,29,296,0
north,SKU0005,2023-48,19,277,0
north,SKU0005,2023-49,16,261,0
north,SKU0005,2023-50,20,241,0
north,SKU0005,2023-51,29,212,0
north,SKU0005,2023-52,25,187,0
north,SKU0005,2024-01,29,158,0
north,SKU0005,2024-02,26,132,0
north,SKU0005,2024-03,24,108,0
north,SKU0005,2024-04,23,385,300
north,SKU0005,2024-05,25,360,0
north,SKU0005,2024-06,28,332,0
north,SKU0005,2024-07,27,305,0
north,SKU0005,2024-08,49,256,0
north,SKU0005,2024-09,42,214,0
north,SKU0005,2024-10,41,173,0
north,SKU0005,2024-11,39,134,0
north,SKU0005,2024-12,42,392,300
north,SKU0005,2024-13,41,351,0
north,SKU0005,2024-14,65,286,0
north,SKU0005,2024-15,41,245,0
north,SKU0005,2024-16,34,211,0
north,SKU0005,2024-17,38,173,0
north,SKU0005,2024-18,49,124,0
north,SKU0005,2024-19,58,266,200
north,SKU0005,2024-20,49,217,0
north,SKU0005,2024-21,22,195,0
north,SKU0005,2024-22,49,146,0
north,SKU0005,2024-23,31,115,0
north,SKU0005,2024-24,18,297,200
north,SKU0005,2024-25,51,246,0
north,SKU0005,2024-26,24,222,0
north,SKU0005,2024-27,45,177,0
north,SKU0005,2024-28,36,141,0
north,SKU0005,2024-29,51,290,200
north,SKU0005,2024-30,57,233,0
north,SKU0005,2024-31,25,208,0
north,SKU0005,2024-32,47,161,0
north,SKU0005,2024-33,39,122,0
north,SKU0005,2024-34,45,277,200
north,SKU0005,2024-35,46,231,0
north,SKU0005,2024-36,40,191,0
north,SKU0005,2024-37,46,145,0
north,SKU0005,2024-38,15,130,0
north,SKU0005,2024-39,52,278,200
north,SKU0005,2024-40,32,246,0
north,SKU0005,2024-41,41,205,0
north,SKU0005,2024-42,22,183,0
north,SKU0005,2024-43,40,143,0
north,SKU0005,2024-44,25,118,0
north,SKU0005,2024-45,44,574,500
north,SKU0005,2024-46,42,532,0
north,SKU0005,2024-47,47,485,0
north,SKU0005,2024-48,67,418,0
north,SKU0005,2024-49,28,390,0
north,SKU0005,2024-50,63,327,0
north,SKU0005,2024-51,61,266,0
north,SKU0006,2023-32,5,386,0
north,SKU0006,2023-33,4,382,0
north,SKU0006,2023-34,8,374,0
north,SKU0006,2023-35,8,366,0
north,SKU0006,2023-36,6,360,0
north,SKU0006,2023-37,14,346,0
north,SKU0006,2023-38,15,331,0
north,SKU0006,2023-39,19,312,0
north,SKU0006,2023-40,14,298,0
north,SKU0006,2023-41,20,278,0
north,SKU0006,2023-42,27,251,0
north,SKU0006,2023-43,21,230,0
north,SKU0006,2023-44,31,199,0
north,SKU0006,2023-45,33,166,0
north,SKU0006,2023-46,39,127,0
north,SKU0006,2023-47,32,595,500
north,SKU0006,2023-48,42,553,0
north,SKU0006,2023-49,48,505,0
north,SKU0006,2023-50,44,461,0
north,SKU0006,2023-51,40,421,0
north,SKU0006,2023-52,50,371,0
north,SKU0006,2024-01,60,311,0
north,SKU0006,2024-02,46,265,0
north,SKU0006,2024-03,67,198,0
north,SKU0006,2024-04,53,145,0
north,SKU0006,2024-05,51,294,200
north,SKU0006,2024-06,54,240,0
north,SKU0006,2024-07,47,193,0
north,SKU0006,2024-08,46,147,0
north,SKU0006,2024-09,62,385,300
north,SKU0006,2024-10,58,327,0
north,SKU0006,2024-11,40,287,0
north,SKU0006,2024-12,49,238,0
north,SKU0006,2024-13,53,185,0
north,SKU0006,2024-14,44,141,0
north,SKU0006,2024-15,46,295,200
north,SKU0006,2024-16,42,253,0
north,SKU0006,2024-17,43,210,0
north,SKU0006,2024-18,46,164,0
north,SKU0006,2024-19,38,126,0
north,SKU0006,2024-20,40,586,500
north,SKU0006,2024-21,54,532,0
north,SKU0006,2024-22,53,479,0
north,SKU0006,2024-23,34,445,0
north,SKU0006,2024-24,47,398,0
north,SKU0006,2024-25,44,354,0
north,SKU0006,2024-26,32,322,0
north,SKU0006,2024-27,29,293,0
north,SKU0006,2024-28,36,257,0
north,SKU0006,2024-29,36,221,0
north,SKU0006,2024-30,37,184,0
north,SKU0006,2024-31,21,163,0
north,SKU0006,2024-32,23,140,0
north,SKU0006,2024-33,27,113,0
north,SKU0006,2024-34,20,593,500
north,SKU0006,2024-35,28,565,0
north,SKU0006,2024-36,24,541,0
north,SKU0006,2024-37,34,507,0
north,SKU0006,2024-38,27,480,0
north,SKU0006,2024-39,22,458,0
north,SKU0006,2024-40,21,437,0
north,SKU0006,2024-41,17,420,0
north,SKU0006,2024-42,23,397,0
north,SKU0006,2024-43,28,369,0
north,SKU0006,2024-44,17,352,0
north,SKU0006,2024-45,21,331,0
north,SKU0006,2024-46,19,312,0
north,SKU0006,2024-47,31,281,0
north,SKU0006,2024-48,18,263,0
north,SKU0006,2024-49,24,239,0
north,SKU0006,2024-50,21,218,0
north,SKU0006,2024-51,26,192,0
north,SKU0007,2023-24,2,273,0
north,SKU0007,2023-25,3,270,0
north,SKU0007,2023-26,3,267,0
north,SKU0007,2023-27,8,259,0
north,SKU0007,2023-28,9,250,0
north,SKU0007,2023-29,3,247,0
north,SKU0007,2023-30,7,240,0
north,SKU0007,2023-31,10,230,0
north,SKU0007,2023-32,10,220,0
north,SKU0007,2023-33,7,213,0
north,SKU0007,2023-34,10,203,0
north,SKU0007,2023-35,9,194,0
north,SKU0007,2023-36,7,187,0
north,SKU0007,2023-37,14,173,0
north,SKU0007,2023-38,13,160,0
north,SKU0007,2023-39,14,146,0
north,SKU0007,2023-40,15,131,0
north,SKU0007,2023-41,14,117,0
north,SKU0007,2023-42,13,104,0
north,SKU0007,2023-43,25,379,300
north,SKU0007,2023-44,20,359,0
north,SKU0007,2023-45,32,327,0
north,SKU0007,2023-46,20,307,0
north,SKU0007,2023-47,18,289,0
north,SKU0007,2023-48,19,270,0
north,SKU0007,2023-49,26,244,0
north,SKU0007,2023-50,22,222,0
north,SKU0007,2023-51,37,185,0
north,SKU0007,2023-52,26,159,0
north,SKU0007,2024-01,31,128,0
north,SKU0007,2024-02,32,596,500
north,SKU0007,2024-03,34,562,0
north,SKU0007,2024-04,33,529,0
north,SKU0007,2024-05,33,496,0
north,SKU0007,2024-06,48,448,0
north,SKU0007,2024-07,64,384,0
north,SKU0007,2024-08,58,326,0
north,SKU0007,2024-09,50,276,0
north,SKU0007,2024-10,47,229,0
north,SKU0007,2024-11,55,174,0
north,SKU0007,2024-12,44,130,0
north,SKU0007,2024-13,47,283,200
north,SKU0007,2024-14,61,222,0
north,SKU0007,2024-15,52,170,0
north,SKU0007,2024-16,57,113,0
north,SKU0007,2024-17,72,341,300
north,SKU0007,2024-18,69,272,0
north,SKU0007,2024-19,39,233,0
north,SKU0007,2024-20,55,178,0
north,SKU0007,2024-21,52,126,0
north,SKU0007,2024-22,47,279,200
north,SKU0007,2024-23,58,221,0
north,SKU0007,2024-24,52,169,0
north,SKU0007,2024-25,36,133,0
north,SKU0007,2024-26,37,296,200
north,SKU0007,2024-27,44,252,0
north,SKU0007,2024-28,41,211,0
north,SKU0007,2024-29,39,172,0
north,SKU0007,2024-30,31,141,0
north,SKU0007,2024-31,34,107,0
north,SKU0007,2024-32,37,370,300
north,SKU0007,2024-33,29,341,0
north,SKU0007,2024-34,33,308,0
north,SKU0007,2024-35,34,274,0
north,SKU0007,2024-36,27,247,0
north,SKU0007,2024-37,22,225,0
north,SKU0007,2024-38,28,197,0
north,SKU0007,2024-39,24,173,0
north,SKU0007,2024-40,27,146,0
north,SKU0007,2024-41,25,121,0
north,SKU0007,2024-42,27,294,200
north,SKU0007,2024-43,26,268,0
north,SKU0007,2024-44,24,244,0
north,SKU0007,2024-45,18,226,0
north,SKU0007,2024-46,23,203,0
north,SKU0007,2024-47,21,182,0
north,SKU0007,2024-48,25,157,0
north,SKU0007,2024-49,28,129,0
north,SKU0007,2024-50,25,104,0
north,SKU0007,2024-51,29,575,500
north,SKU0008,2023-27,3,290,0
north,SKU0008,2023-28,3,287,0
north,SKU0008,2023-29,4,283,0
north,SKU0008,2023-30,8,275,0
north,SKU0008,2023-31,6,269,0
north,SKU0008,2023-32,11,258,0
north,SKU0008,2023-33,10,248,0
north,SKU0008,2023-34,13,235,0
north,SKU0008,2023-35,9,226,0
north,SKU0008,2023-36,11,215,0
north,SKU0008,2023-37,16,199,0
north,SKU0008,2023-38,11,188,0
north,SKU0008,2023-39,18,170,0
north,SKU0008,2023-40,13,157,0
north,SKU0008,2023-41,17,140,0
north,SKU0008,2023-42,22,118,0
north,SKU0008,2023-43,19,399,300
north,SKU0008,2023-44,31,368,0
north,SKU0008,2023-45,27,341,0
north,SKU0008,2023-46,37,304,0
north,SKU0008,2023-47,55,249,0
north,SKU0008,2023-48,41,208,0
north,SKU0008,2023-49,33,175,0
north,SKU0008,2023-50,39,136,0
north,SKU0008,2023-51,39,397,300
north,SKU0008,2023-52,47,350,0
north,SKU0008,2024-01,43,307,0
north,SKU0008,2024-02,51,256,0
north,SKU0008,2024-03,56,200,0
north,SKU0008,2024-04,47,153,0
north,SKU0008,2024-05,54,299,200
north,SKU0008,2024-06,67,232,0
north,SKU0008,2024-07,62,170,0
north,SKU0008,2024-08,59,111,0
north,SKU0008,2024-09,50,361,300
north,SKU0008,2024-10,45,316,0
north,SKU0008,2024-11,50,266,0
north,SKU0008,2024-12,55,211,0
north,SKU0008,2024-13,50,161,0
north,SKU0008,2024-14,56,105,0
north,SKU0008,2024-15,50,355,300
north,SKU0008,2024-16,59,296,0
north,SKU0008,2024-17,53,243,0
north,SKU0008,2024-18,53,190,0
north,SKU0008,2024-19,42,148,0
north,SKU0008,2024-20,50,298,200
north,SKU0008,2024-21,37,261,0
north,SKU0008,2024-22,37,224,0
north,SKU0008,2024-23,50,174,0
north,SKU0008,2024-24,50,124,0
north,SKU0008,2024-25,43,581,500
north,SKU0008,2024-26,35,546,0
north,SKU0008,2024-27,41,505,0
north,SKU0008,2024-28,48,457,0
north,SKU0008,2024-29,37,420,0
north,SKU0008,2024-30,28,392,0
north,SKU0008,2024-31,35,357,0
north,SKU0008,2024-32,27,330,0
north,SKU0008,2024-33,28,302,0
north,SKU0008,2024-34,29,273,0
north,SKU0008,2024-35,33,240,0
north,SKU0008,2024-36,30,210,0
north,SKU0008,2024-37,26,184,0
north,SKU0008,2024-38,27,157,0
north,SKU0008,2024-39,28,129,0
north,SKU0008,2024-40,22,107,0
north,SKU0008,2024-41,29,278,200
north,SKU0008,2024-42,44,234,0
north,SKU0008,2024-43,26,208,0
north,SKU0008,2024-44,25,183,0
north,SKU0008,2024-45,25,158,0
north,SKU0008,2024-46,32,126,0
north,SKU0008,2024-47,24,102,0
north,SKU0008,2024-48,31,371,300
north,SKU0008,2024-49,28,343,0
north,SKU0008,2024-50,27,316,0
north,SKU0008,2024-51,46,270,0
north,SKU0009,2023-04,2,419,0
north,SKU0009,2023-05,3,416,0
north,SKU0009,2023-06,6,410,0
north,SKU0009,2023-07,5,405,0
north,SKU0009,2023-08,4,401,0
north,SKU0009,2023-09,11,390,0
north,SKU0009,2023-10,7,383,0
north,SKU0009,2023-11,9,374,0
north,SKU0009,2023-12,9,365,0
north,SKU0009,2023-13,13,352,0
north,SKU0009,2023-14,8,344,0
north,SKU0009,2023-15,14,330,0
north,SKU0009,2023-16,7,323,0
north,SKU0009,2023-17,11,312,0
north,SKU0009,2023-18,22,290,0
north,SKU0009,2023-19,15,275,0
north,SKU0009,2023-20,17,258,0
north,SKU0009,2023-21,24,234,0
north,SKU0009,2023-22,11,223,0
north,SKU0009,2023-23,20,203,0
north,SKU0009,2023-24,19,184,0
north,SKU0009,2023-25,9,175,0
north,SKU0009,2023-26,16,159,0
north,SKU0009,2023-27,15,144,0
north,SKU0009,2023-28,18,126,0
north,SKU0009,2023-29,18,108,0
north,SKU0009,2023-30,19,289,200
north,SKU0009,2023-31,19,270,0
north,SKU0009,2023-32,21,249,0
north,SKU0009,2023-33,22,227,0
north,SKU0009,2023-34,12,215,0
north,SKU0009,2023-35,27,188,0
north,SKU0009,2023-36,17,171,0
north,SKU0009,2023-37,21,150,0
north,SKU0009,2023-38,21,129,0
north,SKU0009,2023-39,16,113,0
north,SKU0009,2023-40,27,586,500
north,SKU0009,2023-41,20,566,0
north,SKU0009,2023-42,25,541,0
north,SKU0009,2023-43,12,529,0
north,SKU0009,2023-44,25,504,0
north,SKU0009,2023-45,29,475,0
north,SKU0009,2023-46,17,458,0
north,SKU0009,2023-47,30,428,0
north,SKU0009,2023-48,33,395,0
north,SKU0009,2023-49,21,374,0
north,SKU0009,2023-50,39,335,0
north,SKU0009,2023-51,29,306,0
north,SKU0009,2023-52,33,273,0
north,SKU0009,2024-01,33,240,0
north,SKU0009,2024-02,44,196,0
north,SKU0009,2024-03,35,161,0
north,SKU0009,2024-04,27,134,0
north,SKU0009,2024-05,51,383,300
north,SKU0009,2024-06,38,345,0
north,SKU0009,2024-07,44,301,0
north,SKU0009,2024-08,47,254,0
north,SKU0009,2024-09,34,220,0
north,SKU0009,2024-10,51,169,0
north,SKU0009,2024-11,56,113,0
north,SKU0009,2024-12,55,358,300
north,SKU0009,2024-13,45,313,0
north,SKU0009,2024-14,53,260,0
north,SKU0009,2024-15,57,203,0
north,SKU0009,2024-16,52,151,0
north,SKU0009,2024-17,57,394,300
north,SKU0009,2024-18,44,350,0
north,SKU0009,2024-19,57,293,0
north,SKU0009,2024-20,63,230,0
north,SKU0009,2024-21,55,175,0
north,SKU0009,2024-22,39,136,0
north,SKU0009,2024-23,39,297,200
north,SKU0009,2024-24,58,239,0
north,SKU0009,2024-25,68,171,0
north,SKU0009,2024-26,46,125,0
north,SKU0009,2024-27,70,355,300
north,SKU0009,2024-28,42,313,0
north,SKU0009,2024-29,40,273,0
north,SKU0009,2024-30,39,234,0
north,SKU0009,2024-31,31,203,0
north,SKU0009,2024-32,39,164,0
north,SKU0009,2024-33,37,127,0
north,SKU0009,2024-34,21,106,0
north,SKU0009,2024-35,34,572,500
north,SKU0009,2024-36,31,541,0
north,SKU0009,2024-37,40,501,0
north,SKU0009,2024-38,23,478,0
north,SKU0009,2024-39,23,455,0
north,SKU0009,2024-40,25,430,0
north,SKU0009,2024-41,33,397,0
north,SKU0009,2024-42,37,360,0
north,SKU0009,2024-43,36,324,0
north,SKU0009,2024-44,40,284,0
north,SKU0009,2024-45,29,255,0
north,SKU0009,2024-46,43,212,0
north,SKU0009,2024-47,39,173,0
north,SKU0009,2024-48,30,143,0
north,SKU0009,2024-49,32,111,0
north,SKU0009,2024-50,29,382,300
north,SKU0009,2024-51,40,342,0
north,SKU0010,2023-38,2,447,0
north,SKU0010,2023-39,4,443,0
north,SKU0010,2023-40,5,438,0
north,SKU0010,2023-41,10,428,0
north,SKU0010,2023-42,10,418,0
north,SKU0010,2023-43,11,407,0
north,SKU0010,2023-44,27,380,0
north,SKU0010,2023-45,14,366,0
north,SKU0010,2023-46,21,345,0
north,SKU0010,2023-47,26,319,0
north,SKU0010,2023-48,28,291,0
north,SKU0010,2023-49,22,269,0
north,SKU0010,2023-50,46,223,0
north,SKU0010,2023-51,27,196,0
north,SKU0010,2023-52,52,144,0
north,SKU0010,2024-01,48,596,500
north,SKU0010,2024-02,34,562,0
north,SKU0010,2024-03,43,519,0
north,SKU0010,2024-04,45,474,0
north,SKU0010,2024-05,56,418,0
north,SKU0010,2024-06,33,385,0
north,SKU0010,2024-07,52,333,0
north,SKU0010,2024-08,32,301,0
north,SKU0010,2024-09,73,228,0
north,SKU0010,2024-10,58,170,0
north,SKU0010,2024-11,46,124,0
north,SKU0010,2024-12,50,374,300
north,SKU0010,2024-13,63,311,0
north,SKU0010,2024-14,53,258,0
north,SKU0010,2024-15,62,196,0
north,SKU0010,2024-16,53,143,0
north,SKU0010,2024-17,35,108,0
north,SKU0010,2024-18,51,257,200
north,SKU0010,2024-19,28,229,0
north,SKU0010,2024-20,53,176,0
north,SKU0010,2024-21,31,145,0
north,SKU0010,2024-22,32,113,0
north,SKU0010,2024-23,17,296,200
north,SKU0010,2024-24,30,266,0
north,SKU0010,2024-25,38,228,0
north,SKU0010,2024-26,25,203,0
north,SKU0010,2024-27,40,163,0
north,SKU0010,2024-28,43,120,0
north,SKU0010,2024-29,7,113,0
north,SKU0010,2024-30,20,293,200
north,SKU0010,2024-31,29,264,0
north,SKU0010,2024-32,32,232,0
north,SKU0010,2024-33,27,205,0
north,SKU0010,2024-34,18,187,0
north,SKU0010,2024-35,20,167,0
north,SKU0010,2024-36,20,147,0
north,SKU0010,2024-37,25,122,0
north,SKU0010,2024-38,27,595,500
north,SKU0010,2024-39,20,575,0
north,SKU0010,2024-40,23,552,0
north,SKU0010,2024-41,20,532,0
north,SKU0010,2024-42,17,515,0
north,SKU0010,2024-43,16,499,0
north,SKU0010,2024-44,34,465,0
north,SKU0010,2024-45,17,448,0
north,SKU0010,2024-46,20,428,0
north,SKU0010,2024-47,15,413,0
north,SKU0010,2024-48,21,392,0
north,SKU0010,2024-49,18,374,0
north,SKU0010,2024-50,14,360,0
north,SKU0010,2024-51,27,333,0
north,SKU0011,2023-08,1,456,0
north,SKU0011,2023-10,3,453,0
north,SKU0011,2023-11,3,450,0
north,SKU0011,2023-12,7,443,0
north,SKU0011,2023-13,6,437,0
north,SKU0011,2023-14,8,429,0
north,SKU0011,2023-15,9,420,0
north,SKU0011,2023-16,7,413,0
north,SKU0011,2023-17,9,404,0
north,SKU0011,2023-18,12,392,0
north,SKU0011,2023-19,7,385,0
north,SKU0011,2023-20,10,375,0
north,SKU0011,2023-21,12,363,0
north,SKU0011,2023-22,8,355,0
north,SKU0011,2023-23,8,347,0
north,SKU0011,2023-24,12,335,0
north,SKU0011,2023-25,13,322,0
north,SKU0011,2023-26,19,303,0
north,SKU0011,2023-27,16,287,0
north,SKU0011,2023-28,19,268,0
north,SKU0011,2023-29,19,249,0
north,SKU0011,2023-30,27,222,0
north,SKU0011,2023-31,14,208,0
north,SKU0011,2023-32,15,193,0
north,SKU0011,2023-33,21,172,0
north,SKU0011,2023-34,16,156,0
north,SKU0011,2023-35,24,132,0
north,SKU0011,2023-36,19,113,0
north,SKU0011,2023-37,7,106,0
north,SKU0011,2023-38,21,285,200
north,SKU0011,2023-39,20,265,0
north,SKU0011,2023-40,17,248,0
north,SKU0011,2023-41,30,218,0
north,SKU0011,2023-42,36,182,0
north,SKU0011,2023-43,37,145,0
north,SKU0011,2023-44,20,125,0
north,SKU0011,2023-45,22,103,0
north,SKU0011,2023-46,26,577,500
north,SKU0011,2023-47,16,561,0
north,SKU0011,2023-48,24,537,0
north,SKU0011,2023-49,40,497,0
north,SKU0011,2023-50,49,448,0
north,SKU0011,2023-51,54,394,0
north,SKU0011,2023-52,33,361,0
north,SKU0011,2024-01,59,302,0
north,SKU0011,2024-02,50,252,0
north,SKU0011,2024-03,37,215,0
north,SKU0011,2024-04,56,159,0
north,SKU0011,2024-05,57,102,0
north,SKU0011,2024-06,35,367,300
north,SKU0011,2024-07,24,343,0
north,SKU0011,2024-08,52,291,0
north,SKU0011,2024-09,56,235,0
north,SKU0011,2024-10,69,166,0
north,SKU0011,2024-11,87,579,500
north,SKU0011,2024-12,67,512,0
north,SKU0011,2024-13,53,459,0
north,SKU0011,2024-14,50,409,0
north,SKU0011,2024-15,40,369,0
north,SKU0011,2024-16,61,308,0
north,SKU0011,2024-17,63,245,0
north,SKU0011,2024-18,32,213,0
north,SKU0011,2024-19,37,176,0
north,SKU0011,2024-20,70,106,0
north,SKU0011,2024-21,52,254,200
north,SKU0011,2024-22,50,204,0
north,SKU0011,2024-23,65,139,0
north,SKU0011,2024-24,66,273,200
north,SKU0011,2024-25,65,208,0
north,SKU0011,2024-26,67,141,0
north,SKU0011,2024-27,33,108,0
north,SKU0011,2024-28,40,268,200
north,SKU0011,2024-29,42,226,0
north,SKU0011,2024-30,54,172,0
north,SKU0011,2024-31,62,110,0
north,SKU0011,2024-32,41,569,500
north,SKU0011,2024-33,54,515,0
north,SKU0011,2024-34,56,459,0
north,SKU0011,2024-35,30,429,0
north,SKU0011,2024-36,23,406,0
north,SKU0011,2024-37,29,377,0
north,SKU0011,2024-38,33,344,0
north,SKU0011,2024-39,42,302,0
north,SKU0011,2024-40,35,267,0
north,SKU0011,2024-41,41,226,0
north,SKU0011,2024-42,23,203,0
north,SKU0011,2024-43,39,164,0
north,SKU0011,2024-44,29,135,0
north,SKU0011,2024-45,31,104,0
north,SKU0011,2024-46,31,573,500
north,SKU0011,2024-47,38,535,0
north,SKU0011,2024-48,45,490,0
north,SKU0011,2024-49,44,446,0
north,SKU0011,2024-50,50,396,0
north,SKU0011,2024-51,27,369,0
north,SKU0012,2023-06,1,299,0
north,SKU0012,2023-07,3,296,0
north,SKU0012,2023-08,4,292,0
north,SKU0012,2023-09,5,287,0
north,SKU0012,2023-10,7,280,0
north,SKU0012,2023-11,6,274,0
north,SKU0012,2023-12,7,267,0
north,SKU0012,2023-13,9,258,0
north,SKU0012,2023-14,8,250,0
north,SKU0012,2023-15,11,239,0
north,SKU0012,2023-16,18,221,0
north,SKU0012,2023-17,13,208,0
north,SKU0012,2023-18,19,189,0
north,SKU0012,2023-19,19,170,0
north,SKU0012,2023-20,20,150,0
north,SKU0012,2023-21,29,121,0
north,SKU0012,2023-22,17,104,0
north,SKU0012,2023-23,32,572,500
north,SKU0012,2023-24,19,553,0
north,SKU0012,2023-25,31,522,0
north,SKU0012,2023-26,12,510,0
north,SKU0012,2023-27,21,489,0
north,SKU0012,2023-28,15,474,0
north,SKU0012,2023-29,31,443,0
north,SKU0012,2023-30,34,409,0
north,SKU0012,2023-31,27,382,0
north,SKU0012,2023-32,22,360,0
north,SKU0012,2023-33,31,329,0
north,SKU0012,2023-34,14,315,0
north,SKU0012,2023-35,25,290,0
north,SKU0012,2023-36,30,260,0
north,SKU0012,2023-37,37,223,0
north,SKU0012,2023-38,34,189,0
north,SKU0012,2023-39,49,140,0
north,SKU0012,2023-40,37,103,0
north,SKU0012,2023-41,34,269,200
north,SKU0012,2023-42,20,249,0
north,SKU0012,2023-43,32,217,0
north,SKU0012,2023-44,24,193,0
north,SKU0012,2023-45,36,157,0
north,SKU0012,2023-46,51,106,0
north,SKU0012,2023-47,54,252,200
north,SKU0012,2023-48,52,200,0
north,SKU0012,2023-49,35,165,0
north,SKU0012,2023-50,51,114,0
north,SKU0012,2023-51,37,377,300
north,SKU0012,2023-52,36,341,0
north,SKU0012,2024-01,51,290,0
north,SKU0012,2024-02,26,264,0
north,SKU0012,2024-03,68,196,0
north,SKU0012,2024-04,54,142,0
north,SKU0012,2024-05,35,107,0
north,SKU0012,2024-06,57,550,500
north,SKU0012,2024-07,88,462,0
north,SKU0012,2024-08,57,405,0
north,SKU0012,2024-09,69,336,0
north,SKU0012,2024-10,55,281,0
north,SKU0012,2024-11,62,219,0
north,SKU0012,2024-12,45,174,0
north,SKU0012,2024-13,36,138,0
north,SKU0012,2024-14,71,267,200
north,SKU0012,2024-15,71,196,0
north,SKU0012,2024-16,32,164,0
north,SKU0012,2024-17,56,108,0
north,SKU0012,2024-18,49,259,200
north,SKU0012,2024-19,30,229,0
north,SKU0012,2024-20,70,159,0
north,SKU0012,2024-21,79,580,500
north,SKU0012,2024-22,34,546,0
north,SKU0012,2024-23,56,490,0
north,SKU0012,2024-24,40,450,0
north,SKU0012,2024-25,30,420,0
north,SKU0012,2024-26,43,377,0
north,SKU0012,2024-27,50,327,0
north,SKU0012,2024-28,37,290,0
north,SKU0012,2024-29,39,251,0
north,SKU0012,2024-30,37,214,0
north,SKU0012,2024-31,33,181,0
north,SKU0012,2024-32,48,133,0
north,SKU0012,2024-33,33,100,0
north,SKU0012,2024-34,25,375,300
north,SKU0012,2024-35,28,347,0
north,SKU0012,2024-36,37,310,0
north,SKU0012,2024-37,30,280,0
north,SKU0012,2024-38,50,230,0
north,SKU0012,2024-39,30,200,0
north,SKU0012,2024-40,24,176,0
north,SKU0012,2024-41,32,144,0
north,SKU0012,2024-42,47,397,300
north,SKU0012,2024-43,35,362,0
north,SKU0012,2024-44,30,332,0
north,SKU0012,2024-45,48,284,0
north,SKU0012,2024-46,19,265,0
north,SKU0012,2024-47,41,224,0
north,SKU0012,2024-48,49,175,0
north,SKU0012,2024-49,37,138,0
north,SKU0012,2024-50,29,109,0
north,SKU0012,2024-51,42,267,200
north,SKU0013,2023-36,2,439,0
north,SKU0013,2023-37,5,434,0
north,SKU0013,2023-38,2,432,0
north,SKU0013,2023-39,2,430,0
north,SKU0013,2023-40,4,426,0
north,SKU0013,2023-41,1,425,0
north,SKU0013,2023-42,2,423,0
north,SKU0013,2023-43,5,418,0
north,SKU0013,2023-44,11,407,0
north,SKU0013,2023-45,9,398,0
north,SKU0013,2023-46,14,384,0
north,SKU0013,2023-47,14,370,0
north,SKU0013,2023-48,21,349,0
north,SKU0013,2023-49,11,338,0
north,SKU0013,2023-50,14,324,0
north,SKU0013,2023-51,18,306,0
north,SKU0013,2023-52,27,279,0
north,SKU0013,2024-01,18,261,0
north,SKU0013,2024-02,17,244,0
north,SKU0013,2024-03,32,212,0
north,SKU0013,2024-04,32,180,0
north,SKU0013,2024-05,29,151,0
north,SKU0013,2024-06,31,120,0
north,SKU0013,2024-07,40,580,500
north,SKU0013,2024-08,23,557,0
north,SKU0013,2024-09,27,530,0
north,SKU0013,2024-10,43,487,0
north,SKU0013,2024-11,44,443,0
north,SKU0013,2024-12,43,400,0
north,SKU0013,2024-13,43,357,0
north,SKU0013,2024-14,40,317,0
north,SKU0013,2024-15,31,286,0
north,SKU0013,2024-16,35,251,0
north,SKU0013,2024-17,54,197,0
north,SKU0013,2024-18,57,140,0
north,SKU0013,2024-19,55,585,500
north,SKU0013,2024-20,70,515,0
north,SKU0013,2024-21,62,453,0
north,SKU0013,2024-22,45,408,0
north,SKU0013,2024-23,62,346,0
north,SKU0013,2024-24,54,292,0
north,SKU0013,2024-25,61,231,0
north,SKU0013,2024-26,51,180,0
north,SKU0013,2024-27,42,138,0
north,SKU0013,2024-28,53,285,200
north,SKU0013,2024-29,51,234,0
north,SKU0013,2024-30,45,189,0
north,SKU0013,2024-31,41,148,0
north,SKU0013,2024-32,37,111,0
north,SKU0013,2024-33,41,370,300
north,SKU0013,2024-34,37,333,0
north,SKU0013,2024-35,36,297,0
north,SKU0013,2024-36,19,278,0
north,SKU0013,2024-37,40,238,0
north,SKU0013,2024-38,36,202,0
north,SKU0013,2024-39,31,171,0
north,SKU0013,2024-40,22,149,0
north,SKU0013,2024-41,31,118,0
north,SKU0013,2024-42,33,285,200
north,SKU0013,2024-43,30,255,0
north,SKU0013,2024-44,25,230,0
north,SKU0013,2024-45,36,194,0
north,SKU0013,2024-46,31,163,0
north,SKU0013,2024-47,19,144,0
north,SKU0013,2024-48,29,115,0
north,SKU0013,2024-49,41,374,300
north,SKU0013,2024-50,44,330,0
north,SKU0013,2024-51,43,287,0
north,SKU0014,2023-04,3,286,0
north,SKU0014,2023-05,3,283,0
north,SKU0014,2023-06,4,279,0
north,SKU0014,2023-07,5,274,0
north,SKU0014,2023-08,5,269,0
north,SKU0014,2023-09,3,266,0
north,SKU0014,2023-10,5,261,0
north,SKU0014,2023-11,6,255,0
north,SKU0014,2023-12,6,249,0
north,SKU0014,2023-13,5,244,0
north,SKU0014,2023-14,9,235,0
north,SKU0014,2023-15,3,232,0
north,SKU0014,2023-16,13,219,0
north,SKU0014,2023-17,18,201,0
north,SKU0014,2023-18,17,184,0
north,SKU0014,2023-19,12,172,0
north,SKU0014,2023-20,10,162,0
north,SKU0014,2023-21,12,150,0
north,SKU0014,2023-22,12,138,0
north,SKU0014,2023-23,12,126,0
north,SKU0014,2023-24,12,114,0
north,SKU0014,2023-25,18,396,300
north,SKU0014,2023-26,18,378,0
north,SKU0014,2023-27,18,360,0
north,SKU0014,2023-28,14,346,0
north,SKU0014,2023-29,23,323,0
north,SKU0014,2023-30,16,307,0
north,SKU0014,2023-31,20,287,0
north,SKU0014,2023-32,23,264,0
north,SKU0014,2023-33,22,242,0
north,SKU0014,2023-34,15,227,0
north,SKU0014,2023-35,25,202,0
north,SKU0014,2023-36,24,178,0
north,SKU0014,2023-37,18,160,0
north,SKU0014,2023-38,20,140,0
north,SKU0014,2023-39,26,114,0
north,SKU0014,2023-40,24,390,300
north,SKU0014,2023-41,20,370,0
north,SKU0014,2023-42,19,351,0
north,SKU0014,2023-43,41,310,0
north,SKU0014,2023-44,32,278,0
north,SKU0014,2023-45,45,233,0
north,SKU0014,2023-46,38,195,0
north,SKU0014,2023-47,25,170,0
north,SKU0014,2023-48,35,135,0
north,SKU0014,2023-49,39,596,500
north,SKU0014,2023-50,43,553,0
north,SKU0014,2023-51,26,527,0
north,SKU0014,2023-52,38,489,0
north,SKU0014,2024-01,23,466,0
north,SKU0014,2024-02,40,426,0
north,SKU0014,2024-03,48,378,0
north,SKU0014,2024-04,52,326,0
north,SKU0014,2024-05,60,266,0
north,SKU0014,2024-06,43,223,0
north,SKU0014,2024-07,53,170,0
north,SKU0014,2024-08,45,125,0
north,SKU0014,2024-09,70,255,200
north,SKU0014,2024-10,62,193,0
north,SKU0014,2024-11,47,146,0
north,SKU0014,2024-12,56,590,500
north,SKU0014,2024-13,46,544,0
north,SKU0014,2024-14,45,499,0
north,SKU0014,2024-15,65,434,0
north,SKU0014,2024-16,44,390,0
north,SKU0014,2024-17,61,329,0
north,SKU0014,2024-18,61,268,0
north,SKU0014,2024-19,63,205,0
north,SKU0014,2024-20,55,150,0
north,SKU0014,2024-21,38,112,0
north,SKU0014,2024-22,43,369,300
north,SKU0014,2024-23,57,312,0
north,SKU0014,2024-24,43,269,0
north,SKU0014,2024-25,28,241,0
north,SKU0014,2024-26,36,205,0
north,SKU0014,2024-27,32,173,0
north,SKU0014,2024-28,30,143,0
north,SKU0014,2024-29,39,104,0
north,SKU0014,2024-30,41,263,200
north,SKU0014,2024-31,28,235,0
north,SKU0014,2024-32,31,204,0
north,SKU0014,2024-33,26,178,0
north,SKU0014,2024-34,22,156,0
north,SKU0014,2024-35,12,144,0
north,SKU0014,2024-36,28,116,0
north,SKU0014,2024-37,21,395,300
north,SKU0014,2024-38,27,368,0
north,SKU0014,2024-39,40,328,0
north,SKU0014,2024-40,17,311,0
north,SKU0014,2024-41,28,283,0
north,SKU0014,2024-42,32,251,0
north,SKU0014,2024-43,26,225,0
north,SKU0014,2024-44,23,202,0
north,SKU0014,2024-45,34,168,0
north,SKU0014,2024-46,23,145,0
north,SKU0014,2024-47,24,121,0
north,SKU0014,2024-48,20,101,0
north,SKU0014,2024-49,20,281,200
north,SKU0014,2024-50,16,265,0
north,SKU0014,2024-51,19,246,0
north,SKU0015,2023-33,3,271,0
north,SKU0015,2023-34,3,268,0
north,SKU0015,2023-35,6,262,0
north,SKU0015,2023-36,10,252,0
north,SKU0015,2023-37,14,238,0
north,SKU0015,2023-38,11,227,0
north,SKU0015,2023-39,12,215,0
north,SKU0015,2023-40,18,197,0
north,SKU0015,2023-41,28,169,0
north,SKU0015,2023-42,26,143,0
north,SKU0015,2023-43,20,123,0
north,SKU0015,2023-44,30,293,200
north,SKU0015,2023-45,33,260,0
north,SKU0015,2023-46,41,219,0
north,SKU0015,2023-47,44,175,0
north,SKU0015,2023-48,44,131,0
north,SKU0015,2023-49,71,260,200
north,SKU0015,2023-50,53,207,0
north,SKU0015,2023-51,35,172,0
north,SKU0015,2023-52,54,118,0
north,SKU0015,2024-01,48,270,200
north,SKU0015,2024-02,75,195,0
north,SKU0015,2024-03,35,160,0
north,SKU0015,2024-04,49,111,0
north,SKU0015,2024-05,59,252,200
north,SKU0015,2024-06,69,183,0
north,SKU0015,2024-07,54,129,0
north,SKU0015,2024-08,34,295,200
north,SKU0015,2024-09,55,240,0
north,SKU0015,2024-10,45,195,0
north,SKU0015,2024-11,55,140,0
north,SKU0015,2024-12,30,110,0
north,SKU0015,2024-13,37,373,300
north,SKU0015,2024-14,36,337,0
north,SKU0015,2024-15,38,299,0
north,SKU0015,2024-16,47,252,0
north,SKU0015,2024-17,37,215,0
north,SKU0015,2024-18,27,188,0
north,SKU0015,2024-19,29,159,0
north,SKU0015,2024-20,32,127,0
north,SKU0015,2024-21,29,298,200
north,SKU0015,2024-22,39,259,0
north,SKU0015,2024-23,30,229,0
north,SKU0015,2024-24,27,202,0
north,SKU0015,2024-25,22,180,0
north,SKU0015,2024-26,21,159,0
north,SKU0015,2024-27,22,137,0
north,SKU0015,2024-28,46,291,200
north,SKU0015,2024-29,28,263,0
north,SKU0015,2024-30,23,240,0
north,SKU0015,2024-31,24,216,0
north,SKU0015,2024-32,15,201,0
north,SKU0015,2024-33,17,184,0
north,SKU0015,2024-34,16,168,0
north,SKU0015,2024-35,29,139,0
north,SKU0015,2024-36,28,111,0
north,SKU0015,2024-37,20,591,500
north,SKU0015,2024-38,17,574,0
north,SKU0015,2024-39,21,553,0
north,SKU0015,2024-40,8,545,0
north,SKU0015,2024-41,6,539,0
north,SKU0015,2024-42,24,515,0
north,SKU0015,2024-43,22,493,0
north,SKU0015,2024-44,8,485,0
north,SKU0015,2024-45,16,469,0
north,SKU0015,2024-46,19,450,0
north,SKU0015,2024-47,27,423,0
north,SKU0015,2024-48,22,401,0
north,SKU0015,2024-49,20,381,0
north,SKU0015,2024-50,13,368,0
north,SKU0015,2024-51,27,341,0
north,SKU0016,2023-14,1,375,0
north,SKU0016,2023-15,6,369,0
north,SKU0016,2023-16,2,367,0
north,SKU0016,2023-17,8,359,0
north,SKU0016,2023-18,10,349,0
north,SKU0016,2023-19,14,335,0
north,SKU0016,2023-20,13,322,0
north,SKU0016,2023-21,11,311,0
north,SKU0016,2023-22,17,294,0
north,SKU0016,2023-23,14,280,0
north,SKU0016,2023-24,22,258,0
north,SKU0016,2023-25,18,240,0
north,SKU0016,2023-26,16,224,0
north,SKU0016,2023-27,18,206,0
north,SKU0016,2023-28,20,186,0
north,SKU0016,2023-29,21,165,0
north,SKU0016,2023-30,23,142,0
north,SKU0016,2023-31,26,116,0
north,SKU0016,2023-32,29,587,500
north,SKU0016,2023-33,20,567,0
north,SKU0016,2023-34,24,543,0
north,SKU0016,2023-35,19,524,0
north,SKU0016,2023-36,25,499,0
north,SKU0016,2023-37,27,472,0
north,SKU0016,2023-38,26,446,0
north,SKU0016,2023-39,30,416,0
north,SKU0016,2023-40,25,391,0
north,SKU0016,2023-41,28,363,0
north,SKU0016,2023-42,37,326,0
north,SKU0016,2023-43,35,291,0
north,SKU0016,2023-44,31,260,0
north,SKU0016,2023-45,47,213,0
north,SKU0016,2023-46,26,187,0
north,SKU0016,2023-47,36,151,0
north,SKU0016,2023-48,52,399,300
north,SKU0016,2023-49,35,364,0
north,SKU0016,2023-50,28,336,0
north,SKU0016,2023-51,40,296,0
north,SKU0016,2023-52,68,228,0
north,SKU0016,2024-01,53,175,0
north,SKU0016,2024-02,52,123,0
north,SKU0016,2024-03,57,266,200
north,SKU0016,2024-04,51,215,0
north,SKU0016,2024-05,54,161,0
north,SKU0016,2024-06,30,131,0
north,SKU0016,2024-07,55,576,500
north,SKU0016,2024-08,41,535,0
north,SKU0016,2024-09,48,487,0
north,SKU0016,2024-10,66,421,0
north,SKU0016,2024-11,38,383,0
north,SKU0016,2024-12,52,331,0
north,SKU0016,2024-13,64,267,0
north,SKU0016,2024-14,30,237,0
north,SKU0016,2024-15,52,185,0
north,SKU0016,2024-16,46,139,0
north,SKU0016,2024-17,45,594,500
north,SKU0016,2024-18,54,540,0
north,SKU0016,2024-19,49,491,0
north,SKU0016,2024-20,45,446,0
north,SKU0016,2024-21,40,406,0
north,SKU0016,2024-22,36,370,0
north,SKU0016,2024-23,34,336,0
north,SKU0016,2024-24,32,304,0
north,SKU0016,2024-25,33,271,0
north,SKU0016,2024-26,39,232,0
north,SKU0016,2024-27,32,200,0
north,SKU0016,2024-28,35,165,0
north,SKU0016,2024-29,22,143,0
north,SKU0016,2024-30,37,106,0
north,SKU0016,2024-31,23,383,300
north,SKU0016,2024-32,31,352,0
north,SKU0016,2024-33,21,331,0
north,SKU0016,2024-34,20,311,0
north,SKU0016,2024-35,32,279,0
north,SKU0016,2024-36,35,244,0
north,SKU0016,2024-37,22,222,0
north,SKU0016,2024-38,29,193,0
north,SKU0016,2024-39,26,167,0
north,SKU0016,2024-40,21,146,0
north,SKU0016,2024-41,19,127,0
north,SKU0016,2024-42,19,108,0
north,SKU0016,2024-43,22,286,200
north,SKU0016,2024-44,21,265,0
north,SKU0016,2024-45,21,244,0
north,SKU0016,2024-46,33,211,0
north,SKU0016,2024-47,26,185,0
north,SKU0016,2024-48,24,161,0
north,SKU0016,2024-49,22,139,0
north,SKU0016,2024-50,25,114,0
north,SKU0016,2024-51,29,285,200
north,SKU0017,2023-40,3,379,0
north,SKU0017,2023-41,5,374,0
north,SKU0017,2023-42,9,365,0
north,SKU0017,2023-43,11,354,0
north,SKU0017,2023-44,8,346,0
north,SKU0017,2023-45,14,332,0
north,SKU0017,2023-46,17,315,0
north,SKU0017,2023-47,24,291,0
north,SKU0017,2023-48,27,264,0
north,SKU0017,2023-49,15,249,0
north,SKU0017,2023-50,7,242,0
north,SKU0017,2023-51,30,212,0
north,SKU0017,2023-52,30,182,0
north,SKU0017,2024-01,27,155,0
north,SKU0017,2024-02,49,106,0
north,SKU0017,2024-03,33,273,200
north,SKU0017,2024-04,56,217,0
north,SKU0017,2024-05,38,179,0
north,SKU0017,2024-06,38,141,0
north,SKU0017,2024-07,72,569,500
north,SKU0017,2024-08,53,516,0
north,SKU0017,2024-09,61,455,0
north,SKU0017,2024-10,42,413,0
north,SKU0017,2024-11,59,354,0
north,SKU0017,2024-12,53,301,0
north,SKU0017,2024-13,56,245,0
north,SKU0017,2024-14,41,204,0
north,SKU0017,2024-15,62,142,0
north,SKU0017,2024-16,70,272,200
north,SKU0017,2024-17,65,207,0
north,SKU0017,2024-18,58,149,0
north,SKU0017,2024-19,54,595,500
north,SKU0017,2024-20,54,541,0
north,SKU0017,2024-21,35,506,0
north,SKU0017,2024-22,61,445,0
north,SKU0017,2024-23,37,408,0
north,SKU0017,2024-24,35,373,0
north,SKU0017,2024-25,46,327,0
north,SKU0017,2024-26,38,289,0
north,SKU0017,2024-27,28,261,0
north,SKU0017,2024-28,42,219,0
north,SKU0017,2024-29,41,178,0
north,SKU0017,2024-30,41,137,0
north,SKU0017,2024-31,24,113,0
north,SKU0017,2024-32,27,286,200
north,SKU0017,2024-33,32,254,0
north,SKU0017,2024-34,37,217,0
north,SKU0017,2024-35,29,188,0
north,SKU0017,2024-36,30,158,0
north,SKU0017,2024-37,32,126,0
north,SKU0017,2024-38,37,389,300
north,SKU0017,2024-39,22,367,0
north,SKU0017,2024-40,29,338,0
north,SKU0017,2024-41,29,309,0
north,SKU0017,2024-42,21,288,0
north,SKU0017,2024-43,26,262,0
north,SKU0017,2024-44,25,237,0
north,SKU0017,2024-45,34,203,0
north,SKU0017,2024-46,42,161,0
north,SKU0017,2024-47,29,132,0
north,SKU0017,2024-48,29,103,0
north,SKU0017,2024-49,27,276,200
north,SKU0017,2024-50,30,246,0
north,SKU0017,2024-51,21,225,0
north,SKU0018,2023-23,2,566,0
north,SKU0018,2023-24,2,564,0
north,SKU0018,2023-25,3,561,0
north,SKU0018,2023-26,4,557,0
north,SKU0018,2023-27,5,552,0
north,SKU0018,2023-28,8,544,0
north,SKU0018,2023-29,8,536,0
north,SKU0018,2023-30,5,531,0
north,SKU0018,2023-31,7,524,0
north,SKU0018,2023-32,8,516,0
north,SKU0018,2023-33,10,506,0
north,SKU0018,2023-34,8,498,0
north,SKU0018,2023-35,18,480,0
north,SKU0018,2023-36,10,470,0
north,SKU0018,2023-37,11,459,0
north,SKU0018,2023-38,16,443,0
north,SKU0018,2023-39,18,425,0
north,SKU0018,2023-40,21,404,0
north,SKU0018,2023-41,14,390,0
north,SKU0018,2023-42,11,379,0
north,SKU0018,2023-43,14,365,0
north,SKU0018,2023-44,24,341,0
north,SKU0018,2023-45,32,309,0
north,SKU0018,2023-46,35,274,0
north,SKU0018,2023-47,40,234,0
north,SKU0018,2023-48,27,207,0
north,SKU0018,2023-49,24,183,0
north,SKU0018,2023-50,37,146,0
north,SKU0018,2023-51,43,103,0
north,SKU0018,2023-52,54,349,300
north,SKU0018,2024-01,52,297,0
north,SKU0018,2024-02,25,272,0
north,SKU0018,2024-03,40,232,0
north,SKU0018,2024-04,50,182,0
north,SKU0018,2024-05,36,146,0
north,SKU0018,2024-06,53,293,200
north,SKU0018,2024-07,40,253,0
north,SKU0018,2024-08,67,186,0
north,SKU0018,2024-09,50,136,0
north,SKU0018,2024-10,47,389,300
north,SKU0018,2024-11,53,336,0
north,SKU0018,2024-12,63,273,0
north,SKU0018,2024-13,61,212,0
north,SKU0018,2024-14,69,143,0
north,SKU0018,2024-15,61,282,200
north,SKU0018,2024-16,76,206,0
north,SKU0018,2024-17,46,160,0
north,SKU0018,2024-18,49,111,0
north,SKU0018,2024-19,53,558,500
north,SKU0018,2024-20,44,514,0
north,SKU0018,2024-21,45,469,0
north,SKU0018,2024-22,40,429,0
north,SKU0018,2024-23,42,387,0
north,SKU0018,2024-24,57,330,0
north,SKU0018,2024-25,31,299,0
north,SKU0018,2024-26,35,264,0
north,SKU0018,2024-27,39,225,0
north,SKU0018,2024-28,51,174,0
north,SKU0018,2024-29,41,133,0
north,SKU0018,2024-30,40,593,500
north,SKU0018,2024-31,33,560,0
north,SKU0018,2024-32,30,530,0
north,SKU0018,2024-33,17,513,0
north,SKU0018,2024-34,21,492,0
north,SKU0018,2024-35,24,468,0
north,SKU0018,2024-36,35,433,0
north,SKU0018,2024-37,24,409,0
north,SKU0018,2024-38,31,378,0
north,SKU0018,2024-39,20,358,0
north,SKU0018,2024-40,32,326,0
north,SKU0018,2024-41,23,303,0
north,SKU0018,2024-42,17,286,0
north,SKU0018,2024-43,31,255,0
north,SKU0018,2024-44,19,236,0
north,SKU0018,2024-45,25,211,0
north,SKU0018,2024-46,15,196,0
north,SKU0018,2024-47,13,183,0
north,SKU0018,2024-48,16,167,0
north,SKU0018,2024-49,22,145,0
north,SKU0018,2024-50,27,118,0
north,SKU0018,2024-51,32,286,200
north,SKU0019,2023-28,2,297,0
north,SKU0019,2023-29,3,294,0
north,SKU0019,2023-30,1,293,0
north,SKU0019,2023-31,4,289,0
north,SKU0019,2023-32,10,279,0
north,SKU0019,2023-33,12,267,0
north,SKU0019,2023-34,8,259,0
north,SKU0019,2023-35,13,246,0
north,SKU0019,2023-36,12,234,0
north,SKU0019,2023-37,10,224,0
north,SKU0019,2023-38,19,205,0
north,SKU0019,2023-39,19,186,0
north,SKU0019,2023-40,18,168,0
north,SKU0019,2023-41,22,146,0
north,SKU0019,2023-42,17,129,0
north,SKU0019,2023-43,25,104,0
north,SKU0019,2023-44,31,273,200
north,SKU0019,2023-45,38,235,0
north,SKU0019,2023-46,25,210,0
north,SKU0019,2023-47,32,178,0
north,SKU0019,2023-48,41,137,0
north,SKU0019,2023-49,38,299,200
north,SKU0019,2023-50,42,257,0
north,SKU0019,2023-51,42,215,0
north,SKU0019,2023-52,36,179,0
north,SKU0019,2024-01,41,138,0
north,SKU0019,2024-02,49,589,500
north,SKU0019,2024-03,46,543,0
north,SKU0019,2024-04,56,487,0
north,SKU0019,2024-05,57,430,0
north,SKU0019,2024-06,53,377,0
north,SKU0019,2024-07,43,334,0
north,SKU0019,2024-08,54,280,0
north,SKU0019,2024-09,50,230,0
north,SKU0019,2024-10,68,162,0
north,SKU0019,2024-11,40,122,0
north,SKU0019,2024-12,41,281,200
north,SKU0019,2024-13,58,223,0
north,SKU0019,2024-14,53,170,0
north,SKU0019,2024-15,56,114,0
north,SKU0019,2024-16,57,557,500
north,SKU0019,2024-17,54,503,0
north,SKU0019,2024-18,50,453,0
north,SKU0019,2024-19,45,408,0
north,SKU0019,2024-20,46,362,0
north,SKU0019,2024-21,47,315,0
north,SKU0019,2024-22,38,277,0
north,SKU0019,2024-23,44,233,0
north,SKU0019,2024-24,41,192,0
north,SKU0019,2024-25,37,155,0
north,SKU0019,2024-26,43,112,0
north,SKU0019,2024-27,39,373,300
north,SKU0019,2024-28,42,331,0
north,SKU0019,2024-29,40,291,0
north,SKU0019,2024-30,40,251,0
north,SKU0019,2024-31,49,202,0
north,SKU0019,2024-32,42,160,0
north,SKU0019,2024-33,31,129,0
north,SKU0019,2024-34,35,594,500
north,SKU0019,2024-35,31,563,0
north,SKU0019,2024-36,43,520,0
north,SKU0019,2024-37,30,490,0
north,SKU0019,2024-38,22,468,0
north,SKU0019,2024-39,22,446,0
north,SKU0019,2024-40,34,412,0
north,SKU0019,2024-41,32,380,0
north,SKU0019,2024-42,31,349,0
north,SKU0019,2024-43,33,316,0
north,SKU0019,2024-44,33,283,0
north,SKU0019,2024-45,31,252,0
north,SKU0019,2024-46,33,219,0
north,SKU0019,2024-47,40,179,0
north,SKU0019,2024-48,26,153,0
north,SKU0019,2024-49,29,124,0
north,SKU0019,2024-50,37,587,500
north,SKU0019,2024-51,39,548,0
north,SKU0020,2023-08,2,564,0
north,SKU0020,2023-09,1,563,0
north,SKU0020,2023-11,6,557,0
north,SKU0020,2023-12,4,553,0
north,SKU0020,2023-13,3,550,0
north,SKU0020,2023-14,8,542,0
north,SKU0020,2023-15,2,540,0
north,SKU0020,2023-16,7,533,0
north,SKU0020,2023-17,8,525,0
north,SKU0020,2023-18,10,515,0
north,SKU0020,2023-19,12,503,0
north,SKU0020,2023-20,18,485,0
north,SKU0020,2023-21,10,475,0
north,SKU0020,2023-22,16,459,0
north,SKU0020,2023-23,12,447,0
north,SKU0020,2023-24,28,419,0
north,SKU0020,2023-25,18,401,0
north,SKU0020,2023-26,21,380,0
north,SKU0020,2023-27,11,369,0
north,SKU0020,2023-28,21,348,0
north,SKU0020,2023-29,18,330,0
north,SKU0020,2023-30,15,315,0
north,SKU0020,2023-31,12,303,0
north,SKU0020,2023-32,19,284,0
north,SKU0020,2023-33,16,268,0
north,SKU0020,2023-34,13,255,0
north,SKU0020,2023-35,23,232,0
north,SKU0020,2023-36,24,208,0
north,SKU0020,2023-37,21,187,0
north,SKU0020,2023-38,15,172,0
north,SKU0020,2023-39,8,164,0
north,SKU0020,2023-40,25,139,0
north,SKU0020,2023-41,22,117,0
north,SKU0020,2023-42,36,281,200
north,SKU0020,2023-43,17,264,0
north,SKU0020,2023-44,22,242,0
north,SKU0020,2023-45,43,199,0
north,SKU0020,2023-46,39,160,0
north,SKU0020,2023-47,21,139,0
north,SKU0020,2023-48,36,103,0
north,SKU0020,2023-49,33,270,200
north,SKU0020,2023-50,31,239,0
north,SKU0020,2023-51,30,209,0
north,SKU0020,2023-52,31,178,0
north,SKU0020,2024-01,60,118,0
north,SKU0020,2024-02,58,560,500
north,SKU0020,2024-03,32,528,0
north,SKU0020,2024-04,50,478,0
north,SKU0020,2024-05,45,433,0
north,SKU0020,2024-06,30,403,0
north,SKU0020,2024-07,45,358,0
north,SKU0020,2024-08,60,298,0
north,SKU0020,2024-09,67,231,0
north,SKU0020,2024-10,60,171,0
north,SKU0020,2024-11,70,101,0
north,SKU0020,2024-12,85,216,200
north,SKU0020,2024-13,53,163,0
north,SKU0020,2024-14,56,107,0
north,SKU0020,2024-15,55,552,500
north,SKU0020,2024-16,42,510,0
north,SKU0020,2024-17,60,450,0
north,SKU0020,2024-18,65,385,0
north,SKU0020,2024-19,65,320,0
north,SKU0020,2024-20,51,269,0
north,SKU0020,2024-21,57,212,0
north,SKU0020,2024-22,51,161,0
north,SKU0020,2024-23,42,119,0
north,SKU0020,2024-24,30,289,200
north,SKU0020,2024-25,40,249,0
north,SKU0020,2024-26,41,208,0
north,SKU0020,2024-27,33,175,0
north,SKU0020,2024-28,66,109,0
north,SKU0020,2024-29,45,264,200
north,SKU0020,2024-30,41,223,0
north,SKU0020,2024-31,32,191,0
north,SKU0020,2024-32,33,158,0
north,SKU0020,2024-33,25,133,0
north,SKU0020,2024-34,46,587,500
north,SKU0020,2024-35,28,559,0
north,SKU0020,2024-36,44,515,0
north,SKU0020,2024-37,36,479,0
north,SKU0020,2024-38,28,451,0
north,SKU0020,2024-39,29,422,0
north,SKU0020,2024-40,28,394,0
north,SKU0020,2024-41,21,373,0
north,SKU0020,2024-42,33,340,0
north,SKU0020,2024-43,31,309,0
north,SKU0020,2024-44,32,277,0
north,SKU0020,2024-45,29,248,0
north,SKU0020,2024-46,29,219,0
north,SKU0020,2024-47,39,180,0
north,SKU0020,2024-48,41,139,0
north,SKU0020,2024-49,33,106,0
north,SKU0020,2024-50,41,265,200
north,SKU0020,2024-51,26,239,0
north,SKU0021,2023-10,2,236,0
north,SKU0021,2023-11,3,233,0
north,SKU0021,2023-12,5,228,0
north,SKU0021,2023-13,1,227,0
north,SKU0021,2023-14,5,222,0
north,SKU0021,2023-15,15,207,0
north,SKU0021,2023-16,7,200,0
north,SKU0021,2023-17,2,198,0
north,SKU0021,2023-18,3,195,0
north,SKU0021,2023-19,11,184,0
north,SKU0021,2023-20,13,171,0
north,SKU0021,2023-21,7,164,0
north,SKU0021,2023-22,14,150,0
north,SKU0021,2023-23,22,128,0
north,SKU0021,2023-24,12,116,0
north,SKU0021,2023-25,13,103,0
north,SKU0021,2023-26,15,288,200
north,SKU0021,2023-27,21,267,0
north,SKU0021,2023-28,12,255,0
north,SKU0021,2023-29,25,230,0
north,SKU0021,2023-30,18,212,0
north,SKU0021,2023-31,26,186,0
north,SKU0021,2023-32,16,170,0
north,SKU0021,2023-33,21,149,0
north,SKU0021,2023-34,25,124,0
north,SKU0021,2023-35,27,297,200
north,SKU0021,2023-36,32,265,0
north,SKU0021,2023-37,20,245,0
north,SKU0021,2023-38,17,228,0
north,SKU0021,2023-39,31,197,0
north,SKU0021,2023-40,33,164,0
north,SKU0021,2023-41,34,130,0
north,SKU0021,2023-42,34,396,300
north,SKU0021,2023-43,38,358,0
north,SKU0021,2023-44,39,319,0
north,SKU0021,2023-45,18,301,0
north,SKU0021,2023-46,31,270,0
north,SKU0021,2023-47,24,246,0
north,SKU0021,2023-48,37,209,0
north,SKU0021,2023-49,37,172,0
north,SKU0021,2023-50,52,120,0
north,SKU0021,2023-51,45,375,300
north,SKU0021,2023-52,55,320,0
north,SKU0021,2024-01,40,280,0
north,SKU0021,2024-02,41,239,0
north,SKU0021,2024-03,47,192,0
north,SKU0021,2024-04,55,137,0
north,SKU0021,2024-05,43,594,500
north,SKU0021,2024-06,58,536,0
north,SKU0021,2024-07,52,484,0
north,SKU0021,2024-08,45,439,0
north,SKU0021,2024-09,43,396,0
north,SKU0021,2024-10,28,368,0
north,SKU0021,2024-11,83,285,0
north,SKU0021,2024-12,53,232,0
north,SKU0021,2024-13,25,207,0
north,SKU0021,2024-14,35,172,0
north,SKU0021,2024-15,60,112,0
north,SKU0021,2024-16,40,372,300
north,SKU0021,2024-17,49,323,0
north,SKU0021,2024-18,41,282,0
north,SKU0021,2024-19,48,234,0
north,SKU0021,2024-20,29,205,0
north,SKU0021,2024-21,48,157,0
north,SKU0021,2024-22,46,111,0
north,SKU0021,2024-23,44,567,500
north,SKU0021,2024-24,50,517,0
north,SKU0021,2024-25,33,484,0
north,SKU0021,2024-26,28,456,0
north,SKU0021,2024-27,22,434,0
north,SKU0021,2024-28,36,398,0
north,SKU0021,2024-29,25,373,0
north,SKU0021,2024-30,32,341,0
north,SKU0021,2024-31,22,319,0
north,SKU0021,2024-32,40,279,0
north,SKU0021,2024-33,27,252,0
north,SKU0021,2024-34,26,226,0
north,SKU0021,2024-35,15,211,0
north,SKU0021,2024-36,22,189,0
north,SKU0021,2024-37,17,172,0
north,SKU0021,2024-38,21,151,0
north,SKU0021,2024-39,15,136,0
north,SKU0021,2024-40,29,107,0
north,SKU0021,2024-41,14,393,300
north,SKU0021,2024-42,19,374,0
north,SKU0021,2024-43,9,365,0
north,SKU0021,2024-44,24,341,0
north,SKU0021,2024-45,28,313,0
north,SKU0021,2024-46,28,285,0
north,SKU0021,2024-47,34,251,0
north,SKU0021,2024-48,33,218,0
north,SKU0021,2024-49,18,200,0
north,SKU0021,2024-50,25,175,0
north,SKU0021,2024-51,27,148,0
north,SKU0022,2023-05,1,331,0
north,SKU0022,2023-06,2,329,0
north,SKU0022,2023-07,3,326,0
north,SKU0022,2023-08,2,324,0
north,SKU0022,2023-10,3,321,0
north,SKU0022,2023-11,11,310,0
north,SKU0022,2023-12,7,303,0
north,SKU0022,2023-13,3,300,0
north,SKU0022,2023-14,9,291,0
north,SKU0022,2023-15,12,279,0
north,SKU0022,2023-16,10,269,0
north,SKU0022,2023-17,8,261,0
north,SKU0022,2023-18,6,255,0
north,SKU0022,2023-19,7,248,0
north,SKU0022,2023-20,15,233,0
north,SKU0022,2023-21,7,226,0
north,SKU0022,2023-22,10,216,0
north,SKU0022,2023-23,18,198,0
north,SKU0022,2023-24,16,182,0
north,SKU0022,2023-25,21,161,0
north,SKU0022,2023-26,10,151,0
north,SKU0022,2023-27,22,129,0
north,SKU0022,2023-28,22,107,0
north,SKU0022,2023-29,20,587,500
north,SKU0022,2023-30,21,566,0
north,SKU0022,2023-31,12,554,0
north,SKU0022,2023-32,10,544,0
north,SKU0022,2023-33,16,528,0
north,SKU0022,2023-34,23,505,0
north,SKU0022,2023-35,23,482,0
north,SKU0022,2023-36,28,454,0
north,SKU0022,2023-37,26,428,0
north,SKU0022,2023-38,11,417,0
north,SKU0022,2023-39,26,391,0
north,SKU0022,2023-40,16,375,0
north,SKU0022,2023-41,15,360,0
north,SKU0022,2023-42,19,341,0
north,SKU0022,2023-43,20,321,0
north,SKU0022,2023-44,13,308,0
north,SKU0022,2023-45,24,284,0
north,SKU0022,2023-46,24,260,0
north,SKU0022,2023-47,21,239,0
north,SKU0022,2023-48,27,212,0
north,SKU0022,2023-49,34,178,0
north,SKU0022,2023-50,18,160,0
north,SKU0022,2023-51,25,135,0
north,SKU0022,2023-52,34,101,0
north,SKU0022,2024-01,20,581,500
north,SKU0022,2024-02,14,567,0
north,SKU0022,2024-03,26,541,0
north,SKU0022,2024-04,40,501,0
north,SKU0022,2024-05,55,446,0
north,SKU0022,2024-06,35,411,0
north,SKU0022,2024-07,65,346,0
north,SKU0022,2024-08,51,295,0
north,SKU0022,2024-09,41,254,0
north,SKU0022,2024-10,66,188,0
north,SKU0022,2024-11,71,117,0
north,SKU0022,2024-12,34,283,200
north,SKU0022,2024-13,39,244,0
north,SKU0022,2024-14,38,206,0
north,SKU0022,2024-15,58,148,0
north,SKU0022,2024-16,46,102,0
north,SKU0022,2024-17,42,560,500
north,SKU0022,2024-18,60,500,0
north,SKU0022,2024-19,63,437,0
north,SKU0022,2024-20,66,371,0
north,SKU0022,2024-21,65,306,0
north,SKU0022,2024-22,43,263,0
north,SKU0022,2024-23,53,210,0
north,SKU0022,2024-24,58,152,0
north,SKU0022,2024-25,77,575,500
north,SKU0022,2024-26,48,527,0
north,SKU0022,2024-27,66,461,0
north,SKU0022,2024-28,38,423,0
north,SKU0022,2024-29,45,378,0
north,SKU0022,2024-30,35,343,0
north,SKU0022,2024-31,50,293,0
north,SKU0022,2024-32,34,259,0
north,SKU0022,2024-33,38,221,0
north,SKU0022,2024-34,41,180,0
north,SKU0022,2024-35,31,149,0
north,SKU0022,2024-36,32,117,0
north,SKU0022,2024-37,46,371,300
north,SKU0022,2024-38,33,338,0
north,SKU0022,2024-39,48,290,0
north,SKU0022,2024-40,31,259,0
north,SKU0022,2024-41,13,246,0
north,SKU0022,2024-42,46,200,0
north,SKU0022,2024-43,45,155,0
north,SKU0022,2024-44,39,116,0
north,SKU0022,2024-45,37,579,500
north,SKU0022,2024-46,34,545,0
north,SKU0022,2024-47,25,520,0
north,SKU0022,2024-48,34,486,0
north,SKU0022,2024-49,25,461,0
north,SKU0022,2024-50,20,441,0
north,SKU0022,2024-51,21,420,0
north,SKU0023,2023-08,2,273,0
north,SKU0023,2023-09,5,268,0
north,SKU0023,2023-10,2,266,0
north,SKU0023,2023-11,2,264,0
north,SKU0023,2023-12,4,260,0
north,SKU0023,2023-13,8,252,0
north,SKU0023,2023-14,15,237,0
north,SKU0023,2023-15,10,227,0
north,SKU0023,2023-16,14,213,0
north,SKU0023,2023-17,15,198,0
north,SKU0023,2023-18,15,183,0
north,SKU0023,2023-19,14,169,0
north,SKU0023,2023-20,18,151,0
north,SKU0023,2023-21,16,135,0
north,SKU0023,2023-22,15,120,0
north,SKU0023,2023-23,25,295,200
north,SKU0023,2023-24,16,279,0
north,SKU0023,2023-25,24,255,0
north,SKU0023,2023-26,24,231,0
north,SKU0023,2023-27,25,206,0
north,SKU0023,2023-28,25,181,0
north,SKU0023,2023-29,26,155,0
north,SKU0023,2023-30,32,123,0
north,SKU0023,2023-31,36,387,300
north,SKU0023,2023-32,27,360,0
north,SKU0023,2023-33,24,336,0
north,SKU0023,2023-34,30,306,0
north,SKU0023,2023-35,25,281,0
north,SKU0023,2023-36,36,245,0
north,SKU0023,2023-37,18,227,0
north,SKU0023,2023-38,34,193,0
north,SKU0023,2023-39,35,158,0
north,SKU0023,2023-40,26,132,0
north,SKU0023,2023-41,35,397,300
north,SKU0023,2023-42,34,363,0
north,SKU0023,2023-43,45,318,0
north,SKU0023,2023-44,45,273,0
north,SKU0023,2023-45,46,227,0
north,SKU0023,2023-46,44,183,0
north,SKU0023,2023-47,46,137,0
north,SKU0023,2023-48,39,298,200
north,SKU0023,2023-49,50,248,0
north,SKU0023,2023-50,49,199,0
north,SKU0023,2023-51,46,153,0
north,SKU0023,2023-52,57,296,200
north,SKU0023,2024-01,55,241,0
north,SKU0023,2024-02,45,196,0
north,SKU0023,2024-03,46,150,0
north,SKU0023,2024-04,56,394,300
north,SKU0023,2024-05,51,343,0
north,SKU0023,2024-06,51,292,0
north,SKU0023,2024-07,45,247,0
north,SKU0023,2024-08,39,208,0
north,SKU0023,2024-09,43,165,0
north,SKU0023,2024-10,43,122,0
north,SKU0023,2024-11,50,572,500
north,SKU0023,2024-12,32,540,0
north,SKU0023,2024-13,54,486,0
north,SKU0023,2024-14,58,428,0
north,SKU0023,2024-15,49,379,0
north,SKU0023,2024-16,50,329,0
north,SKU0023,2024-17,36,293,0
north,SKU0023,2024-18,56,237,0
north,SKU0023,2024-19,40,197,0
north,SKU0023,2024-20,37,160,0
north,SKU0023,2024-21,37,123,0
north,SKU0023,2024-22,27,396,300
north,SKU0023,2024-23,34,362,0
north,SKU0023,2024-24,36,326,0
north,SKU0023,2024-25,28,298,0
north,SKU0023,2024-26,35,263,0
north,SKU0023,2024-27,28,235,0
north,SKU0023,2024-28,32,203,0
north,SKU0023,2024-29,23,180,0
north,SKU0023,2024-30,33,147,0
north,SKU0023,2024-31,40,107,0
north,SKU0023,2024-32,21,286,200
north,SKU0023,2024-33,33,253,0
north,SKU0023,2024-34,24,229,0
north,SKU0023,2024-35,20,209,0
north,SKU0023,2024-36,20,189,0
north,SKU0023,2024-37,23,166,0
north,SKU0023,2024-38,32,134,0
north,SKU0023,2024-39,25,109,0
north,SKU0023,2024-40,34,375,300
north,SKU0023,2024-41,17,358,0
north,SKU0023,2024-42,25,333,0
north,SKU0023,2024-43,15,318,0
north,SKU0023,2024-44,18,300,0
north,SKU0023,2024-45,32,268,0
north,SKU0023,2024-46,17,251,0
north,SKU0023,2024-47,21,230,0
north,SKU0023,2024-48,19,211,0
north,SKU0023,2024-49,25,186,0
north,SKU0023,2024-50,27,159,0
north,SKU0023,2024-51,19,140,0
north,SKU0024,2023-22,1,591,0
north,SKU0024,2023-23,2,589,0
north,SKU0024,2023-24,4,585,0
north,SKU0024,2023-25,2,583,0
north,SKU0024,2023-26,8,575,0
north,SKU0024,2023-27,8,567,0
north,SKU0024,2023-28,5,562,0
north,SKU0024,2023-29,5,557,0
north,SKU0024,2023-30,9,548,0
north,SKU0024,2023-31,16,532,0
north,SKU0024,2023-32,11,521,0
north,SKU0024,2023-33,6,515,0
north,SKU0024,2023-34,12,503,0
north,SKU0024,2023-35,15,488,0
north,SKU0024,2023-36,19,469,0
north,SKU0024,2023-37,13,456,0
north,SKU0024,2023-38,14,442,0
north,SKU0024,2023-39,20,422,0
north,SKU0024,2023-40,17,405,0
north,SKU0024,2023-41,23,382,0
north,SKU0024,2023-42,22,360,0
north,SKU0024,2023-43,27,333,0
north,SKU0024,2023-44,14,319,0
north,SKU0024,2023-45,26,293,0
north,SKU0024,2023-46,18,275,0
north,SKU0024,2023-47,24,251,0
north,SKU0024,2023-48,25,226,0
north,SKU0024,2023-49,26,200,0
north,SKU0024,2023-50,32,168,0
north,SKU0024,2023-51,14,154,0
north,SKU0024,2023-52,35,119,0
north,SKU0024,2024-01,55,364,300
north,SKU0024,2024-02,39,325,0
north,SKU0024,2024-03,44,281,0
north,SKU0024,2024-04,54,227,0
north,SKU0024,2024-05,53,174,0
north,SKU0024,2024-06,47,127,0
north,SKU0024,2024-07,64,563,500
north,SKU0024,2024-08,40,523,0
north,SKU0024,2024-09,49,474,0
north,SKU0024,2024-10,55,419,0
north,SKU0024,2024-11,62,357,0
north,SKU0024,2024-12,84,273,0
north,SKU0024,2024-13,78,195,0
north,SKU0024,2024-14,52,143,0
north,SKU0024,2024-15,63,380,300
north,SKU0024,2024-16,61,319,0
north,SKU0024,2024-17,66,253,0
north,SKU0024,2024-18,57,196,0
north,SKU0024,2024-19,48,148,0
north,SKU0024,2024-20,69,379,300
north,SKU0024,2024-21,57,322,0
north,SKU0024,2024-22,39,283,0
north,SKU0024,2024-23,41,242,0
north,SKU0024,2024-24,53,189,0
north,SKU0024,2024-25,42,147,0
north,SKU0024,2024-26,39,108,0
north,SKU0024,2024-27,47,261,200
north,SKU0024,2024-28,37,224,0
north,SKU0024,2024-29,38,186,0
north,SKU0024,2024-30,55,131,0
north,SKU0024,2024-31,41,290,200
north,SKU0024,2024-32,26,264,0
north,SKU0024,2024-33,29,235,0
north,SKU0024,2024-34,27,208,0
north,SKU0024,2024-35,27,181,0
north,SKU0024,2024-36,31,150,0
north,SKU0024,2024-37,36,114,0
north,SKU0024,2024-38,35,279,200
north,SKU0024,2024-39,23,256,0
north,SKU0024,2024-40,17,239,0
north,SKU0024,2024-41,29,210,0
north,SKU0024,2024-42,34,176,0
north,SKU0024,2024-43,27,149,0
north,SKU0024,2024-44,16,133,0
north,SKU0024,2024-45,25,108,0
north,SKU0024,2024-46,26,382,300
north,SKU0024,2024-47,17,365,0
north,SKU0024,2024-48,18,347,0
north,SKU0024,2024-49,29,318,0
north,SKU0024,2024-50,28,290,0
north,SKU0024,2024-51,23,267,0
north,SKU0025,2023-22,2,536,0
north,SKU0025,2023-23,4,532,0
north,SKU0025,2023-24,6,526,0
north,SKU0025,2023-25,6,520,0
north,SKU0025,2023-26,7,513,0
north,SKU0025,2023-27,11,502,0
north,SKU0025,2023-28,5,497,0
north,SKU0025,2023-29,12,485,0
north,SKU0025,2023-30,12,473,0
north,SKU0025,2023-31,5,468,0
north,SKU0025,2023-32,8,460,0
north,SKU0025,2023-33,13,447,0
north,SKU0025,2023-34,18,429,0
north,SKU0025,2023-35,11,418,0
north,SKU0025,2023-36,14,404,0
north,SKU0025,2023-37,15,389,0
north,SKU0025,2023-38,10,379,0
north,SKU0025,2023-39,13,366,0
north,SKU0025,2023-40,24,342,0
north,SKU0025,2023-41,15,327,0
north,SKU0025,2023-42,19,308,0
north,SKU0025,2023-43,21,287,0
north,SKU0025,2023-44,15,272,0
north,SKU0025,2023-45,24,248,0
north,SKU0025,2023-46,21,227,0
north,SKU0025,2023-47,20,207,0
north,SKU0025,2023-48,20,187,0
north,SKU0025,2023-49,37,150,0
north,SKU0025,2023-50,22,128,0
north,SKU0025,2023-51,35,293,200
north,SKU0025,2023-52,47,246,0
north,SKU0025,2024-01,36,210,0
north,SKU0025,2024-02,42,168,0
north,SKU0025,2024-03,39,129,0
north,SKU0025,2024-04,39,290,200
north,SKU0025,2024-05,48,242,0
north,SKU0025,2024-06,43,199,0
north,SKU0025,2024-07,47,152,0
north,SKU0025,2024-08,34,118,0
north,SKU0025,2024-09,56,362,300
north,SKU0025,2024-10,60,302,0
north,SKU0025,2024-11,43,259,0
north,SKU0025,2024-12,66,193,0
north,SKU0025,2024-13,66,127,0
north,SKU0025,2024-14,52,275,200
north,SKU0025,2024-15,42,233,0
north,SKU0025,2024-16,48,185,0
north,SKU0025,2024-17,59,126,0
north,SKU0025,2024-18,72,554,500
north,SKU0025,2024-19,65,489,0
north,SKU0025,2024-20,31,458,0
north,SKU0025,2024-21,61,397,0
north,SKU0025,2024-22,44,353,0
north,SKU0025,2024-23,36,317,0
north,SKU0025,2024-24,57,260,0
north,SKU0025,2024-25,46,214,0
north,SKU0025,2024-26,35,179,0
north,SKU0025,2024-27,39,140,0
north,SKU0025,2024-28,55,585,500
north,SKU0025,2024-29,34,551,0
north,SKU0025,2024-30,35,516,0
north,SKU0025,2024-31,40,476,0
north,SKU0025,2024-32,42,434,0
north,SKU0025,2024-33,28,406,0
north,SKU0025,2024-34,21,385,0
north,SKU0025,2024-35,23,362,0
north,SKU0025,2024-36,40,322,0
north,SKU0025,2024-37,32,290,0
north,SKU0025,2024-38,27,263,0
north,SKU0025,2024-39,29,234,0
north,SKU0025,2024-40,30,204,0
north,SKU0025,2024-41,26,178,0
north,SKU0025,2024-42,38,140,0
north,SKU0025,2024-43,42,298,200
north,SKU0025,2024-44,24,274,0
north,SKU0025,2024-45,32,242,0
north,SKU0025,2024-46,30,212,0
north,SKU0025,2024-47,26,186,0
north,SKU0025,2024-48,28,158,0
north,SKU0025,2024-49,22,136,0
north,SKU0025,2024-50,26,110,0
north,SKU0025,2024-51,26,284,200
north,SKU0026,2023-13,1,330,0
north,SKU0026,2023-14,5,325,0
north,SKU0026,2023-15,11,314,0
north,SKU0026,2023-16,2,312,0
north,SKU0026,2023-17,12,300,0
north,SKU0026,2023-18,14,286,0
north,SKU0026,2023-19,12,274,0
north,SKU0026,2023-20,10,264,0
north,SKU0026,2023-21,16,248,0
north,SKU0026,2023-22,12,236,0
north,SKU0026,2023-23,21,215,0
north,SKU0026,2023-24,22,193,0
north,SKU0026,2023-25,25,168,0
north,SKU0026,2023-26,25,143,0
north,SKU0026,2023-27,24,119,0
north,SKU0026,2023-28,29,390,300
north,SKU0026,2023-29,30,360,0
north,SKU0026,2023-30,27,333,0
north,SKU0026,2023-31,23,310,0
north,SKU0026,2023-32,39,271,0
north,SKU0026,2023-33,30,241,0
north,SKU0026,2023-34,27,214,0
north,SKU0026,2023-35,25,189,0
north,SKU0026,2023-36,39,150,0
north,SKU0026,2023-37,28,122,0
north,SKU0026,2023-38,36,586,500
north,SKU0026,2023-39,35,551,0
north,SKU0026,2023-40,36,515,0
north,SKU0026,2023-41,53,462,0
north,SKU0026,2023-42,23,439,0
north,SKU0026,2023-43,55,384,0
north,SKU0026,2023-44,36,348,0
north,SKU0026,2023-45,49,299,0
north,SKU0026,2023-46,46,253,0
north,SKU0026,2023-47,20,233,0
north,SKU0026,2023-48,49,184,0
north,SKU0026,2023-49,40,144,0
north,SKU0026,2023-50,55,589,500
north,SKU0026,2023-51,28,561,0
north,SKU0026,2023-52,39,522,0
north,SKU0026,2024-01,38,484,0
north,SKU0026,2024-02,38,446,0
north,SKU0026,2024-03,25,421,0
north,SKU0026,2024-04,43,378,0
north,SKU0026,2024-05,38,340,0
north,SKU0026,2024-06,45,295,0
north,SKU0026,2024-07,56,239,0
north,SKU0026,2024-08,50,189,0
north,SKU0026,2024-09,40,149,0
north,SKU0026,2024-10,47,102,0
north,SKU0026,2024-11,50,252,200
north,SKU0026,2024-12,42,210,0
north,SKU0026,2024-13,49,161,0
north,SKU0026,2024-14,40,121,0
north,SKU0026,2024-15,36,385,300
north,SKU0026,2024-16,46,339,0
north,SKU0026,2024-17,31,308,0
north,SKU0026,2024-18,29,279,0
north,SKU0026,2024-19,38,241,0
north,SKU0026,2024-20,19,222,0
north,SKU0026,2024-21,33,189,0
north,SKU0026,2024-22,33,156,0
north,SKU0026,2024-23,35,121,0
north,SKU0026,2024-24,23,598,500
north,SKU0026,2024-25,36,562,0
north,SKU0026,2024-26,30,532,0
north,SKU0026,2024-27,27,505,0
north,SKU0026,2024-28,22,483,0
north,SKU0026,2024-29,26,457,0
north,SKU0026,2024-30,28,429,0
north,SKU0026,2024-31,17,412,0
north,SKU0026,2024-32,25,387,0
north,SKU0026,2024-33,32,355,0
north,SKU0026,2024-34,24,331,0
north,SKU0026,2024-35,17,314,0
north,SKU0026,2024-36,28,286,0
north,SKU0026,2024-37,26,260,0
north,SKU0026,2024-38,15,245,0
north,SKU0026,2024-39,21,224,0
north,SKU0026,2024-40,23,201,0
north,SKU0026,2024-41,25,176,0
north,SKU0026,2024-42,13,163,0
north,SKU0026,2024-43,16,147,0
north,SKU0026,2024-44,16,131,0
north,SKU0026,2024-45,21,110,0
north,SKU0026,2024-46,8,102,0
north,SKU0026,2024-47,20,582,500
north,SKU0026,2024-48,16,566,0
north,SKU0026,2024-49,18,548,0
north,SKU0026,2024-50,13,535,0
north,SKU0026,2024-51,13,522,0
north,SKU0027,2023-13,2,399,0
north,SKU0027,2023-14,1,398,0
north,SKU0027,2023-15,1,397,0
north,SKU0027,2023-17,5,392,0
north,SKU0027,2023-18,3,389,0
north,SKU0027,2023-19,4,385,0
north,SKU0027,2023-20,11,374,0
north,SKU0027,2023-21,9,365,0
north,SKU0027,2023-22,8,357,0
north,SKU0027,2023-23,6,351,0
north,SKU0027,2023-24,12,339,0
north,SKU0027,2023-25,15,324,0
north,SKU0027,2023-26,13,311,0
north,SKU0027,2023-27,13,298,0
north,SKU0027,2023-28,10,288,0
north,SKU0027,2023-29,8,280,0
north,SKU0027,2023-30,7,273,0
north,SKU0027,2023-31,10,263,0
north,SKU0027,2023-32,12,251,0
north,SKU0027,2023-33,14,237,0
north,SKU0027,2023-34,21,216,0
north,SKU0027,2023-35,26,190,0
north,SKU0027,2023-36,9,181,0
north,SKU0027,2023-37,16,165,0
north,SKU0027,2023-38,21,144,0
north,SKU0027,2023-39,24,120,0
north,SKU0027,2023-40,11,109,0
north,SKU0027,2023-41,7,102,0
north,SKU0027,2023-42,26,376,300
north,SKU0027,2023-43,22,354,0
north,SKU0027,2023-44,15,339,0
north,SKU0027,2023-45,14,325,0
north,SKU0027,2023-46,15,310,0
north,SKU0027,2023-47,18,292,0
north,SKU0027,2023-48,29,263,0
north,SKU0027,2023-49,30,233,0
north,SKU0027,2023-50,18,215,0
north,SKU0027,2023-51,31,184,0
north,SKU0027,2023-52,25,159,0
north,SKU0027,2024-01,31,128,0
north,SKU0027,2024-02,23,105,0
north,SKU0027,2024-03,34,571,500
north,SKU0027,2024-04,45,526,0
north,SKU0027,2024-05,30,496,0
north,SKU0027,2024-06,46,450,0
north,SKU0027,2024-07,33,417,0
north,SKU0027,2024-08,49,368,0
north,SKU0027,2024-09,51,317,0
north,SKU0027,2024-10,46,271,0
north,SKU0027,2024-11,47,224,0
north,SKU0027,2024-12,46,178,0
north,SKU0027,2024-13,27,151,0
north,SKU0027,2024-14,52,599,500
north,SKU0027,2024-15,51,548,0
north,SKU0027,2024-16,61,487,0
north,SKU0027,2024-17,30,457,0
north,SKU0027,2024-18,47,410,0
north,SKU0027,2024-19,64,346,0
north,SKU0027,2024-20,73,273,0
north,SKU0027,2024-21,54,219,0
north,SKU0027,2024-22,51,168,0
north,SKU0027,2024-23,50,118,0
north,SKU0027,2024-24,50,368,300
north,SKU0027,2024-25,32,336,0
north,SKU0027,2024-26,47,289,0
north,SKU0027,2024-27,58,231,0
north,SKU0027,2024-28,46,185,0
north,SKU0027,2024-29,43,142,0
north,SKU0027,2024-30,39,103,0
north,SKU0027,2024-31,29,574,500
north,SKU0027,2024-32,43,531,0
north,SKU0027,2024-33,41,490,0
north,SKU0027,2024-34,50,440,0
north,SKU0027,2024-35,45,395,0
north,SKU0027,2024-36,34,361,0
north,SKU0027,2024-37,36,325,0
north,SKU0027,2024-38,47,278,0
north,SKU0027,2024-39,35,243,0
north,SKU0027,2024-40,37,206,0
north,SKU0027,2024-41,46,160,0
north,SKU0027,2024-42,47,113,0
north,SKU0027,2024-43,47,266,200
north,SKU0027,2024-44,18,248,0
north,SKU0027,2024-45,32,216,0
north,SKU0027,2024-46,40,176,0
north,SKU0027,2024-47,39,137,0
north,SKU0027,2024-48,49,288,200
north,SKU0027,2024-49,58,230,0
north,SKU0027,2024-50,36,194,0
north,SKU0027,2024-51,41,153,0
north,SKU0028,2023-25,4,437,0
north,SKU0028,2023-26,4,433,0
north,SKU0028,2023-27,1,432,0
north,SKU0028,2023-28,4,428,0
north,SKU0028,2023-29,7,421,0
north,SKU0028,2023-30,14,407,0
north,SKU0028,2023-31,10,397,0
north,SKU0028,2023-32,9,388,0
north,SKU0028,2023-33,11,377,0
north,SKU0028,2023-34,12,365,0
north,SKU0028,2023-35,17,348,0
north,SKU0028,2023-36,9,339,0
north,SKU0028,2023-37,25,314,0
north,SKU0028,2023-38,14,300,0
north,SKU0028,2023-39,25,275,0
north,SKU0028,2023-40,15,260,0
north,SKU0028,2023-41,34,226,0
north,SKU0028,2023-42,17,209,0
north,SKU0028,2023-43,25,184,0
north,SKU0028,2023-44,26,158,0
north,SKU0028,2023-45,22,136,0
north,SKU0028,2023-46,45,391,300
north,SKU0028,2023-47,27,364,0
north,SKU0028,2023-48,63,301,0
north,SKU0028,2023-49,33,268,0
north,SKU0028,2023-50,32,236,0
north,SKU0028,2023-51,59,177,0
north,SKU0028,2023-52,63,114,0
north,SKU0028,2024-01,45,369,300
north,SKU0028,2024-02,65,304,0
north,SKU0028,2024-03,50,254,0
north,SKU0028,2024-04,49,205,0
north,SKU0028,2024-05,73,132,0
north,SKU0028,2024-06,61,271,200
north,SKU0028,2024-07,57,214,0
north,SKU0028,2024-08,47,167,0
north,SKU0028,2024-09,65,102,0
north,SKU0028,2024-10,72,530,500
north,SKU0028,2024-11,55,475,0
north,SKU0028,2024-12,61,414,0
north,SKU0028,2024-13,70,344,0
north,SKU0028,2024-14,73,271,0
north,SKU0028,2024-15,64,207,0
north,SKU0028,2024-16,52,155,0
north,SKU0028,2024-17,82,273,200
north,SKU0028,2024-18,44,229,0
north,SKU0028,2024-19,36,193,0
north,SKU0028,2024-20,41,152,0
north,SKU0028,2024-21,43,109,0
north,SKU0028,2024-22,50,559,500
north,SKU0028,2024-23,30,529,0
north,SKU0028,2024-24,25,504,0
north,SKU0028,2024-25,45,459,0
north,SKU0028,2024-26,35,424,0
north,SKU0028,2024-27,31,393,0
north,SKU0028,2024-28,43,350,0
north,SKU0028,2024-29,59,291,0
north,SKU0028,2024-30,30,261,0
north,SKU0028,2024-31,36,225,0
north,SKU0028,2024-32,36,189,0
north,SKU0028,2024-33,29,160,0
north,SKU0028,2024-34,23,137,0
north,SKU0028,2024-35,32,105,0
north,SKU0028,2024-36,25,280,200
north,SKU0028,2024-37,27,253,0
north,SKU0028,2024-38,20,233,0
north,SKU0028,2024-39,23,210,0
north,SKU0028,2024-40,23,187,0
north,SKU0028,2024-41,23,164,0
north,SKU0028,2024-42,26,138,0
north,SKU0028,2024-43,4,134,0
north,SKU0028,2024-44,20,114,0
north,SKU0028,2024-45,34,580,500
north,SKU0028,2024-46,30,550,0
north,SKU0028,2024-47,39,511,0
north,SKU0028,2024-48,23,488,0
north,SKU0028,2024-49,37,451,0
north,SKU0028,2024-50,26,425,0
north,SKU0028,2024-51,33,392,0
north,SKU0029,2023-31,4,543,0
north,SKU0029,2023-32,9,534,0
north,SKU0029,2023-33,8,526,0
north,SKU0029,2023-34,12,514,0
north,SKU0029,2023-35,18,496,0
north,SKU0029,2023-36,21,475,0
north,SKU0029,2023-37,20,455,0
north,SKU0029,2023-38,12,443,0
north,SKU0029,2023-39,20,423,0
north,SKU0029,2023-40,29,394,0
north,SKU0029,2023-41,36,358,0
north,SKU0029,2023-42,34,324,0
north,SKU0029,2023-43,51,273,0
north,SKU0029,2023-44,35,238,0
north,SKU0029,2023-45,43,195,0
north,SKU0029,2023-46,37,158,0
north,SKU0029,2023-47,56,102,0
north,SKU0029,2023-48,32,370,300
north,SKU0029,2023-49,40,330,0
north,SKU0029,2023-50,36,294,0
north,SKU0029,2023-51,33,261,0
north,SKU0029,2023-52,49,212,0
north,SKU0029,2024-01,39,173,0
north,SKU0029,2024-02,45,128,0
north,SKU0029,2024-03,38,290,200
north,SKU0029,2024-04,44,246,0
north,SKU0029,2024-05,43,203,0
north,SKU0029,2024-06,45,158,0
north,SKU0029,2024-07,42,116,0
north,SKU0029,2024-08,57,559,500
north,SKU0029,2024-09,58,501,0
north,SKU0029,2024-10,36,465,0
north,SKU0029,2024-11,44,421,0
north,SKU0029,2024-12,39,382,0
north,SKU0029,2024-13,42,340,0
north,SKU0029,2024-14,38,302,0
north,SKU0029,2024-15,47,255,0
north,SKU0029,2024-16,28,227,0
north,SKU0029,2024-17,36,191,0
north,SKU0029,2024-18,36,155,0
north,SKU0029,2024-19,38,117,0
north,SKU0029,2024-20,33,284,200
north,SKU0029,2024-21,41,243,0
north,SKU0029,2024-22,29,214,0
north,SKU0029,2024-23,37,177,0
north,SKU0029,2024-24,21,156,0
north,SKU0029,2024-25,35,121,0
north,SKU0029,2024-26,25,296,200
north,SKU0029,2024-27,22,274,0
north,SKU0029,2024-28,23,251,0
north,SKU0029,2024-29,32,219,0
north,SKU0029,2024-30,17,202,0
north,SKU0029,2024-31,20,182,0
north,SKU0029,2024-32,24,158,0
north,SKU0029,2024-33,15,143,0
north,SKU0029,2024-34,13,130,0
north,SKU0029,2024-35,18,112,0
north,SKU0029,2024-36,19,293,200
north,SKU0029,2024-37,11,282,0
north,SKU0029,2024-38,24,258,0
north,SKU0029,2024-39,15,243,0
north,SKU0029,2024-40,13,230,0
north,SKU0029,2024-41,19,211,0
north,SKU0029,2024-42,12,199,0
north,SKU0029,2024-43,27,172,0
north,SKU0029,2024-44,20,152,0
north,SKU0029,2024-45,20,132,0
north,SKU0029,2024-46,27,105,0
north,SKU0029,2024-47,14,391,300
north,SKU0029,2024-48,21,370,0
north,SKU0029,2024-49,16,354,0
north,SKU0029,2024-50,10,344,0
north,SKU0029,2024-51,19,325,0
north,SKU0030,2023-14,1,315,0
north,SKU0030,2023-15,1,314,0
north,SKU0030,2023-16,5,309,0
north,SKU0030,2023-17,6,303,0
north,SKU0030,2023-18,4,299,0
north,SKU0030,2023-19,7,292,0
north,SKU0030,2023-20,9,283,0
north,SKU0030,2023-21,8,275,0
north,SKU0030,2023-22,7,268,0
north,SKU0030,2023-23,9,259,0
north,SKU0030,2023-24,6,253,0
north,SKU0030,2023-25,8,245,0
north,SKU0030,2023-26,8,237,0
north,SKU0030,2023-27,15,222,0
north,SKU0030,2023-28,13,209,0
north,SKU0030,2023-29,12,197,0
north,SKU0030,2023-30,14,183,0
north,SKU0030,2023-31,19,164,0
north,SKU0030,2023-32,17,147,0
north,SKU0030,2023-33,21,126,0
north,SKU0030,2023-34,13,113,0
north,SKU0030,2023-35,17,396,300
north,SKU0030,2023-36,20,376,0
north,SKU0030,2023-37,23,353,0
north,SKU0030,2023-38,19,334,0
north,SKU0030,2023-39,16,318,0
north,SKU0030,2023-40,24,294,0
north,SKU0030,2023-41,19,275,0
north,SKU0030,2023-42,20,255,0
north,SKU0030,2023-43,16,239,0
north,SKU0030,2023-44,30,209,0
north,SKU0030,2023-45,15,194,0
north,SKU0030,2023-46,30,164,0
north,SKU0030,2023-47,33,131,0
north,SKU0030,2023-48,21,110,0
north,SKU0030,2023-49,15,395,300
north,SKU0030,2023-50,31,364,0
north,SKU0030,2023-51,32,332,0
north,SKU0030,2023-52,39,293,0
north,SKU0030,2024-01,35,258,0
north,SKU0030,2024-02,39,219,0
north,SKU0030,2024-03,47,172,0
north,SKU0030,2024-04,45,127,0
north,SKU0030,2024-05,32,295,200
north,SKU0030,2024-06,49,246,0
north,SKU0030,2024-07,55,191,0
north,SKU0030,2024-08,54,137,0
north,SKU0030,2024-09,35,102,0
north,SKU0030,2024-10,56,246,200
north,SKU0030,2024-11,58,188,0
north,SKU0030,2024-12,55,133,0
north,SKU0030,2024-13,41,292,200
north,SKU0030,2024-14,55,237,0
north,SKU0030,2024-15,70,167,0
north,SKU0030,2024-16,56,111,0
north,SKU0030,2024-17,52,559,500
north,SKU0030,2024-18,48,511,0
north,SKU0030,2024-19,66,445,0
north,SKU0030,2024-20,46,399,0
north,SKU0030,2024-21,43,356,0
north,SKU0030,2024-22,48,308,0
north,SKU0030,2024-23,70,238,0
north,SKU0030,2024-24,49,189,0
north,SKU0030,2024-25,49,140,0
north,SKU0030,2024-26,32,108,0
north,SKU0030,2024-27,43,265,200
north,SKU0030,2024-28,40,225,0
north,SKU0030,2024-29,50,175,0
north,SKU0030,2024-30,40,135,0
north,SKU0030,2024-31,37,398,300
north,SKU0030,2024-32,26,372,0
north,SKU0030,2024-33,36,336,0
north,SKU0030,2024-34,42,294,0
north,SKU0030,2024-35,31,263,0
north,SKU0030,2024-36,32,231,0
north,SKU0030,2024-37,35,196,0
north,SKU0030,2024-38,42,154,0
north,SKU0030,2024-39,28,126,0
north,SKU0030,2024-40,35,291,200
north,SKU0030,2024-41,28,263,0
north,SKU0030,2024-42,38,225,0
north,SKU0030,2024-43,36,189,0
north,SKU0030,2024-44,28,161,0
north,SKU0030,2024-45,38,123,0
north,SKU0030,2024-46,30,593,500
north,SKU0030,2024-47,22,571,0
north,SKU0030,2024-48,29,542,0
north,SKU0030,2024-49,35,507,0
north,SKU0030,2024-50,37,470,0
north,SKU0030,2024-51,34,436,0
north,SKU0031,2023-22,1,450,0
north,SKU0031,2023-23,4,446,0
north,SKU0031,2023-24,5,441,0
north,SKU0031,2023-25,6,435,0
north,SKU0031,2023-26,3,432,0
north,SKU0031,2023-27,8,424,0
north,SKU0031,2023-28,12,412,0
north,SKU0031,2023-29,14,398,0
north,SKU0031,2023-30,8,390,0
north,SKU0031,2023-31,13,377,0
north,SKU0031,2023-32,11,366,0
north,SKU0031,2023-33,9,357,0
north,SKU0031,2023-34,14,343,0
north,SKU0031,2023-35,11,332,0
north,SKU0031,2023-36,10,322,0
north,SKU0031,2023-37,14,308,0
north,SKU0031,2023-38,16,292,0
north,SKU0031,2023-39,12,280,0
north,SKU0031,2023-40,20,260,0
north,SKU0031,2023-41,22,238,0
north,SKU0031,2023-42,25,213,0
north,SKU0031,2023-43,19,194,0
north,SKU0031,2023-44,18,176,0
north,SKU0031,2023-45,9,167,0
north,SKU0031,2023-46,17,150,0
north,SKU0031,2023-47,21,129,0
north,SKU0031,2023-48,14,115,0
north,SKU0031,2023-49,29,286,200
north,SKU0031,2023-50,30,256,0
north,SKU0031,2023-51,46,210,0
north,SKU0031,2023-52,38,172,0
north,SKU0031,2024-01,29,143,0
north,SKU0031,2024-02,28,115,0
north,SKU0031,2024-03,42,573,500
north,SKU0031,2024-04,29,544,0
north,SKU0031,2024-05,30,514,0
north,SKU0031,2024-06,48,466,0
north,SKU0031,2024-07,48,418,0
north,SKU0031,2024-08,43,375,0
north,SKU0031,2024-09,38,337,0
north,SKU0031,2024-10,36,301,0
north,SKU0031,2024-11,41,260,0
north,SKU0031,2024-12,60,200,0
north,SKU0031,2024-13,33,167,0
north,SKU0031,2024-14,73,594,500
north,SKU0031,2024-15,65,529,0
north,SKU0031,2024-16,62,467,0
north,SKU0031,2024-17,46,421,0
north,SKU0031,2024-18,59,362,0
north,SKU0031,2024-19,71,291,0
north,SKU0031,2024-20,52,239,0
north,SKU0031,2024-21,54,185,0
north,SKU0031,2024-22,43,142,0
north,SKU0031,2024-23,54,288,200
north,SKU0031,2024-24,47,241,0
north,SKU0031,2024-25,39,202,0
north,SKU0031,2024-26,34,168,0
north,SKU0031,2024-27,27,141,0
north,SKU0031,2024-28,34,107,0
north,SKU0031,2024-29,40,367,300
north,SKU0031,2024-30,26,341,0
north,SKU0031,2024-31,27,314,0
north,SKU0031,2024-32,32,282,0
north,SKU0031,2024-33,26,256,0
north,SKU0031,2024-34,29,227,0
north,SKU0031,2024-35,33,194,0
north,SKU0031,2024-36,31,163,0
north,SKU0031,2024-37,18,145,0
north,SKU0031,2024-38,20,125,0
north,SKU0031,2024-39,39,586,500
north,SKU0031,2024-40,18,568,0
north,SKU0031,2024-41,27,541,0
north,SKU0031,2024-42,26,515,0
north,SKU0031,2024-43,30,485,0
north,SKU0031,2024-44,28,457,0
north,SKU0031,2024-45,27,430,0
north,SKU0031,2024-46,34,396,0
north,SKU0031,2024-47,19,377,0
north,SKU0031,2024-48,34,343,0
north,SKU0031,2024-49,32,311,0
north,SKU0031,2024-50,27,284,0
north,SKU0031,2024-51,24,260,0
north,SKU0032,2023-05,1,431,0
north,SKU0032,2023-06,3,428,0
north,SKU0032,2023-07,4,424,0
north,SKU0032,2023-08,3,421,0
north,SKU0032,2023-09,5,416,0
north,SKU0032,2023-10,8,408,0
north,SKU0032,2023-11,5,403,0
north,SKU0032,2023-12,4,399,0
north,SKU0032,2023-13,5,394,0
north,SKU0032,2023-14,9,385,0
north,SKU0032,2023-15,15,370,0
north,SKU0032,2023-16,8,362,0
north,SKU0032,2023-17,11,351,0
north,SKU0032,2023-18,12,339,0
north,SKU0032,2023-19,17,322,0
north,SKU0032,2023-20,14,308,0
north,SKU0032,2023-21,8,300,0
north,SKU0032,2023-22,19,281,0
north,SKU0032,2023-23,15,266,0
north,SKU0032,2023-24,11,255,0
north,SKU0032,2023-25,21,234,0
north,SKU0032,2023-26,14,220,0
north,SKU0032,2023-27,17,203,0
north,SKU0032,2023-28,20,183,0
north,SKU0032,2023-29,24,159,0
north,SKU0032,2023-30,15,144,0
north,SKU0032,2023-31,18,126,0
north,SKU0032,2023-32,23,103,0
north,SKU0032,2023-33,19,284,200
north,SKU0032,2023-34,27,257,0
north,SKU0032,2023-35,12,245,0
north,SKU0032,2023-36,18,227,0
north,SKU0032,2023-37,27,200,0
north,SKU0032,2023-38,22,178,0
north,SKU0032,2023-39,13,165,0
north,SKU0032,2023-40,24,141,0
north,SKU0032,2023-41,32,109,0
north,SKU0032,2023-42,24,385,300
north,SKU0032,2023-43,19,366,0
north,SKU0032,2023-44,29,337,0
north,SKU0032,2023-45,25,312,0
north,SKU0032,2023-46,29,283,0
north,SKU0032,2023-47,27,256,0
north,SKU0032,2023-48,44,212,0
north,SKU0032,2023-49,41,171,0
north,SKU0032,2023-50,26,145,0
north,SKU0032,2023-51,35,110,0
north,SKU0032,2023-52,36,574,500
north,SKU0032,2024-01,43,531,0
north,SKU0032,2024-02,31,500,0
north,SKU0032,2024-03,35,465,0
north,SKU0032,2024-04,46,419,0
north,SKU0032,2024-05,54,365,0
north,SKU0032,2024-06,54,311,0
north,SKU0032,2024-07,60,251,0
north,SKU0032,2024-08,47,204,0
north,SKU0032,2024-09,56,148,0
north,SKU0032,2024-10,46,102,0
north,SKU0032,2024-11,55,547,500
north,SKU0032,2024-12,49,498,0
north,SKU0032,2024-13,49,449,0
north,SKU0032,2024-14,59,390,0
north,SKU0032,2024-15,64,326,0
north,SKU0032,2024-16,57,269,0
north,SKU0032,2024-17,69,200,0
north,SKU0032,2024-18,58,142,0
north,SKU0032,2024-19,43,299,200
north,SKU0032,2024-20,68,231,0
north,SKU0032,2024-21,44,187,0
north,SKU0032,2024-22,43,144,0
north,SKU0032,2024-23,54,290,200
north,SKU0032,2024-24,43,247,0
north,SKU0032,2024-25,40,207,0
north,SKU0032,2024-26,40,167,0
north,SKU0032,2024-27,32,135,0
north,SKU0032,2024-28,37,398,300
north,SKU0032,2024-29,34,364,0
north,SKU0032,2024-30,52,312,0
north,SKU0032,2024-31,25,287,0
north,SKU0032,2024-32,35,252,0
north,SKU0032,2024-33,29,223,0
north,SKU0032,2024-34,23,200,0
north,SKU0032,2024-35,22,178,0
north,SKU0032,2024-36,31,147,0
north,SKU0032,2024-37,21,126,0
north,SKU0032,2024-38,21,105,0
north,SKU0032,2024-39,26,379,300
north,SKU0032,2024-40,18,361,0
north,SKU0032,2024-41,26,335,0
north,SKU0032,2024-42,26,309,0
north,SKU0032,2024-43,25,284,0
north,SKU0032,2024-44,30,254,0
north,SKU0032,2024-45,20,234,0
north,SKU0032,2024-46,18,216,0
north,SKU0032,2024-47,14,202,0
north,SKU0032,2024-48,22,180,0
north,SKU0032,2024-49,39,141,0
north,SKU0032,2024-50,15,126,0
north,SKU0032,2024-51,20,106,0
north,SKU0033,2023-29,1,457,0
north,SKU0033,2023-30,7,450,0
north,SKU0033,2023-31,7,443,0
north,SKU0033,2023-32,12,431,0
north,SKU0033,2023-33,13,418,0
north,SKU0033,2023-34,10,408,0
north,SKU0033,2023-35,10,398,0
north,SKU0033,2023-36,12,386,0
north,SKU0033,2023-37,15,371,0
north,SKU0033,2023-38,24,347,0
north,SKU0033,2023-39,20,327,0
north,SKU0033,2023-40,18,309,0
north,SKU0033,2023-41,21,288,0
north,SKU0033,2023-42,24,264,0
north,SKU0033,2023-43,38,226,0
north,SKU0033,2023-44,22,204,0
north,SKU0033,2023-45,29,175,0
north,SKU0033,2023-46,33,142,0
north,SKU0033,2023-47,38,104,0
north,SKU0033,2023-48,54,550,500
north,SKU0033,2023-49,40,510,0
north,SKU0033,2023-50,55,455,0
north,SKU0033,2023-51,39,416,0
north,SKU0033,2023-52,69,347,0
north,SKU0033,2024-01,62,285,0
north,SKU0033,2024-02,62,223,0
north,SKU0033,2024-03,52,171,0
north,SKU0033,2024-04,47,124,0
north,SKU0033,2024-05,53,271,200
north,SKU0033,2024-06,34,237,0
north,SKU0033,2024-07,51,186,0
north,SKU0033,2024-08,36,150,0
north,SKU0033,2024-09,55,595,500
north,SKU0033,2024-10,55,540,0
north,SKU0033,2024-11,53,487,0
north,SKU0033,2024-12,57,430,0
north,SKU0033,2024-13,66,364,0
north,SKU0033,2024-14,51,313,0
north,SKU0033,2024-15,44,269,0
north,SKU0033,2024-16,49,220,0
north,SKU0033,2024-17,45,175,0
north,SKU0033,2024-18,55,120,0
north,SKU0033,2024-19,43,377,300
north,SKU0033,2024-20,56,321,0
north,SKU0033,2024-21,57,264,0
north,SKU0033,2024-22,40,224,0
north,SKU0033,2024-23,64,160,0
north,SKU0033,2024-24,34,126,0
north,SKU0033,2024-25,47,379,300
north,SKU0033,2024-26,26,353,0
north,SKU0033,2024-27,40,313,0
north,SKU0033,2024-28,34,279,0
north,SKU0033,2024-29,27,252,0
north,SKU0033,2024-30,30,222,0
north,SKU0033,2024-31,33,189,0
north,SKU0033,2024-32,32,157,0
north,SKU0033,2024-33,30,127,0
north,SKU0033,2024-34,33,294,200
north,SKU0033,2024-35,33,261,0
north,SKU0033,2024-36,24,237,0
north,SKU0033,2024-37,32,205,0
north,SKU0033,2024-38,31,174,0
north,SKU0033,2024-39,24,150,0
north,SKU0033,2024-40,27,123,0
north,SKU0033,2024-41,32,391,300
north,SKU0033,2024-42,27,364,0
north,SKU0033,2024-43,21,343,0
north,SKU0033,2024-44,24,319,0
north,SKU0033,2024-45,41,278,0
north,SKU0033,2024-46,26,252,0
north,SKU0033,2024-47,31,221,0
north,SKU0033,2024-48,27,194,0
north,SKU0033,2024-49,19,175,0
north,SKU0033,2024-50,24,151,0
north,SKU0033,2024-51,29,122,0
north,SKU0034,2023-24,1,546,0
north,SKU0034,2023-25,3,543,0
north,SKU0034,2023-26,4,539,0
north,SKU0034,2023-27,3,536,0
north,SKU0034,2023-28,9,527,0
north,SKU0034,2023-29,5,522,0
north,SKU0034,2023-30,5,517,0
north,SKU0034,2023-31,10,507,0
north,SKU0034,2023-32,4,503,0
north,SKU0034,2023-33,8,495,0
north,SKU0034,2023-34,9,486,0
north,SKU0034,2023-35,7,479,0
north,SKU0034,2023-36,14,465,0
north,SKU0034,2023-37,15,450,0
north,SKU0034,2023-38,10,440,0
north,SKU0034,2023-39,11,429,0
north,SKU0034,2023-40,10,419,0
north,SKU0034,2023-41,12,407,0
north,SKU0034,2023-42,16,391,0
north,SKU0034,2023-43,12,379,0
north,SKU0034,2023-44,20,359,0
north,SKU0034,2023-45,16,343,0
north,SKU0034,2023-46,20,323,0
north,SKU0034,2023-47,8,315,0
north,SKU0034,2023-48,15,300,0
north,SKU0034,2023-49,22,278,0
north,SKU0034,2023-50,22,256,0
north,SKU0034,2023-51,28,228,0
north,SKU0034,2023-52,29,199,0
north,SKU0034,2024-01,27,172,0
north,SKU0034,2024-02,20,152,0
north,SKU0034,2024-03,33,119,0
north,SKU0034,2024-04,36,383,300
north,SKU0034,2024-05,34,349,0
north,SKU0034,2024-06,40,309,0
north,SKU0034,2024-07,48,261,0
north,SKU0034,2024-08,49,212,0
north,SKU0034,2024-09,59,153,0
north,SKU0034,2024-10,45,108,0
north,SKU0034,2024-11,52,356,300
north,SKU0034,2024-12,45,311,0
north,SKU0034,2024-13,44,267,0
north,SKU0034,2024-14,51,216,0
north,SKU0034,2024-15,45,171,0
north,SKU0034,2024-16,41,130,0
north,SKU0034,2024-17,55,375,300
north,SKU0034,2024-18,41,334,0
north,SKU0034,2024-19,40,294,0
north,SKU0034,2024-20,58,236,0
north,SKU0034,2024-21,47,189,0
north,SKU0034,2024-22,44,145,0
north,SKU0034,2024-23,57,288,200
north,SKU0034,2024-24,61,227,0
north,SKU0034,2024-25,51,176,0
north,SKU0034,2024-26,35,141,0
north,SKU0034,2024-27,67,274,200
north,SKU0034,2024-28,36,238,0
north,SKU0034,2024-29,32,206,0
north,SKU0034,2024-30,50,156,0
north,SKU0034,2024-31,44,112,0
north,SKU0034,2024-32,29,583,500
north,SKU0034,2024-33,25,558,0
north,SKU0034,2024-34,29,529,0
north,SKU0034,2024-35,24,505,0
north,SKU0034,2024-36,37,468,0
north,SKU0034,2024-37,28,440,0
north,SKU0034,2024-38,29,411,0
north,SKU0034,2024-39,30,381,0
north,SKU0034,2024-40,28,353,0
north,SKU0034,2024-41,23,330,0
north,SKU0034,2024-42,32,298,0
north,SKU0034,2024-43,34,264,0
north,SKU0034,2024-44,33,231,0
north,SKU0034,2024-45,31,200,0
north,SKU0034,2024-46,24,176,0
north,SKU0034,2024-47,26,150,0
north,SKU0034,2024-48,36,114,0
north,SKU0034,2024-49,38,376,300
north,SKU0034,2024-50,29,347,0
north,SKU0034,2024-51,23,324,0
north,SKU0035,2023-26,1,343,0
north,SKU0035,2023-27,5,338,0
north,SKU0035,2023-28,2,336,0
north,SKU0035,2023-29,4,332,0
north,SKU0035,2023-30,12,320,0
north,SKU0035,2023-31,10,310,0
north,SKU0035,2023-32,9,301,0
north,SKU0035,2023-33,14,287,0
north,SKU0035,2023-34,13,274,0
north,SKU0035,2023-35,16,258,0
north,SKU0035,2023-36,21,237,0
north,SKU0035,2023-37,17,220,0
north,SKU0035,2023-38,19,201,0
north,SKU0035,2023-39,23,178,0
north,SKU0035,2023-40,18,160,0
north,SKU0035,2023-41,21,139,0
north,SKU0035,2023-42,28,111,0
north,SKU0035,2023-43,30,281,200
north,SKU0035,2023-44,37,244,0
north,SKU0035,2023-45,34,210,0
north,SKU0035,2023-46,34,176,0
north,SKU0035,2023-47,40,136,0
north,SKU0035,2023-48,40,296,200
north,SKU0035,2023-49,38,258,0
north,SKU0035,2023-50,42,216,0
north,SKU0035,2023-51,49,167,0
north,SKU0035,2023-52,45,122,0
north,SKU0035,2024-01,51,271,200
north,SKU0035,2024-02,62,209,0
north,SKU0035,2024-03,64,145,0
north,SKU0035,2024-04,42,103,0
north,SKU0035,2024-05,54,249,200
north,SKU0035,2024-06,44,205,0
north,SKU0035,2024-07,41,164,0
north,SKU0035,2024-08,43,121,0
north,SKU0035,2024-09,48,273,200
north,SKU0035,2024-10,34,239,0
north,SKU0035,2024-11,53,186,0
north,SKU0035,2024-12,40,146,0
north,SKU0035,2024-13,34,112,0
north,SKU0035,2024-14,40,272,200
north,SKU0035,2024-15,36,236,0
north,SKU0035,2024-16,40,196,0
north,SKU0035,2024-17,45,151,0
north,SKU0035,2024-18,38,113,0
north,SKU0035,2024-19,55,358,300
north,SKU0035,2024-20,39,319,0
north,SKU0035,2024-21,42,277,0
north,SKU0035,2024-22,37,240,0
north,SKU0035,2024-23,41,199,0
north,SKU0035,2024-24,31,168,0
north,SKU0035,2024-25,22,146,0
north,SKU0035,2024-26,23,123,0
north,SKU0035,2024-27,33,590,500
north,SKU0035,2024-28,28,562,0
north,SKU0035,2024-29,19,543,0
north,SKU0035,2024-30,22,521,0
north,SKU0035,2024-31,33,488,0
north,SKU0035,2024-32,17,471,0
north,SKU0035,2024-33,30,441,0
north,SKU0035,2024-34,17,424,0
north,SKU0035,2024-35,36,388,0
north,SKU0035,2024-36,30,358,0
north,SKU0035,2024-37,17,341,0
north,SKU0035,2024-38,20,321,0
north,SKU0035,2024-39,14,307,0
north,SKU0035,2024-40,26,281,0
north,SKU0035,2024-41,15,266,0
north,SKU0035,2024-42,28,238,0
north,SKU0035,2024-43,18,220,0
north,SKU0035,2024-44,16,204,0
north,SKU0035,2024-45,16,188,0
north,SKU0035,2024-46,21,167,0
north,SKU0035,2024-47,14,153,0
north,SKU0035,2024-48,21,132,0
north,SKU0035,2024-49,22,110,0
north,SKU0035,2024-50,22,288,200
north,SKU0035,2024-51,19,269,0
north,SKU0036,2023-08,1,588,0
north,SKU0036,2023-09,1,587,0
north,SKU0036,2023-10,4,583,0
north,SKU0036,2023-11,5,578,0
north,SKU0036,2023-12,7,571,0
north,SKU0036,2023-13,6,565,0
north,SKU0036,2023-14,5,560,0
north,SKU0036,2023-15,11,549,0
north,SKU0036,2023-16,11,538,0
north,SKU0036,2023-17,11,527,0
north,SKU0036,2023-18,14,513,0
north,SKU0036,2023-19,10,503,0
north,SKU0036,2023-20,14,489,0
north,SKU0036,2023-21,8,481,0
north,SKU0036,2023-22,8,473,0
north,SKU0036,2023-23,12,461,0
north,SKU0036,2023-24,19,442,0
north,SKU0036,2023-25,15,427,0
north,SKU0036,2023-26,20,407,0
north,SKU0036,2023-27,9,398,0
north,SKU0036,2023-28,19,379,0
north,SKU0036,2023-29,15,364,0
north,SKU0036,2023-30,16,348,0
north,SKU0036,2023-31,8,340,0
north,SKU0036,2023-32,11,329,0
north,SKU0036,2023-33,23,306,0
north,SKU0036,2023-34,12,294,0
north,SKU0036,2023-35,24,270,0
north,SKU0036,2023-36,21,249,0
north,SKU0036,2023-37,24,225,0
north,SKU0036,2023-38,22,203,0
north,SKU0036,2023-39,22,181,0
north,SKU0036,2023-40,25,156,0
north,SKU0036,2023-41,21,135,0
north,SKU0036,2023-42,24,111,0
north,SKU0036,2023-43,19,392,300
north,SKU0036,2023-44,23,369,0
north,SKU0036,2023-45,27,342,0
north,SKU0036,2023-46,21,321,0
north,SKU0036,2023-47,31,290,0
north,SKU0036,2023-48,27,263,0
north,SKU0036,2023-49,42,221,0
north,SKU0036,2023-50,36,185,0
north,SKU0036,2023-51,46,139,0
north,SKU0036,2023-52,42,597,500
north,SKU0036,2024-01,27,570,0
north,SKU0036,2024-02,45,525,0
north,SKU0036,2024-03,42,483,0
north,SKU0036,2024-04,60,423,0
north,SKU0036,2024-05,63,360,0
north,SKU0036,2024-06,47,313,0
north,SKU0036,2024-07,51,262,0
north,SKU0036,2024-08,55,207,0
north,SKU0036,2024-09,50,157,0
north,SKU0036,2024-10,43,114,0
north,SKU0036,2024-11,55,259,200
north,SKU0036,2024-12,51,208,0
north,SKU0036,2024-13,62,146,0
north,SKU0036,2024-14,61,585,500
north,SKU0036,2024-15,44,541,0
north,SKU0036,2024-16,55,486,0
north,SKU0036,2024-17,90,396,0
north,SKU0036,2024-18,65,331,0
north,SKU0036,2024-19,49,282,0
north,SKU0036,2024-20,57,225,0
north,SKU0036,2024-21,48,177,0
north,SKU0036,2024-22,50,127,0
north,SKU0036,2024-23,29,298,200
north,SKU0036,2024-24,50,248,0
north,SKU0036,2024-25,37,211,0
north,SKU0036,2024-26,27,184,0
north,SKU0036,2024-27,48,136,0
north,SKU0036,2024-28,28,108,0
north,SKU0036,2024-29,34,374,300
north,SKU0036,2024-30,28,346,0
north,SKU0036,2024-31,31,315,0
north,SKU0036,2024-32,33,282,0
north,SKU0036,2024-33,26,256,0
north,SKU0036,2024-34,39,217,0
north,SKU0036,2024-35,34,183,0
north,SKU0036,2024-36,34,149,0
north,SKU0036,2024-37,37,112,0
north,SKU0036,2024-38,36,376,300
north,SKU0036,2024-39,20,356,0
north,SKU0036,2024-40,31,325,0
north,SKU0036,2024-41,31,294,0
north,SKU0036,2024-42,40,254,0
north,SKU0036,2024-43,25,229,0
north,SKU0036,2024-44,27,202,0
north,SKU0036,2024-45,27,175,0
north,SKU0036,2024-46,28,147,0
north,SKU0036,2024-47,31,116,0
north,SKU0036,2024-48,32,384,300
north,SKU0036,2024-49,33,351,0
north,SKU0036,2024-50,52,299,0
north,SKU0036,2024-51,32,267,0
north,SKU0037,2023-23,1,440,0
north,SKU0037,2023-24,2,438,0
north,SKU0037,2023-25,4,434,0
north,SKU0037,2023-26,7,427,0
north,SKU0037,2023-27,6,421,0
north,SKU0037,2023-28,10,411,0
north,SKU0037,2023-29,11,400,0
north,SKU0037,2023-30,8,392,0
north,SKU0037,2023-31,17,375,0
north,SKU0037,2023-32,14,361,0
north,SKU0037,2023-33,13,348,0
north,SKU0037,2023-34,18,330,0
north,SKU0037,2023-35,21,309,0
north,SKU0037,2023-36,14,295,0
north,SKU0037,2023-37,25,270,0
north,SKU0037,2023-38,18,252,0
north,SKU0037,2023-39,23,229,0
north,SKU0037,2023-40,17,212,0
north,SKU0037,2023-41,24,188,0
north,SKU0037,2023-42,29,159,0
north,SKU0037,2023-43,21,138,0
north,SKU0037,2023-44,21,117,0
north,SKU0037,2023-45,28,589,500
north,SKU0037,2023-46,27,562,0
north,SKU0037,2023-47,23,539,0
north,SKU0037,2023-48,44,495,0
north,SKU0037,2023-49,50,445,0
north,SKU0037,2023-50,21,424,0
north,SKU0037,2023-51,55,369,0
north,SKU0037,2023-52,44,325,0
north,SKU0037,2024-01,51,274,0
north,SKU0037,2024-02,57,217,0
north,SKU0037,2024-03,50,167,0
north,SKU0037,2024-04,61,106,0
north,SKU0037,2024-05,56,250,200
north,SKU0037,2024-06,37,213,0
north,SKU0037,2024-07,64,149,0
north,SKU0037,2024-08,62,287,200
north,SKU0037,2024-09,52,235,0
north,SKU0037,2024-10,51,184,0
north,SKU0037,2024-11,42,142,0
north,SKU0037,2024-12,48,594,500
north,SKU0037,2024-13,50,544,0
north,SKU0037,2024-14,59,485,0
north,SKU0037,2024-15,39,446,0
north,SKU0037,2024-16,43,403,0
north,SKU0037,2024-17,38,365,0
north,SKU0037,2024-18,47,318,0
north,SKU0037,2024-19,47,271,0
north,SKU0037,2024-20,46,225,0
north,SKU0037,2024-21,52,173,0
north,SKU0037,2024-22,44,129,0
north,SKU0037,2024-23,44,285,200
north,SKU0037,2024-24,27,258,0
north,SKU0037,2024-25,30,228,0
north,SKU0037,2024-26,47,181,0
north,SKU0037,2024-27,42,139,0
north,SKU0037,2024-28,32,107,0
north,SKU0037,2024-29,35,372,300
north,SKU0037,2024-30,38,334,0
north,SKU0037,2024-31,25,309,0
north,SKU0037,2024-32,27,282,0
north,SKU0037,2024-33,31,251,0
north,SKU0037,2024-34,21,230,0
north,SKU0037,2024-35,44,186,0
north,SKU0037,2024-36,32,154,0
north,SKU0037,2024-37,35,119,0
north,SKU0037,2024-38,31,288,200
north,SKU0037,2024-39,26,262,0
north,SKU0037,2024-40,27,235,0
north,SKU0037,2024-41,34,201,0
north,SKU0037,2024-42,36,165,0
north,SKU0037,2024-43,22,143,0
north,SKU0037,2024-44,20,123,0
north,SKU0037,2024-45,26,397,300
north,SKU0037,2024-46,27,370,0
north,SKU0037,2024-47,38,332,0
north,SKU0037,2024-48,33,299,0
north,SKU0037,2024-49,40,259,0
north,SKU0037,2024-50,50,209,0
north,SKU0037,2024-51,29,180,0
north,SKU0038,2023-23,1,422,0
north,SKU0038,2023-24,2,420,0
north,SKU0038,2023-25,3,417,0
north,SKU0038,2023-26,6,411,0
north,SKU0038,2023-27,6,405,0
north,SKU0038,2023-28,8,397,0
north,SKU0038,2023-29,10,387,0
north,SKU0038,2023-30,11,376,0
north,SKU0038,2023-31,12,364,0
north,SKU0038,2023-32,14,350,0
north,SKU0038,2023-33,15,335,0
north,SKU0038,2023-34,14,321,0
north,SKU0038,2023-35,15,306,0
north,SKU0038,2023-36,21,285,0
north,SKU0038,2023-37,30,255,0
north,SKU0038,2023-38,18,237,0
north,SKU0038,2023-39,19,218,0
north,SKU0038,2023-40,26,192,0
north,SKU0038,2023-41,22,170,0
north,SKU0038,2023-42,31,139,0
north,SKU0038,2023-43,15,124,0
north,SKU0038,2023-44,38,586,500
north,SKU0038,2023-45,35,551,0
north,SKU0038,2023-46,30,521,0
north,SKU0038,2023-47,37,484,0
north,SKU0038,2023-48,43,441,0
north,SKU0038,2023-49,34,407,0
north,SKU0038,2023-50,32,375,0
north,SKU0038,2023-51,44,331,0
north,SKU0038,2023-52,42,289,0
north,SKU0038,2024-01,42,247,0
north,SKU0038,2024-02,47,200,0
north,SKU0038,2024-03,55,145,0
north,SKU0038,2024-04,49,296,200
north,SKU0038,2024-05,67,229,0
north,SKU0038,2024-06,64,165,0
north,SKU0038,2024-07,49,116,0
north,SKU0038,2024-08,45,571,500
north,SKU0038,2024-09,44,527,0
north,SKU0038,2024-10,51,476,0
north,SKU0038,2024-11,46,430,0
north,SKU0038,2024-12,51,379,0
north,SKU0038,2024-13,38,341,0
north,SKU0038,2024-14,83,258,0
north,SKU0038,2024-15,59,199,0
north,SKU0038,2024-16,45,154,0
north,SKU0038,2024-17,43,111,0
north,SKU0038,2024-18,37,274,200
north,SKU0038,2024-19,42,232,0
north,SKU0038,2024-20,42,190,0
north,SKU0038,2024-21,43,147,0
north,SKU0038,2024-22,46,101,0
north,SKU0038,2024-23,46,355,300
north,SKU0038,2024-24,46,309,0
north,SKU0038,2024-25,36,273,0
north,SKU0038,2024-26,43,230,0
north,SKU0038,2024-27,22,208,0
north,SKU0038,2024-28,39,169,0
north,SKU0038,2024-29,36,133,0
north,SKU0038,2024-30,32,101,0
north,SKU0038,2024-31,29,572,500
north,SKU0038,2024-32,27,545,0
north,SKU0038,2024-33,33,512,0
north,SKU0038,2024-34,30,482,0
north,SKU0038,2024-35,19,463,0
north,SKU0038,2024-36,38,425,0
north,SKU0038,2024-37,32,393,0
north,SKU0038,2024-38,28,365,0
north,SKU0038,2024-39,25,340,0
north,SKU0038,2024-40,31,309,0
north,SKU0038,2024-41,24,285,0
north,SKU0038,2024-42,25,260,0
north,SKU0038,2024-43,39,221,0
north,SKU0038,2024-44,16,205,0
north,SKU0038,2024-45,32,173,0
north,SKU0038,2024-46,32,141,0
north,SKU0038,2024-47,18,123,0
north,SKU0038,2024-48,29,294,200
north,SKU0038,2024-49,29,265,0
north,SKU0038,2024-50,29,236,0
north,SKU0038,2024-51,34,202,0
north,SKU0039,2023-36,2,539,0
north,SKU0039,2023-37,4,535,0
north,SKU0039,2023-38,3,532,0
north,SKU0039,2023-39,6,526,0
north,SKU0039,2023-40,7,519,0
north,SKU0039,2023-41,5,514,0
north,SKU0039,2023-42,15,499,0
north,SKU0039,2023-43,19,480,0
north,SKU0039,2023-44,16,464,0
north,SKU0039,2023-45,18,446,0
north,SKU0039,2023-46,22,424,0
north,SKU0039,2023-47,21,403,0
north,SKU0039,2023-48,39,364,0
north,SKU0039,2023-49,26,338,0
north,SKU0039,2023-50,31,307,0
north,SKU0039,2023-51,32,275,0
north,SKU0039,2023-52,45,230,0
north,SKU0039,2024-01,52,178,0
north,SKU0039,2024-02,50,128,0
north,SKU0039,2024-03,62,566,500
north,SKU0039,2024-04,42,524,0
north,SKU0039,2024-05,65,459,0
north,SKU0039,2024-06,62,397,0
north,SKU0039,2024-07,65,332,0
north,SKU0039,2024-08,37,295,0
north,SKU0039,2024-09,57,238,0
north,SKU0039,2024-10,40,198,0
north,SKU0039,2024-11,79,119,0
north,SKU0039,2024-12,80,539,500
north,SKU0039,2024-13,53,486,0
north,SKU0039,2024-14,44,442,0
north,SKU0039,2024-15,56,386,0
north,SKU0039,2024-16,50,336,0
north,SKU0039,2024-17,44,292,0
north,SKU0039,2024-18,59,233,0
north,SKU0039,2024-19,33,200,0
north,SKU0039,2024-20,26,174,0
north,SKU0039,2024-21,67,107,0
north,SKU0039,2024-22,64,243,200
north,SKU0039,2024-23,45,198,0
north,SKU0039,2024-24,29,169,0
north,SKU0039,2024-25,23,146,0
north,SKU0039,2024-26,41,105,0
north,SKU0039,2024-27,32,273,200
north,SKU0039,2024-28,47,226,0
north,SKU0039,2024-29,57,169,0
north,SKU0039,2024-30,33,136,0
north,SKU0039,2024-31,22,114,0
north,SKU0039,2024-32,28,286,200
north,SKU0039,2024-33,46,240,0
north,SKU0039,2024-34,24,216,0
north,SKU0039,2024-35,32,184,0
north,SKU0039,2024-36,24,160,0
north,SKU0039,2024-37,29,131,0
north,SKU0039,2024-38,22,109,0
north,SKU0039,2024-39,24,385,300
north,SKU0039,2024-40,17,368,0
north,SKU0039,2024-41,29,339,0
north,SKU0039,2024-42,36,303,0
north,SKU0039,2024-43,22,281,0
north,SKU0039,2024-44,21,260,0
north,SKU0039,2024-45,17,243,0
north,SKU0039,2024-46,36,207,0
north,SKU0039,2024-47,34,173,0
north,SKU0039,2024-48,23,150,0
north,SKU0039,2024-49,37,113,0
north,SKU0039,2024-50,33,280,200
north,SKU0039,2024-51,27,253,0
north,SKU0040,2023-27,2,296,0
north,SKU0040,2023-28,2,294,0
north,SKU0040,2023-29,4,290,0
north,SKU0040,2023-30,3,287,0
north,SKU0040,2023-31,8,279,0
north,SKU0040,2023-32,13,266,0
north,SKU0040,2023-33,4,262,0
north,SKU0040,2023-34,15,247,0
north,SKU0040,2023-35,7,240,0
north,SKU0040,2023-36,20,220,0
north,SKU0040,2023-37,23,197,0
north,SKU0040,2023-38,12,185,0
north,SKU0040,2023-39,15,170,0
north,SKU0040,2023-40,14,156,0
north,SKU0040,2023-41,31,125,0
north,SKU0040,2023-42,13,112,0
north,SKU0040,2023-43,14,598,500
north,SKU0040,2023-44,14,584,0
north,SKU0040,2023-45,30,554,0
north,SKU0040,2023-46,16,538,0
north,SKU0040,2023-47,15,523,0
north,SKU0040,2023-48,38,485,0
north,SKU0040,2023-49,33,452,0
north,SKU0040,2023-50,40,412,0
north,SKU0040,2023-51,34,378,0
north,SKU0040,2023-52,30,348,0
north,SKU0040,2024-01,44,304,0
north,SKU0040,2024-02,50,254,0
north,SKU0040,2024-03,49,205,0
north,SKU0040,2024-04,63,142,0
north,SKU0040,2024-05,71,271,200
north,SKU0040,2024-06,30,241,0
north,SKU0040,2024-07,10,231,0
north,SKU0040,2024-08,45,186,0
north,SKU0040,2024-09,63,123,0
north,SKU0040,2024-10,83,240,200
north,SKU0040,2024-11,53,187,0
north,SKU0040,2024-12,60,127,0
north,SKU0040,2024-13,72,555,500
north,SKU0040,2024-14,65,490,0
north,SKU0040,2024-15,43,447,0
north,SKU0040,2024-16,72,375,0
north,SKU0040,2024-17,64,311,0
north,SKU0040,2024-18,48,263,0
north,SKU0040,2024-19,33,230,0
north,SKU0040,2024-20,49,181,0
north,SKU0040,2024-21,40,141,0
north,SKU0040,2024-22,21,120,0
north,SKU0040,2024-23,41,379,300
north,SKU0040,2024-24,34,345,0
north,SKU0040,2024-25,40,305,0
north,SKU0040,2024-26,52,253,0
north,SKU0040,2024-27,39,214,0
north,SKU0040,2024-28,31,183,0
north,SKU0040,2024-29,36,147,0
north,SKU0040,2024-30,54,293,200
north,SKU0040,2024-31,38,255,0
north,SKU0040,2024-32,39,216,0
north,SKU0040,2024-33,20,196,0
north,SKU0040,2024-34,19,177,0
north,SKU0040,2024-35,18,159,0
north,SKU0040,2024-36,32,127,0
north,SKU0040,2024-37,25,102,0
north,SKU0040,2024-38,24,278,200
north,SKU0040,2024-39,40,238,0
north,SKU0040,2024-40,29,209,0
north,SKU0040,2024-41,28,181,0
north,SKU0040,2024-42,29,152,0
north,SKU0040,2024-43,40,112,0
north,SKU0040,2024-44,38,574,500
north,SKU0040,2024-45,34,540,0
north,SKU0040,2024-46,37,503,0
north,SKU0040,2024-47,43,460,0
north,SKU0040,2024-48,27,433,0
north,SKU0040,2024-49,11,422,0
north,SKU0040,2024-50,21,401,0
north,SKU0040,2024-51,35,366,0
north,SKU0041,2023-18,2,330,0
north,SKU0041,2023-19,4,326,0
north,SKU0041,2023-20,7,319,0
north,SKU0041,2023-21,8,311,0
north,SKU0041,2023-22,11,300,0
north,SKU0041,2023-23,11,289,0
north,SKU0041,2023-24,9,280,0
north,SKU0041,2023-25,22,258,0
north,SKU0041,2023-26,16,242,0
north,SKU0041,2023-27,15,227,0
north,SKU0041,2023-28,17,210,0
north,SKU0041,2023-29,18,192,0
north,SKU0041,2023-30,18,174,0
north,SKU0041,2023-31,23,151,0
north,SKU0041,2023-32,27,124,0
north,SKU0041,2023-33,25,399,300
north,SKU0041,2023-34,24,375,0
north,SKU0041,2023-35,19,356,0
north,SKU0041,2023-36,33,323,0
north,SKU0041,2023-37,28,295,0
north,SKU0041,2023-38,33,262,0
north,SKU0041,2023-39,23,239,0
north,SKU0041,2023-40,42,197,0
north,SKU0041,2023-41,36,161,0
north,SKU0041,2023-42,46,115,0
north,SKU0041,2023-43,43,572,500
north,SKU0041,2023-44,40,532,0
north,SKU0041,2023-45,46,486,0
north,SKU0041,2023-46,36,450,0
north,SKU0041,2023-47,36,414,0
north,SKU0041,2023-48,50,364,0
north,SKU0041,2023-49,42,322,0
north,SKU0041,2023-50,36,286,0
north,SKU0041,2023-51,48,238,0
north,SKU0041,2023-52,43,195,0
north,SKU0041,2024-01,38,157,0
north,SKU0041,2024-02,63,294,200
north,SKU0041,2024-03,53,241,0
north,SKU0041,2024-04,48,193,0
north,SKU0041,2024-05,50,143,0
north,SKU0041,2024-06,51,592,500
north,SKU0041,2024-07,45,547,0
north,SKU0041,2024-08,35,512,0
north,SKU0041,2024-09,68,444,0
north,SKU0041,2024-10,51,393,0
north,SKU0041,2024-11,36,357,0
north,SKU0041,2024-12,44,313,0
north,SKU0041,2024-13,56,257,0
north,SKU0041,2024-14,33,224,0
north,SKU0041,2024-15,39,185,0
north,SKU0041,2024-16,57,128,0
north,SKU0041,2024-17,37,291,200
north,SKU0041,2024-18,52,239,0
north,SKU0041,2024-19,42,197,0
north,SKU0041,2024-20,32,165,0
north,SKU0041,2024-21,25,140,0
north,SKU0041,2024-22,25,115,0
north,SKU0041,2024-23,39,276,200
north,SKU0041,2024-24,35,241,0
north,SKU0041,2024-25,25,216,0
north,SKU0041,2024-26,41,175,0
north,SKU0041,2024-27,21,154,0
north,SKU0041,2024-28,31,123,0
north,SKU0041,2024-29,17,106,0
north,SKU0041,2024-30,30,276,200
north,SKU0041,2024-31,25,251,0
north,SKU0041,2024-32,32,219,0
north,SKU0041,2024-33,21,198,0
north,SKU0041,2024-34,29,169,0
north,SKU0041,2024-35,25,144,0
north,SKU0041,2024-36,31,113,0
north,SKU0041,2024-37,19,394,300
north,SKU0041,2024-38,22,372,0
north,SKU0041,2024-39,26,346,0
north,SKU0041,2024-40,18,328,0
north,SKU0041,2024-41,22,306,0
north,SKU0041,2024-42,23,283,0
north,SKU0041,2024-43,23,260,0
north,SKU0041,2024-44,17,243,0
north,SKU0041,2024-45,18,225,0
north,SKU0041,2024-46,29,196,0
north,SKU0041,2024-47,23,173,0
north,SKU0041,2024-48,26,147,0
north,SKU0041,2024-49,20,127,0
north,SKU0041,2024-50,16,111,0
north,SKU0041,2024-51,25,386,300
north,SKU0042,2023-05,2,280,0
north,SKU0042,2023-08,5,275,0
north,SKU0042,2023-09,3,272,0
north,SKU0042,2023-10,4,268,0
north,SKU0042,2023-11,3,265,0
north,SKU0042,2023-12,10,255,0
north,SKU0042,2023-13,8,247,0
north,SKU0042,2023-14,8,239,0
north,SKU0042,2023-15,9,230,0
north,SKU0042,2023-16,15,215,0
north,SKU0042,2023-17,9,206,0
north,SKU0042,2023-18,11,195,0
north,SKU0042,2023-19,16,179,0
north,SKU0042,2023-20,10,169,0
north,SKU0042,2023-21,12,157,0
north,SKU0042,2023-22,18,139,0
north,SKU0042,2023-23,19,120,0
north,SKU0042,2023-24,14,106,0
north,SKU0042,2023-25,17,289,200
north,SKU0042,2023-26,17,272,0
north,SKU0042,2023-27,17,255,0
north,SKU0042,2023-28,17,238,0
north,SKU0042,2023-29,18,220,0
north,SKU0042,2023-30,13,207,0
north,SKU0042,2023-31,16,191,0
north,SKU0042,2023-32,8,183,0
north,SKU0042,2023-33,16,167,0
north,SKU0042,2023-34,18,149,0
north,SKU0042,2023-35,21,128,0
north,SKU0042,2023-36,17,111,0
north,SKU0042,2023-37,21,290,200
north,SKU0042,2023-38,19,271,0
north,SKU0042,2023-39,18,253,0
north,SKU0042,2023-40,16,237,0
north,SKU0042,2023-41,15,222,0
north,SKU0042,2023-42,22,200,0
north,SKU0042,2023-43,24,176,0
north,SKU0042,2023-44,19,157,0
north,SKU0042,2023-45,31,126,0
north,SKU0042,2023-46,31,395,300
north,SKU0042,2023-47,41,354,0
north,SKU0042,2023-48,32,322,0
north,SKU0042,2023-49,31,291,0
north,SKU0042,2023-50,30,261,0
north,SKU0042,2023-51,43,218,0
north,SKU0042,2023-52,35,183,0
north,SKU0042,2024-01,29,154,0
north,SKU0042,2024-02,43,111,0
north,SKU0042,2024-03,40,271,200
north,SKU0042,2024-04,45,226,0
north,SKU0042,2024-05,47,179,0
north,SKU0042,2024-06,39,140,0
north,SKU0042,2024-07,61,379,300
north,SKU0042,2024-08,63,316,0
north,SKU0042,2024-09,39,277,0
north,SKU0042,2024-10,52,225,0
north,SKU0042,2024-11,44,181,0
north,SKU0042,2024-12,48,133,0
north,SKU0042,2024-13,47,286,200
north,SKU0042,2024-14,40,246,0
north,SKU0042,2024-15,49,197,0
north,SKU0042,2024-16,38,159,0
north,SKU0042,2024-17,80,579,500
north,SKU0042,2024-18,50,529,0
north,SKU0042,2024-19,67,462,0
north,SKU0042,2024-20,48,414,0
north,SKU0042,2024-21,63,351,0
north,SKU0042,2024-22,39,312,0
north,SKU0042,2024-23,46,266,0
north,SKU0042,2024-24,71,195,0
north,SKU0042,2024-25,51,144,0
north,SKU0042,2024-26,50,294,200
north,SKU0042,2024-27,41,253,0
north,SKU0042,2024-28,31,222,0
north,SKU0042,2024-29,53,169,0
north,SKU0042,2024-30,45,124,0
north,SKU0042,2024-31,31,293,200
north,SKU0042,2024-32,40,253,0
north,SKU0042,2024-33,25,228,0
north,SKU0042,2024-34,37,191,0
north,SKU0042,2024-35,45,146,0
north,SKU0042,2024-36,36,110,0
north,SKU0042,2024-37,26,384,300
north,SKU0042,2024-38,34,350,0
north,SKU0042,2024-39,22,328,0
north,SKU0042,2024-40,33,295,0
north,SKU0042,2024-41,30,265,0
north,SKU0042,2024-42,24,241,0
north,SKU0042,2024-43,22,219,0
north,SKU0042,2024-44,32,187,0
north,SKU0042,2024-45,30,157,0
north,SKU0042,2024-46,30,127,0
north,SKU0042,2024-47,25,102,0
north,SKU0042,2024-48,29,273,200
north,SKU0042,2024-49,36,237,0
north,SKU0042,2024-50,35,202,0
north,SKU0042,2024-51,44,158,0
north,SKU0043,2023-17,2,566,0
north,SKU0043,2023-18,4,562,0
north,SKU0043,2023-19,3,559,0
north,SKU0043,2023-20,2,557,0
north,SKU0043,2023-21,6,551,0
north,SKU0043,2023-22,7,544,0
north,SKU0043,2023-23,8,536,0
north,SKU0043,2023-24,11,525,0
north,SKU0043,2023-25,11,514,0
north,SKU0043,2023-26,10,504,0
north,SKU0043,2023-27,5,499,0
north,SKU0043,2023-28,14,485,0
north,SKU0043,2023-29,9,476,0
north,SKU0043,2023-30,11,465,0
north,SKU0043,2023-31,17,448,0
north,SKU0043,2023-32,8,440,0
north,SKU0043,2023-33,12,428,0
north,SKU0043,2023-34,9,419,0
north,SKU0043,2023-35,16,403,0
north,SKU0043,2023-36,16,387,0
north,SKU0043,2023-37,15,372,0
north,SKU0043,2023-38,15,357,0
north,SKU0043,2023-39,15,342,0
north,SKU0043,2023-40,17,325,0
north,SKU0043,2023-41,18,307,0
north,SKU0043,2023-42,35,272,0
north,SKU0043,2023-43,27,245,0
north,SKU0043,2023-44,18,227,0
north,SKU0043,2023-45,18,209,0
north,SKU0043,2023-46,24,185,0
north,SKU0043,2023-47,10,175,0
north,SKU0043,2023-48,36,139,0
north,SKU0043,2023-49,35,104,0
north,SKU0043,2023-50,16,388,300
north,SKU0043,2023-51,21,367,0
north,SKU0043,2023-52,44,323,0
north,SKU0043,2024-01,30,293,0
north,SKU0043,2024-02,23,270,0
north,SKU0043,2024-03,24,246,0
north,SKU0043,2024-04,36,210,0
north,SKU0043,2024-05,33,177,0
north,SKU0043,2024-06,40,137,0
north,SKU0043,2024-07,34,103,0
north,SKU0043,2024-08,46,557,500
north,SKU0043,2024-09,20,537,0
north,SKU0043,2024-10,64,473,0
north,SKU0043,2024-11,31,442,0
north,SKU0043,2024-12,42,400,0
north,SKU0043,2024-13,30,370,0
north,SKU0043,2024-14,47,323,0
north,SKU0043,2024-15,69,254,0
north,SKU0043,2024-16,28,226,0
north,SKU0043,2024-17,39,187,0
north,SKU0043,2024-18,65,122,0
north,SKU0043,2024-19,37,585,500
north,SKU0043,2024-20,33,552,0
north,SKU0043,2024-21,43,509,0
north,SKU0043,2024-22,42,467,0
north,SKU0043,2024-23,37,430,0
north,SKU0043,2024-24,32,398,0
north,SKU0043,2024-25,44,354,0
north,SKU0043,2024-26,45,309,0
north,SKU0043,2024-27,35,274,0
north,SKU0043,2024-28,43,231,0
north,SKU0043,2024-29,45,186,0
north,SKU0043,2024-30,45,141,0
north,SKU0043,2024-31,42,399,300
north,SKU0043,2024-32,16,383,0
north,SKU0043,2024-33,42,341,0
north,SKU0043,2024-34,46,295,0
north,SKU0043,2024-35,47,248,0
north,SKU0043,2024-36,23,225,0
north,SKU0043,2024-37,46,179,0
north,SKU0043,2024-38,28,151,0
north,SKU0043,2024-39,37,114,0
north,SKU0043,2024-40,44,370,300
north,SKU0043,2024-41,31,339,0
north,SKU0043,2024-42,31,308,0
north,SKU0043,2024-43,40,268,0
north,SKU0043,2024-44,42,226,0
north,SKU0043,2024-45,28,198,0
north,SKU0043,2024-46,53,145,0
north,SKU0043,2024-47,23,122,0
north,SKU0043,2024-48,35,387,300
north,SKU0043,2024-49,43,344,0
north,SKU0043,2024-50,36,308,0
north,SKU0043,2024-51,32,276,0
north,SKU0044,2023-05,1,316,0
north,SKU0044,2023-07,2,314,0
north,SKU0044,2023-08,4,310,0
north,SKU0044,2023-09,4,306,0
north,SKU0044,2023-10,11,295,0
north,SKU0044,2023-11,14,281,0
north,SKU0044,2023-12,15,266,0
north,SKU0044,2023-13,9,257,0
north,SKU0044,2023-14,11,246,0
north,SKU0044,2023-15,9,237,0
north,SKU0044,2023-16,9,228,0
north,SKU0044,2023-17,9,219,0
north,SKU0044,2023-18,23,196,0
north,SKU0044,2023-19,17,179,0
north,SKU0044,2023-20,15,164,0
north,SKU0044,2023-21,13,151,0
north,SKU0044,2023-22,20,131,0
north,SKU0044,2023-23,17,114,0
north,SKU0044,2023-24,10,104,0
north,SKU0044,2023-25,14,590,500
north,SKU0044,2023-26,27,563,0
north,SKU0044,2023-27,17,546,0
north,SKU0044,2023-28,16,530,0
north,SKU0044,2023-29,18,512,0
north,SKU0044,2023-30,19,493,0
north,SKU0044,2023-31,20,473,0
north,SKU0044,2023-32,21,452,0
north,SKU0044,2023-33,26,426,0
north,SKU0044,2023-34,16,410,0
north,SKU0044,2023-35,22,388,0
north,SKU0044,2023-36,22,366,0
north,SKU0044,2023-37,24,342,0
north,SKU0044,2023-38,27,315,0
north,SKU0044,2023-39,22,293,0
north,SKU0044,2023-40,31,262,0
north,SKU0044,2023-41,26,236,0
north,SKU0044,2023-42,26,210,0
north,SKU0044,2023-43,30,180,0
north,SKU0044,2023-44,14,166,0
north,SKU0044,2023-45,33,133,0
north,SKU0044,2023-46,32,101,0
north,SKU0044,2023-47,25,576,500
north,SKU0044,2023-48,41,535,0
north,SKU0044,2023-49,39,496,0
north,SKU0044,2023-50,49,447,0
north,SKU0044,2023-51,38,409,0
north,SKU0044,2023-52,44,365,0
north,SKU0044,2024-01,42,323,0
north,SKU0044,2024-02,50,273,0
north,SKU0044,2024-03,50,223,0
north,SKU0044,2024-04,50,173,0
north,SKU0044,2024-05,61,112,0
north,SKU0044,2024-06,55,357,300
north,SKU0044,2024-07,66,291,0
north,SKU0044,2024-08,42,249,0
north,SKU0044,2024-09,74,175,0
north,SKU0044,2024-10,60,115,0
north,SKU0044,2024-11,51,264,200
north,SKU0044,2024-12,75,189,0
north,SKU0044,2024-13,57,132,0
north,SKU0044,2024-14,56,376,300
north,SKU0044,2024-15,69,307,0
north,SKU0044,2024-16,46,261,0
north,SKU0044,2024-17,64,197,0
north,SKU0044,2024-18,43,154,0
north,SKU0044,2024-19,49,105,0
north,SKU0044,2024-20,45,260,200
north,SKU0044,2024-21,44,216,0
north,SKU0044,2024-22,56,160,0
north,SKU0044,2024-23,43,117,0
north,SKU0044,2024-24,51,366,300
north,SKU0044,2024-25,34,332,0
north,SKU0044,2024-26,41,291,0
north,SKU0044,2024-27,47,244,0
north,SKU0044,2024-28,37,207,0
north,SKU0044,2024-29,40,167,0
north,SKU0044,2024-30,31,136,0
north,SKU0044,2024-31,29,107,0
north,SKU0044,2024-32,24,383,300
north,SKU0044,2024-33,30,353,0
north,SKU0044,2024-34,43,310,0
north,SKU0044,2024-35,25,285,0
north,SKU0044,2024-36,28,257,0
north,SKU0044,2024-37,34,223,0
north,SKU0044,2024-38,38,185,0
north,SKU0044,2024-39,17,168,0
north,SKU0044,2024-40,28,140,0
north,SKU0044,2024-41,19,121,0
north,SKU0044,2024-42,35,586,500
north,SKU0044,2024-43,31,555,0
north,SKU0044,2024-44,18,537,0
north,SKU0044,2024-45,28,509,0
north,SKU0044,2024-46,26,483,0
north,SKU0044,2024-47,24,459,0
north,SKU0044,2024-48,29,430,0
north,SKU0044,2024-49,19,411,0
north,SKU0044,2024-50,37,374,0
north,SKU0044,2024-51,26,348,0
north,SKU0045,2023-32,2,510,0
north,SKU0045,2023-33,6,504,0
north,SKU0045,2023-34,5,499,0
north,SKU0045,2023-35,5,494,0
north,SKU0045,2023-36,9,485,0
north,SKU0045,2023-37,16,469,0
north,SKU0045,2023-38,12,457,0
north,SKU0045,2023-39,16,441,0
north,SKU0045,2023-40,23,418,0
north,SKU0045,2023-41,30,388,0
north,SKU0045,2023-42,33,355,0
north,SKU0045,2023-43,34,321,0
north,SKU0045,2023-44,32,289,0
north,SKU0045,2023-45,26,263,0
north,SKU0045,2023-46,40,223,0
north,SKU0045,2023-47,42,181,0
north,SKU0045,2023-48,49,132,0
north,SKU0045,2023-49,42,290,200
north,SKU0045,2023-50,49,241,0
north,SKU0045,2023-51,50,191,0
north,SKU0045,2023-52,58,133,0
north,SKU0045,2024-01,40,593,500
north,SKU0045,2024-02,48,545,0
north,SKU0045,2024-03,52,493,0
north,SKU0045,2024-04,59,434,0
north,SKU0045,2024-05,64,370,0
north,SKU0045,2024-06,51,319,0
north,SKU0045,2024-07,63,256,0
north,SKU0045,2024-08,50,206,0
north,SKU0045,2024-09,47,159,0
north,SKU0045,2024-10,54,105,0
north,SKU0045,2024-11,41,564,500
north,SKU0045,2024-12,62,502,0
north,SKU0045,2024-13,50,452,0
north,SKU0045,2024-14,62,390,0
north,SKU0045,2024-15,44,346,0
north,SKU0045,2024-16,47,299,0
north,SKU0045,2024-17,49,250,0
north,SKU0045,2024-18,40,210,0
north,SKU0045,2024-19,29,181,0
north,SKU0045,2024-20,48,133,0
north,SKU0045,2024-21,29,104,0
north,SKU0045,2024-22,34,570,500
north,SKU0045,2024-23,51,519,0
north,SKU0045,2024-24,44,475,0
north,SKU0045,2024-25,32,443,0
north,SKU0045,2024-26,38,405,0
north,SKU0045,2024-27,32,373,0
north,SKU0045,2024-28,25,348,0
north,SKU0045,2024-29,32,316,0
north,SKU0045,2024-30,19,297,0
north,SKU0045,2024-31,27,270,0
north,SKU0045,2024-32,36,234,0
north,SKU0045,2024-33,28,206,0
north,SKU0045,2024-34,18,188,0
north,SKU0045,2024-35,40,148,0
north,SKU0045,2024-36,32,116,0
north,SKU0045,2024-37,21,595,500
north,SKU0045,2024-38,14,581,0
north,SKU0045,2024-39,14,567,0
north,SKU0045,2024-40,26,541,0
north,SKU0045,2024-41,35,506,0
north,SKU0045,2024-42,29,477,0
north,SKU0045,2024-43,37,440,0
north,SKU0045,2024-44,28,412,0
north,SKU0045,2024-45,22,390,0
north,SKU0045,2024-46,16,374,0
north,SKU0045,2024-47,22,352,0
north,SKU0045,2024-48,21,331,0
north,SKU0045,2024-49,30,301,0
north,SKU0045,2024-50,22,279,0
north,SKU0045,2024-51,27,252,0
north,SKU0046,2023-28,3,425,0
north,SKU0046,2023-29,9,416,0
north,SKU0046,2023-30,9,407,0
north,SKU0046,2023-31,16,391,0
north,SKU0046,2023-32,14,377,0
north,SKU0046,2023-33,16,361,0
north,SKU0046,2023-34,29,332,0
north,SKU0046,2023-35,18,314,0
north,SKU0046,2023-36,28,286,0
north,SKU0046,2023-37,29,257,0
north,SKU0046,2023-38,29,228,0
north,SKU0046,2023-39,30,198,0
north,SKU0046,2023-40,37,161,0
north,SKU0046,2023-41,39,122,0
north,SKU0046,2023-42,43,279,200
north,SKU0046,2023-43,51,228,0
north,SKU0046,2023-44,36,192,0
north,SKU0046,2023-45,34,158,0
north,SKU0046,2023-46,53,105,0
north,SKU0046,2023-47,44,361,300
north,SKU0046,2023-48,38,323,0
north,SKU0046,2023-49,39,284,0
north,SKU0046,2023-50,29,255,0
north,SKU0046,2023-51,36,219,0
north,SKU0046,2023-52,30,189,0
north,SKU0046,2024-01,56,133,0
north,SKU0046,2024-02,50,383,300
north,SKU0046,2024-03,32,351,0
north,SKU0046,2024-04,28,323,0
north,SKU0046,2024-05,53,270,0
north,SKU0046,2024-06,35,235,0
north,SKU0046,2024-07,29,206,0
north,SKU0046,2024-08,32,174,0
north,SKU0046,2024-09,31,143,0
north,SKU0046,2024-10,47,596,500
north,SKU0046,2024-11,55,541,0
north,SKU0046,2024-12,26,515,0
north,SKU0046,2024-13,42,473,0
north,SKU0046,2024-14,32,441,0
north,SKU0046,2024-15,34,407,0
north,SKU0046,2024-16,52,355,0
north,SKU0046,2024-17,53,302,0
north,SKU0046,2024-18,27,275,0
north,SKU0046,2024-19,32,243,0
north,SKU0046,2024-20,48,195,0
north,SKU0046,2024-21,37,158,0
north,SKU0046,2024-22,32,126,0
north,SKU0046,2024-23,39,587,500
north,SKU0046,2024-24,47,540,0
north,SKU0046,2024-25,38,502,0
north,SKU0046,2024-26,27,475,0
north,SKU0046,2024-27,25,450,0
north,SKU0046,2024-28,31,419,0
north,SKU0046,2024-29,39,380,0
north,SKU0046,2024-30,33,347,0
north,SKU0046,2024-31,27,320,0
north,SKU0046,2024-32,28,292,0
north,SKU0046,2024-33,22,270,0
north,SKU0046,2024-34,26,244,0
north,SKU0046,2024-35,28,216,0
north,SKU0046,2024-36,25,191,0
north,SKU0046,2024-37,18,173,0
north,SKU0046,2024-38,23,150,0
north,SKU0046,2024-39,15,135,0
north,SKU0046,2024-40,28,107,0
north,SKU0046,2024-41,27,580,500
north,SKU0046,2024-42,37,543,0
north,SKU0046,2024-43,14,529,0
north,SKU0046,2024-44,26,503,0
north,SKU0046,2024-45,30,473,0
north,SKU0046,2024-46,11,462,0
north,SKU0046,2024-47,17,445,0
north,SKU0046,2024-48,12,433,0
north,SKU0046,2024-49,35,398,0
north,SKU0046,2024-50,28,370,0
north,SKU0046,2024-51,20,350,0
north,SKU0047,2023-18,1,390,0
north,SKU0047,2023-19,2,388,0
north,SKU0047,2023-20,5,383,0
north,SKU0047,2023-21,6,377,0
north,SKU0047,2023-22,8,369,0
north,SKU0047,2023-23,5,364,0
north,SKU0047,2023-24,7,357,0
north,SKU0047,2023-25,10,347,0
north,SKU0047,2023-26,9,338,0
north,SKU0047,2023-27,10,328,0
north,SKU0047,2023-28,11,317,0
north,SKU0047,2023-29,12,305,0
north,SKU0047,2023-30,16,289,0
north,SKU0047,2023-31,12,277,0
north,SKU0047,2023-32,12,265,0
north,SKU0047,2023-33,17,248,0
north,SKU0047,2023-34,20,228,0
north,SKU0047,2023-35,17,211,0
north,SKU0047,2023-36,14,197,0
north,SKU0047,2023-37,16,181,0
north,SKU0047,2023-38,10,171,0
north,SKU0047,2023-39,13,158,0
north,SKU0047,2023-40,14,144,0
north,SKU0047,2023-41,19,125,0
north,SKU0047,2023-42,11,114,0
north,SKU0047,2023-43,27,387,300
north,SKU0047,2023-44,26,361,0
north,SKU0047,2023-45,31,330,0
north,SKU0047,2023-46,32,298,0
north,SKU0047,2023-47,31,267,0
north,SKU0047,2023-48,33,234,0
north,SKU0047,2023-49,31,203,0
north,SKU0047,2023-50,31,172,0
north,SKU0047,2023-51,35,137,0
north,SKU0047,2023-52,23,114,0
north,SKU0047,2024-01,32,382,300
north,SKU0047,2024-02,40,342,0
north,SKU0047,2024-03,51,291,0
north,SKU0047,2024-04,54,237,0
north,SKU0047,2024-05,37,200,0
north,SKU0047,2024-06,54,146,0
north,SKU0047,2024-07,35,111,0
north,SKU0047,2024-08,61,350,300
north,SKU0047,2024-09,55,295,0
north,SKU0047,2024-10,55,240,0
north,SKU0047,2024-11,51,189,0
north,SKU0047,2024-12,64,125,0
north,SKU0047,2024-13,59,366,300
north,SKU0047,2024-14,64,302,0
north,SKU0047,2024-15,52,250,0
north,SKU0047,2024-16,66,184,0
north,SKU0047,2024-17,53,131,0
north,SKU0047,2024-18,71,360,300
north,SKU0047,2024-19,38,322,0
north,SKU0047,2024-20,54,268,0
north,SKU0047,2024-21,50,218,0
north,SKU0047,2024-22,45,173,0
north,SKU0047,2024-23,34,139,0
north,SKU0047,2024-24,46,393,300
north,SKU0047,2024-25,63,330,0
north,SKU0047,2024-26,45,285,0
north,SKU0047,2024-27,32,253,0
north,SKU0047,2024-28,48,205,0
north,SKU0047,2024-29,38,167,0
north,SKU0047,2024-30,40,127,0
north,SKU0047,2024-31,39,588,500
north,SKU0047,2024-32,39,549,0
north,SKU0047,2024-33,41,508,0
north,SKU0047,2024-34,26,482,0
north,SKU0047,2024-35,35,447,0
north,SKU0047,2024-36,23,424,0
north,SKU0047,2024-37,32,392,0
north,SKU0047,2024-38,24,368,0
north,SKU0047,2024-39,31,337,0
north,SKU0047,2024-40,30,307,0
north,SKU0047,2024-41,33,274,0
north,SKU0047,2024-42,36,238,0
north,SKU0047,2024-43,25,213,0
north,SKU0047,2024-44,32,181,0
north,SKU0047,2024-45,26,155,0
north,SKU0047,2024-46,30,125,0
north,SKU0047,2024-47,22,103,0
north,SKU0047,2024-48,32,571,500
north,SKU0047,2024-49,31,540,0
north,SKU0047,2024-50,24,516,0
north,SKU0047,2024-51,36,480,0
north,SKU0048,2023-31,1,506,0
north,SKU0048,2023-32,9,497,0
north,SKU0048,2023-33,13,484,0
north,SKU0048,2023-34,12,472,0
north,SKU0048,2023-35,10,462,0
north,SKU0048,2023-36,14,448,0
north,SKU0048,2023-37,16,432,0
north,SKU0048,2023-38,22,410,0
north,SKU0048,2023-39,31,379,0
north,SKU0048,2023-40,35,344,0
north,SKU0048,2023-41,33,311,0
north,SKU0048,2023-42,29,282,0
north,SKU0048,2023-43,16,266,0
north,SKU0048,2023-44,43,223,0
north,SKU0048,2023-45,28,195,0
north,SKU0048,2023-46,38,157,0
north,SKU0048,2023-47,42,115,0
north,SKU0048,2023-48,39,276,200
north,SKU0048,2023-49,40,236,0
north,SKU0048,2023-50,59,177,0
north,SKU0048,2023-51,41,136,0
north,SKU0048,2023-52,38,398,300
north,SKU0048,2024-01,53,345,0
north,SKU0048,2024-02,61,284,0
north,SKU0048,2024-03,61,223,0
north,SKU0048,2024-04,31,192,0
north,SKU0048,2024-05,61,131,0
north,SKU0048,2024-06,31,100,0
north,SKU0048,2024-07,58,242,200
north,SKU0048,2024-08,54,188,0
north,SKU0048,2024-09,35,153,0
north,SKU0048,2024-10,45,108,0
north,SKU0048,2024-11,36,572,500
north,SKU0048,2024-12,73,499,0
north,SKU0048,2024-13,33,466,0
north,SKU0048,2024-14,53,413,0
north,SKU0048,2024-15,61,352,0
north,SKU0048,2024-16,23,329,0
north,SKU0048,2024-17,75,254,0
north,SKU0048,2024-18,49,205,0
north,SKU0048,2024-19,55,150,0
north,SKU0048,2024-20,44,106,0
north,SKU0048,2024-21,69,337,300
north,SKU0048,2024-22,47,290,0
north,SKU0048,2024-23,19,271,0
north,SKU0048,2024-24,52,219,0
north,SKU0048,2024-25,42,177,0
north,SKU0048,2024-26,56,121,0
north,SKU0048,2024-27,25,596,500
north,SKU0048,2024-28,35,561,0
north,SKU0048,2024-29,57,504,0
north,SKU0048,2024-30,38,466,0
north,SKU0048,2024-31,40,426,0
north,SKU0048,2024-32,15,411,0
north,SKU0048,2024-33,25,386,0
north,SKU0048,2024-34,27,359,0
north,SKU0048,2024-35,22,337,0
north,SKU0048,2024-36,32,305,0
north,SKU0048,2024-37,32,273,0
north,SKU0048,2024-38,42,231,0
north,SKU0048,2024-39,28,203,0
north,SKU0048,2024-40,35,168,0
north,SKU0048,2024-41,37,131,0
north,SKU0048,2024-42,27,104,0
north,SKU0048,2024-43,16,388,300
north,SKU0048,2024-44,28,360,0
north,SKU0048,2024-45,31,329,0
north,SKU0048,2024-46,35,294,0
north,SKU0048,2024-47,20,274,0
north,SKU0048,2024-48,19,255,0
north,SKU0048,2024-49,24,231,0
north,SKU0048,2024-50,30,201,0
north,SKU0048,2024-51,34,167,0
north,SKU0049,2023-38,2,248,0
north,SKU0049,2023-39,3,245,0
north,SKU0049,2023-40,10,235,0
north,SKU0049,2023-41,7,228,0
north,SKU0049,2023-42,6,222,0
north,SKU0049,2023-43,8,214,0
north,SKU0049,2023-44,16,198,0
north,SKU0049,2023-45,13,185,0
north,SKU0049,2023-46,8,177,0
north,SKU0049,2023-47,20,157,0
north,SKU0049,2023-48,23,134,0
north,SKU0049,2023-49,19,115,0
north,SKU0049,2023-50,47,268,200
north,SKU0049,2023-51,41,227,0
north,SKU0049,2023-52,53,174,0
north,SKU0049,2024-01,68,106,0
north,SKU0049,2024-02,38,268,200
north,SKU0049,2024-03,39,229,0
north,SKU0049,2024-04,49,180,0
north,SKU0049,2024-05,42,138,0
north,SKU0049,2024-06,38,100,0
north,SKU0049,2024-07,45,255,200
north,SKU0049,2024-08,24,231,0
north,SKU0049,2024-09,53,178,0
north,SKU0049,2024-10,67,111,0
north,SKU0049,2024-11,29,382,300
north,SKU0049,2024-12,44,338,0
north,SKU0049,2024-13,53,285,0
north,SKU0049,2024-14,50,235,0
north,SKU0049,2024-15,39,196,0
north,SKU0049,2024-16,52,144,0
north,SKU0049,2024-17,55,289,200
north,SKU0049,2024-18,37,252,0
north,SKU0049,2024-19,57,195,0
north,SKU0049,2024-20,54,141,0
north,SKU0049,2024-21,52,389,300
north,SKU0049,2024-22,51,338,0
north,SKU0049,2024-23,39,299,0
north,SKU0049,2024-24,31,268,0
north,SKU0049,2024-25,28,240,0
north,SKU0049,2024-26,42,198,0
north,SKU0049,2024-27,42,156,0
north,SKU0049,2024-28,20,136,0
north,SKU0049,2024-29,32,104,0
north,SKU0049,2024-30,28,276,200
north,SKU0049,2024-31,40,236,0
north,SKU0049,2024-32,29,207,0
north,SKU0049,2024-33,30,177,0
north,SKU0049,2024-34,13,164,0
north,SKU0049,2024-35,22,142,0
north,SKU0049,2024-36,24,118,0
north,SKU0049,2024-37,29,289,200
north,SKU0049,2024-38,29,260,0
north,SKU0049,2024-39,26,234,0
north,SKU0049,2024-40,17,217,0
north,SKU0049,2024-41,16,201,0
north,SKU0049,2024-42,21,180,0
north,SKU0049,2024-43,12,168,0
north,SKU0049,2024-44,34,134,0
north,SKU0049,2024-45,20,114,0
north,SKU0049,2024-46,25,389,300
north,SKU0049,2024-47,20,369,0
north,SKU0049,2024-48,15,354,0
north,SKU0049,2024-49,17,337,0
north,SKU0049,2024-50,23,314,0
north,SKU0049,2024-51,16,298,0
north,SKU0050,2023-25,3,458,0
north,SKU0050,2023-26,2,456,0
north,SKU0050,2023-27,6,450,0
north,SKU0050,2023-28,4,446,0
north,SKU0050,2023-29,10,436,0
north,SKU0050,2023-30,19,417,0
north,SKU0050,2023-31,5,412,0
north,SKU0050,2023-32,10,402,0
north,SKU0050,2023-33,14,388,0
north,SKU0050,2023-34,15,373,0
north,SKU0050,2023-35,12,361,0
north,SKU0050,2023-36,14,347,0
north,SKU0050,2023-37,15,332,0
north,SKU0050,2023-38,19,313,0
north,SKU0050,2023-39,16,297,0
north,SKU0050,2023-40,8,289,0
north,SKU0050,2023-41,24,265,0
north,SKU0050,2023-42,19,246,0
north,SKU0050,2023-43,16,230,0
north,SKU0050,2023-44,28,202,0
north,SKU0050,2023-45,22,180,0
north,SKU0050,2023-46,30,150,0
north,SKU0050,2023-47,32,118,0
north,SKU0050,2023-48,33,285,200
north,SKU0050,2023-49,25,260,0
north,SKU0050,2023-50,35,225,0
north,SKU0050,2023-51,34,191,0
north,SKU0050,2023-52,60,131,0
north,SKU0050,2024-01,35,396,300
north,SKU0050,2024-02,53,343,0
north,SKU0050,2024-03,24,319,0
north,SKU0050,2024-04,40,279,0
north,SKU0050,2024-05,53,226,0
north,SKU0050,2024-06,41,185,0
north,SKU0050,2024-07,46,139,0
north,SKU0050,2024-08,29,110,0
north,SKU0050,2024-09,46,264,200
north,SKU0050,2024-10,70,194,0
north,SKU0050,2024-11,49,145,0
north,SKU0050,2024-12,69,376,300
north,SKU0050,2024-13,31,345,0
north,SKU0050,2024-14,59,286,0
north,SKU0050,2024-15,60,226,0
north,SKU0050,2024-16,54,172,0
north,SKU0050,2024-17,62,110,0
north,SKU0050,2024-18,78,532,500
north,SKU0050,2024-19,41,491,0
north,SKU0050,2024-20,33,458,0
north,SKU0050,2024-21,79,379,0
north,SKU0050,2024-22,55,324,0
north,SKU0050,2024-23,45,279,0
north,SKU0050,2024-24,66,213,0
north,SKU0050,2024-25,36,177,0
north,SKU0050,2024-26,29,148,0
north,SKU0050,2024-27,39,109,0
north,SKU0050,2024-28,45,564,500
north,SKU0050,2024-29,30,534,0
north,SKU0050,2024-30,40,494,0
north,SKU0050,2024-31,16,478,0
north,SKU0050,2024-32,50,428,0
north,SKU0050,2024-33,31,397,0
north,SKU0050,2024-34,29,368,0
north,SKU0050,2024-35,31,337,0
north,SKU0050,2024-36,32,305,0
north,SKU0050,2024-37,37,268,0
north,SKU0050,2024-38,32,236,0
north,SKU0050,2024-39,32,204,0
north,SKU0050,2024-40,17,187,0
north,SKU0050,2024-41,31,156,0
north,SKU0050,2024-42,32,124,0
north,SKU0050,2024-43,25,599,500
north,SKU0050,2024-44,18,581,0
north,SKU0050,2024-45,32,549,0
north,SKU0050,2024-46,30,519,0
north,SKU0050,2024-47,36,483,0
north,SKU0050,2024-48,26,457,0
north,SKU0050,2024-49,30,427,0
north,SKU0050,2024-50,31,396,0
north,SKU0050,2024-51,22,374,0
south,SKU0001,2023-38,1,569,0
south,SKU0001,2023-39,2,567,0
south,SKU0001,2023-40,4,563,0
south,SKU0001,2023-41,3,560,0
south,SKU0001,2023-42,5,555,0
south,SKU0001,2023-43,1,554,0
south,SKU0001,2023-44,10,544,0
south,SKU0001,2023-45,14,530,0
south,SKU0001,2023-46,13,517,0
south,SKU0001,2023-47,14,503,0
south,SKU0001,2023-48,14,489,0
south,SKU0001,2023-49,17,472,0
south,SKU0001,2023-50,14,458,0
south,SKU0001,2023-51,12,446,0
south,SKU0001,2023-52,32,414,0
south,SKU0001,2024-01,31,383,0
south,SKU0001,2024-02,20,363,0
south,SKU0001,2024-03,19,344,0
south,SKU0001,2024-04,29,315,0
south,SKU0001,2024-05,42,273,0
south,SKU0001,2024-06,45,228,0
south,SKU0001,2024-07,38,190,0
south,SKU0001,2024-08,36,154,0
south,SKU0001,2024-09,45,109,0
south,SKU0001,2024-10,56,553,500
south,SKU0001,2024-11,69,484,0
south,SKU0001,2024-12,54,430,0
south,SKU0001,2024-13,62,368,0
south,SKU0001,2024-14,28,340,0
south,SKU0001,2024-15,42,298,0
south,SKU0001,2024-16,50,248,0
south,SKU0001,2024-17,93,155,0
south,SKU0001,2024-18,75,280,200
south,SKU0001,2024-19,77,203,0
south,SKU0001,2024-20,41,162,0
south,SKU0001,2024-21,42,120,0
south,SKU0001,2024-22,52,568,500
south,SKU0001,2024-23,41,527,0
south,SKU0001,2024-24,54,473,0
south,SKU0001,2024-25,45,428,0
south,SKU0001,2024-26,36,392,0
south,SKU0001,2024-27,33,359,0
south,SKU0001,2024-28,43,316,0
south,SKU0001,2024-29,26,290,0
south,SKU0001,2024-30,30,260,0
south,SKU0001,2024-31,46,214,0
south,SKU0001,2024-32,46,168,0
south,SKU0001,2024-33,29,139,0
south,SKU0001,2024-34,46,593,500
south,SKU0001,2024-35,28,565,0
south,SKU0001,2024-36,10,555,0
south,SKU0001,2024-37,12,543,0
south,SKU0001,2024-38,45,498,0
south,SKU0001,2024-39,26,472,0
south,SKU0001,2024-40,49,423,0
south,SKU0001,2024-41,25,398,0
south,SKU0001,2024-42,31,367,0
south,SKU0001,2024-43,37,330,0
south,SKU0001,2024-44,32,298,0
south,SKU0001,2024-45,22,276,0
south,SKU0001,2024-46,41,235,0
south,SKU0001,2024-47,25,210,0
south,SKU0001,2024-48,18,192,0
south,SKU0001,2024-49,53,139,0
south,SKU0001,2024-50,46,593,500
south,SKU0001,2024-51,32,561,0
south,SKU0002,2023-21,1,572,0
south,SKU0002,2023-22,2,570,0
south,SKU0002,2023-23,2,568,0
south,SKU0002,2023-24,6,562,0
south,SKU0002,2023-25,6,556,0
south,SKU0002,2023-26,7,549,0
south,SKU0002,2023-27,7,542,0
south,SKU0002,2023-28,7,535,0
south,SKU0002,2023-29,6,529,0
south,SKU0002,2023-30,11,518,0
south,SKU0002,2023-31,9,509,0
south,SKU0002,2023-32,8,501,0
south,SKU0002,2023-33,9,492,0
south,SKU0002,2023-34,10,482,0
south,SKU0002,2023-35,12,470,0
south,SKU0002,2023-36,8,462,0
south,SKU0002,2023-37,11,451,0
south,SKU0002,2023-38,19,432,0
south,SKU0002,2023-39,11,421,0
south,SKU0002,2023-40,23,398,0
south,SKU0002,2023-41,20,378,0
south,SKU0002,2023-42,15,363,0
south,SKU0002,2023-43,16,347,0
south,SKU0002,2023-44,19,328,0
south,SKU0002,2023-45,14,314,0
south,SKU0002,2023-46,16,298,0
south,SKU0002,2023-47,18,280,0
south,SKU0002,2023-48,24,256,0
south,SKU0002,2023-49,20,236,0
south,SKU0002,2023-50,30,206,0
south,SKU0002,2023-51,21,185,0
south,SKU0002,2023-52,34,151,0
south,SKU0002,2024-01,17,134,0
south,SKU0002,2024-02,26,108,0
south,SKU0002,2024-03,19,289,200
south,SKU0002,2024-04,35,254,0
south,SKU0002,2024-05,42,212,0
south,SKU0002,2024-06,40,172,0
south,SKU0002,2024-07,40,132,0
south,SKU0002,2024-08,31,101,0
south,SKU0002,2024-09,30,571,500
south,SKU0002,2024-10,51,520,0
south,SKU0002,2024-11,36,484,0
south,SKU0002,2024-12,39,445,0
south,SKU0002,2024-13,57,388,0
south,SKU0002,2024-14,42,346,0
south,SKU0002,2024-15,44,302,0
south,SKU0002,2024-16,45,257,0
south,SKU0002,2024-17,46,211,0
south,SKU0002,2024-18,48,163,0
south,SKU0002,2024-19,69,594,500
south,SKU0002,2024-20,44,550,0
south,SKU0002,2024-21,55,495,0
south,SKU0002,2024-22,65,430,0
south,SKU0002,2024-23,42,388,0
south,SKU0002,2024-24,60,328,0
south,SKU0002,2024-25,43,285,0
south,SKU0002,2024-26,55,230,0
south,SKU0002,2024-27,44,186,0
south,SKU0002,2024-28,35,151,0
south,SKU0002,2024-29,44,107,0
south,SKU0002,2024-30,51,556,500
south,SKU0002,2024-31,38,518,0
south,SKU0002,2024-32,37,481,0
south,SKU0002,2024-33,33,448,0
south,SKU0002,2024-34,34,414,0
south,SKU0002,2024-35,42,372,0
south,SKU0002,2024-36,41,331,0
south,SKU0002,2024-37,29,302,0
south,SKU0002,2024-38,34,268,0
south,SKU0002,2024-39,32,236,0
south,SKU0002,2024-40,50,186,0
south,SKU0002,2024-41,37,149,0
south,SKU0002,2024-42,35,114,0
south,SKU0002,2024-43,29,285,200
south,SKU0002,2024-44,33,252,0
south,SKU0002,2024-45,32,220,0
south,SKU0002,2024-46,31,189,0
south,SKU0002,2024-47,31,158,0
south,SKU0002,2024-48,36,122,0
south,SKU0002,2024-49,36,386,300
south,SKU0002,2024-50,37,349,0
south,SKU0002,2024-51,30,319,0
south,SKU0003,2023-10,3,257,0
south,SKU0003,2023-11,2,255,0
south,SKU0003,2023-12,3,252,0
south,SKU0003,2023-13,4,248,0
south,SKU0003,2023-14,8,240,0
south,SKU0003,2023-15,5,235,0
south,SKU0003,2023-16,11,224,0
south,SKU0003,2023-17,8,216,0
south,SKU0003,2023-18,7,209,0
south,SKU0003,2023-19,10,199,0
south,SKU0003,2023-20,17,182,0
south,SKU0003,2023-21,12,170,0
south,SKU0003,2023-22,6,164,0
south,SKU0003,2023-23,20,144,0
south,SKU0003,2023-24,20,124,0
south,SKU0003,2023-25,27,397,300
south,SKU0003,2023-26,20,377,0
south,SKU0003,2023-27,17,360,0
south,SKU0003,2023-28,20,340,0
south,SKU0003,2023-29,17,323,0
south,SKU0003,2023-30,16,307,0
south,SKU0003,2023-31,26,281,0
south,SKU0003,2023-32,24,257,0
south,SKU0003,2023-33,25,232,0
south,SKU0003,2023-34,15,217,0
south,SKU0003,2023-35,18,199,0
south,SKU0003,2023-36,16,183,0
south,SKU0003,2023-37,12,171,0
south,SKU0003,2023-38,15,156,0
south,SKU0003,2023-39,15,141,0
south,SKU0003,2023-40,26,115,0
south,SKU0003,2023-41,33,582,500
south,SKU0003,2023-42,23,559,0
south,SKU0003,2023-43,35,524,0
south,SKU0003,2023-44,20,504,0
south,SKU0003,2023-45,29,475,0
south,SKU0003,2023-46,29,446,0
south,SKU0003,2023-47,30,416,0
south,SKU0003,2023-48,44,372,0
south,SKU0003,2023-49,38,334,0
south,SKU0003,2023-50,33,301,0
south,SKU0003,2023-51,32,269,0
south,SKU0003,2023-52,32,237,0
south,SKU0003,2024-01,49,188,0
south,SKU0003,2024-02,44,144,0
south,SKU0003,2024-03,51,593,500
south,SKU0003,2024-04,40,553,0
south,SKU0003,2024-05,44,509,0
south,SKU0003,2024-06,49,460,0
south,SKU0003,2024-07,53,407,0
south,SKU0003,2024-08,36,371,0
south,SKU0003,2024-09,67,304,0
south,SKU0003,2024-10,62,242,0
south,SKU0003,2024-11,66,176,0
south,SKU0003,2024-12,51,125,0
south,SKU0003,2024-13,72,253,200
south,SKU0003,2024-14,63,190,0
south,SKU0003,2024-15,56,134,0
south,SKU0003,2024-16,38,296,200
south,SKU0003,2024-17,39,257,0
south,SKU0003,2024-18,70,187,0
south,SKU0003,2024-19,57,130,0
south,SKU0003,2024-20,41,389,300
south,SKU0003,2024-21,64,325,0
south,SKU0003,2024-22,43,282,0
south,SKU0003,2024-23,59,223,0
south,SKU0003,2024-24,42,181,0
south,SKU0003,2024-25,51,130,0
south,SKU0003,2024-26,39,391,300
south,SKU0003,2024-27,36,355,0
south,SKU0003,2024-28,49,306,0
south,SKU0003,2024-29,36,270,0
south,SKU0003,2024-30,42,228,0
south,SKU0003,2024-31,23,205,0
south,SKU0003,2024-32,37,168,0
south,SKU0003,2024-33,30,138,0
south,SKU0003,2024-34,26,112,0
south,SKU0003,2024-35,31,281,200
south,SKU0003,2024-36,20,261,0
south,SKU0003,2024-37,37,224,0
south,SKU0003,2024-38,36,188,0
south,SKU0003,2024-39,33,155,0
south,SKU0003,2024-40,26,129,0
south,SKU0003,2024-41,35,394,300
south,SKU0003,2024-42,47,347,0
south,SKU0003,2024-43,25,322,0
south,SKU0003,2024-44,23,299,0
south,SKU0003,2024-45,25,274,0
south,SKU0003,2024-46,22,252,0
south,SKU0003,2024-47,22,230,0
south,SKU0003,2024-48,33,197,0
south,SKU0003,2024-49,37,160,0
south,SKU0003,2024-50,39,121,0
south,SKU0003,2024-51,32,289,200
south,SKU0004,2023-02,1,524,0
south,SKU0004,2023-03,3,521,0
south,SKU0004,2023-04,3,518,0
south,SKU0004,2023-05,6,512,0
south,SKU0004,2023-06,7,505,0
south,SKU0004,2023-07,6,499,0
south,SKU0004,2023-08,6,493,0
south,SKU0004,2023-09,6,487,0
south,SKU0004,2023-10,10,477,0
south,SKU0004,2023-11,10,467,0
south,SKU0004,2023-12,13,454,0
south,SKU0004,2023-13,18,436,0
south,SKU0004,2023-14,13,423,0
south,SKU0004,2023-15,13,410,0
south,SKU0004,2023-16,16,394,0
south,SKU0004,2023-17,11,383,0
south,SKU0004,2023-18,7,376,0
south,SKU0004,2023-19,18,358,0
south,SKU0004,2023-20,19,339,0
south,SKU0004,2023-21,22,317,0
south,SKU0004,2023-22,17,300,0
south,SKU0004,2023-23,15,285,0
south,SKU0004,2023-24,19,266,0
south,SKU0004,2023-25,27,239,0
south,SKU0004,2023-26,20,219,0
south,SKU0004,2023-27,16,203,0
south,SKU0004,2023-28,16,187,0
south,SKU0004,2023-29,14,173,0
south,SKU0004,2023-30,21,152,0
south,SKU0004,2023-31,32,120,0
south,SKU0004,2023-32,15,105,0
south,SKU0004,2023-33,27,278,200
south,SKU0004,2023-34,30,248,0
south,SKU0004,2023-35,21,227,0
south,SKU0004,2023-36,28,199,0
south,SKU0004,2023-37,28,171,0
south,SKU0004,2023-38,23,148,0
south,SKU0004,2023-39,35,113,0
south,SKU0004,2023-40,12,101,0
south,SKU0004,2023-41,27,274,200
south,SKU0004,2023-42,34,240,0
south,SKU0004,2023-43,34,206,0
south,SKU0004,2023-44,33,173,0
south,SKU0004,2023-45,46,127,0
south,SKU0004,2023-46,34,293,200
south,SKU0004,2023-47,34,259,0
south,SKU0004,2023-48,24,235,0
south,SKU0004,2023-49,27,208,0
south,SKU0004,2023-50,33,175,0
south,SKU0004,2023-51,72,103,0
south,SKU0004,2023-52,51,352,300
south,SKU0004,2024-01,60,292,0
south,SKU0004,2024-02,51,241,0
south,SKU0004,2024-03,57,184,0
south,SKU0004,2024-04,56,128,0
south,SKU0004,2024-05,68,360,300
south,SKU0004,2024-06,64,296,0
south,SKU0004,2024-07,50,246,0
south,SKU0004,2024-08,45,201,0
south,SKU0004,2024-09,68,133,0
south,SKU0004,2024-10,57,376,300
south,SKU0004,2024-11,43,333,0
south,SKU0004,2024-12,62,271,0
south,SKU0004,2024-13,56,215,0
south,SKU0004,2024-14,37,178,0
south,SKU0004,2024-15,53,125,0
south,SKU0004,2024-16,56,269,200
south,SKU0004,2024-17,48,221,0
south,SKU0004,2024-18,68,153,0
south,SKU0004,2024-19,60,393,300
south,SKU0004,2024-20,41,352,0
south,SKU0004,2024-21,60,292,0
south,SKU0004,2024-22,37,255,0
south,SKU0004,2024-23,55,200,0
south,SKU0004,2024-24,48,152,0
south,SKU0004,2024-25,57,395,300
south,SKU0004,2024-26,33,362,0
south,SKU0004,2024-27,37,325,0
south,SKU0004,2024-28,47,278,0
south,SKU0004,2024-29,53,225,0
south,SKU0004,2024-30,60,165,0
south,SKU0004,2024-31,35,130,0
south,SKU0004,2024-32,48,282,200
south,SKU0004,2024-33,33,249,0
south,SKU0004,2024-34,23,226,0
south,SKU0004,2024-35,28,198,0
south,SKU0004,2024-36,40,158,0
south,SKU0004,2024-37,41,117,0
south,SKU0004,2024-38,42,575,500
south,SKU0004,2024-39,22,553,0
south,SKU0004,2024-40,52,501,0
south,SKU0004,2024-41,32,469,0
south,SKU0004,2024-42,28,441,0
south,SKU0004,2024-43,24,417,0
south,SKU0004,2024-44,43,374,0
south,SKU0004,2024-45,32,342,0
south,SKU0004,2024-46,43,299,0
south,SKU0004,2024-47,29,270,0
south,SKU0004,2024-48,22,248,0
south,SKU0004,2024-49,41,207,0
south,SKU0004,2024-50,63,144,0
south,SKU0004,2024-51,50,294,200
south,SKU0005,2023-29,1,480,0
south,SKU0005,2023-30,2,478,0
south,SKU0005,2023-31,2,476,0
south,SKU0005,2023-32,2,474,0
south,SKU0005,2023-33,2,472,0
south,SKU0005,2023-34,4,468,0
south,SKU0005,2023-35,11,457,0
south,SKU0005,2023-36,8,449,0
south,SKU0005,2023-37,6,443,0
south,SKU0005,2023-38,6,437,0
south,SKU0005,2023-39,1,436,0
south,SKU0005,2023-40,5,431,0
south,SKU0005,2023-41,15,416,0
south,SKU0005,2023-42,8,408,0
south,SKU0005,2023-43,12,396,0
south,SKU0005,2023-44,13,383,0
south,SKU0005,2023-45,15,368,0
south,SKU0005,2023-46,10,358,0
south,SKU0005,2023-47,25,333,0
south,SKU0005,2023-48,28,305,0
south,SKU0005,2023-49,16,289,0
south,SKU0005,2023-50,21,268,0
south,SKU0005,2023-51,21,247,0
south,SKU0005,2023-52,22,225,0
south,SKU0005,2024-01,41,184,0
south,SKU0005,2024-02,38,146,0
south,SKU0005,2024-03,37,109,0
south,SKU0005,2024-04,24,285,200
south,SKU0005,2024-05,29,256,0
south,SKU0005,2024-06,44,212,0
south,SKU0005,2024-07,40,172,0
south,SKU0005,2024-08,40,132,0
south,SKU0005,2024-09,62,570,500
south,SKU0005,2024-10,42,528,0
south,SKU0005,2024-11,27,501,0
south,SKU0005,2024-12,40,461,0
south,SKU0005,2024-13,41,420,0
south,SKU0005,2024-14,65,355,0
south,SKU0005,2024-15,57,298,0
south,SKU0005,2024-16,39,259,0
south,SKU0005,2024-17,48,211,0
south,SKU0005,2024-18,48,163,0
south,SKU0005,2024-19,52,111,0
south,SKU0005,2024-20,48,263,200
south,SKU0005,2024-21,35,228,0
south,SKU0005,2024-22,66,162,0
south,SKU0005,2024-23,30,132,0
south,SKU0005,2024-24,19,113,0
south,SKU0005,2024-25,54,359,300
south,SKU0005,2024-26,29,330,0
south,SKU0005,2024-27,45,285,0
south,SKU0005,2024-28,48,237,0
south,SKU0005,2024-29,55,182,0
south,SKU0005,2024-30,37,145,0
south,SKU0005,2024-31,32,113,0
south,SKU0005,2024-32,40,573,500
south,SKU0005,2024-33,57,516,0
south,SKU0005,2024-34,38,478,0
south,SKU0005,2024-35,48,430,0
south,SKU0005,2024-36,59,371,0
south,SKU0005,2024-37,41,330,0
south,SKU0005,2024-38,16,314,0
south,SKU0005,2024-39,45,269,0
south,SKU0005,2024-40,24,245,0
south,SKU0005,2024-41,38,207,0
south,SKU0005,2024-42,33,174,0
south,SKU0005,2024-43,33,141,0
south,SKU0005,2024-44,24,117,0
south,SKU0005,2024-45,34,383,300
south,SKU0005,2024-46,56,327,0
south,SKU0005,2024-47,48,279,0
south,SKU0005,2024-48,38,241,0
south,SKU0005,2024-49,27,214,0
south,SKU0005,2024-50,65,149,0
south,SKU0005,2024-51,60,589,500
south,SKU0006,2023-32,1,517,0
south,SKU0006,2023-33,3,514,0
south,SKU0006,2023-34,6,508,0
south,SKU0006,2023-35,5,503,0
south,SKU0006,2023-36,12,491,0
south,SKU0006,2023-37,14,477,0
south,SKU0006,2023-38,14,463,0
south,SKU0006,2023-39,16,447,0
south,SKU0006,2023-40,15,432,0
south,SKU0006,2023-41,17,415,0
south,SKU0006,2023-42,28,387,0
south,SKU0006,2023-43,23,364,0
south,SKU0006,2023-44,25,339,0
south,SKU0006,2023-45,30,309,0
south,SKU0006,2023-46,28,281,0
south,SKU0006,2023-47,30,251,0
south,SKU0006,2023-48,31,220,0
south,SKU0006,2023-49,48,172,0
south,SKU0006,2023-50,39,133,0
south,SKU0006,2023-51,41,292,200
south,SKU0006,2023-52,59,233,0
south,SKU0006,2024-01,67,166,0
south,SKU0006,2024-02,50,116,0
south,SKU0006,2024-03,53,263,200
south,SKU0006,2024-04,63,200,0
south,SKU0006,2024-05,50,150,0
south,SKU0006,2024-06,52,398,300
south,SKU0006,2024-07,59,339,0
south,SKU0006,2024-08,55,284,0
south,SKU0006,2024-09,60,224,0
south,SKU0006,2024-10,56,168,0
south,SKU0006,2024-11,58,110,0
south,SKU0006,2024-12,49,261,200
south,SKU0006,2024-13,50,211,0
south,SKU0006,2024-14,38,173,0
south,SKU0006,2024-15,54,119,0
south,SKU0006,2024-16,46,273,200
south,SKU0006,2024-17,53,220,0
south,SKU0006,2024-18,54,166,0
south,SKU0006,2024-19,33,133,0
south,SKU0006,2024-20,47,586,500
south,SKU0006,2024-21,40,546,0
south,SKU0006,2024-22,49,497,0
south,SKU0006,2024-23,41,456,0
south,SKU0006,2024-24,36,420,0
south,SKU0006,2024-25,39,381,0
south,SKU0006,2024-26,29,352,0
south,SKU0006,2024-27,31,321,0
south,SKU0006,2024-28,20,301,0
south,SKU0006,2024-29,31,270,0
south,SKU0006,2024-30,20,250,0
south,SKU0006,2024-31,22,228,0
south,SKU0006,2024-32,29,199,0
south,SKU0006,2024-33,25,174,0
south,SKU0006,2024-34,19,155,0
south,SKU0006,2024-35,29,126,0
south,SKU0006,2024-36,27,299,200
south,SKU0006,2024-37,29,270,0
south,SKU0006,2024-38,17,253,0
south,SKU0006,2024-39,22,231,0
south,SKU0006,2024-40,24,207,0
south,SKU0006,2024-41,26,181,0
south,SKU0006,2024-42,27,154,0
south,SKU0006,2024-43,20,134,0
south,SKU0006,2024-44,23,111,0
south,SKU0006,2024-45,27,584,500
south,SKU0006,2024-46,22,562,0
south,SKU0006,2024-47,23,539,0
south,SKU0006,2024-48,24,515,0
south,SKU0006,2024-49,25,490,0
south,SKU0006,2024-50,22,468,0
south,SKU0006,2024-51,27,441,0
south,SKU0007,2023-25,3,499,0
south,SKU0007,2023-26,4,495,0
south,SKU0007,2023-27,3,492,0
south,SKU0007,2023-28,7,485,0
south,SKU0007,2023-29,7,478,0
south,SKU0007,2023-30,7,471,0
south,SKU0007,2023-31,9,462,0
south,SKU0007,2023-32,8,454,0
south,SKU0007,2023-33,10,444,0
south,SKU0007,2023-34,13,431,0
south,SKU0007,2023-35,10,421,0
south,SKU0007,2023-36,10,411,0
south,SKU0007,2023-37,18,393,0
south,SKU0007,2023-38,16,377,0
south,SKU0007,2023-39,13,364,0
south,SKU0007,2023-40,11,353,0
south,SKU0007,2023-41,15,338,0
south,SKU0007,2023-42,16,322,0
south,SKU0007,2023-43,24,298,0
south,SKU0007,2023-44,29,269,0
south,SKU0007,2023-45,22,247,0
south,SKU0007,2023-46,16,231,0
south,SKU0007,2023-47,23,208,0
south,SKU0007,2023-48,31,177,0
south,SKU0007,2023-49,27,150,0
south,SKU0007,2023-50,37,113,0
south,SKU0007,2023-51,42,571,500
south,SKU0007,2023-52,21,550,0
south,SKU0007,2024-01,33,517,0
south,SKU0007,2024-02,28,489,0
south,SKU0007,2024-03,36,453,0
south,SKU0007,2024-04,52,401,0
south,SKU0007,2024-05,47,354,0
south,SKU0007,2024-06,61,293,0
south,SKU0007,2024-07,58,235,0
south,SKU0007,2024-08,56,179,0
south,SKU0007,2024-09,26,153,0
south,SKU0007,2024-10,62,391,300
south,SKU0007,2024-11,50,341,0
south,SKU0007,2024-12,43,298,0
south,SKU0007,2024-13,55,243,0
south,SKU0007,2024-14,60,183,0
south,SKU0007,2024-15,46,137,0
south,SKU0007,2024-16,60,377,300
south,SKU0007,2024-17,63,314,0
south,SKU0007,2024-18,43,271,0
south,SKU0007,2024-19,51,220,0
south,SKU0007,2024-20,55,165,0
south,SKU0007,2024-21,36,129,0
south,SKU0007,2024-22,50,379,300
south,SKU0007,2024-23,52,327,0
south,SKU0007,2024-24,43,284,0
south,SKU0007,2024-25,45,239,0
south,SKU0007,2024-26,38,201,0
south,SKU0007,2024-27,49,152,0
south,SKU0007,2024-28,36,116,0
south,SKU0007,2024-29,28,588,500
south,SKU0007,2024-30,39,549,0
south,SKU0007,2024-31,36,513,0
south,SKU0007,2024-32,33,480,0
south,SKU0007,2024-33,32,448,0
south,SKU0007,2024-34,37,411,0
south,SKU0007,2024-35,36,375,0
south,SKU0007,2024-36,33,342,0
south,SKU0007,2024-37,31,311,0
south,SKU0007,2024-38,27,284,0
south,SKU0007,2024-39,23,261,0
south,SKU0007,2024-40,20,241,0
south,SKU0007,2024-41,30,211,0
south,SKU0007,2024-42,29,182,0
south,SKU0007,2024-43,27,155,0
south,SKU0007,2024-44,26,129,0
south,SKU0007,2024-45,29,100,0
south,SKU0007,2024-46,32,368,300
south,SKU0007,2024-47,28,340,0
south,SKU0007,2024-48,26,314,0
south,SKU0007,2024-49,26,288,0
south,SKU0007,2024-50,31,257,0
south,SKU0007,2024-51,28,229,0
south,SKU0008,2023-28,4,411,0
south,SKU0008,2023-29,2,409,0
south,SKU0008,2023-30,4,405,0
south,SKU0008,2023-31,8,397,0
south,SKU0008,2023-32,12,385,0
south,SKU0008,2023-33,8,377,0
south,SKU0008,2023-34,11,366,0
south,SKU0008,2023-35,19,347,0
south,SKU0008,2023-36,20,327,0
south,SKU0008,2023-37,21,306,0
south,SKU0008,2023-38,15,291,0
south,SKU0008,2023-39,14,277,0
south,SKU0008,2023-40,22,255,0
south,SKU0008,2023-41,19,236,0
south,SKU0008,2023-42,21,215,0
south,SKU0008,2023-43,19,196,0
south,SKU0008,2023-44,23,173,0
south,SKU0008,2023-45,26,147,0
south,SKU0008,2023-46,19,128,0
south,SKU0008,2023-47,25,103,0
south,SKU0008,2023-48,41,362,300
south,SKU0008,2023-49,33,329,0
south,SKU0008,2023-50,39,290,0
south,SKU0008,2023-51,37,253,0
south,SKU0008,2023-52,36,217,0
south,SKU0008,2024-01,47,170,0
south,SKU0008,2024-02,44,126,0
south,SKU0008,2024-03,57,269,200
south,SKU0008,2024-04,45,224,0
south,SKU0008,2024-05,52,172,0
south,SKU0008,2024-06,54,118,0
south,SKU0008,2024-07,56,362,300
south,SKU0008,2024-08,72,290,0
south,SKU0008,2024-09,64,226,0
south,SKU0008,2024-10,65,161,0
south,SKU0008,2024-11,45,116,0
south,SKU0008,2024-12,57,359,300
south,SKU0008,2024-13,58,301,0
south,SKU0008,2024-14,46,255,0
south,SKU0008,2024-15,51,204,0
south,SKU0008,2024-16,55,149,0
south,SKU0008,2024-17,79,570,500
south,SKU0008,2024-18,49,521,0
south,SKU0008,2024-19,64,457,0
south,SKU0008,2024-20,53,404,0
south,SKU0008,2024-21,61,343,0
south,SKU0008,2024-22,49,294,0
south,SKU0008,2024-23,46,248,0
south,SKU0008,2024-24,48,200,0
south,SKU0008,2024-25,44,156,0
south,SKU0008,2024-26,45,111,0
south,SKU0008,2024-27,38,573,500
south,SKU0008,2024-28,48,525,0
south,SKU0008,2024-29,41,484,0
south,SKU0008,2024-30,31,453,0
south,SKU0008,2024-31,41,412,0
south,SKU0008,2024-32,26,386,0
south,SKU0008,2024-33,31,355,0
south,SKU0008,2024-34,26,329,0
south,SKU0008,2024-35,33,296,0
south,SKU0008,2024-36,43,253,0
south,SKU0008,2024-37,24,229,0
south,SKU0008,2024-38,25,204,0
south,SKU0008,2024-39,36,168,0
south,SKU0008,2024-40,35,133,0
south,SKU0008,2024-41,30,103,0
south,SKU0008,2024-42,24,579,500
south,SKU0008,2024-43,36,543,0
south,SKU0008,2024-44,38,505,0
south,SKU0008,2024-45,33,472,0
south,SKU0008,2024-46,31,441,0
south,SKU0008,2024-47,22,419,0
south,SKU0008,2024-48,32,387,0
south,SKU0008,2024-49,48,339,0
south,SKU0008,2024-50,33,306,0
south,SKU0008,2024-51,31,275,0
south,SKU0009,2023-02,1,201,0
south,SKU0009,2023-03,1,200,0
south,SKU0009,2023-04,2,198,0
south,SKU0009,2023-05,3,195,0
south,SKU0009,2023-06,4,191,0
south,SKU0009,2023-07,7,184,0
south,SKU0009,2023-08,2,182,0
south,SKU0009,2023-09,5,177,0
south,SKU0009,2023-10,9,168,0
south,SKU0009,2023-11,9,159,0
south,SKU0009,2023-12,3,156,0
south,SKU0009,2023-13,6,150,0
south,SKU0009,2023-14,9,141,0
south,SKU0009,2023-15,13,128,0
south,SKU0009,2023-16,16,112,0
south,SKU0009,2023-17,16,596,500
south,SKU0009,2023-18,13,583,0
south,SKU0009,2023-19,13,570,0
south,SKU0009,2023-20,11,559,0
south,SKU0009,2023-21,11,548,0
south,SKU0009,2023-22,11,537,0
south,SKU0009,2023-23,13,524,0
south,SKU0009,2023-24,14,510,0
south,SKU0009,2023-25,18,492,0
south,SKU0009,2023-26,11,481,0
south,SKU0009,2023-27,17,464,0
south,SKU0009,2023-28,15,449,0
south,SKU0009,2023-29,18,431,0
south,SKU0009,2023-30,9,422,0
south,SKU0009,2023-31,16,406,0
south,SKU0009,2023-32,17,389,0
south,SKU0009,2023-33,18,371,0
south,SKU0009,2023-34,21,350,0
south,SKU0009,2023-35,20,330,0
south,SKU0009,2023-36,21,309,0
south,SKU0009,2023-37,19,290,0
south,SKU0009,2023-38,10,280,0
south,SKU0009,2023-39,25,255,0
south,SKU0009,2023-40,23,232,0
south,SKU0009,2023-41,20,212,0
south,SKU0009,2023-42,25,187,0
south,SKU0009,2023-43,21,166,0
south,SKU0009,2023-44,20,146,0
south,SKU0009,2023-45,28,118,0
south,SKU0009,2023-46,39,579,500
south,SKU0009,2023-47,29,550,0
south,SKU0009,2023-48,29,521,0
south,SKU0009,2023-49,30,491,0
south,SKU0009,2023-50,24,467,0
south,SKU0009,2023-51,25,442,0
south,SKU0009,2023-52,38,404,0
south,SKU0009,2024-01,51,353,0
south,SKU0009,2024-02,47,306,0
south,SKU0009,2024-03,33,273,0
south,SKU0009,2024-04,31,242,0
south,SKU0009,2024-05,41,201,0
south,SKU0009,2024-06,45,156,0
south,SKU0009,2024-07,43,113,0
south,SKU0009,2024-08,51,362,300
south,SKU0009,2024-09,42,320,0
south,SKU0009,2024-10,58,262,0
south,SKU0009,2024-11,47,215,0
south,SKU0009,2024-12,46,169,0
south,SKU0009,2024-13,60,109,0
south,SKU0009,2024-14,47,562,500
south,SKU0009,2024-15,53,509,0
south,SKU0009,2024-16,41,468,0
south,SKU0009,2024-17,40,428,0
south,SKU0009,2024-18,63,365,0
south,SKU0009,2024-19,52,313,0
south,SKU0009,2024-20,52,261,0
south,SKU0009,2024-21,48,213,0
south,SKU0009,2024-22,63,150,0
south,SKU0009,2024-23,40,110,0
south,SKU0009,2024-24,55,555,500
south,SKU0009,2024-25,57,498,0
south,SKU0009,2024-26,47,451,0
south,SKU0009,2024-27,60,391,0
south,SKU0009,2024-28,50,341,0
south,SKU0009,2024-29,36,305,0
south,SKU0009,2024-30,53,252,0
south,SKU0009,2024-31,32,220,0
south,SKU0009,2024-32,37,183,0
south,SKU0009,2024-33,40,143,0
south,SKU0009,2024-34,38,105,0
south,SKU0009,2024-35,28,277,200
south,SKU0009,2024-36,36,241,0
south,SKU0009,2024-37,37,204,0
south,SKU0009,2024-38,21,183,0
south,SKU0009,2024-39,39,144,0
south,SKU0009,2024-40,30,114,0
south,SKU0009,2024-41,36,378,300
south,SKU0009,2024-42,29,349,0
south,SKU0009,2024-43,27,322,0
south,SKU0009,2024-44,25,297,0
south,SKU0009,2024-45,19,278,0
south,SKU0009,2024-46,31,247,0
south,SKU0009,2024-47,24,223,0
south,SKU0009,2024-48,38,185,0
south,SKU0009,2024-49,32,153,0
south,SKU0009,2024-50,28,125,0
south,SKU0009,2024-51,35,390,300
south,SKU0010,2023-38,2,491,0
south,SKU0010,2023-39,4,487,0
south,SKU0010,2023-40,10,477,0
south,SKU0010,2023-41,9,468,0
south,SKU0010,2023-42,10,458,0
south,SKU0010,2023-43,18,440,0
south,SKU0010,2023-44,17,423,0
south,SKU0010,2023-45,16,407,0
south,SKU0010,2023-46,17,390,0
south,SKU0010,2023-47,37,353,0
south,SKU0010,2023-48,25,328,0
south,SKU0010,2023-49,25,303,0
south,SKU0010,2023-50,36,267,0
south,SKU0010,2023-51,40,227,0
south,SKU0010,2023-52,44,183,0
south,SKU0010,2024-01,45,138,0
south,SKU0010,2024-02,43,595,500
south,SKU0010,2024-03,47,548,0
south,SKU0010,2024-04,33,515,0
south,SKU0010,2024-05,77,438,0
south,SKU0010,2024-06,52,386,0
south,SKU0010,2024-07,62,324,0
south,SKU0010,2024-08,48,276,0
south,SKU0010,2024-09,61,215,0
south,SKU0010,2024-10,59,156,0
south,SKU0010,2024-11,43,113,0
south,SKU0010,2024-12,40,573,500
south,SKU0010,2024-13,45,528,0
south,SKU0010,2024-14,41,487,0
south,SKU0010,2024-15,86,401,0
south,SKU0010,2024-16,57,344,0
south,SKU0010,2024-17,35,309,0
south,SKU0010,2024-18,44,265,0
south,SKU0010,2024-19,44,221,0
south,SKU0010,2024-20,53,168,0
south,SKU0010,2024-21,30,138,0
south,SKU0010,2024-22,28,110,0
south,SKU0010,2024-23,21,589,500
south,SKU0010,2024-24,39,550,0
south,SKU0010,2024-25,35,515,0
south,SKU0010,2024-26,34,481,0
south,SKU0010,2024-27,44,437,0
south,SKU0010,2024-28,41,396,0
south,SKU0010,2024-29,10,386,0
south,SKU0010,2024-30,21,365,0
south,SKU0010,2024-31,27,338,0
south,SKU0010,2024-32,31,307,0
south,SKU0010,2024-33,28,279,0
south,SKU0010,2024-34,16,263,0
south,SKU0010,2024-35,22,241,0
south,SKU0010,2024-36,24,217,0
south,SKU0010,2024-37,32,185,0
south,SKU0010,2024-38,38,147,0
south,SKU0010,2024-39,24,123,0
south,SKU0010,2024-40,27,296,200
south,SKU0010,2024-41,26,270,0
south,SKU0010,2024-42,21,249,0
south,SKU0010,2024-43,14,235,0
south,SKU0010,2024-44,26,209,0
south,SKU0010,2024-45,9,200,0
south,SKU0010,2024-46,17,183,0
south,SKU0010,2024-47,9,174,0
south,SKU0010,2024-48,23,151,0
south,SKU0010,2024-49,25,126,0
south,SKU0010,2024-50,30,596,500
south,SKU0010,2024-51,23,573,0
south,SKU0011,2023-08,2,225,0
south,SKU0011,2023-09,1,224,0
south,SKU0011,2023-10,3,221,0
south,SKU0011,2023-11,5,216,0
south,SKU0011,2023-12,9,207,0
south,SKU0011,2023-13,7,200,0
south,SKU0011,2023-14,7,193,0
south,SKU0011,2023-15,12,181,0
south,SKU0011,2023-16,10,171,0
south,SKU0011,2023-17,12,159,0
south,SKU0011,2023-18,13,146,0
south,SKU0011,2023-19,18,128,0
south,SKU0011,2023-20,10,118,0
south,SKU0011,2023-21,20,398,300
south,SKU0011,2023-22,20,378,0
south,SKU0011,2023-23,17,361,0
south,SKU0011,2023-24,6,355,0
south,SKU0011,2023-25,22,333,0
south,SKU0011,2023-26,18,315,0
south,SKU0011,2023-27,16,299,0
south,SKU0011,2023-28,22,277,0
south,SKU0011,2023-29,16,261,0
south,SKU0011,2023-30,22,239,0
south,SKU0011,2023-31,15,224,0
south,SKU0011,2023-32,22,202,0
south,SKU0011,2023-33,17,185,0
south,SKU0011,2023-34,8,177,0
south,SKU0011,2023-35,26,151,0
south,SKU0011,2023-36,24,127,0
south,SKU0011,2023-37,15,112,0
south,SKU0011,2023-38,27,585,500
south,SKU0011,2023-39,19,566,0
south,SKU0011,2023-40,16,550,0
south,SKU0011,2023-41,18,532,0
south,SKU0011,2023-42,24,508,0
south,SKU0011,2023-43,28,480,0
south,SKU0011,2023-44,8,472,0
south,SKU0011,2023-45,37,435,0
south,SKU0011,2023-46,13,422,0
south,SKU0011,2023-47,23,399,0
south,SKU0011,2023-48,25,374,0
south,SKU0011,2023-49,38,336,0
south,SKU0011,2023-50,42,294,0
south,SKU0011,2023-51,41,253,0
south,SKU0011,2023-52,34,219,0
south,SKU0011,2024-01,43,176,0
south,SKU0011,2024-02,33,143,0
south,SKU0011,2024-03,51,292,200
south,SKU0011,2024-04,68,224,0
south,SKU0011,2024-05,55,169,0
south,SKU0011,2024-06,52,117,0
south,SKU0011,2024-07,34,283,200
south,SKU0011,2024-08,55,228,0
south,SKU0011,2024-09,44,184,0
south,SKU0011,2024-10,60,124,0
south,SKU0011,2024-11,84,540,500
south,SKU0011,2024-12,70,470,0
south,SKU0011,2024-13,63,407,0
south,SKU0011,2024-14,51,356,0
south,SKU0011,2024-15,50,306,0
south,SKU0011,2024-16,71,235,0
south,SKU0011,2024-17,82,153,0
south,SKU0011,2024-18,24,129,0
south,SKU0011,2024-19,29,100,0
south,SKU0011,2024-20,66,334,300
south,SKU0011,2024-21,47,287,0
south,SKU0011,2024-22,61,226,0
south,SKU0011,2024-23,52,174,0
south,SKU0011,2024-24,56,118,0
south,SKU0011,2024-25,52,366,300
south,SKU0011,2024-26,60,306,0
south,SKU0011,2024-27,44,262,0
south,SKU0011,2024-28,37,225,0
south,SKU0011,2024-29,31,194,0
south,SKU0011,2024-30,54,140,0
south,SKU0011,2024-31,56,384,300
south,SKU0011,2024-32,32,352,0
south,SKU0011,2024-33,47,305,0
south,SKU0011,2024-34,52,253,0
south,SKU0011,2024-35,39,214,0
south,SKU0011,2024-36,32,182,0
south,SKU0011,2024-37,33,149,0
south,SKU0011,2024-38,37,112,0
south,SKU0011,2024-39,38,274,200
south,SKU0011,2024-40,47,227,0
south,SKU0011,2024-41,41,186,0
south,SKU0011,2024-42,23,163,0
south,SKU0011,2024-43,45,118,0
south,SKU0011,2024-44,33,285,200
south,SKU0011,2024-45,26,259,0
south,SKU0011,2024-46,30,229,0
south,SKU0011,2024-47,42,187,0
south,SKU0011,2024-48,42,145,0
south,SKU0011,2024-49,30,115,0
south,SKU0011,2024-50,48,267,200
south,SKU0011,2024-51,24,243,0
south,SKU0012,2023-06,1,410,0
south,SKU0012,2023-07,4,406,0
south,SKU0012,2023-08,3,403,0
south,SKU0012,2023-09,4,399,0
south,SKU0012,2023-10,5,394,0
south,SKU0012,2023-11,7,387,0
south,SKU0012,2023-12,4,383,0
south,SKU0012,2023-13,9,374,0
south,SKU0012,2023-14,12,362,0
south,SKU0012,2023-15,16,346,0
south,SKU0012,2023-16,20,326,0
south,SKU0012,2023-17,21,305,0
south,SKU0012,2023-18,12,293,0
south,SKU0012,2023-19,14,279,0
south,SKU0012,2023-20,27,252,0
south,SKU0012,2023-21,20,232,0
south,SKU0012,2023-22,31,201,0
south,SKU0012,2023-23,28,173,0
south,SKU0012,2023-24,11,162,0
south,SKU0012,2023-25,32,130,0
south,SKU0012,2023-26,18,112,0
south,SKU0012,2023-27,25,287,200
south,SKU0012,2023-28,23,264,0
south,SKU0012,2023-29,31,233,0
south,SKU0012,2023-30,28,205,0
south,SKU0012,2023-31,32,173,0
south,SKU0012,2023-32,21,152,0
south,SKU0012,2023-33,34,118,0
south,SKU0012,2023-34,16,102,0
south,SKU0012,2023-35,30,372,300
south,SKU0012,2023-36,41,331,0
south,SKU0012,2023-37,27,304,0
south,SKU0012,2023-38,43,261,0
south,SKU0012,2023-39,44,217,0
south,SKU0012,2023-40,47,170,0
south,SKU0012,2023-41,38,132,0
south,SKU0012,2023-42,33,599,500
south,SKU0012,2023-43,41,558,0
south,SKU0012,2023-44,24,534,0
south,SKU0012,2023-45,32,502,0
south,SKU0012,2023-46,62,440,0
south,SKU0012,2023-47,45,395,0
south,SKU0012,2023-48,31,364,0
south,SKU0012,2023-49,30,334,0
south,SKU0012,2023-50,51,283,0
south,SKU0012,2023-51,42,241,0
south,SKU0012,2023-52,56,185,0
south,SKU0012,2024-01,33,152,0
south,SKU0012,2024-02,27,125,0
south,SKU0012,2024-03,56,269,200
south,SKU0012,2024-04,56,213,0
south,SKU0012,2024-05,37,176,0
south,SKU0012,2024-06,67,109,0
south,SKU0012,2024-07,83,226,200
south,SKU0012,2024-08,69,157,0
south,SKU0012,2024-09,57,100,0
south,SKU0012,2024-10,51,349,300
south,SKU0012,2024-11,48,301,0
south,SKU0012,2024-12,52,249,0
south,SKU0012,2024-13,47,202,0
south,SKU0012,2024-14,69,133,0
south,SKU0012,2024-15,51,582,500
south,SKU0012,2024-16,36,546,0
south,SKU0012,2024-17,62,484,0
south,SKU0012,2024-18,53,431,0
south,SKU0012,2024-19,35,396,0
south,SKU0012,2024-20,68,328,0
south,SKU0012,2024-21,52,276,0
south,SKU0012,2024-22,52,224,0
south,SKU0012,2024-23,53,171,0
south,SKU0012,2024-24,47,124,0
south,SKU0012,2024-25,44,580,500
south,SKU0012,2024-26,39,541,0
south,SKU0012,2024-27,41,500,0
south,SKU0012,2024-28,34,466,0
south,SKU0012,2024-29,35,431,0
south,SKU0012,2024-30,31,400,0
south,SKU0012,2024-31,26,374,0
south,SKU0012,2024-32,29,345,0
south,SKU0012,2024-33,32,313,0
south,SKU0012,2024-34,33,280,0
south,SKU0012,2024-35,26,254,0
south,SKU0012,2024-36,31,223,0
south,SKU0012,2024-37,32,191,0
south,SKU0012,2024-38,42,149,0
south,SKU0012,2024-39,25,124,0
south,SKU0012,2024-40,31,393,300
south,SKU0012,2024-41,34,359,0
south,SKU0012,2024-42,41,318,0
south,SKU0012,2024-43,33,285,0
south,SKU0012,2024-44,31,254,0
south,SKU0012,2024-45,55,199,0
south,SKU0012,2024-46,15,184,0
south,SKU0012,2024-47,44,140,0
south,SKU0012,2024-48,42,398,300
south,SKU0012,2024-49,41,357,0
south,SKU0012,2024-50,39,318,0
south,SKU0012,2024-51,39,279,0
south,SKU0013,2023-35,1,309,0
south,SKU0013,2023-36,2,307,0
south,SKU0013,2023-37,3,304,0
south,SKU0013,2023-38,1,303,0
south,SKU0013,2023-39,3,300,0
south,SKU0013,2023-40,7,293,0
south,SKU0013,2023-41,11,282,0
south,SKU0013,2023-42,6,276,0
south,SKU0013,2023-43,5,271,0
south,SKU0013,2023-44,18,253,0
south,SKU0013,2023-45,8,245,0
south,SKU0013,2023-46,11,234,0
south,SKU0013,2023-47,12,222,0
south,SKU0013,2023-48,14,208,0
south,SKU0013,2023-49,9,199,0
south,SKU0013,2023-50,13,186,0
south,SKU0013,2023-51,14,172,0
south,SKU0013,2023-52,11,161,0
south,SKU0013,2024-01,29,132,0
south,SKU0013,2024-02,20,112,0
south,SKU0013,2024-03,28,284,200
south,SKU0013,2024-04,31,253,0
south,SKU0013,2024-05,28,225,0
south,SKU0013,2024-06,31,194,0
south,SKU0013,2024-07,30,164,0
south,SKU0013,2024-08,17,147,0
south,SKU0013,2024-09,32,115,0
south,SKU0013,2024-10,53,562,500
south,SKU0013,2024-11,40,522,0
south,SKU0013,2024-12,47,475,0
south,SKU0013,2024-13,32,443,0
south,SKU0013,2024-14,47,396,0
south,SKU0013,2024-15,30,366,0
south,SKU0013,2024-16,41,325,0
south,SKU0013,2024-17,72,253,0
south,SKU0013,2024-18,50,203,0
south,SKU0013,2024-19,44,159,0
south,SKU0013,2024-20,65,394,300
south,SKU0013,2024-21,54,340,0
south,SKU0013,2024-22,55,285,0
south,SKU0013,2024-23,79,206,0
south,SKU0013,2024-24,75,131,0
south,SKU0013,2024-25,46,285,200
south,SKU0013,2024-26,47,238,0
south,SKU0013,2024-27,38,200,0
south,SKU0013,2024-28,32,168,0
south,SKU0013,2024-29,44,124,0
south,SKU0013,2024-30,43,281,200
south,SKU0013,2024-31,44,237,0
south,SKU0013,2024-32,33,204,0
south,SKU0013,2024-33,40,164,0
south,SKU0013,2024-34,33,131,0
south,SKU0013,2024-35,30,101,0
south,SKU0013,2024-36,30,371,300
south,SKU0013,2024-37,40,331,0
south,SKU0013,2024-38,36,295,0
south,SKU0013,2024-39,32,263,0
south,SKU0013,2024-40,25,238,0
south,SKU0013,2024-41,36,202,0
south,SKU0013,2024-42,38,164,0
south,SKU0013,2024-43,30,134,0
south,SKU0013,2024-44,22,112,0
south,SKU0013,2024-45,32,380,300
south,SKU0013,2024-46,45,335,0
south,SKU0013,2024-47,24,311,0
south,SKU0013,2024-48,34,277,0
south,SKU0013,2024-49,24,253,0
south,SKU0013,2024-50,30,223,0
south,SKU0013,2024-51,45,178,0
south,SKU0014,2023-03,1,518,0
south,SKU0014,2023-04,1,517,0
south,SKU0014,2023-05,3,514,0
south,SKU0014,2023-06,2,512,0
south,SKU0014,2023-07,1,511,0
south,SKU0014,2023-08,4,507,0
south,SKU0014,2023-09,5,502,0
south,SKU0014,2023-10,5,497,0
south,SKU0014,2023-11,9,488,0
south,SKU0014,2023-12,9,479,0
south,SKU0014,2023-13,15,464,0
south,SKU0014,2023-14,13,451,0
south,SKU0014,2023-15,6,445,0
south,SKU0014,2023-16,12,433,0
south,SKU0014,2023-17,18,415,0
south,SKU0014,2023-18,15,400,0
south,SKU0014,2023-19,10,390,0
south,SKU0014,2023-20,13,377,0
south,SKU0014,2023-21,16,361,0
south,SKU0014,2023-22,16,345,0
south,SKU0014,2023-23,10,335,0
south,SKU0014,2023-24,13,322,0
south,SKU0014,2023-25,11,311,0
south,SKU0014,2023-26,17,294,0
south,SKU0014,2023-27,11,283,0
south,SKU0014,2023-28,11,272,0
south,SKU0014,2023-29,21,251,0
south,SKU0014,2023-30,27,224,0
south,SKU0014,2023-31,18,206,0
south,SKU0014,2023-32,23,183,0
south,SKU0014,2023-33,19,164,0
south,SKU0014,2023-34,29,135,0
south,SKU0014,2023-35,22,113,0
south,SKU0014,2023-36,16,397,300
south,SKU0014,2023-37,10,387,0
south,SKU0014,2023-38,23,364,0
south,SKU0014,2023-39,25,339,0
south,SKU0014,2023-40,13,326,0
south,SKU0014,2023-41,17,309,0
south,SKU0014,2023-42,18,291,0
south,SKU0014,2023-43,32,259,0
south,SKU0014,2023-44,29,230,0
south,SKU0014,2023-45,35,195,0
south,SKU0014,2023-46,24,171,0
south,SKU0014,2023-47,30,141,0
south,SKU0014,2023-48,33,108,0
south,SKU0014,2023-49,44,564,500
south,SKU0014,2023-50,48,516,0
south,SKU0014,2023-51,35,481,0
south,SKU0014,2023-52,32,449,0
south,SKU0014,2024-01,18,431,0
south,SKU0014,2024-02,45,386,0
south,SKU0014,2024-03,46,340,0
south,SKU0014,2024-04,51,289,0
south,SKU0014,2024-05,63,226,0
south,SKU0014,2024-06,37,189,0
south,SKU0014,2024-07,49,140,0
south,SKU0014,2024-08,36,104,0
south,SKU0014,2024-09,46,558,500
south,SKU0014,2024-10,63,495,0
south,SKU0014,2024-11,43,452,0
south,SKU0014,2024-12,49,403,0
south,SKU0014,2024-13,45,358,0
south,SKU0014,2024-14,47,311,0
south,SKU0014,2024-15,71,240,0
south,SKU0014,2024-16,39,201,0
south,SKU0014,2024-17,62,139,0
south,SKU0014,2024-18,65,274,200
south,SKU0014,2024-19,42,232,0
south,SKU0014,2024-20,60,172,0
south,SKU0014,2024-21,35,137,0
south,SKU0014,2024-22,55,382,300
south,SKU0014,2024-23,59,323,0
south,SKU0014,2024-24,43,280,0
south,SKU0014,2024-25,30,250,0
south,SKU0014,2024-26,25,225,0
south,SKU0014,2024-27,54,171,0
south,SKU0014,2024-28,33,138,0
south,SKU0014,2024-29,27,111,0
south,SKU0014,2024-30,35,276,200
south,SKU0014,2024-31,29,247,0
south,SKU0014,2024-32,44,203,0
south,SKU0014,2024-33,22,181,0
south,SKU0014,2024-34,31,150,0
south,SKU0014,2024-35,11,139,0
south,SKU0014,2024-36,26,113,0
south,SKU0014,2024-37,24,289,200
south,SKU0014,2024-38,29,260,0
south,SKU0014,2024-39,33,227,0
south,SKU0014,2024-40,22,205,0
south,SKU0014,2024-41,27,178,0
south,SKU0014,2024-42,32,146,0
south,SKU0014,2024-43,35,111,0
south,SKU0014,2024-44,28,283,200
south,SKU0014,2024-45,29,254,0
south,SKU0014,2024-46,31,223,0
south,SKU0014,2024-47,26,197,0
south,SKU0014,2024-48,16,181,0
south,SKU0014,2024-49,23,158,0
south,SKU0014,2024-50,27,131,0
south,SKU0014,2024-51,17,114,0
south,SKU0015,2023-33,3,346,0
south,SKU0015,2023-34,7,339,0
south,SKU0015,2023-35,8,331,0
south,SKU0015,2023-36,9,322,0
south,SKU0015,2023-37,11,311,0
south,SKU0015,2023-38,14,297,0
south,SKU0015,2023-39,15,282,0
south,SKU0015,2023-40,19,263,0
south,SKU0015,2023-41,22,241,0
south,SKU0015,2023-42,29,212,0
south,SKU0015,2023-43,35,177,0
south,SKU0015,2023-44,31,146,0
south,SKU0015,2023-45,48,298,200
south,SKU0015,2023-46,45,253,0
south,SKU0015,2023-47,52,201,0
south,SKU0015,2023-48,24,177,0
south,SKU0015,2023-49,42,135,0
south,SKU0015,2023-50,49,386,300
south,SKU0015,2023-51,50,336,0
south,SKU0015,2023-52,55,281,0
south,SKU0015,2024-01,61,220,0
south,SKU0015,2024-02,75,145,0
south,SKU0015,2024-03,47,398,300
south,SKU0015,2024-04,69,329,0
south,SKU0015,2024-05,51,278,0
south,SKU0015,2024-06,69,209,0
south,SKU0015,2024-07,46,163,0
south,SKU0015,2024-08,29,134,0
south,SKU0015,2024-09,49,585,500
south,SKU0015,2024-10,58,527,0
south,SKU0015,2024-11,47,480,0
south,SKU0015,2024-12,42,438,0
south,SKU0015,2024-13,34,404,0
south,SKU0015,2024-14,55,349,0
south,SKU0015,2024-15,35,314,0
south,SKU0015,2024-16,60,254,0
south,SKU0015,2024-17,24,230,0
south,SKU0015,2024-18,25,205,0
south,SKU0015,2024-19,38,167,0
south,SKU0015,2024-20,33,134,0
south,SKU0015,2024-21,45,389,300
south,SKU0015,2024-22,30,359,0
south,SKU0015,2024-23,36,323,0
south,SKU0015,2024-24,27,296,0
south,SKU0015,2024-25,22,274,0
south,SKU0015,2024-26,22,252,0
south,SKU0015,2024-27,19,233,0
south,SKU0015,2024-28,38,195,0
south,SKU0015,2024-29,44,151,0
south,SKU0015,2024-30,22,129,0
south,SKU0015,2024-31,21,108,0
south,SKU0015,2024-32,22,586,500
south,SKU0015,2024-33,23,563,0
south,SKU0015,2024-34,32,531,0
south,SKU0015,2024-35,18,513,0
south,SKU0015,2024-36,19,494,0
south,SKU0015,2024-37,18,476,0
south,SKU0015,2024-38,14,462,0
south,SKU0015,2024-39,20,442,0
south,SKU0015,2024-40,17,425,0
south,SKU0015,2024-41,13,412,0
south,SKU0015,2024-42,12,400,0
south,SKU0015,2024-43,11,389,0
south,SKU0015,2024-44,19,370,0
south,SKU0015,2024-45,22,348,0
south,SKU0015,2024-46,14,334,0
south,SKU0015,2024-47,18,316,0
south,SKU0015,2024-48,25,291,0
south,SKU0015,2024-49,13,278,0
south,SKU0015,2024-50,18,260,0
south,SKU0015,2024-51,20,240,0
south,SKU0016,2023-14,2,515,0
south,SKU0016,2023-15,3,512,0
south,SKU0016,2023-16,4,508,0
south,SKU0016,2023-17,4,504,0
south,SKU0016,2023-18,11,493,0
south,SKU0016,2023-19,6,487,0
south,SKU0016,2023-20,13,474,0
south,SKU0016,2023-21,22,452,0
south,SKU0016,2023-22,21,431,0
south,SKU0016,2023-23,12,419,0
south,SKU0016,2023-24,18,401,0
south,SKU0016,2023-25,16,385,0
south,SKU0016,2023-26,18,367,0
south,SKU0016,2023-27,16,351,0
south,SKU0016,2023-28,20,331,0
south,SKU0016,2023-29,20,311,0
south,SKU0016,2023-30,19,292,0
south,SKU0016,2023-31,26,266,0
south,SKU0016,2023-32,20,246,0
south,SKU0016,2023-33,23,223,0
south,SKU0016,2023-34,24,199,0
south,SKU0016,2023-35,19,180,0
south,SKU0016,2023-36,38,142,0
south,SKU0016,2023-37,27,115,0
south,SKU0016,2023-38,31,384,300
south,SKU0016,2023-39,31,353,0
south,SKU0016,2023-40,23,330,0
south,SKU0016,2023-41,28,302,0
south,SKU0016,2023-42,37,265,0
south,SKU0016,2023-43,33,232,0
south,SKU0016,2023-44,40,192,0
south,SKU0016,2023-45,46,146,0
south,SKU0016,2023-46,30,116,0
south,SKU0016,2023-47,47,569,500
south,SKU0016,2023-48,44,525,0
south,SKU0016,2023-49,58,467,0
south,SKU0016,2023-50,23,444,0
south,SKU0016,2023-51,35,409,0
south,SKU0016,2023-52,64,345,0
south,SKU0016,2024-01,59,286,0
south,SKU0016,2024-02,54,232,0
south,SKU0016,2024-03,73,159,0
south,SKU0016,2024-04,54,105,0
south,SKU0016,2024-05,52,553,500
south,SKU0016,2024-06,33,520,0
south,SKU0016,2024-07,56,464,0
south,SKU0016,2024-08,47,417,0
south,SKU0016,2024-09,40,377,0
south,SKU0016,2024-10,53,324,0
south,SKU0016,2024-11,50,274,0
south,SKU0016,2024-12,43,231,0
south,SKU0016,2024-13,55,176,0
south,SKU0016,2024-14,37,139,0
south,SKU0016,2024-15,43,296,200
south,SKU0016,2024-16,42,254,0
south,SKU0016,2024-17,46,208,0
south,SKU0016,2024-18,44,164,0
south,SKU0016,2024-19,46,118,0
south,SKU0016,2024-20,38,580,500
south,SKU0016,2024-21,47,533,0
south,SKU0016,2024-22,32,501,0
south,SKU0016,2024-23,45,456,0
south,SKU0016,2024-24,32,424,0
south,SKU0016,2024-25,37,387,0
south,SKU0016,2024-26,35,352,0
south,SKU0016,2024-27,46,306,0
south,SKU0016,2024-28,53,253,0
south,SKU0016,2024-29,28,225,0
south,SKU0016,2024-30,20,205,0
south,SKU0016,2024-31,22,183,0
south,SKU0016,2024-32,30,153,0
south,SKU0016,2024-33,25,128,0
south,SKU0016,2024-34,31,597,500
south,SKU0016,2024-35,30,567,0
south,SKU0016,2024-36,26,541,0
south,SKU0016,2024-37,24,517,0
south,SKU0016,2024-38,27,490,0
south,SKU0016,2024-39,15,475,0
south,SKU0016,2024-40,13,462,0
south,SKU0016,2024-41,20,442,0
south,SKU0016,2024-42,21,421,0
south,SKU0016,2024-43,30,391,0
south,SKU0016,2024-44,26,365,0
south,SKU0016,2024-45,24,341,0
south,SKU0016,2024-46,20,321,0
south,SKU0016,2024-47,17,304,0
south,SKU0016,2024-48,28,276,0
south,SKU0016,2024-49,28,248,0
south,SKU0016,2024-50,34,214,0
south,SKU0016,2024-51,22,192,0
south,SKU0017,2023-39,4,438,0
south,SKU0017,2023-40,3,435,0
south,SKU0017,2023-41,9,426,0
south,SKU0017,2023-42,7,419,0
south,SKU0017,2023-43,7,412,0
south,SKU0017,2023-44,12,400,0
south,SKU0017,2023-45,14,386,0
south,SKU0017,2023-46,20,366,0
south,SKU0017,2023-47,16,350,0
south,SKU0017,2023-48,22,328,0
south,SKU0017,2023-49,18,310,0
south,SKU0017,2023-50,12,298,0
south,SKU0017,2023-51,26,272,0
south,SKU0017,2023-52,37,235,0
south,SKU0017,2024-01,38,197,0
south,SKU0017,2024-02,46,151,0
south,SKU0017,2024-03,43,108,0
south,SKU0017,2024-04,54,554,500
south,SKU0017,2024-05,47,507,0
south,SKU0017,2024-06,43,464,0
south,SKU0017,2024-07,64,400,0
south,SKU0017,2024-08,46,354,0
south,SKU0017,2024-09,56,298,0
south,SKU0017,2024-10,55,243,0
south,SKU0017,2024-11,59,184,0
south,SKU0017,2024-12,71,113,0
south,SKU0017,2024-13,52,261,200
south,SKU0017,2024-14,36,225,0
south,SKU0017,2024-15,52,173,0
south,SKU0017,2024-16,52,121,0
south,SKU0017,2024-17,42,579,500
south,SKU0017,2024-18,59,520,0
south,SKU0017,2024-19,39,481,0
south,SKU0017,2024-20,35,446,0
south,SKU0017,2024-21,27,419,0
south,SKU0017,2024-22,58,361,0
south,SKU0017,2024-23,44,317,0
south,SKU0017,2024-24,54,263,0
south,SKU0017,2024-25,47,216,0
south,SKU0017,2024-26,45,171,0
south,SKU0017,2024-27,23,148,0
south,SKU0017,2024-28,40,108,0
south,SKU0017,2024-29,42,366,300
south,SKU0017,2024-30,29,337,0
south,SKU0017,2024-31,31,306,0
south,SKU0017,2024-32,29,277,0
south,SKU0017,2024-33,28,249,0
south,SKU0017,2024-34,42,207,0
south,SKU0017,2024-35,26,181,0
south,SKU0017,2024-36,27,154,0
south,SKU0017,2024-37,37,117,0
south,SKU0017,2024-38,30,387,300
south,SKU0017,2024-39,19,368,0
south,SKU0017,2024-40,27,341,0
south,SKU0017,2024-41,26,315,0
south,SKU0017,2024-42,26,289,0
south,SKU0017,2024-43,25,264,0
south,SKU0017,2024-44,27,237,0
south,SKU0017,2024-45,20,217,0
south,SKU0017,2024-46,37,180,0
south,SKU0017,2024-47,29,151,0
south,SKU0017,2024-48,46,105,0
south,SKU0017,2024-49,26,579,500
south,SKU0017,2024-50,38,541,0
south,SKU0017,2024-51,30,511,0
south,SKU0018,2023-24,3,200,0
south,SKU0018,2023-25,4,196,0
south,SKU0018,2023-26,7,189,0
south,SKU0018,2023-27,7,182,0
south,SKU0018,2023-28,5,177,0
south,SKU0018,2023-29,11,166,0
south,SKU0018,2023-30,8,158,0
south,SKU0018,2023-31,12,146,0
south,SKU0018,2023-32,11,135,0
south,SKU0018,2023-33,11,124,0
south,SKU0018,2023-34,9,115,0
south,SKU0018,2023-35,15,100,0
south,SKU0018,2023-36,13,587,500
south,SKU0018,2023-37,15,572,0
south,SKU0018,2023-38,15,557,0
south,SKU0018,2023-39,15,542,0
south,SKU0018,2023-40,17,525,0
south,SKU0018,2023-41,19,506,0
south,SKU0018,2023-42,14,492,0
south,SKU0018,2023-43,11,481,0
south,SKU0018,2023-44,25,456,0
south,SKU0018,2023-45,20,436,0
south,SKU0018,2023-46,21,415,0
south,SKU0018,2023-47,42,373,0
south,SKU0018,2023-48,33,340,0
south,SKU0018,2023-49,22,318,0
south,SKU0018,2023-50,30,288,0
south,SKU0018,2023-51,42,246,0
south,SKU0018,2023-52,39,207,0
south,SKU0018,2024-01,36,171,0
south,SKU0018,2024-02,32,139,0
south,SKU0018,2024-03,36,103,0
south,SKU0018,2024-04,48,355,300
south,SKU0018,2024-05,38,317,0
south,SKU0018,2024-06,61,256,0
south,SKU0018,2024-07,34,222,0
south,SKU0018,2024-08,56,166,0
south,SKU0018,2024-09,54,112,0
south,SKU0018,2024-10,43,369,300
south,SKU0018,2024-11,57,312,0
south,SKU0018,2024-12,69,243,0
south,SKU0018,2024-13,73,170,0
south,SKU0018,2024-14,83,287,200
south,SKU0018,2024-15,75,212,0
south,SKU0018,2024-16,51,161,0
south,SKU0018,2024-17,43,118,0
south,SKU0018,2024-18,41,377,300
south,SKU0018,2024-19,59,318,0
south,SKU0018,2024-20,44,274,0
south,SKU0018,2024-21,52,222,0
south,SKU0018,2024-22,40,182,0
south,SKU0018,2024-23,38,144,0
south,SKU0018,2024-24,57,387,300
south,SKU0018,2024-25,22,365,0
south,SKU0018,2024-26,26,339,0
south,SKU0018,2024-27,32,307,0
south,SKU0018,2024-28,46,261,0
south,SKU0018,2024-29,36,225,0
south,SKU0018,2024-30,37,188,0
south,SKU0018,2024-31,40,148,0
south,SKU0018,2024-32,36,112,0
south,SKU0018,2024-33,28,584,500
south,SKU0018,2024-34,21,563,0
south,SKU0018,2024-35,23,540,0
south,SKU0018,2024-36,23,517,0
south,SKU0018,2024-37,22,495,0
south,SKU0018,2024-38,31,464,0
south,SKU0018,2024-39,22,442,0
south,SKU0018,2024-40,23,419,0
south,SKU0018,2024-41,26,393,0
south,SKU0018,2024-42,19,374,0
south,SKU0018,2024-43,29,345,0
south,SKU0018,2024-44,18,327,0
south,SKU0018,2024-45,22,305,0
south,SKU0018,2024-46,21,284,0
south,SKU0018,2024-47,19,265,0
south,SKU0018,2024-48,8,257,0
south,SKU0018,2024-49,30,227,0
south,SKU0018,2024-50,32,195,0
south,SKU0018,2024-51,27,168,0
south,SKU0019,2023-28,2,259,0
south,SKU0019,2023-29,1,258,0
south,SKU0019,2023-30,4,254,0
south,SKU0019,2023-31,9,245,0
south,SKU0019,2023-32,7,238,0
south,SKU0019,2023-33,11,227,0
south,SKU0019,2023-34,11,216,0
south,SKU0019,2023-35,13,203,0
south,SKU0019,2023-36,12,191,0
south,SKU0019,2023-37,10,181,0
south,SKU0019,2023-38,15,166,0
south,SKU0019,2023-39,21,145,0
south,SKU0019,2023-40,25,120,0
south,SKU0019,2023-41,27,293,200
south,SKU0019,2023-42,28,265,0
south,SKU0019,2023-43,27,238,0
south,SKU0019,2023-44,28,210,0
south,SKU0019,2023-45,20,190,0
south,SKU0019,2023-46,37,153,0
south,SKU0019,2023-47,34,119,0
south,SKU0019,2023-48,36,383,300
south,SKU0019,2023-49,30,353,0
south,SKU0019,2023-50,37,316,0
south,SKU0019,2023-51,51,265,0
south,SKU0019,2023-52,39,226,0
south,SKU0019,2024-01,40,186,0
south,SKU0019,2024-02,62,124,0
south,SKU0019,2024-03,44,580,500
south,SKU0019,2024-04,61,519,0
south,SKU0019,2024-05,33,486,0
south,SKU0019,2024-06,55,431,0
south,SKU0019,2024-07,63,368,0
south,SKU0019,2024-08,40,328,0
south,SKU0019,2024-09,41,287,0
south,SKU0019,2024-10,56,231,0
south,SKU0019,2024-11,45,186,0
south,SKU0019,2024-12,60,126,0
south,SKU0019,2024-13,69,557,500
south,SKU0019,2024-14,39,518,0
south,SKU0019,2024-15,60,458,0
south,SKU0019,2024-16,58,400,0
south,SKU0019,2024-17,56,344,0
south,SKU0019,2024-18,43,301,0
south,SKU0019,2024-19,37,264,0
south,SKU0019,2024-20,33,231,0
south,SKU0019,2024-21,45,186,0
south,SKU0019,2024-22,51,135,0
south,SKU0019,2024-23,53,382,300
south,SKU0019,2024-24,48,334,0
south,SKU0019,2024-25,34,300,0
south,SKU0019,2024-26,44,256,0
south,SKU0019,2024-27,33,223,0
south,SKU0019,2024-28,37,186,0
south,SKU0019,2024-29,30,156,0
south,SKU0019,2024-30,33,123,0
south,SKU0019,2024-31,26,597,500
south,SKU0019,2024-32,32,565,0
south,SKU0019,2024-33,28,537,0
south,SKU0019,2024-34,37,500,0
south,SKU0019,2024-35,20,480,0
south,SKU0019,2024-36,29,451,0
south,SKU0019,2024-37,35,416,0
south,SKU0019,2024-38,33,383,0
south,SKU0019,2024-39,34,349,0
south,SKU0019,2024-40,30,319,0
south,SKU0019,2024-41,36,283,0
south,SKU0019,2024-42,33,250,0
south,SKU0019,2024-43,42,208,0
south,SKU0019,2024-44,29,179,0
south,SKU0019,2024-45,19,160,0
south,SKU0019,2024-46,30,130,0
south,SKU0019,2024-47,32,298,200
south,SKU0019,2024-48,29,269,0
south,SKU0019,2024-49,34,235,0
south,SKU0019,2024-50,20,215,0
south,SKU0019,2024-51,46,169,0
south,SKU0020,2023-09,2,497,0
south,SKU0020,2023-10,3,494,0
south,SKU0020,2023-11,4,490,0
south,SKU0020,2023-12,3,487,0
south,SKU0020,2023-13,8,479,0
south,SKU0020,2023-14,5,474,0
south,SKU0020,2023-15,11,463,0
south,SKU0020,2023-16,8,455,0
south,SKU0020,2023-17,11,444,0
south,SKU0020,2023-18,11,433,0
south,SKU0020,2023-19,11,422,0
south,SKU0020,2023-20,17,405,0
south,SKU0020,2023-21,14,391,0
south,SKU0020,2023-22,8,383,0
south,SKU0020,2023-23,15,368,0
south,SKU0020,2023-24,19,349,0
south,SKU0020,2023-25,17,332,0
south,SKU0020,2023-26,20,312,0
south,SKU0020,2023-27,20,292,0
south,SKU0020,2023-28,25,267,0
south,SKU0020,2023-29,21,246,0
south,SKU0020,2023-30,24,222,0
south,SKU0020,2023-31,16,206,0
south,SKU0020,2023-32,14,192,0
south,SKU0020,2023-33,16,176,0
south,SKU0020,2023-34,26,150,0
south,SKU0020,2023-35,18,132,0
south,SKU0020,2023-36,18,114,0
south,SKU0020,2023-37,21,293,200
south,SKU0020,2023-38,20,273,0
south,SKU0020,2023-39,9,264,0
south,SKU0020,2023-40,21,243,0
south,SKU0020,2023-41,18,225,0
south,SKU0020,2023-42,38,187,0
south,SKU0020,2023-43,23,164,0
south,SKU0020,2023-44,32,132,0
south,SKU0020,2023-45,30,102,0
south,SKU0020,2023-46,27,375,300
south,SKU0020,2023-47,31,344,0
south,SKU0020,2023-48,38,306,0
south,SKU0020,2023-49,42,264,0
south,SKU0020,2023-50,50,214,0
south,SKU0020,2023-51,32,182,0
south,SKU0020,2023-52,29,153,0
south,SKU0020,2024-01,53,100,0
south,SKU0020,2024-02,50,350,300
south,SKU0020,2024-03,38,312,0
south,SKU0020,2024-04,53,259,0
south,SKU0020,2024-05,53,206,0
south,SKU0020,2024-06,58,148,0
south,SKU0020,2024-07,37,111,0
south,SKU0020,2024-08,70,341,300
south,SKU0020,2024-09,62,279,0
south,SKU0020,2024-10,52,227,0
south,SKU0020,2024-11,59,168,0
south,SKU0020,2024-12,77,591,500
south,SKU0020,2024-13,64,527,0
south,SKU0020,2024-14,61,466,0
south,SKU0020,2024-15,66,400,0
south,SKU0020,2024-16,55,345,0
south,SKU0020,2024-17,67,278,0
south,SKU0020,2024-18,60,218,0
south,SKU0020,2024-19,66,152,0
south,SKU0020,2024-20,46,106,0
south,SKU0020,2024-21,68,238,200
south,SKU0020,2024-22,34,204,0
south,SKU0020,2024-23,49,155,0
south,SKU0020,2024-24,31,124,0
south,SKU0020,2024-25,53,271,200
south,SKU0020,2024-26,41,230,0
south,SKU0020,2024-27,33,197,0
south,SKU0020,2024-28,52,145,0
south,SKU0020,2024-29,36,109,0
south,SKU0020,2024-30,36,573,500
south,SKU0020,2024-31,25,548,0
south,SKU0020,2024-32,34,514,0
south,SKU0020,2024-33,33,481,0
south,SKU0020,2024-34,34,447,0
south,SKU0020,2024-35,40,407,0
south,SKU0020,2024-36,32,375,0
south,SKU0020,2024-37,33,342,0
south,SKU0020,2024-38,37,305,0
south,SKU0020,2024-39,27,278,0
south,SKU0020,2024-40,27,251,0
south,SKU0020,2024-41,18,233,0
south,SKU0020,2024-42,18,215,0
south,SKU0020,2024-43,24,191,0
south,SKU0020,2024-44,36,155,0
south,SKU0020,2024-45,28,127,0
south,SKU0020,2024-46,26,101,0
south,SKU0020,2024-47,46,255,200
south,SKU0020,2024-48,35,220,0
south,SKU0020,2024-49,26,194,0
south,SKU0020,2024-50,37,157,0
south,SKU0020,2024-51,28,129,0
south,SKU0021,2023-10,2,287,0
south,SKU0021,2023-11,2,285,0
south,SKU0021,2023-12,1,284,0
south,SKU0021,2023-13,4,280,0
south,SKU0021,2023-14,4,276,0
south,SKU0021,2023-15,5,271,0
south,SKU0021,2023-16,5,266,0
south,SKU0021,2023-17,6,260,0
south,SKU0021,2023-18,12,248,0
south,SKU0021,2023-19,13,235,0
south,SKU0021,2023-20,14,221,0
south,SKU0021,2023-21,8,213,0
south,SKU0021,2023-22,10,203,0
south,SKU0021,2023-23,17,186,0
south,SKU0021,2023-24,13,173,0
south,SKU0021,2023-25,19,154,0
south,SKU0021,2023-26,20,134,0
south,SKU0021,2023-27,19,115,0
south,SKU0021,2023-28,18,397,300
south,SKU0021,2023-29,23,374,0
south,SKU0021,2023-30,15,359,0
south,SKU0021,2023-31,22,337,0
south,SKU0021,2023-32,20,317,0
south,SKU0021,2023-33,19,298,0
south,SKU0021,2023-34,31,267,0
south,SKU0021,2023-35,36,231,0
south,SKU0021,2023-36,21,210,0
south,SKU0021,2023-37,27,183,0
south,SKU0021,2023-38,31,152,0
south,SKU0021,2023-39,28,124,0
south,SKU0021,2023-40,28,396,300
south,SKU0021,2023-41,29,367,0
south,SKU0021,2023-42,33,334,0
south,SKU0021,2023-43,34,300,0
south,SKU0021,2023-44,32,268,0
south,SKU0021,2023-45,25,243,0
south,SKU0021,2023-46,25,218,0
south,SKU0021,2023-47,31,187,0
south,SKU0021,2023-48,53,134,0
south,SKU0021,2023-49,43,291,200
south,SKU0021,2023-50,58,233,0
south,SKU0021,2023-51,47,186,0
south,SKU0021,2023-52,36,150,0
south,SKU0021,2024-01,40,110,0
south,SKU0021,2024-02,55,355,300
south,SKU0021,2024-03,49,306,0
south,SKU0021,2024-04,37,269,0
south,SKU0021,2024-05,40,229,0
south,SKU0021,2024-06,49,180,0
south,SKU0021,2024-07,48,132,0
south,SKU0021,2024-08,54,578,500
south,SKU0021,2024-09,45,533,0
south,SKU0021,2024-10,25,508,0
south,SKU0021,2024-11,50,458,0
south,SKU0021,2024-12,45,413,0
south,SKU0021,2024-13,23,390,0
south,SKU0021,2024-14,49,341,0
south,SKU0021,2024-15,63,278,0
south,SKU0021,2024-16,40,238,0
south,SKU0021,2024-17,47,191,0
south,SKU0021,2024-18,63,128,0
south,SKU0021,2024-19,45,583,500
south,SKU0021,2024-20,31,552,0
south,SKU0021,2024-21,43,509,0
south,SKU0021,2024-22,30,479,0
south,SKU0021,2024-23,34,445,0
south,SKU0021,2024-24,37,408,0
south,SKU0021,2024-25,35,373,0
south,SKU0021,2024-26,42,331,0
south,SKU0021,2024-27,31,300,0
south,SKU0021,2024-28,26,274,0
south,SKU0021,2024-29,19,255,0
south,SKU0021,2024-30,56,199,0
south,SKU0021,2024-31,19,180,0
south,SKU0021,2024-32,20,160,0
south,SKU0021,2024-33,16,144,0
south,SKU0021,2024-34,37,107,0
south,SKU0021,2024-35,21,286,200
south,SKU0021,2024-36,32,254,0
south,SKU0021,2024-37,18,236,0
south,SKU0021,2024-38,28,208,0
south,SKU0021,2024-39,15,193,0
south,SKU0021,2024-40,31,162,0
south,SKU0021,2024-41,17,145,0
south,SKU0021,2024-42,25,120,0
south,SKU0021,2024-43,21,599,500
south,SKU0021,2024-44,18,581,0
south,SKU0021,2024-45,44,537,0
south,SKU0021,2024-46,23,514,0
south,SKU0021,2024-47,31,483,0
south,SKU0021,2024-48,29,454,0
south,SKU0021,2024-49,21,433,0
south,SKU0021,2024-50,17,416,0
south,SKU0021,2024-51,26,390,0
south,SKU0022,2023-05,1,457,0
south,SKU0022,2023-07,2,455,0
south,SKU0022,2023-08,3,452,0
south,SKU0022,2023-09,3,449,0
south,SKU0022,2023-10,5,444,0
south,SKU0022,2023-11,10,434,0
south,SKU0022,2023-12,11,423,0
south,SKU0022,2023-13,7,416,0
south,SKU0022,2023-14,14,402,0
south,SKU0022,2023-15,5,397,0
south,SKU0022,2023-16,14,383,0
south,SKU0022,2023-17,10,373,0
south,SKU0022,2023-18,5,368,0
south,SKU0022,2023-19,11,357,0
south,SKU0022,2023-20,14,343,0
south,SKU0022,2023-21,12,331,0
south,SKU0022,2023-22,11,320,0
south,SKU0022,2023-23,15,305,0
south,SKU0022,2023-24,17,288,0
south,SKU0022,2023-25,16,272,0
south,SKU0022,2023-26,12,260,0
south,SKU0022,2023-27,18,242,0
south,SKU0022,2023-28,13,229,0
south,SKU0022,2023-29,12,217,0
south,SKU0022,2023-30,26,191,0
south,SKU0022,2023-31,10,181,0
south,SKU0022,2023-32,13,168,0
south,SKU0022,2023-33,12,156,0
south,SKU0022,2023-34,17,139,0
south,SKU0022,2023-35,22,117,0
south,SKU0022,2023-36,24,293,200
south,SKU0022,2023-37,20,273,0
south,SKU0022,2023-38,15,258,0
south,SKU0022,2023-39,31,227,0
south,SKU0022,2023-40,17,210,0
south,SKU0022,2023-41,12,198,0
south,SKU0022,2023-42,17,181,0
south,SKU0022,2023-43,23,158,0
south,SKU0022,2023-44,12,146,0
south,SKU0022,2023-45,30,116,0
south,SKU0022,2023-46,26,390,300
south,SKU0022,2023-47,16,374,0
south,SKU0022,2023-48,40,334,0
south,SKU0022,2023-49,31,303,0
south,SKU0022,2023-50,21,282,0
south,SKU0022,2023-51,37,245,0
south,SKU0022,2023-52,50,195,0
south,SKU0022,2024-01,21,174,0
south,SKU0022,2024-02,11,163,0
south,SKU0022,2024-03,42,121,0
south,SKU0022,2024-04,27,394,300
south,SKU0022,2024-05,43,351,0
south,SKU0022,2024-06,38,313,0
south,SKU0022,2024-07,49,264,0
south,SKU0022,2024-08,62,202,0
south,SKU0022,2024-09,50,152,0
south,SKU0022,2024-10,63,389,300
south,SKU0022,2024-11,77,312,0
south,SKU0022,2024-12,46,266,0
south,SKU0022,2024-13,32,234,0
south,SKU0022,2024-14,49,185,0
south,SKU0022,2024-15,56,129,0
south,SKU0022,2024-16,57,272,200
south,SKU0022,2024-17,45,227,0
south,SKU0022,2024-18,48,179,0
south,SKU0022,2024-19,63,116,0
south,SKU0022,2024-20,65,551,500
south,SKU0022,2024-21,72,479,0
south,SKU0022,2024-22,43,436,0
south,SKU0022,2024-23,56,380,0
south,SKU0022,2024-24,57,323,0
south,SKU0022,2024-25,69,254,0
south,SKU0022,2024-26,54,200,0
south,SKU0022,2024-27,38,162,0
south,SKU0022,2024-28,44,118,0
south,SKU0022,2024-29,44,374,300
south,SKU0022,2024-30,35,339,0
south,SKU0022,2024-31,61,278,0
south,SKU0022,2024-32,41,237,0
south,SKU0022,2024-33,35,202,0
south,SKU0022,2024-34,39,163,0
south,SKU0022,2024-35,40,123,0
south,SKU0022,2024-36,29,394,300
south,SKU0022,2024-37,43,351,0
south,SKU0022,2024-38,42,309,0
south,SKU0022,2024-39,26,283,0
south,SKU0022,2024-40,40,243,0
south,SKU0022,2024-41,21,222,0
south,SKU0022,2024-42,40,182,0
south,SKU0022,2024-43,44,138,0
south,SKU0022,2024-44,28,110,0
south,SKU0022,2024-45,43,267,200
south,SKU0022,2024-46,32,235,0
south,SKU0022,2024-47,32,203,0
south,SKU0022,2024-48,40,163,0
south,SKU0022,2024-49,18,145,0
south,SKU0022,2024-50,16,129,0
south,SKU0022,2024-51,28,101,0
south,SKU0023,2023-08,2,365,0
south,SKU0023,2023-09,1,364,0
south,SKU0023,2023-10,3,361,0
south,SKU0023,2023-11,10,351,0
south,SKU0023,2023-12,9,342,0
south,SKU0023,2023-13,12,330,0
south,SKU0023,2023-14,11,319,0
south,SKU0023,2023-15,14,305,0
south,SKU0023,2023-16,19,286,0
south,SKU0023,2023-17,22,264,0
south,SKU0023,2023-18,14,250,0
south,SKU0023,2023-19,19,231,0
south,SKU0023,2023-20,28,203,0
south,SKU0023,2023-21,31,172,0
south,SKU0023,2023-22,21,151,0
south,SKU0023,2023-23,13,138,0
south,SKU0023,2023-24,30,108,0
south,SKU0023,2023-25,25,383,300
south,SKU0023,2023-26,22,361,0
south,SKU0023,2023-27,23,338,0
south,SKU0023,2023-28,30,308,0
south,SKU0023,2023-29,22,286,0
south,SKU0023,2023-30,12,274,0
south,SKU0023,2023-31,15,259,0
south,SKU0023,2023-32,25,234,0
south,SKU0023,2023-33,28,206,0
south,SKU0023,2023-34,23,183,0
south,SKU0023,2023-35,28,155,0
south,SKU0023,2023-36,26,129,0
south,SKU0023,2023-37,32,297,200
south,SKU0023,2023-38,38,259,0
south,SKU0023,2023-39,34,225,0
south,SKU0023,2023-40,30,195,0
south,SKU0023,2023-41,43,152,0
south,SKU0023,2023-42,39,113,0
south,SKU0023,2023-43,38,575,500
south,SKU0023,2023-44,43,532,0
south,SKU0023,2023-45,54,478,0
south,SKU0023,2023-46,56,422,0
south,SKU0023,2023-47,38,384,0
south,SKU0023,2023-48,36,348,0
south,SKU0023,2023-49,41,307,0
south,SKU0023,2023-50,49,258,0
south,SKU0023,2023-51,45,213,0
south,SKU0023,2023-52,58,155,0
south,SKU0023,2024-01,45,110,0
south,SKU0023,2024-02,44,266,200
south,SKU0023,2024-03,44,222,0
south,SKU0023,2024-04,61,161,0
south,SKU0023,2024-05,47,114,0
south,SKU0023,2024-06,50,264,200
south,SKU0023,2024-07,43,221,0
south,SKU0023,2024-08,54,167,0
south,SKU0023,2024-09,45,122,0
south,SKU0023,2024-10,39,283,200
south,SKU0023,2024-11,49,234,0
south,SKU0023,2024-12,36,198,0
south,SKU0023,2024-13,57,141,0
south,SKU0023,2024-14,46,295,200
south,SKU0023,2024-15,56,239,0
south,SKU0023,2024-16,47,192,0
south,SKU0023,2024-17,39,153,0
south,SKU0023,2024-18,33,120,0
south,SKU0023,2024-19,46,574,500
south,SKU0023,2024-20,27,547,0
south,SKU0023,2024-21,31,516,0
south,SKU0023,2024-22,49,467,0
south,SKU0023,2024-23,41,426,0
south,SKU0023,2024-24,32,394,0
south,SKU0023,2024-25,38,356,0
south,SKU0023,2024-26,47,309,0
south,SKU0023,2024-27,32,277,0
south,SKU0023,2024-28,24,253,0
south,SKU0023,2024-29,30,223,0
south,SKU0023,2024-30,34,189,0
south,SKU0023,2024-31,39,150,0
south,SKU0023,2024-32,31,119,0
south,SKU0023,2024-33,31,588,500
south,SKU0023,2024-34,33,555,0
south,SKU0023,2024-35,26,529,0
south,SKU0023,2024-36,22,507,0
south,SKU0023,2024-37,27,480,0
south,SKU0023,2024-38,25,455,0
south,SKU0023,2024-39,29,426,0
south,SKU0023,2024-40,19,407,0
south,SKU0023,2024-41,22,385,0
south,SKU0023,2024-42,21,364,0
south,SKU0023,2024-43,19,345,0
south,SKU0023,2024-44,28,317,0
south,SKU0023,2024-45,25,292,0
south,SKU0023,2024-46,19,273,0
south,SKU0023,2024-47,34,239,0
south,SKU0023,2024-48,30,209,0
south,SKU0023,2024-49,30,179,0
south,SKU0023,2024-50,34,145,0
south,SKU0023,2024-51,22,123,0
south,SKU0024,2023-23,3,234,0
south,SKU0024,2023-24,3,231,0
south,SKU0024,2023-25,4,227,0
south,SKU0024,2023-26,1,226,0
south,SKU0024,2023-27,7,219,0
south,SKU0024,2023-28,6,213,0
south,SKU0024,2023-29,7,206,0
south,SKU0024,2023-30,15,191,0
south,SKU0024,2023-31,10,181,0
south,SKU0024,2023-32,14,167,0
south,SKU0024,2023-33,15,152,0
south,SKU0024,2023-34,10,142,0
south,SKU0024,2023-35,5,137,0
south,SKU0024,2023-36,10,127,0
south,SKU0024,2023-37,21,106,0
south,SKU0024,2023-38,10,596,500
south,SKU0024,2023-39,23,573,0
south,SKU0024,2023-40,25,548,0
south,SKU0024,2023-41,18,530,0
south,SKU0024,2023-42,17,513,0
south,SKU0024,2023-43,16,497,0
south,SKU0024,2023-44,25,472,0
south,SKU0024,2023-45,21,451,0
south,SKU0024,2023-46,21,430,0
south,SKU0024,2023-47,35,395,0
south,SKU0024,2023-48,18,377,0
south,SKU0024,2023-49,27,350,0
south,SKU0024,2023-50,22,328,0
south,SKU0024,2023-51,18,310,0
south,SKU0024,2023-52,32,278,0
south,SKU0024,2024-01,43,235,0
south,SKU0024,2024-02,46,189,0
south,SKU0024,2024-03,50,139,0
south,SKU0024,2024-04,52,587,500
south,SKU0024,2024-05,60,527,0
south,SKU0024,2024-06,54,473,0
south,SKU0024,2024-07,69,404,0
south,SKU0024,2024-08,47,357,0
south,SKU0024,2024-09,49,308,0
south,SKU0024,2024-10,61,247,0
south,SKU0024,2024-11,69,178,0
south,SKU0024,2024-12,68,110,0
south,SKU0024,2024-13,58,352,300
south,SKU0024,2024-14,52,300,0
south,SKU0024,2024-15,61,239,0
south,SKU0024,2024-16,72,167,0
south,SKU0024,2024-17,44,123,0
south,SKU0024,2024-18,50,573,500
south,SKU0024,2024-19,43,530,0
south,SKU0024,2024-20,57,473,0
south,SKU0024,2024-21,66,407,0
south,SKU0024,2024-22,30,377,0
south,SKU0024,2024-23,45,332,0
south,SKU0024,2024-24,55,277,0
south,SKU0024,2024-25,50,227,0
south,SKU0024,2024-26,32,195,0
south,SKU0024,2024-27,52,143,0
south,SKU0024,2024-28,50,293,200
south,SKU0024,2024-29,40,253,0
south,SKU0024,2024-30,43,210,0
south,SKU0024,2024-31,41,169,0
south,SKU0024,2024-32,29,140,0
south,SKU0024,2024-33,33,107,0
south,SKU0024,2024-34,31,276,200
south,SKU0024,2024-35,16,260,0
south,SKU0024,2024-36,25,235,0
south,SKU0024,2024-37,49,186,0
south,SKU0024,2024-38,25,161,0
south,SKU0024,2024-39,23,138,0
south,SKU0024,2024-40,23,115,0
south,SKU0024,2024-41,23,392,300
south,SKU0024,2024-42,35,357,0
south,SKU0024,2024-43,32,325,0
south,SKU0024,2024-44,17,308,0
south,SKU0024,2024-45,29,279,0
south,SKU0024,2024-46,41,238,0
south,SKU0024,2024-47,28,210,0
south,SKU0024,2024-48,28,182,0
south,SKU0024,2024-49,19,163,0
south,SKU0024,2024-50,26,137,0
south,SKU0024,2024-51,37,100,0
south,SKU0025,2023-22,2,433,0
south,SKU0025,2023-23,1,432,0
south,SKU0025,2023-24,3,429,0
south,SKU0025,2023-25,3,426,0
south,SKU0025,2023-26,10,416,0
south,SKU0025,2023-27,10,406,0
south,SKU0025,2023-28,9,397,0
south,SKU0025,2023-29,10,387,0
south,SKU0025,2023-30,4,383,0
south,SKU0025,2023-31,8,375,0
south,SKU0025,2023-32,9,366,0
south,SKU0025,2023-33,14,352,0
south,SKU0025,2023-34,17,335,0
south,SKU0025,2023-35,8,327,0
south,SKU0025,2023-36,15,312,0
south,SKU0025,2023-37,24,288,0
south,SKU0025,2023-38,19,269,0
south,SKU0025,2023-39,13,256,0
south,SKU0025,2023-40,19,237,0
south,SKU0025,2023-41,22,215,0
south,SKU0025,2023-42,27,188,0
south,SKU0025,2023-43,27,161,0
south,SKU0025,2023-44,20,141,0
south,SKU0025,2023-45,20,121,0
south,SKU0025,2023-46,21,100,0
south,SKU0025,2023-47,20,380,300
south,SKU0025,2023-48,25,355,0
south,SKU0025,2023-49,37,318,0
south,SKU0025,2023-50,24,294,0
south,SKU0025,2023-51,34,260,0
south,SKU0025,2023-52,51,209,0
south,SKU0025,2024-01,31,178,0
south,SKU0025,2024-02,25,153,0
south,SKU0025,2024-03,48,105,0
south,SKU0025,2024-04,46,359,300
south,SKU0025,2024-05,32,327,0
south,SKU0025,2024-06,40,287,0
south,SKU0025,2024-07,32,255,0
south,SKU0025,2024-08,59,196,0
south,SKU0025,2024-09,77,119,0
south,SKU0025,2024-10,70,249,200
south,SKU0025,2024-11,50,199,0
south,SKU0025,2024-12,78,121,0
south,SKU0025,2024-13,63,558,500
south,SKU0025,2024-14,46,512,0
south,SKU0025,2024-15,49,463,0
south,SKU0025,2024-16,44,419,0
south,SKU0025,2024-17,54,365,0
south,SKU0025,2024-18,83,282,0
south,SKU0025,2024-19,54,228,0
south,SKU0025,2024-20,32,196,0
south,SKU0025,2024-21,69,127,0
south,SKU0025,2024-22,47,280,200
south,SKU0025,2024-23,38,242,0
south,SKU0025,2024-24,46,196,0
south,SKU0025,2024-25,49,147,0
south,SKU0025,2024-26,40,107,0
south,SKU0025,2024-27,46,361,300
south,SKU0025,2024-28,46,315,0
south,SKU0025,2024-29,37,278,0
south,SKU0025,2024-30,49,229,0
south,SKU0025,2024-31,33,196,0
south,SKU0025,2024-32,46,150,0
south,SKU0025,2024-33,28,122,0
south,SKU0025,2024-34,38,584,500
south,SKU0025,2024-35,25,559,0
south,SKU0025,2024-36,32,527,0
south,SKU0025,2024-37,25,502,0
south,SKU0025,2024-38,23,479,0
south,SKU0025,2024-39,25,454,0
south,SKU0025,2024-40,25,429,0
south,SKU0025,2024-41,22,407,0
south,SKU0025,2024-42,30,377,0
south,SKU0025,2024-43,22,355,0
south,SKU0025,2024-44,40,315,0
south,SKU0025,2024-45,33,282,0
south,SKU0025,2024-46,32,250,0
south,SKU0025,2024-47,23,227,0
south,SKU0025,2024-48,26,201,0
south,SKU0025,2024-49,29,172,0
south,SKU0025,2024-50,26,146,0
south,SKU0025,2024-51,18,128,0
south,SKU0026,2023-13,2,232,0
south,SKU0026,2023-14,7,225,0
south,SKU0026,2023-15,4,221,0
south,SKU0026,2023-16,7,214,0
south,SKU0026,2023-17,9,205,0
south,SKU0026,2023-18,13,192,0
south,SKU0026,2023-19,12,180,0
south,SKU0026,2023-20,11,169,0
south,SKU0026,2023-21,16,153,0
south,SKU0026,2023-22,24,129,0
south,SKU0026,2023-23,25,104,0
south,SKU0026,2023-24,27,277,200
south,SKU0026,2023-25,22,255,0
south,SKU0026,2023-26,27,228,0
south,SKU0026,2023-27,19,209,0
south,SKU0026,2023-28,20,189,0
south,SKU0026,2023-29,32,157,0
south,SKU0026,2023-30,26,131,0
south,SKU0026,2023-31,31,100,0
south,SKU0026,2023-32,32,368,300
south,SKU0026,2023-33,34,334,0
south,SKU0026,2023-34,23,311,0
south,SKU0026,2023-35,31,280,0
south,SKU0026,2023-36,34,246,0
south,SKU0026,2023-37,21,225,0
south,SKU0026,2023-38,24,201,0
south,SKU0026,2023-39,41,160,0
south,SKU0026,2023-40,41,119,0
south,SKU0026,2023-41,56,263,200
south,SKU0026,2023-42,30,233,0
south,SKU0026,2023-43,46,187,0
south,SKU0026,2023-44,43,144,0
south,SKU0026,2023-45,52,592,500
south,SKU0026,2023-46,40,552,0
south,SKU0026,2023-47,31,521,0
south,SKU0026,2023-48,48,473,0
south,SKU0026,2023-49,56,417,0
south,SKU0026,2023-50,67,350,0
south,SKU0026,2023-51,31,319,0
south,SKU0026,2023-52,41,278,0
south,SKU0026,2024-01,30,248,0
south,SKU0026,2024-02,42,206,0
south,SKU0026,2024-03,30,176,0
south,SKU0026,2024-04,38,138,0
south,SKU0026,2024-05,30,108,0
south,SKU0026,2024-06,41,267,200
south,SKU0026,2024-07,64,203,0
south,SKU0026,2024-08,50,153,0
south,SKU0026,2024-09,33,120,0
south,SKU0026,2024-10,27,293,200
south,SKU0026,2024-11,40,253,0
south,SKU0026,2024-12,44,209,0
south,SKU0026,2024-13,43,166,0
south,SKU0026,2024-14,44,122,0
south,SKU0026,2024-15,36,386,300
south,SKU0026,2024-16,50,336,0
south,SKU0026,2024-17,32,304,0
south,SKU0026,2024-18,34,270,0
south,SKU0026,2024-19,42,228,0
south,SKU0026,2024-20,29,199,0
south,SKU0026,2024-21,40,159,0
south,SKU0026,2024-22,43,116,0
south,SKU0026,2024-23,40,376,300
south,SKU0026,2024-24,30,346,0
south,SKU0026,2024-25,25,321,0
south,SKU0026,2024-26,28,293,0
south,SKU0026,2024-27,18,275,0
south,SKU0026,2024-28,20,255,0
south,SKU0026,2024-29,32,223,0
south,SKU0026,2024-30,21,202,0
south,SKU0026,2024-31,18,184,0
south,SKU0026,2024-32,15,169,0
south,SKU0026,2024-33,18,151,0
south,SKU0026,2024-34,13,138,0
south,SKU0026,2024-35,20,118,0
south,SKU0026,2024-36,18,100,0
south,SKU0026,2024-37,21,579,500
south,SKU0026,2024-38,23,556,0
south,SKU0026,2024-39,24,532,0
south,SKU0026,2024-40,16,516,0
south,SKU0026,2024-41,9,507,0
south,SKU0026,2024-42,13,494,0
south,SKU0026,2024-43,13,481,0
south,SKU0026,2024-44,17,464,0
south,SKU0026,2024-45,9,455,0
south,SKU0026,2024-46,7,448,0
south,SKU0026,2024-47,14,434,0
south,SKU0026,2024-48,22,412,0
south,SKU0026,2024-49,10,402,0
south,SKU0026,2024-50,13,389,0
south,SKU0026,2024-51,7,382,0
south,SKU0027,2023-13,1,411,0
south,SKU0027,2023-14,1,410,0
south,SKU0027,2023-15,2,408,0
south,SKU0027,2023-16,1,407,0
south,SKU0027,2023-17,7,400,0
south,SKU0027,2023-18,2,398,0
south,SKU0027,2023-19,1,397,0
south,SKU0027,2023-20,6,391,0
south,SKU0027,2023-21,7,384,0
south,SKU0027,2023-22,9,375,0
south,SKU0027,2023-23,8,367,0
south,SKU0027,2023-24,11,356,0
south,SKU0027,2023-25,10,346,0
south,SKU0027,2023-26,13,333,0
south,SKU0027,2023-27,7,326,0
south,SKU0027,2023-28,9,317,0
south,SKU0027,2023-29,18,299,0
south,SKU0027,2023-30,13,286,0
south,SKU0027,2023-31,12,274,0
south,SKU0027,2023-32,12,262,0
south,SKU0027,2023-33,13,249,0
south,SKU0027,2023-34,22,227,0
south,SKU0027,2023-35,10,217,0
south,SKU0027,2023-36,12,205,0
south,SKU0027,2023-37,11,194,0
south,SKU0027,2023-38,15,179,0
south,SKU0027,2023-39,14,165,0
south,SKU0027,2023-40,9,156,0
south,SKU0027,2023-41,11,145,0
south,SKU0027,2023-42,18,127,0
south,SKU0027,2023-43,10,117,0
south,SKU0027,2023-44,12,105,0
south,SKU0027,2023-45,15,290,200
south,SKU0027,2023-46,15,275,0
south,SKU0027,2023-47,20,255,0
south,SKU0027,2023-48,24,231,0
south,SKU0027,2023-49,30,201,0
south,SKU0027,2023-50,17,184,0
south,SKU0027,2023-51,31,153,0
south,SKU0027,2023-52,24,129,0
south,SKU0027,2024-01,32,297,200
south,SKU0027,2024-02,30,267,0
south,SKU0027,2024-03,27,240,0
south,SKU0027,2024-04,60,180,0
south,SKU0027,2024-05,30,150,0
south,SKU0027,2024-06,51,599,500
south,SKU0027,2024-07,37,562,0
south,SKU0027,2024-08,31,531,0
south,SKU0027,2024-09,65,466,0
south,SKU0027,2024-10,50,416,0
south,SKU0027,2024-11,46,370,0
south,SKU0027,2024-12,65,305,0
south,SKU0027,2024-13,23,282,0
south,SKU0027,2024-14,51,231,0
south,SKU0027,2024-15,62,169,0
south,SKU0027,2024-16,56,113,0
south,SKU0027,2024-17,35,578,500
south,SKU0027,2024-18,62,516,0
south,SKU0027,2024-19,52,464,0
south,SKU0027,2024-20,67,397,0
south,SKU0027,2024-21,43,354,0
south,SKU0027,2024-22,56,298,0
south,SKU0027,2024-23,52,246,0
south,SKU0027,2024-24,47,199,0
south,SKU0027,2024-25,47,152,0
south,SKU0027,2024-26,39,113,0
south,SKU0027,2024-27,63,350,300
south,SKU0027,2024-28,47,303,0
south,SKU0027,2024-29,52,251,0
south,SKU0027,2024-30,38,213,0
south,SKU0027,2024-31,36,177,0
south,SKU0027,2024-32,43,134,0
south,SKU0027,2024-33,33,101,0
south,SKU0027,2024-34,45,356,300
south,SKU0027,2024-35,38,318,0
south,SKU0027,2024-36,36,282,0
south,SKU0027,2024-37,41,241,0
south,SKU0027,2024-38,45,196,0
south,SKU0027,2024-39,40,156,0
south,SKU0027,2024-40,34,122,0
south,SKU0027,2024-41,35,387,300
south,SKU0027,2024-42,42,345,0
south,SKU0027,2024-43,43,302,0
south,SKU0027,2024-44,21,281,0
south,SKU0027,2024-45,50,231,0
south,SKU0027,2024-46,37,194,0
south,SKU0027,2024-47,47,147,0
south,SKU0027,2024-48,52,295,200
south,SKU0027,2024-49,45,250,0
south,SKU0027,2024-50,27,223,0
south,SKU0027,2024-51,35,188,0
south,SKU0028,2023-25,2,434,0
south,SKU0028,2023-26,4,430,0
south,SKU0028,2023-27,9,421,0
south,SKU0028,2023-28,6,415,0
south,SKU0028,2023-29,5,410,0
south,SKU0028,2023-30,14,396,0
south,SKU0028,2023-31,5,391,0
south,SKU0028,2023-32,14,377,0
south,SKU0028,2023-33,4,373,0
south,SKU0028,2023-34,10,363,0
south,SKU0028,2023-35,19,344,0
south,SKU0028,2023-36,13,331,0
south,SKU0028,2023-37,17,314,0
south,SKU0028,2023-38,14,300,0
south,SKU0028,2023-39,13,287,0
south,SKU0028,2023-40,17,270,0
south,SKU0028,2023-41,36,234,0
south,SKU0028,2023-42,21,213,0
south,SKU0028,2023-43,21,192,0
south,SKU0028,2023-44,17,175,0
south,SKU0028,2023-45,32,143,0
south,SKU0028,2023-46,41,102,0
south,SKU0028,2023-47,31,371,300
south,SKU0028,2023-48,67,304,0
south,SKU0028,2023-49,32,272,0
south,SKU0028,2023-50,41,231,0
south,SKU0028,2023-51,70,161,0
south,SKU0028,2023-52,52,109,0
south,SKU0028,2024-01,53,256,200
south,SKU0028,2024-02,59,197,0
south,SKU0028,2024-03,48,149,0
south,SKU0028,2024-04,72,377,300
south,SKU0028,2024-05,58,319,0
south,SKU0028,2024-06,59,260,0
south,SKU0028,2024-07,57,203,0
south,SKU0028,2024-08,50,153,0
south,SKU0028,2024-09,62,591,500
south,SKU0028,2024-10,73,518,0
south,SKU0028,2024-11,55,463,0
south,SKU0028,2024-12,65,398,0
south,SKU0028,2024-13,47,351,0
south,SKU0028,2024-14,64,287,0
south,SKU0028,2024-15,62,225,0
south,SKU0028,2024-16,51,174,0
south,SKU0028,2024-17,70,104,0
south,SKU0028,2024-18,55,349,300
south,SKU0028,2024-19,52,297,0
south,SKU0028,2024-20,51,246,0
south,SKU0028,2024-21,33,213,0
south,SKU0028,2024-22,50,163,0
south,SKU0028,2024-23,24,139,0
south,SKU0028,2024-24,35,104,0
south,SKU0028,2024-25,49,555,500
south,SKU0028,2024-26,43,512,0
south,SKU0028,2024-27,27,485,0
south,SKU0028,2024-28,20,465,0
south,SKU0028,2024-29,54,411,0
south,SKU0028,2024-30,32,379,0
south,SKU0028,2024-31,57,322,0
south,SKU0028,2024-32,24,298,0
south,SKU0028,2024-33,26,272,0
south,SKU0028,2024-34,20,252,0
south,SKU0028,2024-35,26,226,0
south,SKU0028,2024-36,27,199,0
south,SKU0028,2024-37,33,166,0
south,SKU0028,2024-38,25,141,0
south,SKU0028,2024-39,28,113,0
south,SKU0028,2024-40,35,278,200
south,SKU0028,2024-41,18,260,0
south,SKU0028,2024-42,21,239,0
south,SKU0028,2024-43,16,223,0
south,SKU0028,2024-44,19,204,0
south,SKU0028,2024-45,31,173,0
south,SKU0028,2024-46,26,147,0
south,SKU0028,2024-47,29,118,0
south,SKU0028,2024-48,28,390,300
south,SKU0028,2024-49,31,359,0
south,SKU0028,2024-50,24,335,0
south,SKU0028,2024-51,27,308,0
south,SKU0029,2023-31,3,549,0
south,SKU0029,2023-32,6,543,0
south,SKU0029,2023-33,6,537,0
south,SKU0029,2023-34,11,526,0
south,SKU0029,2023-35,14,512,0
south,SKU0029,2023-36,24,488,0
south,SKU0029,2023-37,22,466,0
south,SKU0029,2023-38,14,452,0
south,SKU0029,2023-39,28,424,0
south,SKU0029,2023-40,24,400,0
south,SKU0029,2023-41,29,371,0
south,SKU0029,2023-42,32,339,0
south,SKU0029,2023-43,39,300,0
south,SKU0029,2023-44,44,256,0
south,SKU0029,2023-45,38,218,0
south,SKU0029,2023-46,43,175,0
south,SKU0029,2023-47,48,127,0
south,SKU0029,2023-48,25,102,0
south,SKU0029,2023-49,44,558,500
south,SKU0029,2023-50,46,512,0
south,SKU0029,2023-51,35,477,0
south,SKU0029,2023-52,33,444,0
south,SKU0029,2024-01,33,411,0
south,SKU0029,2024-02,45,366,0
south,SKU0029,2024-03,29,337,0
south,SKU0029,2024-04,44,293,0
south,SKU0029,2024-05,40,253,0
south,SKU0029,2024-06,44,209,0
south,SKU0029,2024-07,30,179,0
south,SKU0029,2024-08,30,149,0
south,SKU0029,2024-09,60,589,500
south,SKU0029,2024-10,37,552,0
south,SKU0029,2024-11,38,514,0
south,SKU0029,2024-12,38,476,0
south,SKU0029,2024-13,33,443,0
south,SKU0029,2024-14,39,404,0
south,SKU0029,2024-15,37,367,0
south,SKU0029,2024-16,49,318,0
south,SKU0029,2024-17,36,282,0
south,SKU0029,2024-18,31,251,0
south,SKU0029,2024-19,37,214,0
south,SKU0029,2024-20,29,185,0
south,SKU0029,2024-21,36,149,0
south,SKU0029,2024-22,34,115,0
south,SKU0029,2024-23,18,597,500
south,SKU0029,2024-24,25,572,0
south,SKU0029,2024-25,37,535,0
south,SKU0029,2024-26,25,510,0
south,SKU0029,2024-27,26,484,0
south,SKU0029,2024-28,28,456,0
south,SKU0029,2024-29,29,427,0
south,SKU0029,2024-30,28,399,0
south,SKU0029,2024-31,21,378,0
south,SKU0029,2024-32,30,348,0
south,SKU0029,2024-33,27,321,0
south,SKU0029,2024-34,20,301,0
south,SKU0029,2024-35,21,280,0
south,SKU0029,2024-36,18,262,0
south,SKU0029,2024-37,19,243,0
south,SKU0029,2024-38,13,230,0
south,SKU0029,2024-39,17,213,0
south,SKU0029,2024-40,22,191,0
south,SKU0029,2024-41,16,175,0
south,SKU0029,2024-42,24,151,0
south,SKU0029,2024-43,12,139,0
south,SKU0029,2024-44,24,115,0
south,SKU0029,2024-45,12,103,0
south,SKU0029,2024-46,20,283,200
south,SKU0029,2024-47,20,263,0
south,SKU0029,2024-48,13,250,0
south,SKU0029,2024-49,19,231,0
south,SKU0029,2024-50,21,210,0
south,SKU0029,2024-51,15,195,0
south,SKU0030,2023-14,1,351,0
south,SKU0030,2023-15,3,348,0
south,SKU0030,2023-16,2,346,0
south,SKU0030,2023-17,6,340,0
south,SKU0030,2023-18,6,334,0
south,SKU0030,2023-19,7,327,0
south,SKU0030,2023-20,8,319,0
south,SKU0030,2023-21,5,314,0
south,SKU0030,2023-22,16,298,0
south,SKU0030,2023-23,8,290,0
south,SKU0030,2023-24,9,281,0
south,SKU0030,2023-25,15,266,0
south,SKU0030,2023-26,13,253,0
south,SKU0030,2023-27,6,247,0
south,SKU0030,2023-28,12,235,0
south,SKU0030,2023-29,9,226,0
south,SKU0030,2023-30,16,210,0
south,SKU0030,2023-31,20,190,0
south,SKU0030,2023-32,21,169,0
south,SKU0030,2023-33,13,156,0
south,SKU0030,2023-34,13,143,0
south,SKU0030,2023-35,17,126,0
south,SKU0030,2023-36,15,111,0
south,SKU0030,2023-37,21,290,200
south,SKU0030,2023-38,9,281,0
south,SKU0030,2023-39,13,268,0
south,SKU0030,2023-40,16,252,0
south,SKU0030,2023-41,18,234,0
south,SKU0030,2023-42,24,210,0
south,SKU0030,2023-43,20,190,0
south,SKU0030,2023-44,27,163,0
south,SKU0030,2023-45,20,143,0
south,SKU0030,2023-46,20,123,0
south,SKU0030,2023-47,29,294,200
south,SKU0030,2023-48,34,260,0
south,SKU0030,2023-49,23,237,0
south,SKU0030,2023-50,27,210,0
south,SKU0030,2023-51,29,181,0
south,SKU0030,2023-52,28,153,0
south,SKU0030,2024-01,30,123,0
south,SKU0030,2024-02,44,579,500
south,SKU0030,2024-03,34,545,0
south,SKU0030,2024-04,45,500,0
south,SKU0030,2024-05,37,463,0
south,SKU0030,2024-06,57,406,0
south,SKU0030,2024-07,45,361,0
south,SKU0030,2024-08,62,299,0
south,SKU0030,2024-09,43,256,0
south,SKU0030,2024-10,51,205,0
south,SKU0030,2024-11,61,144,0
south,SKU0030,2024-12,45,599,500
south,SKU0030,2024-13,50,549,0
south,SKU0030,2024-14,47,502,0
south,SKU0030,2024-15,52,450,0
south,SKU0030,2024-16,51,399,0
south,SKU0030,2024-17,53,346,0
south,SKU0030,2024-18,52,294,0
south,SKU0030,2024-19,56,238,0
south,SKU0030,2024-20,69,169,0
south,SKU0030,2024-21,43,126,0
south,SKU0030,2024-22,56,370,300
south,SKU0030,2024-23,59,311,0
south,SKU0030,2024-24,46,265,0
south,SKU0030,2024-25,39,226,0
south,SKU0030,2024-26,31,195,0
south,SKU0030,2024-27,38,157,0
south,SKU0030,2024-28,49,108,0
south,SKU0030,2024-29,47,361,300
south,SKU0030,2024-30,37,324,0
south,SKU0030,2024-31,52,272,0
south,SKU0030,2024-32,36,236,0
south,SKU0030,2024-33,46,190,0
south,SKU0030,2024-34,43,147,0
south,SKU0030,2024-35,23,124,0
south,SKU0030,2024-36,33,291,200
south,SKU0030,2024-37,33,258,0
south,SKU0030,2024-38,41,217,0
south,SKU0030,2024-39,32,185,0
south,SKU0030,2024-40,40,145,0
south,SKU0030,2024-41,43,102,0
south,SKU0030,2024-42,42,560,500
south,SKU0030,2024-43,38,522,0
south,SKU0030,2024-44,21,501,0
south,SKU0030,2024-45,30,471,0
south,SKU0030,2024-46,33,438,0
south,SKU0030,2024-47,37,401,0
south,SKU0030,2024-48,23,378,0
south,SKU0030,2024-49,44,334,0
south,SKU0030,2024-50,31,303,0
south,SKU0030,2024-51,34,269,0
south,SKU0031,2023-21,2,236,0
south,SKU0031,2023-22,2,234,0
south,SKU0031,2023-23,3,231,0
south,SKU0031,2023-24,7,224,0
south,SKU0031,2023-25,7,217,0
south,SKU0031,2023-26,5,212,0
south,SKU0031,2023-27,10,202,0
south,SKU0031,2023-28,6,196,0
south,SKU0031,2023-29,11,185,0
south,SKU0031,2023-30,12,173,0
south,SKU0031,2023-31,13,160,0
south,SKU0031,2023-32,9,151,0
south,SKU0031,2023-33,11,140,0
south,SKU0031,2023-34,9,131,0
south,SKU0031,2023-35,11,120,0
south,SKU0031,2023-36,7,113,0
south,SKU0031,2023-37,18,595,500
south,SKU0031,2023-38,14,581,0
south,SKU0031,2023-39,7,574,0
south,SKU0031,2023-40,17,557,0
south,SKU0031,2023-41,17,540,0
south,SKU0031,2023-42,18,522,0
south,SKU0031,2023-43,20,502,0
south,SKU0031,2023-44,22,480,0
south,SKU0031,2023-45,13,467,0
south,SKU0031,2023-46,19,448,0
south,SKU0031,2023-47,26,422,0
south,SKU0031,2023-48,16,406,0
south,SKU0031,2023-49,38,368,0
south,SKU0031,2023-50,26,342,0
south,SKU0031,2023-51,34,308,0
south,SKU0031,2023-52,31,277,0
south,SKU0031,2024-01,31,246,0
south,SKU0031,2024-02,35,211,0
south,SKU0031,2024-03,42,169,0
south,SKU0031,2024-04,23,146,0
south,SKU0031,2024-05,39,107,0
south,SKU0031,2024-06,41,366,300
south,SKU0031,2024-07,37,329,0
south,SKU0031,2024-08,55,274,0
south,SKU0031,2024-09,26,248,0
south,SKU0031,2024-10,52,196,0
south,SKU0031,2024-11,75,121,0
south,SKU0031,2024-12,54,367,300
south,SKU0031,2024-13,18,349,0
south,SKU0031,2024-14,65,284,0
south,SKU0031,2024-15,66,218,0
south,SKU0031,2024-16,52,166,0
south,SKU0031,2024-17,35,131,0
south,SKU0031,2024-18,60,571,500
south,SKU0031,2024-19,60,511,0
south,SKU0031,2024-20,57,454,0
south,SKU0031,2024-21,52,402,0
south,SKU0031,2024-22,46,356,0
south,SKU0031,2024-23,58,298,0
south,SKU0031,2024-24,42,256,0
south,SKU0031,2024-25,34,222,0
south,SKU0031,2024-26,34,188,0
south,SKU0031,2024-27,32,156,0
south,SKU0031,2024-28,33,123,0
south,SKU0031,2024-29,40,583,500
south,SKU0031,2024-30,34,549,0
south,SKU0031,2024-31,37,512,0
south,SKU0031,2024-32,30,482,0
south,SKU0031,2024-33,28,454,0
south,SKU0031,2024-34,27,427,0
south,SKU0031,2024-35,33,394,0
south,SKU0031,2024-36,27,367,0
south,SKU0031,2024-37,27,340,0
south,SKU0031,2024-38,41,299,0
south,SKU0031,2024-39,26,273,0
south,SKU0031,2024-40,15,258,0
south,SKU0031,2024-41,17,241,0
south,SKU0031,2024-42,24,217,0
south,SKU0031,2024-43,31,186,0
south,SKU0031,2024-44,19,167,0
south,SKU0031,2024-45,26,141,0
south,SKU0031,2024-46,38,103,0
south,SKU0031,2024-47,21,582,500
south,SKU0031,2024-48,34,548,0
south,SKU0031,2024-49,31,517,0
south,SKU0031,2024-50,21,496,0
south,SKU0031,2024-51,30,466,0
south,SKU0032,2023-06,1,240,0
south,SKU0032,2023-07,3,237,0
south,SKU0032,2023-08,1,236,0
south,SKU0032,2023-09,5,231,0
south,SKU0032,2023-10,4,227,0
south,SKU0032,2023-11,5,222,0
south,SKU0032,2023-12,10,212,0
south,SKU0032,2023-13,6,206,0
south,SKU0032,2023-14,12,194,0
south,SKU0032,2023-15,18,176,0
south,SKU0032,2023-16,9,167,0
south,SKU0032,2023-17,13,154,0
south,SKU0032,2023-18,9,145,0
south,SKU0032,2023-19,22,123,0
south,SKU0032,2023-20,13,110,0
south,SKU0032,2023-21,15,595,500
south,SKU0032,2023-22,16,579,0
south,SKU0032,2023-23,9,570,0
south,SKU0032,2023-24,13,557,0
south,SKU0032,2023-25,16,541,0
south,SKU0032,2023-26,18,523,0
south,SKU0032,2023-27,17,506,0
south,SKU0032,2023-28,9,497,0
south,SKU0032,2023-29,15,482,0
south,SKU0032,2023-30,23,459,0
south,SKU0032,2023-31,21,438,0
south,SKU0032,2023-32,18,420,0
south,SKU0032,2023-33,23,397,0
south,SKU0032,2023-34,24,373,0
south,SKU0032,2023-35,25,348,0
south,SKU0032,2023-36,11,337,0
south,SKU0032,2023-37,22,315,0
south,SKU0032,2023-38,25,290,0
south,SKU0032,2023-39,23,267,0
south,SKU0032,2023-40,21,246,0
south,SKU0032,2023-41,29,217,0
south,SKU0032,2023-42,13,204,0
south,SKU0032,2023-43,29,175,0
south,SKU0032,2023-44,33,142,0
south,SKU0032,2023-45,27,115,0
south,SKU0032,2023-46,29,586,500
south,SKU0032,2023-47,48,538,0
south,SKU0032,2023-48,37,501,0
south,SKU0032,2023-49,39,462,0
south,SKU0032,2023-50,30,432,0
south,SKU0032,2023-51,22,410,0
south,SKU0032,2023-52,45,365,0
south,SKU0032,2024-01,45,320,0
south,SKU0032,2024-02,34,286,0
south,SKU0032,2024-03,34,252,0
south,SKU0032,2024-04,51,201,0
south,SKU0032,2024-05,50,151,0
south,SKU0032,2024-06,50,101,0
south,SKU0032,2024-07,59,242,200
south,SKU0032,2024-08,37,205,0
south,SKU0032,2024-09,67,138,0
south,SKU0032,2024-10,43,295,200
south,SKU0032,2024-11,46,249,0
south,SKU0032,2024-12,62,187,0
south,SKU0032,2024-13,38,149,0
south,SKU0032,2024-14,66,383,300
south,SKU0032,2024-15,52,331,0
south,SKU0032,2024-16,46,285,0
south,SKU0032,2024-17,55,230,0
south,SKU0032,2024-18,58,172,0
south,SKU0032,2024-19,51,121,0
south,SKU0032,2024-20,53,568,500
south,SKU0032,2024-21,27,541,0
south,SKU0032,2024-22,56,485,0
south,SKU0032,2024-23,46,439,0
south,SKU0032,2024-24,40,399,0
south,SKU0032,2024-25,49,350,0
south,SKU0032,2024-26,45,305,0
south,SKU0032,2024-27,42,263,0
south,SKU0032,2024-28,41,222,0
south,SKU0032,2024-29,28,194,0
south,SKU0032,2024-30,34,160,0
south,SKU0032,2024-31,30,130,0
south,SKU0032,2024-32,38,592,500
south,SKU0032,2024-33,27,565,0
south,SKU0032,2024-34,29,536,0
south,SKU0032,2024-35,40,496,0
south,SKU0032,2024-36,22,474,0
south,SKU0032,2024-37,33,441,0
south,SKU0032,2024-38,17,424,0
south,SKU0032,2024-39,16,408,0
south,SKU0032,2024-40,28,380,0
south,SKU0032,2024-41,31,349,0
south,SKU0032,2024-42,18,331,0
south,SKU0032,2024-43,29,302,0
south,SKU0032,2024-44,25,277,0
south,SKU0032,2024-45,28,249,0
south,SKU0032,2024-46,12,237,0
south,SKU0032,2024-47,22,215,0
south,SKU0032,2024-48,16,199,0
south,SKU0032,2024-49,31,168,0
south,SKU0032,2024-50,22,146,0
south,SKU0032,2024-51,22,124,0
south,SKU0033,2023-29,2,354,0
south,SKU0033,2023-30,1,353,0
south,SKU0033,2023-31,6,347,0
south,SKU0033,2023-32,8,339,0
south,SKU0033,2023-33,7,332,0
south,SKU0033,2023-34,14,318,0
south,SKU0033,2023-35,13,305,0
south,SKU0033,2023-36,13,292,0
south,SKU0033,2023-37,20,272,0
south,SKU0033,2023-38,14,258,0
south,SKU0033,2023-39,27,231,0
south,SKU0033,2023-40,22,209,0
south,SKU0033,2023-41,24,185,0
south,SKU0033,2023-42,33,152,0
south,SKU0033,2023-43,22,130,0
south,SKU0033,2023-44,30,100,0
south,SKU0033,2023-45,34,366,300
south,SKU0033,2023-46,37,329,0
south,SKU0033,2023-47,38,291,0
south,SKU0033,2023-48,35,256,0
south,SKU0033,2023-49,41,215,0
south,SKU0033,2023-50,52,163,0
south,SKU0033,2023-51,45,118,0
south,SKU0033,2023-52,49,269,200
south,SKU0033,2024-01,53,216,0
south,SKU0033,2024-02,49,167,0
south,SKU0033,2024-03,38,129,0
south,SKU0033,2024-04,36,293,200
south,SKU0033,2024-05,51,242,0
south,SKU0033,2024-06,39,203,0
south,SKU0033,2024-07,55,148,0
south,SKU0033,2024-08,38,110,0
south,SKU0033,2024-09,55,255,200
south,SKU0033,2024-10,56,199,0
south,SKU0033,2024-11,46,153,0
south,SKU0033,2024-12,71,282,200
south,SKU0033,2024-13,45,237,0
south,SKU0033,2024-14,46,191,0
south,SKU0033,2024-15,62,129,0
south,SKU0033,2024-16,44,585,500
south,SKU0033,2024-17,52,533,0
south,SKU0033,2024-18,50,483,0
south,SKU0033,2024-19,41,442,0
south,SKU0033,2024-20,55,387,0
south,SKU0033,2024-21,51,336,0
south,SKU0033,2024-22,44,292,0
south,SKU0033,2024-23,50,242,0
south,SKU0033,2024-24,49,193,0
south,SKU0033,2024-25,43,150,0
south,SKU0033,2024-26,42,108,0
south,SKU0033,2024-27,44,564,500
south,SKU0033,2024-28,35,529,0
south,SKU0033,2024-29,38,491,0
south,SKU0033,2024-30,23,468,0
south,SKU0033,2024-31,27,441,0
south,SKU0033,2024-32,29,412,0
south,SKU0033,2024-33,24,388,0
south,SKU0033,2024-34,31,357,0
south,SKU0033,2024-35,27,330,0
south,SKU0033,2024-36,23,307,0
south,SKU0033,2024-37,34,273,0
south,SKU0033,2024-38,25,248,0
south,SKU0033,2024-39,30,218,0
south,SKU0033,2024-40,14,204,0
south,SKU0033,2024-41,21,183,0
south,SKU0033,2024-42,25,158,0
south,SKU0033,2024-43,21,137,0
south,SKU0033,2024-44,20,117,0
south,SKU0033,2024-45,27,290,200
south,SKU0033,2024-46,26,264,0
south,SKU0033,2024-47,26,238,0
south,SKU0033,2024-48,29,209,0
south,SKU0033,2024-49,24,185,0
south,SKU0033,2024-50,26,159,0
south,SKU0033,2024-51,27,132,0
south,SKU0034,2023-24,1,452,0
south,SKU0034,2023-25,1,451,0
south,SKU0034,2023-26,3,448,0
south,SKU0034,2023-27,4,444,0
south,SKU0034,2023-28,2,442,0
south,SKU0034,2023-29,3,439,0
south,SKU0034,2023-30,8,431,0
south,SKU0034,2023-31,10,421,0
south,SKU0034,2023-32,3,418,0
south,SKU0034,2023-33,8,410,0
south,SKU0034,2023-34,11,399,0
south,SKU0034,2023-35,11,388,0
south,SKU0034,2023-36,7,381,0
south,SKU0034,2023-37,9,372,0
south,SKU0034,2023-38,7,365,0
south,SKU0034,2023-39,9,356,0
south,SKU0034,2023-40,14,342,0
south,SKU0034,2023-41,12,330,0
south,SKU0034,2023-42,14,316,0
south,SKU0034,2023-43,10,306,0
south,SKU0034,2023-44,17,289,0
south,SKU0034,2023-45,10,279,0
south,SKU0034,2023-46,13,266,0
south,SKU0034,2023-47,23,243,0
south,SKU0034,2023-48,18,225,0
south,SKU0034,2023-49,26,199,0
south,SKU0034,2023-50,32,167,0
south,SKU0034,2023-51,32,135,0
south,SKU0034,2023-52,25,110,0
south,SKU0034,2024-01,27,383,300
south,SKU0034,2024-02,24,359,0
south,SKU0034,2024-03,33,326,0
south,SKU0034,2024-04,32,294,0
south,SKU0034,2024-05,37,257,0
south,SKU0034,2024-06,36,221,0
south,SKU0034,2024-07,26,195,0
south,SKU0034,2024-08,40,155,0
south,SKU0034,2024-09,52,103,0
south,SKU0034,2024-10,38,365,300
south,SKU0034,2024-11,39,326,0
south,SKU0034,2024-12,43,283,0
south,SKU0034,2024-13,54,229,0
south,SKU0034,2024-14,40,189,0
south,SKU0034,2024-15,54,135,0
south,SKU0034,2024-16,38,397,300
south,SKU0034,2024-17,52,345,0
south,SKU0034,2024-18,54,291,0
south,SKU0034,2024-19,38,253,0
south,SKU0034,2024-20,41,212,0
south,SKU0034,2024-21,40,172,0
south,SKU0034,2024-22,54,118,0
south,SKU0034,2024-23,61,257,200
south,SKU0034,2024-24,60,197,0
south,SKU0034,2024-25,44,153,0
south,SKU0034,2024-26,49,104,0
south,SKU0034,2024-27,51,553,500
south,SKU0034,2024-28,37,516,0
south,SKU0034,2024-29,30,486,0
south,SKU0034,2024-30,52,434,0
south,SKU0034,2024-31,42,392,0
south,SKU0034,2024-32,32,360,0
south,SKU0034,2024-33,36,324,0
south,SKU0034,2024-34,31,293,0
south,SKU0034,2024-35,31,262,0
south,SKU0034,2024-36,37,225,0
south,SKU0034,2024-37,43,182,0
south,SKU0034,2024-38,20,162,0
south,SKU0034,2024-39,27,135,0
south,SKU0034,2024-40,33,102,0
south,SKU0034,2024-41,24,378,300
south,SKU0034,2024-42,24,354,0
south,SKU0034,2024-43,36,318,0
south,SKU0034,2024-44,26,292,0
south,SKU0034,2024-45,33,259,0
south,SKU0034,2024-46,26,233,0
south,SKU0034,2024-47,22,211,0
south,SKU0034,2024-48,36,175,0
south,SKU0034,2024-49,35,140,0
south,SKU0034,2024-50,27,113,0
south,SKU0034,2024-51,20,293,200
south,SKU0035,2023-27,2,315,0
south,SKU0035,2023-28,4,311,0
south,SKU0035,2023-29,6,305,0
south,SKU0035,2023-30,6,299,0
south,SKU0035,2023-31,11,288,0
south,SKU0035,2023-32,17,271,0
south,SKU0035,2023-33,9,262,0
south,SKU0035,2023-34,15,247,0
south,SKU0035,2023-35,16,231,0
south,SKU0035,2023-36,16,215,0
south,SKU0035,2023-37,20,195,0
south,SKU0035,2023-38,16,179,0
south,SKU0035,2023-39,21,158,0
south,SKU0035,2023-40,17,141,0
south,SKU0035,2023-41,23,118,0
south,SKU0035,2023-42,20,398,300
south,SKU0035,2023-43,28,370,0
south,SKU0035,2023-44,29,341,0
south,SKU0035,2023-45,25,316,0
south,SKU0035,2023-46,29,287,0
south,SKU0035,2023-47,35,252,0
south,SKU0035,2023-48,46,206,0
south,SKU0035,2023-49,39,167,0
south,SKU0035,2023-50,39,128,0
south,SKU0035,2023-51,48,280,200
south,SKU0035,2023-52,54,226,0
south,SKU0035,2024-01,45,181,0
south,SKU0035,2024-02,42,139,0
south,SKU0035,2024-03,46,593,500
south,SKU0035,2024-04,42,551,0
south,SKU0035,2024-05,59,492,0
south,SKU0035,2024-06,49,443,0
south,SKU0035,2024-07,56,387,0
south,SKU0035,2024-08,37,350,0
south,SKU0035,2024-09,54,296,0
south,SKU0035,2024-10,39,257,0
south,SKU0035,2024-11,40,217,0
south,SKU0035,2024-12,41,176,0
south,SKU0035,2024-13,55,121,0
south,SKU0035,2024-14,45,576,500
south,SKU0035,2024-15,30,546,0
south,SKU0035,2024-16,39,507,0
south,SKU0035,2024-17,43,464,0
south,SKU0035,2024-18,52,412,0
south,SKU0035,2024-19,40,372,0
south,SKU0035,2024-20,32,340,0
south,SKU0035,2024-21,26,314,0
south,SKU0035,2024-22,32,282,0
south,SKU0035,2024-23,42,240,0
south,SKU0035,2024-24,39,201,0
south,SKU0035,2024-25,29,172,0
south,SKU0035,2024-26,34,138,0
south,SKU0035,2024-27,32,106,0
south,SKU0035,2024-28,28,278,200
south,SKU0035,2024-29,32,246,0
south,SKU0035,2024-30,28,218,0
south,SKU0035,2024-31,21,197,0
south,SKU0035,2024-32,30,167,0
south,SKU0035,2024-33,18,149,0
south,SKU0035,2024-34,27,122,0
south,SKU0035,2024-35,19,103,0
south,SKU0035,2024-36,19,584,500
south,SKU0035,2024-37,23,561,0
south,SKU0035,2024-38,18,543,0
south,SKU0035,2024-39,21,522,0
south,SKU0035,2024-40,15,507,0
south,SKU0035,2024-41,20,487,0
south,SKU0035,2024-42,18,469,0
south,SKU0035,2024-43,13,456,0
south,SKU0035,2024-44,19,437,0
south,SKU0035,2024-45,18,419,0
south,SKU0035,2024-46,19,400,0
south,SKU0035,2024-47,28,372,0
south,SKU0035,2024-48,17,355,0
south,SKU0035,2024-49,18,337,0
south,SKU0035,2024-50,19,318,0
south,SKU0035,2024-51,18,300,0
south,SKU0036,2023-07,1,355,0
south,SKU0036,2023-08,2,353,0
south,SKU0036,2023-09,5,348,0
south,SKU0036,2023-10,3,345,0
south,SKU0036,2023-11,7,338,0
south,SKU0036,2023-12,5,333,0
south,SKU0036,2023-13,12,321,0
south,SKU0036,2023-14,5,316,0
south,SKU0036,2023-15,14,302,0
south,SKU0036,2023-16,7,295,0
south,SKU0036,2023-17,13,282,0
south,SKU0036,2023-18,6,276,0
south,SKU0036,2023-19,16,260,0
south,SKU0036,2023-20,13,247,0
south,SKU0036,2023-21,17,230,0
south,SKU0036,2023-22,10,220,0
south,SKU0036,2023-23,15,205,0
south,SKU0036,2023-24,15,190,0
south,SKU0036,2023-25,12,178,0
south,SKU0036,2023-26,20,158,0
south,SKU0036,2023-27,14,144,0
south,SKU0036,2023-28,15,129,0
south,SKU0036,2023-29,15,114,0
south,SKU0036,2023-30,22,292,200
south,SKU0036,2023-31,20,272,0
south,SKU0036,2023-32,20,252,0
south,SKU0036,2023-33,23,229,0
south,SKU0036,2023-34,15,214,0
south,SKU0036,2023-35,30,184,0
south,SKU0036,2023-36,22,162,0
south,SKU0036,2023-37,18,144,0
south,SKU0036,2023-38,25,119,0
south,SKU0036,2023-39,35,284,200
south,SKU0036,2023-40,22,262,0
south,SKU0036,2023-41,21,241,0
south,SKU0036,2023-42,31,210,0
south,SKU0036,2023-43,26,184,0
south,SKU0036,2023-44,30,154,0
south,SKU0036,2023-45,24,130,0
south,SKU0036,2023-46,29,101,0
south,SKU0036,2023-47,27,574,500
south,SKU0036,2023-48,21,553,0
south,SKU0036,2023-49,33,520,0
south,SKU0036,2023-50,32,488,0
south,SKU0036,2023-51,47,441,0
south,SKU0036,2023-52,26,415,0
south,SKU0036,2024-01,38,377,0
south,SKU0036,2024-02,37,340,0
south,SKU0036,2024-03,51,289,0
south,SKU0036,2024-04,45,244,0
south,SKU0036,2024-05,59,185,0
south,SKU0036,2024-06,43,142,0
south,SKU0036,2024-07,47,295,200
south,SKU0036,2024-08,36,259,0
south,SKU0036,2024-09,58,201,0
south,SKU0036,2024-10,48,153,0
south,SKU0036,2024-11,56,397,300
south,SKU0036,2024-12,55,342,0
south,SKU0036,2024-13,79,263,0
south,SKU0036,2024-14,75,188,0
south,SKU0036,2024-15,60,128,0
south,SKU0036,2024-16,46,582,500
south,SKU0036,2024-17,67,515,0
south,SKU0036,2024-18,59,456,0
south,SKU0036,2024-19,74,382,0
south,SKU0036,2024-20,58,324,0
south,SKU0036,2024-21,59,265,0
south,SKU0036,2024-22,57,208,0
south,SKU0036,2024-23,54,154,0
south,SKU0036,2024-24,52,102,0
south,SKU0036,2024-25,26,576,500
south,SKU0036,2024-26,41,535,0
south,SKU0036,2024-27,48,487,0
south,SKU0036,2024-28,43,444,0
south,SKU0036,2024-29,45,399,0
south,SKU0036,2024-30,19,380,0
south,SKU0036,2024-31,42,338,0
south,SKU0036,2024-32,36,302,0
south,SKU0036,2024-33,23,279,0
south,SKU0036,2024-34,46,233,0
south,SKU0036,2024-35,33,200,0
south,SKU0036,2024-36,30,170,0
south,SKU0036,2024-37,27,143,0
south,SKU0036,2024-38,32,111,0
south,SKU0036,2024-39,19,592,500
south,SKU0036,2024-40,20,572,0
south,SKU0036,2024-41,32,540,0
south,SKU0036,2024-42,27,513,0
south,SKU0036,2024-43,39,474,0
south,SKU0036,2024-44,28,446,0
south,SKU0036,2024-45,32,414,0
south,SKU0036,2024-46,23,391,0
south,SKU0036,2024-47,23,368,0
south,SKU0036,2024-48,29,339,0
south,SKU0036,2024-49,30,309,0
south,SKU0036,2024-50,36,273,0
south,SKU0036,2024-51,18,255,0
south,SKU0037,2023-23,3,439,0
south,SKU0037,2023-24,1,438,0
south,SKU0037,2023-25,5,433,0
south,SKU0037,2023-26,7,426,0
south,SKU0037,2023-27,15,411,0
south,SKU0037,2023-28,11,400,0
south,SKU0037,2023-29,11,389,0
south,SKU0037,2023-30,12,377,0
south,SKU0037,2023-31,9,368,0
south,SKU0037,2023-32,13,355,0
south,SKU0037,2023-33,17,338,0
south,SKU0037,2023-34,13,325,0
south,SKU0037,2023-35,14,311,0
south,SKU0037,2023-36,18,293,0
south,SKU0037,2023-37,18,275,0
south,SKU0037,2023-38,20,255,0
south,SKU0037,2023-39,14,241,0
south,SKU0037,2023-40,24,217,0
south,SKU0037,2023-41,18,199,0
south,SKU0037,2023-42,33,166,0
south,SKU0037,2023-43,17,149,0
south,SKU0037,2023-44,31,118,0
south,SKU0037,2023-45,24,394,300
south,SKU0037,2023-46,33,361,0
south,SKU0037,2023-47,35,326,0
south,SKU0037,2023-48,34,292,0
south,SKU0037,2023-49,35,257,0
south,SKU0037,2023-50,43,214,0
south,SKU0037,2023-51,56,158,0
south,SKU0037,2023-52,40,118,0
south,SKU0037,2024-01,53,565,500
south,SKU0037,2024-02,42,523,0
south,SKU0037,2024-03,45,478,0
south,SKU0037,2024-04,66,412,0
south,SKU0037,2024-05,44,368,0
south,SKU0037,2024-06,41,327,0
south,SKU0037,2024-07,69,258,0
south,SKU0037,2024-08,76,182,0
south,SKU0037,2024-09,47,135,0
south,SKU0037,2024-10,54,581,500
south,SKU0037,2024-11,49,532,0
south,SKU0037,2024-12,51,481,0
south,SKU0037,2024-13,47,434,0
south,SKU0037,2024-14,49,385,0
south,SKU0037,2024-15,37,348,0
south,SKU0037,2024-16,53,295,0
south,SKU0037,2024-17,37,258,0
south,SKU0037,2024-18,40,218,0
south,SKU0037,2024-19,42,176,0
south,SKU0037,2024-20,45,131,0
south,SKU0037,2024-21,52,279,200
south,SKU0037,2024-22,45,234,0
south,SKU0037,2024-23,47,187,0
south,SKU0037,2024-24,29,158,0
south,SKU0037,2024-25,30,128,0
south,SKU0037,2024-26,46,582,500
south,SKU0037,2024-27,38,544,0
south,SKU0037,2024-28,46,498,0
south,SKU0037,2024-29,34,464,0
south,SKU0037,2024-30,37,427,0
south,SKU0037,2024-31,34,393,0
south,SKU0037,2024-32,38,355,0
south,SKU0037,2024-33,41,314,0
south,SKU0037,2024-34,30,284,0
south,SKU0037,2024-35,43,241,0
south,SKU0037,2024-36,33,208,0
south,SKU0037,2024-37,36,172,0
south,SKU0037,2024-38,42,130,0
south,SKU0037,2024-39,38,392,300
south,SKU0037,2024-40,22,370,0
south,SKU0037,2024-41,37,333,0
south,SKU0037,2024-42,35,298,0
south,SKU0037,2024-43,24,274,0
south,SKU0037,2024-44,42,232,0
south,SKU0037,2024-45,27,205,0
south,SKU0037,2024-46,34,171,0
south,SKU0037,2024-47,33,138,0
south,SKU0037,2024-48,43,395,300
south,SKU0037,2024-49,28,367,0
south,SKU0037,2024-50,30,337,0
south,SKU0037,2024-51,32,305,0
south,SKU0038,2023-23,3,556,0
south,SKU0038,2023-24,5,551,0
south,SKU0038,2023-25,5,546,0
south,SKU0038,2023-26,8,538,0
south,SKU0038,2023-27,6,532,0
south,SKU0038,2023-28,10,522,0
south,SKU0038,2023-29,12,510,0
south,SKU0038,2023-30,13,497,0
south,SKU0038,2023-31,11,486,0
south,SKU0038,2023-32,20,466,0
south,SKU0038,2023-33,22,444,0
south,SKU0038,2023-34,20,424,0
south,SKU0038,2023-35,19,405,0
south,SKU0038,2023-36,18,387,0
south,SKU0038,2023-37,28,359,0
south,SKU0038,2023-38,19,340,0
south,SKU0038,2023-39,24,316,0
south,SKU0038,2023-40,26,290,0
south,SKU0038,2023-41,24,266,0
south,SKU0038,2023-42,26,240,0
south,SKU0038,2023-43,29,211,0
south,SKU0038,2023-44,40,171,0
south,SKU0038,2023-45,37,134,0
south,SKU0038,2023-46,34,100,0
south,SKU0038,2023-47,71,329,300
south,SKU0038,2023-48,59,270,0
south,SKU0038,2023-49,38,232,0
south,SKU0038,2023-50,48,184,0
south,SKU0038,2023-51,54,130,0
south,SKU0038,2023-52,36,394,300
south,SKU0038,2024-01,63,331,0
south,SKU0038,2024-02,63,268,0
south,SKU0038,2024-03,41,227,0
south,SKU0038,2024-04,60,167,0
south,SKU0038,2024-05,65,102,0
south,SKU0038,2024-06,34,568,500
south,SKU0038,2024-07,42,526,0
south,SKU0038,2024-08,73,453,0
south,SKU0038,2024-09,54,399,0
south,SKU0038,2024-10,50,349,0
south,SKU0038,2024-11,33,316,0
south,SKU0038,2024-12,57,259,0
south,SKU0038,2024-13,52,207,0
south,SKU0038,2024-14,56,151,0
south,SKU0038,2024-15,65,586,500
south,SKU0038,2024-16,50,536,0
south,SKU0038,2024-17,51,485,0
south,SKU0038,2024-18,39,446,0
south,SKU0038,2024-19,40,406,0
south,SKU0038,2024-20,34,372,0
south,SKU0038,2024-21,39,333,0
south,SKU0038,2024-22,36,297,0
south,SKU0038,2024-23,43,254,0
south,SKU0038,2024-24,44,210,0
south,SKU0038,2024-25,32,178,0
south,SKU0038,2024-26,37,141,0
south,SKU0038,2024-27,26,115,0
south,SKU0038,2024-28,44,371,300
south,SKU0038,2024-29,49,322,0
south,SKU0038,2024-30,39,283,0
south,SKU0038,2024-31,25,258,0
south,SKU0038,2024-32,33,225,0
south,SKU0038,2024-33,23,202,0
south,SKU0038,2024-34,24,178,0
south,SKU0038,2024-35,22,156,0
south,SKU0038,2024-36,31,125,0
south,SKU0038,2024-37,26,399,300
south,SKU0038,2024-38,21,378,0
south,SKU0038,2024-39,28,350,0
south,SKU0038,2024-40,19,331,0
south,SKU0038,2024-41,27,304,0
south,SKU0038,2024-42,27,277,0
south,SKU0038,2024-43,26,251,0
south,SKU0038,2024-44,17,234,0
south,SKU0038,2024-45,42,192,0
south,SKU0038,2024-46,20,172,0
south,SKU0038,2024-47,29,143,0
south,SKU0038,2024-48,31,112,0
south,SKU0038,2024-49,31,581,500
south,SKU0038,2024-50,29,552,0
south,SKU0038,2024-51,27,525,0
south,SKU0039,2023-36,1,594,0
south,SKU0039,2023-37,4,590,0
south,SKU0039,2023-38,10,580,0
south,SKU0039,2023-39,11,569,0
south,SKU0039,2023-40,6,563,0
south,SKU0039,2023-41,10,553,0
south,SKU0039,2023-42,14,539,0
south,SKU0039,2023-43,24,515,0
south,SKU0039,2023-44,13,502,0
south,SKU0039,2023-45,15,487,0
south,SKU0039,2023-46,21,466,0
south,SKU0039,2023-47,12,454,0
south,SKU0039,2023-48,27,427,0
south,SKU0039,2023-49,17,410,0
south,SKU0039,2023-50,30,380,0
south,SKU0039,2023-51,44,336,0
south,SKU0039,2023-52,31,305,0
south,SKU0039,2024-01,54,251,0
south,SKU0039,2024-02,37,214,0
south,SKU0039,2024-03,47,167,0
south,SKU0039,2024-04,34,133,0
south,SKU0039,2024-05,81,352,300
south,SKU0039,2024-06,71,281,0
south,SKU0039,2024-07,64,217,0
south,SKU0039,2024-08,37,180,0
south,SKU0039,2024-09,62,118,0
south,SKU0039,2024-10,68,250,200
south,SKU0039,2024-11,75,175,0
south,SKU0039,2024-12,88,387,300
south,SKU0039,2024-13,75,312,0
south,SKU0039,2024-14,50,262,0
south,SKU0039,2024-15,49,213,0
south,SKU0039,2024-16,53,160,0
south,SKU0039,2024-17,63,397,300
south,SKU0039,2024-18,55,342,0
south,SKU0039,2024-19,41,301,0
south,SKU0039,2024-20,34,267,0
south,SKU0039,2024-21,74,193,0
south,SKU0039,2024-22,65,128,0
south,SKU0039,2024-23,44,284,200
south,SKU0039,2024-24,45,239,0
south,SKU0039,2024-25,44,195,0
south,SKU0039,2024-26,39,156,0
south,SKU0039,2024-27,27,129,0
south,SKU0039,2024-28,47,282,200
south,SKU0039,2024-29,43,239,0
south,SKU0039,2024-30,39,200,0
south,SKU0039,2024-31,27,173,0
south,SKU0039,2024-32,35,138,0
south,SKU0039,2024-33,38,100,0
south,SKU0039,2024-34,21,579,500
south,SKU0039,2024-35,24,555,0
south,SKU0039,2024-36,25,530,0
south,SKU0039,2024-37,29,501,0
south,SKU0039,2024-38,28,473,0
south,SKU0039,2024-39,19,454,0
south,SKU0039,2024-40,32,422,0
south,SKU0039,2024-41,33,389,0
south,SKU0039,2024-42,36,353,0
south,SKU0039,2024-43,31,322,0
south,SKU0039,2024-44,26,296,0
south,SKU0039,2024-45,29,267,0
south,SKU0039,2024-46,27,240,0
south,SKU0039,2024-47,29,211,0
south,SKU0039,2024-48,29,182,0
south,SKU0039,2024-49,29,153,0
south,SKU0039,2024-50,48,105,0
south,SKU0039,2024-51,29,576,500
south,SKU0040,2023-27,3,552,0
south,SKU0040,2023-28,3,549,0
south,SKU0040,2023-29,5,544,0
south,SKU0040,2023-30,4,540,0
south,SKU0040,2023-31,12,528,0
south,SKU0040,2023-32,5,523,0
south,SKU0040,2023-33,10,513,0
south,SKU0040,2023-34,14,499,0
south,SKU0040,2023-35,6,493,0
south,SKU0040,2023-36,13,480,0
south,SKU0040,2023-37,16,464,0
south,SKU0040,2023-38,10,454,0
south,SKU0040,2023-39,22,432,0
south,SKU0040,2023-40,16,416,0
south,SKU0040,2023-41,20,396,0
south,SKU0040,2023-42,16,380,0
south,SKU0040,2023-43,20,360,0
south,SKU0040,2023-44,15,345,0
south,SKU0040,2023-45,40,305,0
south,SKU0040,2023-46,21,284,0
south,SKU0040,2023-47,15,269,0
south,SKU0040,2023-48,45,224,0
south,SKU0040,2023-49,36,188,0
south,SKU0040,2023-50,32,156,0
south,SKU0040,2023-51,40,116,0
south,SKU0040,2023-52,29,287,200
south,SKU0040,2024-01,45,242,0
south,SKU0040,2024-02,68,174,0
south,SKU0040,2024-03,58,116,0
south,SKU0040,2024-04,57,259,200
south,SKU0040,2024-05,54,205,0
south,SKU0040,2024-06,42,163,0
south,SKU0040,2024-07,27,136,0
south,SKU0040,2024-08,49,587,500
south,SKU0040,2024-09,70,517,0
south,SKU0040,2024-10,72,445,0
south,SKU0040,2024-11,63,382,0
south,SKU0040,2024-12,58,324,0
south,SKU0040,2024-13,65,259,0
south,SKU0040,2024-14,57,202,0
south,SKU0040,2024-15,32,170,0
south,SKU0040,2024-16,61,109,0
south,SKU0040,2024-17,50,359,300
south,SKU0040,2024-18,43,316,0
south,SKU0040,2024-19,39,277,0
south,SKU0040,2024-20,41,236,0
south,SKU0040,2024-21,40,196,0
south,SKU0040,2024-22,32,164,0
south,SKU0040,2024-23,55,109,0
south,SKU0040,2024-24,38,271,200
south,SKU0040,2024-25,44,227,0
south,SKU0040,2024-26,59,168,0
south,SKU0040,2024-27,34,134,0
south,SKU0040,2024-28,31,103,0
south,SKU0040,2024-29,33,570,500
south,SKU0040,2024-30,37,533,0
south,SKU0040,2024-31,39,494,0
south,SKU0040,2024-32,26,468,0
south,SKU0040,2024-33,31,437,0
south,SKU0040,2024-34,32,405,0
south,SKU0040,2024-35,27,378,0
south,SKU0040,2024-36,38,340,0
south,SKU0040,2024-37,17,323,0
south,SKU0040,2024-38,27,296,0
south,SKU0040,2024-39,30,266,0
south,SKU0040,2024-40,25,241,0
south,SKU0040,2024-41,26,215,0
south,SKU0040,2024-42,28,187,0
south,SKU0040,2024-43,33,154,0
south,SKU0040,2024-44,41,113,0
south,SKU0040,2024-45,38,375,300
south,SKU0040,2024-46,46,329,0
south,SKU0040,2024-47,38,291,0
south,SKU0040,2024-48,35,256,0
south,SKU0040,2024-49,21,235,0
south,SKU0040,2024-50,41,194,0
south,SKU0040,2024-51,29,165,0
south,SKU0041,2023-18,3,589,0
south,SKU0041,2023-20,13,576,0
south,SKU0041,2023-21,18,558,0
south,SKU0041,2023-22,14,544,0
south,SKU0041,2023-23,13,531,0
south,SKU0041,2023-24,12,519,0
south,SKU0041,2023-25,21,498,0
south,SKU0041,2023-26,17,481,0
south,SKU0041,2023-27,28,453,0
south,SKU0041,2023-28,21,432,0
south,SKU0041,2023-29,20,412,0
south,SKU0041,2023-30,23,389,0
south,SKU0041,2023-31,20,369,0
south,SKU0041,2023-32,21,348,0
south,SKU0041,2023-33,25,323,0
south,SKU0041,2023-34,37,286,0
south,SKU0041,2023-35,39,247,0
south,SKU0041,2023-36,33,214,0
south,SKU0041,2023-37,28,186,0
south,SKU0041,2023-38,33,153,0
south,SKU0041,2023-39,34,119,0
south,SKU0041,2023-40,35,384,300
south,SKU0041,2023-41,42,342,0
south,SKU0041,2023-42,42,300,0
south,SKU0041,2023-43,38,262,0
south,SKU0041,2023-44,47,215,0
south,SKU0041,2023-45,39,176,0
south,SKU0041,2023-46,29,147,0
south,SKU0041,2023-47,31,116,0
south,SKU0041,2023-48,58,558,500
south,SKU0041,2023-49,39,519,0
south,SKU0041,2023-50,39,480,0
south,SKU0041,2023-51,47,433,0
south,SKU0041,2023-52,34,399,0
south,SKU0041,2024-01,61,338,0
south,SKU0041,2024-02,39,299,0
south,SKU0041,2024-03,49,250,0
south,SKU0041,2024-04,42,208,0
south,SKU0041,2024-05,42,166,0
south,SKU0041,2024-06,38,128,0
south,SKU0041,2024-07,47,281,200
south,SKU0041,2024-08,29,252,0
south,SKU0041,2024-09,68,184,0
south,SKU0041,2024-10,39,145,0
south,SKU0041,2024-11,33,112,0
south,SKU0041,2024-12,53,359,300
south,SKU0041,2024-13,74,285,0
south,SKU0041,2024-14,31,254,0
south,SKU0041,2024-15,41,213,0
south,SKU0041,2024-16,47,166,0
south,SKU0041,2024-17,41,125,0
south,SKU0041,2024-18,47,278,200
south,SKU0041,2024-19,35,243,0
south,SKU0041,2024-20,40,203,0
south,SKU0041,2024-21,33,170,0
south,SKU0041,2024-22,39,131,0
south,SKU0041,2024-23,31,100,0
south,SKU0041,2024-24,35,365,300
south,SKU0041,2024-25,30,335,0
south,SKU0041,2024-26,42,293,0
south,SKU0041,2024-27,26,267,0
south,SKU0041,2024-28,26,241,0
south,SKU0041,2024-29,28,213,0
south,SKU0041,2024-30,43,170,0
south,SKU0041,2024-31,19,151,0
south,SKU0041,2024-32,22,129,0
south,SKU0041,2024-33,24,105,0
south,SKU0041,2024-34,30,575,500
south,SKU0041,2024-35,28,547,0
south,SKU0041,2024-36,26,521,0
south,SKU0041,2024-37,22,499,0
south,SKU0041,2024-38,21,478,0
south,SKU0041,2024-39,20,458,0
south,SKU0041,2024-40,12,446,0
south,SKU0041,2024-41,17,429,0
south,SKU0041,2024-42,25,404,0
south,SKU0041,2024-43,29,375,0
south,SKU0041,2024-44,26,349,0
south,SKU0041,2024-45,17,332,0
south,SKU0041,2024-46,22,310,0
south,SKU0041,2024-47,13,297,0
south,SKU0041,2024-48,21,276,0
south,SKU0041,2024-49,19,257,0
south,SKU0041,2024-50,16,241,0
south,SKU0041,2024-51,25,216,0
south,SKU0042,2023-06,1,455,0
south,SKU0042,2023-08,3,452,0
south,SKU0042,2023-09,8,444,0
south,SKU0042,2023-10,3,441,0
south,SKU0042,2023-11,10,431,0
south,SKU0042,2023-12,4,427,0
south,SKU0042,2023-13,5,422,0
south,SKU0042,2023-14,3,419,0
south,SKU0042,2023-15,11,408,0
south,SKU0042,2023-16,8,400,0
south,SKU0042,2023-17,3,397,0
south,SKU0042,2023-18,13,384,0
south,SKU0042,2023-19,13,371,0
south,SKU0042,2023-20,12,359,0
south,SKU0042,2023-21,9,350,0
south,SKU0042,2023-22,14,336,0
south,SKU0042,2023-23,20,316,0
south,SKU0042,2023-24,18,298,0
south,SKU0042,2023-25,16,282,0
south,SKU0042,2023-26,17,265,0
south,SKU0042,2023-27,18,247,0
south,SKU0042,2023-28,9,238,0
south,SKU0042,2023-29,22,216,0
south,SKU0042,2023-30,19,197,0
south,SKU0042,2023-31,18,179,0
south,SKU0042,2023-32,19,160,0
south,SKU0042,2023-33,15,145,0
south,SKU0042,2023-34,24,121,0
south,SKU0042,2023-35,17,104,0
south,SKU0042,2023-36,23,381,300
south,SKU0042,2023-37,20,361,0
south,SKU0042,2023-38,31,330,0
south,SKU0042,2023-39,21,309,0
south,SKU0042,2023-40,18,291,0
south,SKU0042,2023-41,21,270,0
south,SKU0042,2023-42,18,252,0
south,SKU0042,2023-43,26,226,0
south,SKU0042,2023-44,30,196,0
south,SKU0042,2023-45,42,154,0
south,SKU0042,2023-46,20,134,0
south,SKU0042,2023-47,32,102,0
south,SKU0042,2023-48,41,261,200
south,SKU0042,2023-49,29,232,0
south,SKU0042,2023-50,24,208,0
south,SKU0042,2023-51,43,165,0
south,SKU0042,2023-52,36,129,0
south,SKU0042,2024-01,32,297,200
south,SKU0042,2024-02,33,264,0
south,SKU0042,2024-03,48,216,0
south,SKU0042,2024-04,37,179,0
south,SKU0042,2024-05,64,115,0
south,SKU0042,2024-06,34,381,300
south,SKU0042,2024-07,46,335,0
south,SKU0042,2024-08,54,281,0
south,SKU0042,2024-09,61,220,0
south,SKU0042,2024-10,54,166,0
south,SKU0042,2024-11,52,114,0
south,SKU0042,2024-12,55,359,300
south,SKU0042,2024-13,55,304,0
south,SKU0042,2024-14,55,249,0
south,SKU0042,2024-15,47,202,0
south,SKU0042,2024-16,41,161,0
south,SKU0042,2024-17,61,100,0
south,SKU0042,2024-18,43,357,300
south,SKU0042,2024-19,62,295,0
south,SKU0042,2024-20,56,239,0
south,SKU0042,2024-21,62,177,0
south,SKU0042,2024-22,49,128,0
south,SKU0042,2024-23,62,566,500
south,SKU0042,2024-24,40,526,0
south,SKU0042,2024-25,60,466,0
south,SKU0042,2024-26,37,429,0
south,SKU0042,2024-27,34,395,0
south,SKU0042,2024-28,48,347,0
south,SKU0042,2024-29,38,309,0
south,SKU0042,2024-30,43,266,0
south,SKU0042,2024-31,48,218,0
south,SKU0042,2024-32,36,182,0
south,SKU0042,2024-33,41,141,0
south,SKU0042,2024-34,24,117,0
south,SKU0042,2024-35,38,279,200
south,SKU0042,2024-36,31,248,0
south,SKU0042,2024-37,37,211,0
south,SKU0042,2024-38,25,186,0
south,SKU0042,2024-39,30,156,0
south,SKU0042,2024-40,18,138,0
south,SKU0042,2024-41,36,102,0
south,SKU0042,2024-42,24,278,200
south,SKU0042,2024-43,35,243,0
south,SKU0042,2024-44,33,210,0
south,SKU0042,2024-45,24,186,0
south,SKU0042,2024-46,42,144,0
south,SKU0042,2024-47,31,113,0
south,SKU0042,2024-48,32,581,500
south,SKU0042,2024-49,27,554,0
south,SKU0042,2024-50,39,515,0
south,SKU0042,2024-51,27,488,0
south,SKU0043,2023-17,2,252,0
south,SKU0043,2023-18,2,250,0
south,SKU0043,2023-19,6,244,0
south,SKU0043,2023-20,4,240,0
south,SKU0043,2023-21,3,237,0
south,SKU0043,2023-22,13,224,0
south,SKU0043,2023-23,5,219,0
south,SKU0043,2023-24,8,211,0
south,SKU0043,2023-25,11,200,0
south,SKU0043,2023-26,12,188,0
south,SKU0043,2023-27,13,175,0
south,SKU0043,2023-28,12,163,0
south,SKU0043,2023-29,11,152,0
south,SKU0043,2023-30,12,140,0
south,SKU0043,2023-31,10,130,0
south,SKU0043,2023-32,13,117,0
south,SKU0043,2023-33,16,101,0
south,SKU0043,2023-34,11,590,500
south,SKU0043,2023-35,19,571,0
south,SKU0043,2023-36,21,550,0
south,SKU0043,2023-37,16,534,0
south,SKU0043,2023-38,20,514,0
south,SKU0043,2023-39,18,496,0
south,SKU0043,2023-40,10,486,0
south,SKU0043,2023-41,15,471,0
south,SKU0043,2023-42,23,448,0
south,SKU0043,2023-43,27,421,0
south,SKU0043,2023-44,19,402,0
south,SKU0043,2023-45,19,383,0
south,SKU0043,2023-46,24,359,0
south,SKU0043,2023-47,22,337,0
south,SKU0043,2023-48,32,305,0
south,SKU0043,2023-49,39,266,0
south,SKU0043,2023-50,27,239,0
south,SKU0043,2023-51,34,205,0
south,SKU0043,2023-52,41,164,0
south,SKU0043,2024-01,34,130,0
south,SKU0043,2024-02,21,109,0
south,SKU0043,2024-03,30,579,500
south,SKU0043,2024-04,42,537,0
south,SKU0043,2024-05,35,502,0
south,SKU0043,2024-06,45,457,0
south,SKU0043,2024-07,39,418,0
south,SKU0043,2024-08,51,367,0
south,SKU0043,2024-09,28,339,0
south,SKU0043,2024-10,47,292,0
south,SKU0043,2024-11,28,264,0
south,SKU0043,2024-12,47,217,0
south,SKU0043,2024-13,38,179,0
south,SKU0043,2024-14,36,143,0
south,SKU0043,2024-15,56,287,200
south,SKU0043,2024-16,41,246,0
south,SKU0043,2024-17,59,187,0
south,SKU0043,2024-18,63,124,0
south,SKU0043,2024-19,35,589,500
south,SKU0043,2024-20,41,548,0
south,SKU0043,2024-21,43,505,0
south,SKU0043,2024-22,51,454,0
south,SKU0043,2024-23,27,427,0
south,SKU0043,2024-24,44,383,0
south,SKU0043,2024-25,61,322,0
south,SKU0043,2024-26,39,283,0
south,SKU0043,2024-27,48,235,0
south,SKU0043,2024-28,54,181,0
south,SKU0043,2024-29,36,145,0
south,SKU0043,2024-30,49,296,200
south,SKU0043,2024-31,49,247,0
south,SKU0043,2024-32,14,233,0
south,SKU0043,2024-33,32,201,0
south,SKU0043,2024-34,37,164,0
south,SKU0043,2024-35,40,124,0
south,SKU0043,2024-36,38,286,200
south,SKU0043,2024-37,55,231,0
south,SKU0043,2024-38,36,195,0
south,SKU0043,2024-39,45,150,0
south,SKU0043,2024-40,49,101,0
south,SKU0043,2024-41,36,265,200
south,SKU0043,2024-42,33,232,0
south,SKU0043,2024-43,27,205,0
south,SKU0043,2024-44,32,173,0
south,SKU0043,2024-45,31,142,0
south,SKU0043,2024-46,38,104,0
south,SKU0043,2024-47,32,372,300
south,SKU0043,2024-48,41,331,0
south,SKU0043,2024-49,29,302,0
south,SKU0043,2024-50,30,272,0
south,SKU0043,2024-51,39,233,0
south,SKU0044,2023-05,1,511,0
south,SKU0044,2023-06,1,510,0
south,SKU0044,2023-07,5,505,0
south,SKU0044,2023-08,2,503,0
south,SKU0044,2023-09,7,496,0
south,SKU0044,2023-10,7,489,0
south,SKU0044,2023-11,3,486,0
south,SKU0044,2023-12,9,477,0
south,SKU0044,2023-13,6,471,0
south,SKU0044,2023-14,10,461,0
south,SKU0044,2023-15,11,450,0
south,SKU0044,2023-16,13,437,0
south,SKU0044,2023-17,11,426,0
south,SKU0044,2023-18,15,411,0
south,SKU0044,2023-19,10,401,0
south,SKU0044,2023-20,8,393,0
south,SKU0044,2023-21,17,376,0
south,SKU0044,2023-22,13,363,0
south,SKU0044,2023-23,23,340,0
south,SKU0044,2023-24,19,321,0
south,SKU0044,2023-25,25,296,0
south,SKU0044,2023-26,14,282,0
south,SKU0044,2023-27,19,263,0
south,SKU0044,2023-28,24,239,0
south,SKU0044,2023-29,22,217,0
south,SKU0044,2023-30,13,204,0
south,SKU0044,2023-31,17,187,0
south,SKU0044,2023-32,26,161,0
south,SKU0044,2023-33,26,135,0
south,SKU0044,2023-34,20,115,0
south,SKU0044,2023-35,30,285,200
south,SKU0044,2023-36,26,259,0
south,SKU0044,2023-37,18,241,0
south,SKU0044,2023-38,33,208,0
south,SKU0044,2023-39,19,189,0
south,SKU0044,2023-40,23,166,0
south,SKU0044,2023-41,21,145,0
south,SKU0044,2023-42,36,109,0
south,SKU0044,2023-43,25,384,300
south,SKU0044,2023-44,34,350,0
south,SKU0044,2023-45,34,316,0
south,SKU0044,2023-46,18,298,0
south,SKU0044,2023-47,28,270,0
south,SKU0044,2023-48,20,250,0
south,SKU0044,2023-49,44,206,0
south,SKU0044,2023-50,36,170,0
south,SKU0044,2023-51,28,142,0
south,SKU0044,2023-52,37,105,0
south,SKU0044,2024-01,43,262,200
south,SKU0044,2024-02,45,217,0
south,SKU0044,2024-03,45,172,0
south,SKU0044,2024-04,69,103,0
south,SKU0044,2024-05,51,552,500
south,SKU0044,2024-06,50,502,0
south,SKU0044,2024-07,57,445,0
south,SKU0044,2024-08,58,387,0
south,SKU0044,2024-09,53,334,0
south,SKU0044,2024-10,65,269,0
south,SKU0044,2024-11,63,206,0
south,SKU0044,2024-12,75,131,0
south,SKU0044,2024-13,63,568,500
south,SKU0044,2024-14,45,523,0
south,SKU0044,2024-15,42,481,0
south,SKU0044,2024-16,34,447,0
south,SKU0044,2024-17,55,392,0
south,SKU0044,2024-18,44,348,0
south,SKU0044,2024-19,44,304,0
south,SKU0044,2024-20,36,268,0
south,SKU0044,2024-21,50,218,0
south,SKU0044,2024-22,64,154,0
south,SKU0044,2024-23,44,110,0
south,SKU0044,2024-24,38,272,200
south,SKU0044,2024-25,44,228,0
south,SKU0044,2024-26,51,177,0
south,SKU0044,2024-27,37,140,0
south,SKU0044,2024-28,36,104,0
south,SKU0044,2024-29,42,362,300
south,SKU0044,2024-30,39,323,0
south,SKU0044,2024-31,32,291,0
south,SKU0044,2024-32,25,266,0
south,SKU0044,2024-33,33,233,0
south,SKU0044,2024-34,30,203,0
south,SKU0044,2024-35,28,175,0
south,SKU0044,2024-36,30,145,0
south,SKU0044,2024-37,27,118,0
south,SKU0044,2024-38,27,591,500
south,SKU0044,2024-39,29,562,0
south,SKU0044,2024-40,24,538,0
south,SKU0044,2024-41,25,513,0
south,SKU0044,2024-42,26,487,0
south,SKU0044,2024-43,25,462,0
south,SKU0044,2024-44,28,434,0
south,SKU0044,2024-45,28,406,0
south,SKU0044,2024-46,32,374,0
south,SKU0044,2024-47,28,346,0
south,SKU0044,2024-48,32,314,0
south,SKU0044,2024-49,28,286,0
south,SKU0044,2024-50,36,250,0
south,SKU0044,2024-51,33,217,0
south,SKU0045,2023-32,2,491,0
south,SKU0045,2023-33,6,485,0
south,SKU0045,2023-34,11,474,0
south,SKU0045,2023-35,12,462,0
south,SKU0045,2023-36,19,443,0
south,SKU0045,2023-37,13,430,0
south,SKU0045,2023-38,10,420,0
south,SKU0045,2023-39,15,405,0
south,SKU0045,2023-40,21,384,0
south,SKU0045,2023-41,20,364,0
south,SKU0045,2023-42,23,341,0
south,SKU0045,2023-43,29,312,0
south,SKU0045,2023-44,46,266,0
south,SKU0045,2023-45,37,229,0
south,SKU0045,2023-46,40,189,0
south,SKU0045,2023-47,46,143,0
south,SKU0045,2023-48,53,390,300
south,SKU0045,2023-49,32,358,0
south,SKU0045,2023-50,55,303,0
south,SKU0045,2023-51,56,247,0
south,SKU0045,2023-52,44,203,0
south,SKU0045,2024-01,43,160,0
south,SKU0045,2024-02,52,108,0
south,SKU0045,2024-03,46,562,500
south,SKU0045,2024-04,45,517,0
south,SKU0045,2024-05,63,454,0
south,SKU0045,2024-06,50,404,0
south,SKU0045,2024-07,73,331,0
south,SKU0045,2024-08,45,286,0
south,SKU0045,2024-09,37,249,0
south,SKU0045,2024-10,42,207,0
south,SKU0045,2024-11,42,165,0
south,SKU0045,2024-12,43,122,0
south,SKU0045,2024-13,48,374,300
south,SKU0045,2024-14,61,313,0
south,SKU0045,2024-15,51,262,0
south,SKU0045,2024-16,48,214,0
south,SKU0045,2024-17,39,175,0
south,SKU0045,2024-18,36,139,0
south,SKU0045,2024-19,31,108,0
south,SKU0045,2024-20,53,555,500
south,SKU0045,2024-21,42,513,0
south,SKU0045,2024-22,40,473,0
south,SKU0045,2024-23,49,424,0
south,SKU0045,2024-24,25,399,0
south,SKU0045,2024-25,45,354,0
south,SKU0045,2024-26,42,312,0
south,SKU0045,2024-27,35,277,0
south,SKU0045,2024-28,24,253,0
south,SKU0045,2024-29,39,214,0
south,SKU0045,2024-30,29,185,0
south,SKU0045,2024-31,29,156,0
south,SKU0045,2024-32,34,122,0
south,SKU0045,2024-33,32,390,300
south,SKU0045,2024-34,32,358,0
south,SKU0045,2024-35,30,328,0
south,SKU0045,2024-36,23,305,0
south,SKU0045,2024-37,37,268,0
south,SKU0045,2024-38,21,247,0
south,SKU0045,2024-39,24,223,0
south,SKU0045,2024-40,31,192,0
south,SKU0045,2024-41,28,164,0
south,SKU0045,2024-42,28,136,0
south,SKU0045,2024-43,27,109,0
south,SKU0045,2024-44,28,581,500
south,SKU0045,2024-45,18,563,0
south,SKU0045,2024-46,29,534,0
south,SKU0045,2024-47,22,512,0
south,SKU0045,2024-48,26,486,0
south,SKU0045,2024-49,28,458,0
south,SKU0045,2024-50,32,426,0
south,SKU0045,2024-51,17,409,0
south,SKU0046,2023-28,2,214,0
south,SKU0046,2023-29,10,204,0
south,SKU0046,2023-30,13,191,0
south,SKU0046,2023-31,21,170,0
south,SKU0046,2023-32,11,159,0
south,SKU0046,2023-33,8,151,0
south,SKU0046,2023-34,27,124,0
south,SKU0046,2023-35,18,106,0
south,SKU0046,2023-36,29,577,500
south,SKU0046,2023-37,33,544,0
south,SKU0046,2023-38,38,506,0
south,SKU0046,2023-39,34,472,0
south,SKU0046,2023-40,37,435,0
south,SKU0046,2023-41,35,400,0
south,SKU0046,2023-42,42,358,0
south,SKU0046,2023-43,48,310,0
south,SKU0046,2023-44,50,260,0
south,SKU0046,2023-45,35,225,0
south,SKU0046,2023-46,53,172,0
south,SKU0046,2023-47,44,128,0
south,SKU0046,2023-48,40,588,500
south,SKU0046,2023-49,46,542,0
south,SKU0046,2023-50,33,509,0
south,SKU0046,2023-51,38,471,0
south,SKU0046,2023-52,34,437,0
south,SKU0046,2024-01,54,383,0
south,SKU0046,2024-02,47,336,0
south,SKU0046,2024-03,41,295,0
south,SKU0046,2024-04,38,257,0
south,SKU0046,2024-05,59,198,0
south,SKU0046,2024-06,45,153,0
south,SKU0046,2024-07,30,123,0
south,SKU0046,2024-08,39,584,500
south,SKU0046,2024-09,44,540,0
south,SKU0046,2024-10,53,487,0
south,SKU0046,2024-11,63,424,0
south,SKU0046,2024-12,31,393,0
south,SKU0046,2024-13,44,349,0
south,SKU0046,2024-14,29,320,0
south,SKU0046,2024-15,39,281,0
south,SKU0046,2024-16,50,231,0
south,SKU0046,2024-17,53,178,0
south,SKU0046,2024-18,33,145,0
south,SKU0046,2024-19,42,103,0
south,SKU0046,2024-20,49,554,500
south,SKU0046,2024-21,30,524,0
south,SKU0046,2024-22,21,503,0
south,SKU0046,2024-23,33,470,0
south,SKU0046,2024-24,44,426,0
south,SKU0046,2024-25,32,394,0
south,SKU0046,2024-26,29,365,0
south,SKU0046,2024-27,41,324,0
south,SKU0046,2024-28,32,292,0
south,SKU0046,2024-29,35,257,0
south,SKU0046,2024-30,37,220,0
south,SKU0046,2024-31,38,182,0
south,SKU0046,2024-32,31,151,0
south,SKU0046,2024-33,23,128,0
south,SKU0046,2024-34,20,108,0
south,SKU0046,2024-35,22,386,300
south,SKU0046,2024-36,36,350,0
south,SKU0046,2024-37,11,339,0
south,SKU0046,2024-38,15,324,0
south,SKU0046,2024-39,17,307,0
south,SKU0046,2024-40,27,280,0
south,SKU0046,2024-41,19,261,0
south,SKU0046,2024-42,28,233,0
south,SKU0046,2024-43,25,208,0
south,SKU0046,2024-44,20,188,0
south,SKU0046,2024-45,25,163,0
south,SKU0046,2024-46,16,147,0
south,SKU0046,2024-47,22,125,0
south,SKU0046,2024-48,6,119,0
south,SKU0046,2024-49,24,295,200
south,SKU0046,2024-50,24,271,0
south,SKU0046,2024-51,15,256,0
south,SKU0047,2023-18,2,377,0
south,SKU0047,2023-19,1,376,0
south,SKU0047,2023-20,5,371,0
south,SKU0047,2023-21,2,369,0
south,SKU0047,2023-22,7,362,0
south,SKU0047,2023-23,10,352,0
south,SKU0047,2023-24,10,342,0
south,SKU0047,2023-25,11,331,0
south,SKU0047,2023-26,8,323,0
south,SKU0047,2023-27,6,317,0
south,SKU0047,2023-28,17,300,0
south,SKU0047,2023-29,14,286,0
south,SKU0047,2023-30,12,274,0
south,SKU0047,2023-31,13,261,0
south,SKU0047,2023-32,14,247,0
south,SKU0047,2023-33,8,239,0
south,SKU0047,2023-34,15,224,0
south,SKU0047,2023-35,20,204,0
south,SKU0047,2023-36,17,187,0
south,SKU0047,2023-37,24,163,0
south,SKU0047,2023-38,20,143,0
south,SKU0047,2023-39,24,119,0
south,SKU0047,2023-40,18,101,0
south,SKU0047,2023-41,26,375,300
south,SKU0047,2023-42,10,365,0
south,SKU0047,2023-43,28,337,0
south,SKU0047,2023-44,22,315,0
south,SKU0047,2023-45,19,296,0
south,SKU0047,2023-46,27,269,0
south,SKU0047,2023-47,29,240,0
south,SKU0047,2023-48,25,215,0
south,SKU0047,2023-49,40,175,0
south,SKU0047,2023-50,31,144,0
south,SKU0047,2023-51,33,111,0
south,SKU0047,2023-52,32,279,200
south,SKU0047,2024-01,40,239,0
south,SKU0047,2024-02,52,187,0
south,SKU0047,2024-03,51,136,0
south,SKU0047,2024-04,54,282,200
south,SKU0047,2024-05,42,240,0
south,SKU0047,2024-06,54,186,0
south,SKU0047,2024-07,45,141,0
south,SKU0047,2024-08,54,287,200
south,SKU0047,2024-09,66,221,0
south,SKU0047,2024-10,51,170,0
south,SKU0047,2024-11,56,114,0
south,SKU0047,2024-12,56,258,200
south,SKU0047,2024-13,52,206,0
south,SKU0047,2024-14,79,127,0
south,SKU0047,2024-15,47,580,500
south,SKU0047,2024-16,58,522,0
south,SKU0047,2024-17,50,472,0
south,SKU0047,2024-18,71,401,0
south,SKU0047,2024-19,36,365,0
south,SKU0047,2024-20,33,332,0
south,SKU0047,2024-21,37,295,0
south,SKU0047,2024-22,52,243,0
south,SKU0047,2024-23,40,203,0
south,SKU0047,2024-24,34,169,0
south,SKU0047,2024-25,52,117,0
south,SKU0047,2024-26,31,586,500
south,SKU0047,2024-27,30,556,0
south,SKU0047,2024-28,44,512,0
south,SKU0047,2024-29,49,463,0
south,SKU0047,2024-30,35,428,0
south,SKU0047,2024-31,34,394,0
south,SKU0047,2024-32,32,362,0
south,SKU0047,2024-33,42,320,0
south,SKU0047,2024-34,21,299,0
south,SKU0047,2024-35,34,265,0
south,SKU0047,2024-36,32,233,0
south,SKU0047,2024-37,34,199,0
south,SKU0047,2024-38,24,175,0
south,SKU0047,2024-39,22,153,0
south,SKU0047,2024-40,23,130,0
south,SKU0047,2024-41,31,399,300
south,SKU0047,2024-42,23,376,0
south,SKU0047,2024-43,28,348,0
south,SKU0047,2024-44,38,310,0
south,SKU0047,2024-45,26,284,0
south,SKU0047,2024-46,25,259,0
south,SKU0047,2024-47,12,247,0
south,SKU0047,2024-48,21,226,0
south,SKU0047,2024-49,21,205,0
south,SKU0047,2024-50,20,185,0
south,SKU0047,2024-51,34,151,0
south,SKU0048,2023-31,3,350,0
south,SKU0048,2023-32,5,345,0
south,SKU0048,2023-33,10,335,0
south,SKU0048,2023-34,11,324,0
south,SKU0048,2023-35,14,310,0
south,SKU0048,2023-36,20,290,0
south,SKU0048,2023-37,24,266,0
south,SKU0048,2023-38,18,248,0
south,SKU0048,2023-39,27,221,0
south,SKU0048,2023-40,34,187,0
south,SKU0048,2023-41,37,150,0
south,SKU0048,2023-42,35,115,0
south,SKU0048,2023-43,22,393,300
south,SKU0048,2023-44,51,342,0
south,SKU0048,2023-45,43,299,0
south,SKU0048,2023-46,35,264,0
south,SKU0048,2023-47,44,220,0
south,SKU0048,2023-48,30,190,0
south,SKU0048,2023-49,27,163,0
south,SKU0048,2023-50,42,121,0
south,SKU0048,2023-51,37,284,200
south,SKU0048,2023-52,40,244,0
south,SKU0048,2024-01,61,183,0
south,SKU0048,2024-02,38,145,0
south,SKU0048,2024-03,59,286,200
south,SKU0048,2024-04,32,254,0
south,SKU0048,2024-05,72,182,0
south,SKU0048,2024-06,27,155,0
south,SKU0048,2024-07,68,587,500
south,SKU0048,2024-08,47,540,0
south,SKU0048,2024-09,36,504,0
south,SKU0048,2024-10,53,451,0
south,SKU0048,2024-11,59,392,0
south,SKU0048,2024-12,60,332,0
south,SKU0048,2024-13,34,298,0
south,SKU0048,2024-14,59,239,0
south,SKU0048,2024-15,63,176,0
south,SKU0048,2024-16,36,140,0
south,SKU0048,2024-17,70,270,200
south,SKU0048,2024-18,39,231,0
south,SKU0048,2024-19,48,183,0
south,SKU0048,2024-20,32,151,0
south,SKU0048,2024-21,51,100,0
south,SKU0048,2024-22,53,247,200
south,SKU0048,2024-23,17,230,0
south,SKU0048,2024-24,65,165,0
south,SKU0048,2024-25,39,126,0
south,SKU0048,2024-26,43,283,200
south,SKU0048,2024-27,23,260,0
south,SKU0048,2024-28,35,225,0
south,SKU0048,2024-29,44,181,0
south,SKU0048,2024-30,50,131,0
south,SKU0048,2024-31,52,379,300
south,SKU0048,2024-32,22,357,0
south,SKU0048,2024-33,30,327,0
south,SKU0048,2024-34,23,304,0
south,SKU0048,2024-35,25,279,0
south,SKU0048,2024-36,29,250,0
south,SKU0048,2024-37,23,227,0
south,SKU0048,2024-38,28,199,0
south,SKU0048,2024-39,31,168,0
south,SKU0048,2024-40,44,124,0
south,SKU0048,2024-41,38,386,300
south,SKU0048,2024-42,22,364,0
south,SKU0048,2024-43,39,325,0
south,SKU0048,2024-44,29,296,0
south,SKU0048,2024-45,19,277,0
south,SKU0048,2024-46,37,240,0
south,SKU0048,2024-47,23,217,0
south,SKU0048,2024-48,24,193,0
south,SKU0048,2024-49,23,170,0
south,SKU0048,2024-50,35,135,0
south,SKU0048,2024-51,44,591,500
south,SKU0049,2023-39,1,387,0
south,SKU0049,2023-40,2,385,0
south,SKU0049,2023-41,7,378,0
south,SKU0049,2023-42,12,366,0
south,SKU0049,2023-43,12,354,0
south,SKU0049,2023-44,25,329,0
south,SKU0049,2023-45,8,321,0
south,SKU0049,2023-46,16,305,0
south,SKU0049,2023-47,25,280,0
south,SKU0049,2023-48,26,254,0
south,SKU0049,2023-49,21,233,0
south,SKU0049,2023-50,28,205,0
south,SKU0049,2023-51,45,160,0
south,SKU0049,2023-52,50,110,0
south,SKU0049,2024-01,54,256,200
south,SKU0049,2024-02,47,209,0
south,SKU0049,2024-03,45,164,0
south,SKU0049,2024-04,58,106,0
south,SKU0049,2024-05,59,547,500
south,SKU0049,2024-06,34,513,0
south,SKU0049,2024-07,60,453,0
south,SKU0049,2024-08,25,428,0
south,SKU0049,2024-09,55,373,0
south,SKU0049,2024-10,70,303,0
south,SKU0049,2024-11,53,250,0
south,SKU0049,2024-12,39,211,0
south,SKU0049,2024-13,64,147,0
south,SKU0049,2024-14,43,104,0
south,SKU0049,2024-15,64,240,200
south,SKU0049,2024-16,49,191,0
south,SKU0049,2024-17,56,135,0
south,SKU0049,2024-18,35,100,0
south,SKU0049,2024-19,55,245,200
south,SKU0049,2024-20,38,207,0
south,SKU0049,2024-21,48,159,0
south,SKU0049,2024-22,39,120,0
south,SKU0049,2024-23,45,375,300
south,SKU0049,2024-24,40,335,0
south,SKU0049,2024-25,44,291,0
south,SKU0049,2024-26,37,254,0
south,SKU0049,2024-27,33,221,0
south,SKU0049,2024-28,35,186,0
south,SKU0049,2024-29,35,151,0
south,SKU0049,2024-30,29,122,0
south,SKU0049,2024-31,26,596,500
south,SKU0049,2024-32,42,554,0
south,SKU0049,2024-33,36,518,0
south,SKU0049,2024-34,23,495,0
south,SKU0049,2024-35,27,468,0
south,SKU0049,2024-36,19,449,0
south,SKU0049,2024-37,18,431,0
south,SKU0049,2024-38,14,417,0
south,SKU0049,2024-39,24,393,0
south,SKU0049,2024-40,22,371,0
south,SKU0049,2024-41,25,346,0
south,SKU0049,2024-42,20,326,0
south,SKU0049,2024-43,11,315,0
south,SKU0049,2024-44,31,284,0
south,SKU0049,2024-45,18,266,0
south,SKU0049,2024-46,28,238,0
south,SKU0049,2024-47,19,219,0
south,SKU0049,2024-48,16,203,0
south,SKU0049,2024-49,17,186,0
south,SKU0049,2024-50,25,161,0
south,SKU0049,2024-51,18,143,0
south,SKU0050,2023-24,2,576,0
south,SKU0050,2023-25,2,574,0
south,SKU0050,2023-26,5,569,0
south,SKU0050,2023-27,3,566,0
south,SKU0050,2023-28,8,558,0
south,SKU0050,2023-29,7,551,0
south,SKU0050,2023-30,3,548,0
south,SKU0050,2023-31,5,543,0
south,SKU0050,2023-32,3,540,0
south,SKU0050,2023-33,12,528,0
south,SKU0050,2023-34,10,518,0
south,SKU0050,2023-35,17,501,0
south,SKU0050,2023-36,17,484,0
south,SKU0050,2023-37,26,458,0
south,SKU0050,2023-38,10,448,0
south,SKU0050,2023-39,14,434,0
south,SKU0050,2023-40,23,411,0
south,SKU0050,2023-41,29,382,0
south,SKU0050,2023-42,15,367,0
south,SKU0050,2023-43,19,348,0
south,SKU0050,2023-44,24,324,0
south,SKU0050,2023-45,26,298,0
south,SKU0050,2023-46,48,250,0
south,SKU0050,2023-47,34,216,0
south,SKU0050,2023-48,34,182,0
south,SKU0050,2023-49,20,162,0
south,SKU0050,2023-50,25,137,0
south,SKU0050,2023-51,19,118,0
south,SKU0050,2023-52,44,574,500
south,SKU0050,2024-01,48,526,0
south,SKU0050,2024-02,57,469,0
south,SKU0050,2024-03,22,447,0
south,SKU0050,2024-04,47,400,0
south,SKU0050,2024-05,48,352,0
south,SKU0050,2024-06,34,318,0
south,SKU0050,2024-07,55,263,0
south,SKU0050,2024-08,32,231,0
south,SKU0050,2024-09,46,185,0
south,SKU0050,2024-10,86,399,300
south,SKU0050,2024-11,47,352,0
south,SKU0050,2024-12,66,286,0
south,SKU0050,2024-13,46,240,0
south,SKU0050,2024-14,49,191,0
south,SKU0050,2024-15,70,121,0
south,SKU0050,2024-16,59,362,300
south,SKU0050,2024-17,66,296,0
south,SKU0050,2024-18,72,224,0
south,SKU0050,2024-19,40,184,0
south,SKU0050,2024-20,24,160,0
south,SKU0050,2024-21,77,283,200
south,SKU0050,2024-22,58,225,0
south,SKU0050,2024-23,45,180,0
south,SKU0050,2024-24,63,117,0
south,SKU0050,2024-25,43,274,200
south,SKU0050,2024-26,40,234,0
south,SKU0050,2024-27,37,197,0
south,SKU0050,2024-28,48,149,0
south,SKU0050,2024-29,21,128,0
south,SKU0050,2024-30,35,293,200
south,SKU0050,2024-31,24,269,0
south,SKU0050,2024-32,40,229,0
south,SKU0050,2024-33,40,189,0
south,SKU0050,2024-34,33,156,0
south,SKU0050,2024-35,38,118,0
south,SKU0050,2024-36,18,100,0
south,SKU0050,2024-37,38,262,200
south,SKU0050,2024-38,32,230,0
south,SKU0050,2024-39,33,197,0
south,SKU0050,2024-40,27,170,0
south,SKU0050,2024-41,21,149,0
south,SKU0050,2024-42,25,124,0
south,SKU0050,2024-43,26,398,300
south,SKU0050,2024-44,17,381,0
south,SKU0050,2024-45,32,349,0
south,SKU0050,2024-46,33,316,0
south,SKU0050,2024-47,37,279,0
south,SKU0050,2024-48,26,253,0
south,SKU0050,2024-49,27,226,0
south,SKU0050,2024-50,30,196,0
south,SKU0050,2024-51,31,165,0
west,SKU0001,2023-38,1,342,0
west,SKU0001,2023-39,2,340,0
west,SKU0001,2023-40,8,332,0
west,SKU0001,2023-41,6,326,0
west,SKU0001,2023-42,8,318,0
west,SKU0001,2023-43,5,313,0
west,SKU0001,2023-44,6,307,0
west,SKU0001,2023-45,7,300,0
west,SKU0001,2023-46,7,293,0
west,SKU0001,2023-47,6,287,0
west,SKU0001,2023-48,13,274,0
west,SKU0001,2023-49,17,257,0
west,SKU0001,2023-50,18,239,0
west,SKU0001,2023-51,21,218,0
west,SKU0001,2023-52,20,198,0
west,SKU0001,2024-01,28,170,0
west,SKU0001,2024-02,12,158,0
west,SKU0001,2024-03,26,132,0
west,SKU0001,2024-04,31,101,0
west,SKU0001,2024-05,37,564,500
west,SKU0001,2024-06,37,527,0
west,SKU0001,2024-07,48,479,0
west,SKU0001,2024-08,32,447,0
west,SKU0001,2024-09,44,403,0
west,SKU0001,2024-10,57,346,0
west,SKU0001,2024-11,69,277,0
west,SKU0001,2024-12,55,222,0
west,SKU0001,2024-13,54,168,0
west,SKU0001,2024-14,24,144,0
west,SKU0001,2024-15,49,395,300
west,SKU0001,2024-16,69,326,0
west,SKU0001,2024-17,94,232,0
west,SKU0001,2024-18,56,176,0
west,SKU0001,2024-19,73,103,0
west,SKU0001,2024-20,53,250,200
west,SKU0001,2024-21,45,205,0
west,SKU0001,2024-22,61,144,0
west,SKU0001,2024-23,37,107,0
west,SKU0001,2024-24,61,346,300
west,SKU0001,2024-25,50,296,0
west,SKU0001,2024-26,50,246,0
west,SKU0001,2024-27,39,207,0
west,SKU0001,2024-28,35,172,0
west,SKU0001,2024-29,21,151,0
west,SKU0001,2024-30,24,127,0
west,SKU0001,2024-31,36,591,500
west,SKU0001,2024-32,53,538,0
west,SKU0001,2024-33,46,492,0
west,SKU0001,2024-34,55,437,0
west,SKU0001,2024-35,43,394,0
west,SKU0001,2024-36,16,378,0
west,SKU0001,2024-37,23,355,0
west,SKU0001,2024-38,48,307,0
west,SKU0001,2024-39,45,262,0
west,SKU0001,2024-40,57,205,0
west,SKU0001,2024-41,33,172,0
west,SKU0001,2024-42,32,140,0
west,SKU0001,2024-43,31,109,0
west,SKU0001,2024-44,29,580,500
west,SKU0001,2024-45,31,549,0
west,SKU0001,2024-46,41,508,0
west,SKU0001,2024-47,30,478,0
west,SKU0001,2024-48,33,445,0
west,SKU0001,2024-49,39,406,0
west,SKU0001,2024-50,33,373,0
west,SKU0001,2024-51,23,350,0
west,SKU0002,2023-20,1,392,0
west,SKU0002,2023-22,2,390,0
west,SKU0002,2023-23,4,386,0
west,SKU0002,2023-24,6,380,0
west,SKU0002,2023-25,4,376,0
west,SKU0002,2023-26,9,367,0
west,SKU0002,2023-27,6,361,0
west,SKU0002,2023-28,7,354,0
west,SKU0002,2023-29,5,349,0
west,SKU0002,2023-30,6,343,0
west,SKU0002,2023-31,9,334,0
west,SKU0002,2023-32,12,322,0
west,SKU0002,2023-33,7,315,0
west,SKU0002,2023-34,16,299,0
west,SKU0002,2023-35,6,293,0
west,SKU0002,2023-36,13,280,0
west,SKU0002,2023-37,10,270,0
west,SKU0002,2023-38,13,257,0
west,SKU0002,2023-39,14,243,0
west,SKU0002,2023-40,10,233,0
west,SKU0002,2023-41,11,222,0
west,SKU0002,2023-42,16,206,0
west,SKU0002,2023-43,13,193,0
west,SKU0002,2023-44,16,177,0
west,SKU0002,2023-45,15,162,0
west,SKU0002,2023-46,20,142,0
west,SKU0002,2023-47,19,123,0
west,SKU0002,2023-48,18,105,0
west,SKU0002,2023-49,18,387,300
west,SKU0002,2023-50,22,365,0
west,SKU0002,2023-51,26,339,0
west,SKU0002,2023-52,24,315,0
west,SKU0002,2024-01,38,277,0
west,SKU0002,2024-02,23,254,0
west,SKU0002,2024-03,36,218,0
west,SKU0002,2024-04,40,178,0
west,SKU0002,2024-05,42,136,0
west,SKU0002,2024-06,35,101,0
west,SKU0002,2024-07,42,259,200
west,SKU0002,2024-08,45,214,0
west,SKU0002,2024-09,35,179,0
west,SKU0002,2024-10,41,138,0
west,SKU0002,2024-11,41,397,300
west,SKU0002,2024-12,52,345,0
west,SKU0002,2024-13,57,288,0
west,SKU0002,2024-14,32,256,0
west,SKU0002,2024-15,51,205,0
west,SKU0002,2024-16,51,154,0
west,SKU0002,2024-17,46,108,0
west,SKU0002,2024-18,61,347,300
west,SKU0002,2024-19,48,299,0
west,SKU0002,2024-20,63,236,0
west,SKU0002,2024-21,57,179,0
west,SKU0002,2024-22,53,126,0
west,SKU0002,2024-23,40,386,300
west,SKU0002,2024-24,55,331,0
west,SKU0002,2024-25,39,292,0
west,SKU0002,2024-26,38,254,0
west,SKU0002,2024-27,56,198,0
west,SKU0002,2024-28,38,160,0
west,SKU0002,2024-29,52,108,0
west,SKU0002,2024-30,44,564,500
west,SKU0002,2024-31,42,522,0
west,SKU0002,2024-32,39,483,0
west,SKU0002,2024-33,41,442,0
west,SKU0002,2024-34,35,407,0
west,SKU0002,2024-35,27,380,0
west,SKU0002,2024-36,35,345,0
west,SKU0002,2024-37,40,305,0
west,SKU0002,2024-38,34,271,0
west,SKU0002,2024-39,35,236,0
west,SKU0002,2024-40,30,206,0
west,SKU0002,2024-41,30,176,0
west,SKU0002,2024-42,30,146,0
west,SKU0002,2024-43,29,117,0
west,SKU0002,2024-44,35,582,500
west,SKU0002,2024-45,41,541,0
west,SKU0002,2024-46,21,520,0
west,SKU0002,2024-47,34,486,0
west,SKU0002,2024-48,34,452,0
west,SKU0002,2024-49,34,418,0
west,SKU0002,2024-50,30,388,0
west,SKU0002,2024-51,35,353,0
west,SKU0003,2023-11,4,327,0
west,SKU0003,2023-12,6,321,0
west,SKU0003,2023-13,3,318,0
west,SKU0003,2023-14,6,312,0
west,SKU0003,2023-15,4,308,0
west,SKU0003,2023-16,6,302,0
west,SKU0003,2023-17,7,295,0
west,SKU0003,2023-18,7,288,0
west,SKU0003,2023-19,7,281,0
west,SKU0003,2023-20,12,269,0
west,SKU0003,2023-21,7,262,0
west,SKU0003,2023-22,11,251,0
west,SKU0003,2023-23,15,236,0
west,SKU0003,2023-24,10,226,0
west,SKU0003,2023-25,10,216,0
west,SKU0003,2023-26,13,203,0
west,SKU0003,2023-27,15,188,0
west,SKU0003,2023-28,16,172,0
west,SKU0003,2023-29,19,153,0
west,SKU0003,2023-30,19,134,0
west,SKU0003,2023-31,15,119,0
west,SKU0003,2023-32,14,105,0
west,SKU0003,2023-33,19,286,200
west,SKU0003,2023-34,21,265,0
west,SKU0003,2023-35,21,244,0
west,SKU0003,2023-36,23,221,0
west,SKU0003,2023-37,19,202,0
west,SKU0003,2023-38,21,181,0
west,SKU0003,2023-39,23,158,0
west,SKU0003,2023-40,24,134,0
west,SKU0003,2023-41,20,114,0
west,SKU0003,2023-42,28,286,200
west,SKU0003,2023-43,15,271,0
west,SKU0003,2023-44,32,239,0
west,SKU0003,2023-45,30,209,0
west,SKU0003,2023-46,35,174,0
west,SKU0003,2023-47,36,138,0
west,SKU0003,2023-48,36,102,0
west,SKU0003,2023-49,34,568,500
west,SKU0003,2023-50,36,532,0
west,SKU0003,2023-51,43,489,0
west,SKU0003,2023-52,36,453,0
west,SKU0003,2024-01,42,411,0
west,SKU0003,2024-02,48,363,0
west,SKU0003,2024-03,46,317,0
west,SKU0003,2024-04,55,262,0
west,SKU0003,2024-05,36,226,0
west,SKU0003,2024-06,47,179,0
west,SKU0003,2024-07,67,112,0
west,SKU0003,2024-08,44,568,500
west,SKU0003,2024-09,45,523,0
west,SKU0003,2024-10,67,456,0
west,SKU0003,2024-11,74,382,0
west,SKU0003,2024-12,45,337,0
west,SKU0003,2024-13,82,255,0
west,SKU0003,2024-14,67,188,0
west,SKU0003,2024-15,48,140,0
west,SKU0003,2024-16,52,588,500
west,SKU0003,2024-17,47,541,0
west,SKU0003,2024-18,53,488,0
west,SKU0003,2024-19,60,428,0
west,SKU0003,2024-20,35,393,0
west,SKU0003,2024-21,66,327,0
west,SKU0003,2024-22,61,266,0
west,SKU0003,2024-23,54,212,0
west,SKU0003,2024-24,39,173,0
west,SKU0003,2024-25,36,137,0
west,SKU0003,2024-26,47,390,300
west,SKU0003,2024-27,53,337,0
west,SKU0003,2024-28,45,292,0
west,SKU0003,2024-29,45,247,0
west,SKU0003,2024-30,47,200,0
west,SKU0003,2024-31,30,170,0
west,SKU0003,2024-32,34,136,0
west,SKU0003,2024-33,22,114,0
west,SKU0003,2024-34,41,373,300
west,SKU0003,2024-35,37,336,0
west,SKU0003,2024-36,25,311,0
west,SKU0003,2024-37,31,280,0
west,SKU0003,2024-38,25,255,0
west,SKU0003,2024-39,45,210,0
west,SKU0003,2024-40,29,181,0
west,SKU0003,2024-41,15,166,0
west,SKU0003,2024-42,23,143,0
west,SKU0003,2024-43,20,123,0
west,SKU0003,2024-44,28,595,500
west,SKU0003,2024-45,34,561,0
west,SKU0003,2024-46,28,533,0
west,SKU0003,2024-47,23,510,0
west,SKU0003,2024-48,27,483,0
west,SKU0003,2024-49,33,450,0
west,SKU0003,2024-50,41,409,0
west,SKU0003,2024-51,29,380,0
west,SKU0004,2023-02,1,564,0
west,SKU0004,2023-03,3,561,0
west,SKU0004,2023-04,1,560,0
west,SKU0004,2023-05,4,556,0
west,SKU0004,2023-06,5,551,0
west,SKU0004,2023-07,5,546,0
west,SKU0004,2023-08,6,540,0
west,SKU0004,2023-09,12,528,0
west,SKU0004,2023-10,10,518,0
west,SKU0004,2023-11,9,509,0
west,SKU0004,2023-12,4,505,0
west,SKU0004,2023-13,17,488,0
west,SKU0004,2023-14,16,472,0
west,SKU0004,2023-15,14,458,0
west,SKU0004,2023-16,18,440,0
west,SKU0004,2023-17,10,430,0
west,SKU0004,2023-18,10,420,0
west,SKU0004,2023-19,16,404,0
west,SKU0004,2023-20,27,377,0
west,SKU0004,2023-21,12,365,0
west,SKU0004,2023-22,20,345,0
west,SKU0004,2023-23,12,333,0
west,SKU0004,2023-24,12,321,0
west,SKU0004,2023-25,27,294,0
west,SKU0004,2023-26,23,271,0
west,SKU0004,2023-27,20,251,0
west,SKU0004,2023-28,14,237,0
west,SKU0004,2023-29,23,214,0
west,SKU0004,2023-30,32,182,0
west,SKU0004,2023-31,24,158,0
west,SKU0004,2023-32,18,140,0
west,SKU0004,2023-33,14,126,0
west,SKU0004,2023-34,26,100,0
west,SKU0004,2023-35,25,375,300
west,SKU0004,2023-36,23,352,0
west,SKU0004,2023-37,18,334,0
west,SKU0004,2023-38,28,306,0
west,SKU0004,2023-39,27,279,0
west,SKU0004,2023-40,12,267,0
west,SKU0004,2023-41,30,237,0
west,SKU0004,2023-42,31,206,0
west,SKU0004,2023-43,29,177,0
west,SKU0004,2023-44,32,145,0
west,SKU0004,2023-45,37,108,0
west,SKU0004,2023-46,59,249,200
west,SKU0004,2023-47,33,216,0
west,SKU0004,2023-48,24,192,0
west,SKU0004,2023-49,31,161,0
west,SKU0004,2023-50,34,127,0
west,SKU0004,2023-51,51,576,500
west,SKU0004,2023-52,55,521,0
west,SKU0004,2024-01,59,462,0
west,SKU0004,2024-02,33,429,0
west,SKU0004,2024-03,63,366,0
west,SKU0004,2024-04,57,309,0
west,SKU0004,2024-05,73,236,0
west,SKU0004,2024-06,51,185,0
west,SKU0004,2024-07,69,116,0
west,SKU0004,2024-08,41,575,500
west,SKU0004,2024-09,60,515,0
west,SKU0004,2024-10,87,428,0
west,SKU0004,2024-11,57,371,0
west,SKU0004,2024-12,63,308,0
west,SKU0004,2024-13,57,251,0
west,SKU0004,2024-14,35,216,0
west,SKU0004,2024-15,37,179,0
west,SKU0004,2024-16,61,118,0
west,SKU0004,2024-17,40,378,300
west,SKU0004,2024-18,65,313,0
west,SKU0004,2024-19,66,247,0
west,SKU0004,2024-20,32,215,0
west,SKU0004,2024-21,58,157,0
west,SKU0004,2024-22,54,103,0
west,SKU0004,2024-23,45,558,500
west,SKU0004,2024-24,55,503,0
west,SKU0004,2024-25,46,457,0
west,SKU0004,2024-26,36,421,0
west,SKU0004,2024-27,35,386,0
west,SKU0004,2024-28,56,330,0
west,SKU0004,2024-29,35,295,0
west,SKU0004,2024-30,52,243,0
west,SKU0004,2024-31,36,207,0
west,SKU0004,2024-32,50,157,0
west,SKU0004,2024-33,35,122,0
west,SKU0004,2024-34,42,280,200
west,SKU0004,2024-35,33,247,0
west,SKU0004,2024-36,43,204,0
west,SKU0004,2024-37,32,172,0
west,SKU0004,2024-38,43,129,0
west,SKU0004,2024-39,46,283,200
west,SKU0004,2024-40,44,239,0
west,SKU0004,2024-41,29,210,0
west,SKU0004,2024-42,28,182,0
west,SKU0004,2024-43,13,169,0
west,SKU0004,2024-44,32,137,0
west,SKU0004,2024-45,37,100,0
west,SKU0004,2024-46,42,258,200
west,SKU0004,2024-47,35,223,0
west,SKU0004,2024-48,18,205,0
west,SKU0004,2024-49,37,168,0
west,SKU0004,2024-50,56,112,0
west,SKU0004,2024-51,46,566,500
west,SKU0005,2023-29,1,521,0
west,SKU0005,2023-30,2,519,0
west,SKU0005,2023-31,2,517,0
west,SKU0005,2023-32,1,516,0
west,SKU0005,2023-33,3,513,0
west,SKU0005,2023-34,5,508,0
west,SKU0005,2023-35,3,505,0
west,SKU0005,2023-36,4,501,0
west,SKU0005,2023-37,7,494,0
west,SKU0005,2023-38,6,488,0
west,SKU0005,2023-39,8,480,0
west,SKU0005,2023-40,7,473,0
west,SKU0005,2023-41,24,449,0
west,SKU0005,2023-42,11,438,0
west,SKU0005,2023-43,8,430,0
west,SKU0005,2023-44,11,419,0
west,SKU0005,2023-45,14,405,0
west,SKU0005,2023-46,14,391,0
west,SKU0005,2023-47,24,367,0
west,SKU0005,2023-48,22,345,0
west,SKU0005,2023-49,18,327,0
west,SKU0005,2023-50,24,303,0
west,SKU0005,2023-51,20,283,0
west,SKU0005,2023-52,25,258,0
west,SKU0005,2024-01,25,233,0
west,SKU0005,2024-02,39,194,0
west,SKU0005,2024-03,18,176,0
west,SKU0005,2024-04,29,147,0
west,SKU0005,2024-05,37,110,0
west,SKU0005,2024-06,33,577,500
west,SKU0005,2024-07,35,542,0
west,SKU0005,2024-08,32,510,0
west,SKU0005,2024-09,47,463,0
west,SKU0005,2024-10,37,426,0
west,SKU0005,2024-11,36,390,0
west,SKU0005,2024-12,39,351,0
west,SKU0005,2024-13,43,308,0
west,SKU0005,2024-14,80,228,0
west,SKU0005,2024-15,51,177,0
west,SKU0005,2024-16,36,141,0
west,SKU0005,2024-17,47,594,500
west,SKU0005,2024-18,59,535,0
west,SKU0005,2024-19,80,455,0
west,SKU0005,2024-20,49,406,0
west,SKU0005,2024-21,35,371,0
west,SKU0005,2024-22,61,310,0
west,SKU0005,2024-23,29,281,0
west,SKU0005,2024-24,11,270,0
west,SKU0005,2024-25,48,222,0
west,SKU0005,2024-26,17,205,0
west,SKU0005,2024-27,39,166,0
west,SKU0005,2024-28,43,123,0
west,SKU0005,2024-29,39,584,500
west,SKU0005,2024-30,55,529,0
west,SKU0005,2024-31,20,509,0
west,SKU0005,2024-32,39,470,0
west,SKU0005,2024-33,51,419,0
west,SKU0005,2024-34,45,374,0
west,SKU0005,2024-35,40,334,0
west,SKU0005,2024-36,46,288,0
west,SKU0005,2024-37,41,247,0
west,SKU0005,2024-38,13,234,0
west,SKU0005,2024-39,52,182,0
west,SKU0005,2024-40,36,146,0
west,SKU0005,2024-41,30,116,0
west,SKU0005,2024-42,21,295,200
west,SKU0005,2024-43,42,253,0
west,SKU0005,2024-44,28,225,0
west,SKU0005,2024-45,39,186,0
west,SKU0005,2024-46,47,139,0
west,SKU0005,2024-47,40,399,300
west,SKU0005,2024-48,65,334,0
west,SKU0005,2024-49,28,306,0
west,SKU0005,2024-50,55,251,0
west,SKU0005,2024-51,53,198,0
west,SKU0006,2023-32,1,447,0
west,SKU0006,2023-33,4,443,0
west,SKU0006,2023-34,5,438,0
west,SKU0006,2023-35,11,427,0
west,SKU0006,2023-36,9,418,0
west,SKU0006,2023-37,10,408,0
west,SKU0006,2023-38,11,397,0
west,SKU0006,2023-39,15,382,0
west,SKU0006,2023-40,10,372,0
west,SKU0006,2023-41,23,349,0
west,SKU0006,2023-42,25,324,0
west,SKU0006,2023-43,21,303,0
west,SKU0006,2023-44,28,275,0
west,SKU0006,2023-45,32,243,0
west,SKU0006,2023-46,24,219,0
west,SKU0006,2023-47,37,182,0
west,SKU0006,2023-48,30,152,0
west,SKU0006,2023-49,51,101,0
west,SKU0006,2023-50,44,557,500
west,SKU0006,2023-51,39,518,0
west,SKU0006,2023-52,53,465,0
west,SKU0006,2024-01,56,409,0
west,SKU0006,2024-02,37,372,0
west,SKU0006,2024-03,59,313,0
west,SKU0006,2024-04,53,260,0
west,SKU0006,2024-05,51,209,0
west,SKU0006,2024-06,46,163,0
west,SKU0006,2024-07,62,101,0
west,SKU0006,2024-08,54,247,200
west,SKU0006,2024-09,50,197,0
west,SKU0006,2024-10,52,145,0
west,SKU0006,2024-11,51,594,500
west,SKU0006,2024-12,47,547,0
west,SKU0006,2024-13,34,513,0
west,SKU0006,2024-14,47,466,0
west,SKU0006,2024-15,49,417,0
west,SKU0006,2024-16,47,370,0
west,SKU0006,2024-17,51,319,0
west,SKU0006,2024-18,43,276,0
west,SKU0006,2024-19,44,232,0
west,SKU0006,2024-20,33,199,0
west,SKU0006,2024-21,45,154,0
west,SKU0006,2024-22,41,113,0
west,SKU0006,2024-23,32,581,500
west,SKU0006,2024-24,32,549,0
west,SKU0006,2024-25,35,514,0
west,SKU0006,2024-26,49,465,0
west,SKU0006,2024-27,42,423,0
west,SKU0006,2024-28,26,397,0
west,SKU0006,2024-29,34,363,0
west,SKU0006,2024-30,20,343,0
west,SKU0006,2024-31,29,314,0
west,SKU0006,2024-32,27,287,0
west,SKU0006,2024-33,17,270,0
west,SKU0006,2024-34,30,240,0
west,SKU0006,2024-35,18,222,0
west,SKU0006,2024-36,23,199,0
west,SKU0006,2024-37,20,179,0
west,SKU0006,2024-38,23,156,0
west,SKU0006,2024-39,24,132,0
west,SKU0006,2024-40,15,117,0
west,SKU0006,2024-41,23,294,200
west,SKU0006,2024-42,19,275,0
west,SKU0006,2024-43,19,256,0
west,SKU0006,2024-44,12,244,0
west,SKU0006,2024-45,20,224,0
west,SKU0006,2024-46,23,201,0
west,SKU0006,2024-47,32,169,0
west,SKU0006,2024-48,24,145,0
west,SKU0006,2024-49,21,124,0
west,SKU0006,2024-50,21,103,0
west,SKU0006,2024-51,26,577,500
west,SKU0007,2023-24,1,462,0
west,SKU0007,2023-25,1,461,0
west,SKU0007,2023-26,3,458,0
west,SKU0007,2023-27,4,454,0
west,SKU0007,2023-28,2,452,0
west,SKU0007,2023-29,8,444,0
west,SKU0007,2023-30,6,438,0
west,SKU0007,2023-31,7,431,0
west,SKU0007,2023-32,6,425,0
west,SKU0007,2023-33,11,414,0
west,SKU0007,2023-34,15,399,0
west,SKU0007,2023-35,11,388,0
west,SKU0007,2023-36,10,378,0
west,SKU0007,2023-37,7,371,0
west,SKU0007,2023-38,11,360,0
west,SKU0007,2023-39,12,348,0
west,SKU0007,2023-40,15,333,0
west,SKU0007,2023-41,12,321,0
west,SKU0007,2023-42,19,302,0
west,SKU0007,2023-43,27,275,0
west,SKU0007,2023-44,18,257,0
west,SKU0007,2023-45,22,235,0
west,SKU0007,2023-46,21,214,0
west,SKU0007,2023-47,20,194,0
west,SKU0007,2023-48,18,176,0
west,SKU0007,2023-49,20,156,0
west,SKU0007,2023-50,37,119,0
west,SKU0007,2023-51,39,380,300
west,SKU0007,2023-52,26,354,0
west,SKU0007,2024-01,41,313,0
west,SKU0007,2024-02,34,279,0
west,SKU0007,2024-03,33,246,0
west,SKU0007,2024-04,42,204,0
west,SKU0007,2024-05,35,169,0
west,SKU0007,2024-06,45,124,0
west,SKU0007,2024-07,52,572,500
west,SKU0007,2024-08,34,538,0
west,SKU0007,2024-09,37,501,0
west,SKU0007,2024-10,52,449,0
west,SKU0007,2024-11,54,395,0
west,SKU0007,2024-12,48,347,0
west,SKU0007,2024-13,49,298,0
west,SKU0007,2024-14,64,234,0
west,SKU0007,2024-15,55,179,0
west,SKU0007,2024-16,68,111,0
west,SKU0007,2024-17,69,342,300
west,SKU0007,2024-18,37,305,0
west,SKU0007,2024-19,35,270,0
west,SKU0007,2024-20,67,203,0
west,SKU0007,2024-21,45,158,0
west,SKU0007,2024-22,41,117,0
west,SKU0007,2024-23,38,379,300
west,SKU0007,2024-24,33,346,0
west,SKU0007,2024-25,47,299,0
west,SKU0007,2024-26,41,258,0
west,SKU0007,2024-27,39,219,0
west,SKU0007,2024-28,45,174,0
west,SKU0007,2024-29,35,139,0
west,SKU0007,2024-30,33,106,0
west,SKU0007,2024-31,39,567,500
west,SKU0007,2024-32,37,530,0
west,SKU0007,2024-33,37,493,0
west,SKU0007,2024-34,36,457,0
west,SKU0007,2024-35,39,418,0
west,SKU0007,2024-36,30,388,0
west,SKU0007,2024-37,29,359,0
west,SKU0007,2024-38,28,331,0
west,SKU0007,2024-39,25,306,0
west,SKU0007,2024-40,29,277,0
west,SKU0007,2024-41,28,249,0
west,SKU0007,2024-42,39,210,0
west,SKU0007,2024-43,27,183,0
west,SKU0007,2024-44,29,154,0
west,SKU0007,2024-45,25,129,0
west,SKU0007,2024-46,18,111,0
west,SKU0007,2024-47,27,284,200
west,SKU0007,2024-48,38,246,0
west,SKU0007,2024-49,25,221,0
west,SKU0007,2024-50,21,200,0
west,SKU0007,2024-51,13,187,0
west,SKU0008,2023-27,4,377,0
west,SKU0008,2023-28,2,375,0
west,SKU0008,2023-29,10,365,0
west,SKU0008,2023-30,8,357,0
west,SKU0008,2023-31,6,351,0
west,SKU0008,2023-32,9,342,0
west,SKU0008,2023-33,14,328,0
west,SKU0008,2023-34,9,319,0
west,SKU0008,2023-35,8,311,0
west,SKU0008,2023-36,15,296,0
west,SKU0008,2023-37,17,279,0
west,SKU0008,2023-38,20,259,0
west,SKU0008,2023-39,22,237,0
west,SKU0008,2023-40,19,218,0
west,SKU0008,2023-41,17,201,0
west,SKU0008,2023-42,22,179,0
west,SKU0008,2023-43,30,149,0
west,SKU0008,2023-44,22,127,0
west,SKU0008,2023-45,27,100,0
west,SKU0008,2023-46,33,267,200
west,SKU0008,2023-47,39,228,0
west,SKU0008,2023-48,38,190,0
west,SKU0008,2023-49,42,148,0
west,SKU0008,2023-50,34,114,0
west,SKU0008,2023-51,38,376,300
west,SKU0008,2023-52,43,333,0
west,SKU0008,2024-01,50,283,0
west,SKU0008,2024-02,51,232,0
west,SKU0008,2024-03,51,181,0
west,SKU0008,2024-04,52,129,0
west,SKU0008,2024-05,54,575,500
west,SKU0008,2024-06,80,495,0
west,SKU0008,2024-07,52,443,0
west,SKU0008,2024-08,67,376,0
west,SKU0008,2024-09,55,321,0
west,SKU0008,2024-10,54,267,0
west,SKU0008,2024-11,60,207,0
west,SKU0008,2024-12,57,150,0
west,SKU0008,2024-13,47,103,0
west,SKU0008,2024-14,61,542,500
west,SKU0008,2024-15,53,489,0
west,SKU0008,2024-16,49,440,0
west,SKU0008,2024-17,57,383,0
west,SKU0008,2024-18,44,339,0
west,SKU0008,2024-19,51,288,0
west,SKU0008,2024-20,49,239,0
west,SKU0008,2024-21,45,194,0
west,SKU0008,2024-22,48,146,0
west,SKU0008,2024-23,54,392,300
west,SKU0008,2024-24,38,354,0
west,SKU0008,2024-25,48,306,0
west,SKU0008,2024-26,37,269,0
west,SKU0008,2024-27,52,217,0
west,SKU0008,2024-28,43,174,0
west,SKU0008,2024-29,33,141,0
west,SKU0008,2024-30,28,113,0
west,SKU0008,2024-31,32,581,500
west,SKU0008,2024-32,32,549,0
west,SKU0008,2024-33,35,514,0
west,SKU0008,2024-34,29,485,0
west,SKU0008,2024-35,34,451,0
west,SKU0008,2024-36,34,417,0
west,SKU0008,2024-37,29,388,0
west,SKU0008,2024-38,41,347,0
west,SKU0008,2024-39,30,317,0
west,SKU0008,2024-40,39,278,0
west,SKU0008,2024-41,31,247,0
west,SKU0008,2024-42,35,212,0
west,SKU0008,2024-43,24,188,0
west,SKU0008,2024-44,36,152,0
west,SKU0008,2024-45,34,118,0
west,SKU0008,2024-46,36,382,300
west,SKU0008,2024-47,35,347,0
west,SKU0008,2024-48,23,324,0
west,SKU0008,2024-49,39,285,0
west,SKU0008,2024-50,33,252,0
west,SKU0008,2024-51,43,209,0
west,SKU0009,2023-03,3,459,0
west,SKU0009,2023-04,4,455,0
west,SKU0009,2023-05,2,453,0
west,SKU0009,2023-06,3,450,0
west,SKU0009,2023-07,2,448,0
west,SKU0009,2023-08,9,439,0
west,SKU0009,2023-09,7,432,0
west,SKU0009,2023-10,6,426,0
west,SKU0009,2023-11,4,422,0
west,SKU0009,2023-12,12,410,0
west,SKU0009,2023-13,11,399,0
west,SKU0009,2023-14,9,390,0
west,SKU0009,2023-15,11,379,0
west,SKU0009,2023-16,9,370,0
west,SKU0009,2023-17,12,358,0
west,SKU0009,2023-18,10,348,0
west,SKU0009,2023-19,16,332,0
west,SKU0009,2023-20,16,316,0
west,SKU0009,2023-21,18,298,0
west,SKU0009,2023-22,17,281,0
west,SKU0009,2023-23,18,263,0
west,SKU0009,2023-24,18,245,0
west,SKU0009,2023-25,21,224,0
west,SKU0009,2023-26,14,210,0
west,SKU0009,2023-27,22,188,0
west,SKU0009,2023-28,18,170,0
west,SKU0009,2023-29,21,149,0
west,SKU0009,2023-30,13,136,0
west,SKU0009,2023-31,17,119,0
west,SKU0009,2023-32,15,104,0
west,SKU0009,2023-33,14,290,200
west,SKU0009,2023-34,15,275,0
west,SKU0009,2023-35,13,262,0
west,SKU0009,2023-36,17,245,0
west,SKU0009,2023-37,19,226,0
west,SKU0009,2023-38,16,210,0
west,SKU0009,2023-39,21,189,0
west,SKU0009,2023-40,22,167,0
west,SKU0009,2023-41,27,140,0
west,SKU0009,2023-42,21,119,0
west,SKU0009,2023-43,23,596,500
west,SKU0009,2023-44,19,577,0
west,SKU0009,2023-45,35,542,0
west,SKU0009,2023-46,27,515,0
west,SKU0009,2023-47,36,479,0
west,SKU0009,2023-48,31,448,0
west,SKU0009,2023-49,37,411,0
west,SKU0009,2023-50,30,381,0
west,SKU0009,2023-51,23,358,0
west,SKU0009,2023-52,41,317,0
west,SKU0009,2024-01,36,281,0
west,SKU0009,2024-02,37,244,0
west,SKU0009,2024-03,50,194,0
west,SKU0009,2024-04,46,148,0
west,SKU0009,2024-05,40,108,0
west,SKU0009,2024-06,33,275,200
west,SKU0009,2024-07,42,233,0
west,SKU0009,2024-08,42,191,0
west,SKU0009,2024-09,45,146,0
west,SKU0009,2024-10,52,594,500
west,SKU0009,2024-11,58,536,0
west,SKU0009,2024-12,46,490,0
west,SKU0009,2024-13,59,431,0
west,SKU0009,2024-14,51,380,0
west,SKU0009,2024-15,57,323,0
west,SKU0009,2024-16,58,265,0
west,SKU0009,2024-17,46,219,0
west,SKU0009,2024-18,48,171,0
west,SKU0009,2024-19,69,102,0
west,SKU0009,2024-20,74,228,200
west,SKU0009,2024-21,59,169,0
west,SKU0009,2024-22,57,112,0
west,SKU0009,2024-23,28,584,500
west,SKU0009,2024-24,56,528,0
west,SKU0009,2024-25,52,476,0
west,SKU0009,2024-26,52,424,0
west,SKU0009,2024-27,42,382,0
west,SKU0009,2024-28,38,344,0
west,SKU0009,2024-29,60,284,0
west,SKU0009,2024-30,41,243,0
west,SKU0009,2024-31,31,212,0
west,SKU0009,2024-32,35,177,0
west,SKU0009,2024-33,35,142,0
west,SKU0009,2024-34,45,297,200
west,SKU0009,2024-35,21,276,0
west,SKU0009,2024-36,25,251,0
west,SKU0009,2024-37,39,212,0
west,SKU0009,2024-38,20,192,0
west,SKU0009,2024-39,24,168,0
west,SKU0009,2024-40,24,144,0
west,SKU0009,2024-41,36,108,0
west,SKU0009,2024-42,33,375,300
west,SKU0009,2024-43,25,350,0
west,SKU0009,2024-44,27,323,0
west,SKU0009,2024-45,26,297,0
west,SKU0009,2024-46,26,271,0
west,SKU0009,2024-47,31,240,0
west,SKU0009,2024-48,42,198,0
west,SKU0009,2024-49,28,170,0
west,SKU0009,2024-50,28,142,0
west,SKU0009,2024-51,33,109,0
west,SKU0010,2023-39,4,197,0
west,SKU0010,2023-40,3,194,0
west,SKU0010,2023-41,7,187,0
west,SKU0010,2023-42,9,178,0
west,SKU0010,2023-43,19,159,0
west,SKU0010,2023-44,15,144,0
west,SKU0010,2023-45,22,122,0
west,SKU0010,2023-46,20,102,0
west,SKU0010,2023-47,21,281,200
west,SKU0010,2023-48,32,249,0
west,SKU0010,2023-49,27,222,0
west,SKU0010,2023-50,44,178,0
west,SKU0010,2023-51,42,136,0
west,SKU0010,2023-52,49,587,500
west,SKU0010,2024-01,36,551,0
west,SKU0010,2024-02,46,505,0
west,SKU0010,2024-03,45,460,0
west,SKU0010,2024-04,41,419,0
west,SKU0010,2024-05,71,348,0
west,SKU0010,2024-06,43,305,0
west,SKU0010,2024-07,53,252,0
west,SKU0010,2024-08,54,198,0
west,SKU0010,2024-09,58,140,0
west,SKU0010,2024-10,72,268,200
west,SKU0010,2024-11,40,228,0
west,SKU0010,2024-12,51,177,0
west,SKU0010,2024-13,49,128,0
west,SKU0010,2024-14,51,577,500
west,SKU0010,2024-15,98,479,0
west,SKU0010,2024-16,55,424,0
west,SKU0010,2024-17,48,376,0
west,SKU0010,2024-18,42,334,0
west,SKU0010,2024-19,32,302,0
west,SKU0010,2024-20,56,246,0
west,SKU0010,2024-21,30,216,0
west,SKU0010,2024-22,35,181,0
west,SKU0010,2024-23,13,168,0
west,SKU0010,2024-24,37,131,0
west,SKU0010,2024-25,38,393,300
west,SKU0010,2024-26,32,361,0
west,SKU0010,2024-27,45,316,0
west,SKU0010,2024-28,38,278,0
west,SKU0010,2024-29,13,265,0
west,SKU0010,2024-30,26,239,0
west,SKU0010,2024-31,19,220,0
west,SKU0010,2024-32,27,193,0
west,SKU0010,2024-33,20,173,0
west,SKU0010,2024-34,11,162,0
west,SKU0010,2024-35,39,123,0
west,SKU0010,2024-36,30,593,500
west,SKU0010,2024-37,22,571,0
west,SKU0010,2024-38,34,537,0
west,SKU0010,2024-39,18,519,0
west,SKU0010,2024-40,11,508,0
west,SKU0010,2024-41,30,478,0
west,SKU0010,2024-42,30,448,0
west,SKU0010,2024-43,18,430,0
west,SKU0010,2024-44,24,406,0
west,SKU0010,2024-45,12,394,0
west,SKU0010,2024-46,14,380,0
west,SKU0010,2024-47,22,358,0
west,SKU0010,2024-48,24,334,0
west,SKU0010,2024-49,23,311,0
west,SKU0010,2024-50,24,287,0
west,SKU0010,2024-51,14,273,0
west,SKU0011,2023-08,1,584,0
west,SKU0011,2023-09,3,581,0
west,SKU0011,2023-10,4,577,0
west,SKU0011,2023-11,4,573,0
west,SKU0011,2023-12,7,566,0
west,SKU0011,2023-13,8,558,0
west,SKU0011,2023-14,6,552,0
west,SKU0011,2023-15,9,543,0
west,SKU0011,2023-16,6,537,0
west,SKU0011,2023-17,13,524,0
west,SKU0011,2023-18,4,520,0
west,SKU0011,2023-19,9,511,0
west,SKU0011,2023-20,15,496,0
west,SKU0011,2023-21,7,489,0
west,SKU0011,2023-22,9,480,0
west,SKU0011,2023-23,15,465,0
west,SKU0011,2023-24,11,454,0
west,SKU0011,2023-25,23,431,0
west,SKU0011,2023-26,12,419,0
west,SKU0011,2023-27,12,407,0
west,SKU0011,2023-28,14,393,0
west,SKU0011,2023-29,26,367,0
west,SKU0011,2023-30,26,341,0
west,SKU0011,2023-31,15,326,0
west,SKU0011,2023-32,15,311,0
west,SKU0011,2023-33,22,289,0
west,SKU0011,2023-34,21,268,0
west,SKU0011,2023-35,26,242,0
west,SKU0011,2023-36,26,216,0
west,SKU0011,2023-37,15,201,0
west,SKU0011,2023-38,19,182,0
west,SKU0011,2023-39,17,165,0
west,SKU0011,2023-40,13,152,0
west,SKU0011,2023-41,24,128,0
west,SKU0011,2023-42,27,101,0
west,SKU0011,2023-43,23,578,500
west,SKU0011,2023-44,17,561,0
west,SKU0011,2023-45,19,542,0
west,SKU0011,2023-46,19,523,0
west,SKU0011,2023-47,24,499,0
west,SKU0011,2023-48,38,461,0
west,SKU0011,2023-49,25,436,0
west,SKU0011,2023-50,40,396,0
west,SKU0011,2023-51,47,349,0
west,SKU0011,2023-52,41,308,0
west,SKU0011,2024-01,46,262,0
west,SKU0011,2024-02,40,222,0
west,SKU0011,2024-03,47,175,0
west,SKU0011,2024-04,63,112,0
west,SKU0011,2024-05,45,567,500
west,SKU0011,2024-06,34,533,0
west,SKU0011,2024-07,37,496,0
west,SKU0011,2024-08,55,441,0
west,SKU0011,2024-09,48,393,0
west,SKU0011,2024-10,63,330,0
west,SKU0011,2024-11,53,277,0
west,SKU0011,2024-12,49,228,0
west,SKU0011,2024-13,71,157,0
west,SKU0011,2024-14,51,106,0
west,SKU0011,2024-15,44,562,500
west,SKU0011,2024-16,79,483,0
west,SKU0011,2024-17,88,395,0
west,SKU0011,2024-18,28,367,0
west,SKU0011,2024-19,48,319,0
west,SKU0011,2024-20,77,242,0
west,SKU0011,2024-21,40,202,0
west,SKU0011,2024-22,58,144,0
west,SKU0011,2024-23,47,297,200
west,SKU0011,2024-24,50,247,0
west,SKU0011,2024-25,63,184,0
west,SKU0011,2024-26,48,136,0
west,SKU0011,2024-27,44,292,200
west,SKU0011,2024-28,51,241,0
west,SKU0011,2024-29,34,207,0
west,SKU0011,2024-30,45,162,0
west,SKU0011,2024-31,62,100,0
west,SKU0011,2024-32,46,354,300
west,SKU0011,2024-33,43,311,0
west,SKU0011,2024-34,52,259,0
west,SKU0011,2024-35,41,218,0
west,SKU0011,2024-36,29,189,0
west,SKU0011,2024-37,30,159,0
west,SKU0011,2024-38,32,127,0
west,SKU0011,2024-39,58,369,300
west,SKU0011,2024-40,39,330,0
west,SKU0011,2024-41,31,299,0
west,SKU0011,2024-42,33,266,0
west,SKU0011,2024-43,54,212,0
west,SKU0011,2024-44,32,180,0
west,SKU0011,2024-45,35,145,0
west,SKU0011,2024-46,41,104,0
west,SKU0011,2024-47,31,273,200
west,SKU0011,2024-48,35,238,0
west,SKU0011,2024-49,36,202,0
west,SKU0011,2024-50,45,157,0
west,SKU0011,2024-51,30,127,0
west,SKU0012,2023-06,1,424,0
west,SKU0012,2023-07,2,422,0
west,SKU0012,2023-08,3,419,0
west,SKU0012,2023-09,5,414,0
west,SKU0012,2023-10,8,406,0
west,SKU0012,2023-11,7,399,0
west,SKU0012,2023-12,12,387,0
west,SKU0012,2023-13,13,374,0
west,SKU0012,2023-14,13,361,0
west,SKU0012,2023-15,11,350,0
west,SKU0012,2023-16,20,330,0
west,SKU0012,2023-17,18,312,0
west,SKU0012,2023-18,17,295,0
west,SKU0012,2023-19,11,284,0
west,SKU0012,2023-20,21,263,0
west,SKU0012,2023-21,24,239,0
west,SKU0012,2023-22,22,217,0
west,SKU0012,2023-23,20,197,0
west,SKU0012,2023-24,20,177,0
west,SKU0012,2023-25,26,151,0
west,SKU0012,2023-26,20,131,0
west,SKU0012,2023-27,21,110,0
west,SKU0012,2023-28,25,285,200
west,SKU0012,2023-29,24,261,0
west,SKU0012,2023-30,29,232,0
west,SKU0012,2023-31,25,207,0
west,SKU0012,2023-32,23,184,0
west,SKU0012,2023-33,33,151,0
west,SKU0012,2023-34,13,138,0
west,SKU0012,2023-35,17,121,0
west,SKU0012,2023-36,37,584,500
west,SKU0012,2023-37,35,549,0
west,SKU0012,2023-38,42,507,0
west,SKU0012,2023-39,43,464,0
west,SKU0012,2023-40,35,429,0
west,SKU0012,2023-41,27,402,0
west,SKU0012,2023-42,36,366,0
west,SKU0012,2023-43,43,323,0
west,SKU0012,2023-44,28,295,0
west,SKU0012,2023-45,49,246,0
west,SKU0012,2023-46,68,178,0
west,SKU0012,2023-47,52,126,0
west,SKU0012,2023-48,43,383,300
west,SKU0012,2023-49,30,353,0
west,SKU0012,2023-50,53,300,0
west,SKU0012,2023-51,28,272,0
west,SKU0012,2023-52,43,229,0
west,SKU0012,2024-01,41,188,0
west,SKU0012,2024-02,32,156,0
west,SKU0012,2024-03,64,392,300
west,SKU0012,2024-04,75,317,0
west,SKU0012,2024-05,38,279,0
west,SKU0012,2024-06,48,231,0
west,SKU0012,2024-07,69,162,0
west,SKU0012,2024-08,61,101,0
west,SKU0012,2024-09,58,243,200
west,SKU0012,2024-10,51,192,0
west,SKU0012,2024-11,73,119,0
west,SKU0012,2024-12,56,363,300
west,SKU0012,2024-13,40,323,0
west,SKU0012,2024-14,60,263,0
west,SKU0012,2024-15,66,197,0
west,SKU0012,2024-16,34,163,0
west,SKU0012,2024-17,59,104,0
west,SKU0012,2024-18,38,366,300
west,SKU0012,2024-19,30,336,0
west,SKU0012,2024-20,58,278,0
west,SKU0012,2024-21,75,203,0
west,SKU0012,2024-22,41,162,0
west,SKU0012,2024-23,38,124,0
west,SKU0012,2024-24,67,557,500
west,SKU0012,2024-25,42,515,0
west,SKU0012,2024-26,36,479,0
west,SKU0012,2024-27,46,433,0
west,SKU0012,2024-28,53,380,0
west,SKU0012,2024-29,54,326,0
west,SKU0012,2024-30,39,287,0
west,SKU0012,2024-31,25,262,0
west,SKU0012,2024-32,53,209,0
west,SKU0012,2024-33,50,159,0
west,SKU0012,2024-34,24,135,0
west,SKU0012,2024-35,29,106,0
west,SKU0012,2024-36,31,375,300
west,SKU0012,2024-37,33,342,0
west,SKU0012,2024-38,46,296,0
west,SKU0012,2024-39,28,268,0
west,SKU0012,2024-40,38,230,0
west,SKU0012,2024-41,39,191,0
west,SKU0012,2024-42,48,143,0
west,SKU0012,2024-43,33,110,0
west,SKU0012,2024-44,28,582,500
west,SKU0012,2024-45,56,526,0
west,SKU0012,2024-46,12,514,0
west,SKU0012,2024-47,41,473,0
west,SKU0012,2024-48,28,445,0
west,SKU0012,2024-49,51,394,0
west,SKU0012,2024-50,32,362,0
west,SKU0012,2024-51,48,314,0
west,SKU0013,2023-35,1,326,0
west,SKU0013,2023-36,1,325,0
west,SKU0013,2023-37,1,324,0
west,SKU0013,2023-38,6,318,0
west,SKU0013,2023-39,5,313,0
west,SKU0013,2023-40,5,308,0
west,SKU0013,2023-41,6,302,0
west,SKU0013,2023-42,8,294,0
west,SKU0013,2023-43,6,288,0
west,SKU0013,2023-44,14,274,0
west,SKU0013,2023-45,5,269,0
west,SKU0013,2023-46,15,254,0
west,SKU0013,2023-47,8,246,0
west,SKU0013,2023-48,15,231,0
west,SKU0013,2023-49,12,219,0
west,SKU0013,2023-50,19,200,0
west,SKU0013,2023-51,15,185,0
west,SKU0013,2023-52,26,159,0
west,SKU0013,2024-01,26,133,0
west,SKU0013,2024-02,16,117,0
west,SKU0013,2024-03,19,298,200
west,SKU0013,2024-04,23,275,0
west,SKU0013,2024-05,33,242,0
west,SKU0013,2024-06,26,216,0
west,SKU0013,2024-07,41,175,0
west,SKU0013,2024-08,19,156,0
west,SKU0013,2024-09,31,125,0
west,SKU0013,2024-10,47,378,300
west,SKU0013,2024-11,46,332,0
west,SKU0013,2024-12,47,285,0
west,SKU0013,2024-13,36,249,0
west,SKU0013,2024-14,38,211,0
west,SKU0013,2024-15,31,180,0
west,SKU0013,2024-16,38,142,0
west,SKU0013,2024-17,56,586,500
west,SKU0013,2024-18,45,541,0
west,SKU0013,2024-19,45,496,0
west,SKU0013,2024-20,57,439,0
west,SKU0013,2024-21,47,392,0
west,SKU0013,2024-22,54,338,0
west,SKU0013,2024-23,59,279,0
west,SKU0013,2024-24,63,216,0
west,SKU0013,2024-25,51,165,0
west,SKU0013,2024-26,48,117,0
west,SKU0013,2024-27,48,269,200
west,SKU0013,2024-28,37,232,0
west,SKU0013,2024-29,38,194,0
west,SKU0013,2024-30,50,144,0
west,SKU0013,2024-31,37,107,0
west,SKU0013,2024-32,25,382,300
west,SKU0013,2024-33,32,350,0
west,SKU0013,2024-34,28,322,0
west,SKU0013,2024-35,45,277,0
west,SKU0013,2024-36,34,243,0
west,SKU0013,2024-37,38,205,0
west,SKU0013,2024-38,30,175,0
west,SKU0013,2024-39,41,134,0
west,SKU0013,2024-40,24,110,0
west,SKU0013,2024-41,37,273,200
west,SKU0013,2024-42,30,243,0
west,SKU0013,2024-43,34,209,0
west,SKU0013,2024-44,35,174,0
west,SKU0013,2024-45,48,126,0
west,SKU0013,2024-46,28,398,300
west,SKU0013,2024-47,34,364,0
west,SKU0013,2024-48,34,330,0
west,SKU0013,2024-49,35,295,0
west,SKU0013,2024-50,39,256,0
west,SKU0013,2024-51,42,214,0
west,SKU0014,2023-03,1,435,0
west,SKU0014,2023-04,1,434,0
west,SKU0014,2023-05,2,432,0
west,SKU0014,2023-06,3,429,0
west,SKU0014,2023-07,5,424,0
west,SKU0014,2023-08,5,419,0
west,SKU0014,2023-09,5,414,0
west,SKU0014,2023-10,6,408,0
west,SKU0014,2023-11,12,396,0
west,SKU0014,2023-12,7,389,0
west,SKU0014,2023-13,11,378,0
west,SKU0014,2023-14,18,360,0
west,SKU0014,2023-15,12,348,0
west,SKU0014,2023-16,11,337,0
west,SKU0014,2023-17,19,318,0
west,SKU0014,2023-18,12,306,0
west,SKU0014,2023-19,13,293,0
west,SKU0014,2023-20,6,287,0
west,SKU0014,2023-21,11,276,0
west,SKU0014,2023-22,10,266,0
west,SKU0014,2023-23,12,254,0
west,SKU0014,2023-24,9,245,0
west,SKU0014,2023-25,23,222,0
west,SKU0014,2023-26,16,206,0
west,SKU0014,2023-27,17,189,0
west,SKU0014,2023-28,17,172,0
west,SKU0014,2023-29,24,148,0
west,SKU0014,2023-30,15,133,0
west,SKU0014,2023-31,20,113,0
west,SKU0014,2023-32,30,283,200
west,SKU0014,2023-33,25,258,0
west,SKU0014,2023-34,25,233,0
west,SKU0014,2023-35,22,211,0
west,SKU0014,2023-36,17,194,0
west,SKU0014,2023-37,15,179,0
west,SKU0014,2023-38,32,147,0
west,SKU0014,2023-39,23,124,0
west,SKU0014,2023-40,17,107,0
west,SKU0014,2023-41,21,586,500
west,SKU0014,2023-42,20,566,0
west,SKU0014,2023-43,39,527,0
west,SKU0014,2023-44,38,489,0
west,SKU0014,2023-45,33,456,0
west,SKU0014,2023-46,28,428,0
west,SKU0014,2023-47,30,398,0
west,SKU0014,2023-48,28,370,0
west,SKU0014,2023-49,44,326,0
west,SKU0014,2023-50,39,287,0
west,SKU0014,2023-51,24,263,0
west,SKU0014,2023-52,37,226,0
west,SKU0014,2024-01,30,196,0
west,SKU0014,2024-02,44,152,0
west,SKU0014,2024-03,51,101,0
west,SKU0014,2024-04,44,257,200
west,SKU0014,2024-05,49,208,0
west,SKU0014,2024-06,32,176,0
west,SKU0014,2024-07,59,117,0
west,SKU0014,2024-08,33,384,300
west,SKU0014,2024-09,64,320,0
west,SKU0014,2024-10,54,266,0
west,SKU0014,2024-11,38,228,0
west,SKU0014,2024-12,53,175,0
west,SKU0014,2024-13,58,117,0
west,SKU0014,2024-14,50,367,300
west,SKU0014,2024-15,55,312,0
west,SKU0014,2024-16,33,279,0
west,SKU0014,2024-17,55,224,0
west,SKU0014,2024-18,57,167,0
west,SKU0014,2024-19,41,126,0
west,SKU0014,2024-20,48,578,500
west,SKU0014,2024-21,29,549,0
west,SKU0014,2024-22,50,499,0
west,SKU0014,2024-23,42,457,0
west,SKU0014,2024-24,47,410,0
west,SKU0014,2024-25,34,376,0
west,SKU0014,2024-26,25,351,0
west,SKU0014,2024-27,44,307,0
west,SKU0014,2024-28,29,278,0
west,SKU0014,2024-29,39,239,0
west,SKU0014,2024-30,30,209,0
west,SKU0014,2024-31,32,177,0
west,SKU0014,2024-32,25,152,0
west,SKU0014,2024-33,23,129,0
west,SKU0014,2024-34,27,102,0
west,SKU0014,2024-35,12,390,300
west,SKU0014,2024-36,30,360,0
west,SKU0014,2024-37,21,339,0
west,SKU0014,2024-38,17,322,0
west,SKU0014,2024-39,22,300,0
west,SKU0014,2024-40,19,281,0
west,SKU0014,2024-41,16,265,0
west,SKU0014,2024-42,33,232,0
west,SKU0014,2024-43,23,209,0
west,SKU0014,2024-44,21,188,0
west,SKU0014,2024-45,28,160,0
west,SKU0014,2024-46,28,132,0
west,SKU0014,2024-47,27,105,0
west,SKU0014,2024-48,12,393,300
west,SKU0014,2024-49,19,374,0
west,SKU0014,2024-50,19,355,0
west,SKU0014,2024-51,24,331,0
west,SKU0015,2023-33,2,226,0
west,SKU0015,2023-34,5,221,0
west,SKU0015,2023-35,7,214,0
west,SKU0015,2023-36,11,203,0
west,SKU0015,2023-37,15,188,0
west,SKU0015,2023-38,15,173,0
west,SKU0015,2023-39,11,162,0
west,SKU0015,2023-40,25,137,0
west,SKU0015,2023-41,26,111,0
west,SKU0015,2023-42,24,287,200
west,SKU0015,2023-43,27,260,0
west,SKU0015,2023-44,30,230,0
west,SKU0015,2023-45,42,188,0
west,SKU0015,2023-46,29,159,0
west,SKU0015,2023-47,37,122,0
west,SKU0015,2023-48,39,383,300
west,SKU0015,2023-49,49,334,0
west,SKU0015,2023-50,52,282,0
west,SKU0015,2023-51,44,238,0
west,SKU0015,2023-52,42,196,0
west,SKU0015,2024-01,66,130,0
west,SKU0015,2024-02,62,568,500
west,SKU0015,2024-03,58,510,0
west,SKU0015,2024-04,65,445,0
west,SKU0015,2024-05,39,406,0
west,SKU0015,2024-06,47,359,0
west,SKU0015,2024-07,49,310,0
west,SKU0015,2024-08,41,269,0
west,SKU0015,2024-09,44,225,0
west,SKU0015,2024-10,45,180,0
west,SKU0015,2024-11,39,141,0
west,SKU0015,2024-12,22,119,0
west,SKU0015,2024-13,38,281,200
west,SKU0015,2024-14,49,232,0
west,SKU0015,2024-15,61,171,0
west,SKU0015,2024-16,45,126,0
west,SKU0015,2024-17,21,105,0
west,SKU0015,2024-18,39,566,500
west,SKU0015,2024-19,42,524,0
west,SKU0015,2024-20,35,489,0
west,SKU0015,2024-21,28,461,0
west,SKU0015,2024-22,22,439,0
west,SKU0015,2024-23,36,403,0
west,SKU0015,2024-24,36,367,0
west,SKU0015,2024-25,25,342,0
west,SKU0015,2024-26,34,308,0
west,SKU0015,2024-27,26,282,0
west,SKU0015,2024-28,31,251,0
west,SKU0015,2024-29,31,220,0
west,SKU0015,2024-30,22,198,0
west,SKU0015,2024-31,17,181,0
west,SKU0015,2024-32,21,160,0
west,SKU0015,2024-33,27,133,0
west,SKU0015,2024-34,22,111,0
west,SKU0015,2024-35,38,373,300
west,SKU0015,2024-36,33,340,0
west,SKU0015,2024-37,23,317,0
west,SKU0015,2024-38,21,296,0
west,SKU0015,2024-39,20,276,0
west,SKU0015,2024-40,16,260,0
west,SKU0015,2024-41,11,249,0
west,SKU0015,2024-42,14,235,0
west,SKU0015,2024-43,18,217,0
west,SKU0015,2024-44,18,199,0
west,SKU0015,2024-45,21,178,0
west,SKU0015,2024-46,23,155,0
west,SKU0015,2024-47,14,141,0
west,SKU0015,2024-48,19,122,0
west,SKU0015,2024-49,21,101,0
west,SKU0015,2024-50,20,381,300
west,SKU0015,2024-51,23,358,0
west,SKU0016,2023-14,2,325,0
west,SKU0016,2023-15,3,322,0
west,SKU0016,2023-16,6,316,0
west,SKU0016,2023-17,11,305,0
west,SKU0016,2023-18,10,295,0
west,SKU0016,2023-19,5,290,0
west,SKU0016,2023-20,11,279,0
west,SKU0016,2023-21,19,260,0
west,SKU0016,2023-22,17,243,0
west,SKU0016,2023-23,16,227,0
west,SKU0016,2023-24,11,216,0
west,SKU0016,2023-25,23,193,0
west,SKU0016,2023-26,14,179,0
west,SKU0016,2023-27,21,158,0
west,SKU0016,2023-28,24,134,0
west,SKU0016,2023-29,26,108,0
west,SKU0016,2023-30,20,288,200
west,SKU0016,2023-31,18,270,0
west,SKU0016,2023-32,24,246,0
west,SKU0016,2023-33,26,220,0
west,SKU0016,2023-34,21,199,0
west,SKU0016,2023-35,11,188,0
west,SKU0016,2023-36,28,160,0
west,SKU0016,2023-37,33,127,0
west,SKU0016,2023-38,20,107,0
west,SKU0016,2023-39,31,376,300
west,SKU0016,2023-40,21,355,0
west,SKU0016,2023-41,31,324,0
west,SKU0016,2023-42,33,291,0
west,SKU0016,2023-43,34,257,0
west,SKU0016,2023-44,34,223,0
west,SKU0016,2023-45,38,185,0
west,SKU0016,2023-46,22,163,0
west,SKU0016,2023-47,44,119,0
west,SKU0016,2023-48,44,275,200
west,SKU0016,2023-49,60,215,0
west,SKU0016,2023-50,12,203,0
west,SKU0016,2023-51,34,169,0
west,SKU0016,2023-52,60,109,0
west,SKU0016,2024-01,55,354,300
west,SKU0016,2024-02,40,314,0
west,SKU0016,2024-03,67,247,0
west,SKU0016,2024-04,47,200,0
west,SKU0016,2024-05,37,163,0
west,SKU0016,2024-06,34,129,0
west,SKU0016,2024-07,65,364,300
west,SKU0016,2024-08,49,315,0
west,SKU0016,2024-09,48,267,0
west,SKU0016,2024-10,66,201,0
west,SKU0016,2024-11,40,161,0
west,SKU0016,2024-12,44,117,0
west,SKU0016,2024-13,58,259,200
west,SKU0016,2024-14,24,235,0
west,SKU0016,2024-15,52,183,0
west,SKU0016,2024-16,37,146,0
west,SKU0016,2024-17,55,291,200
west,SKU0016,2024-18,46,245,0
west,SKU0016,2024-19,55,190,0
west,SKU0016,2024-20,43,147,0
west,SKU0016,2024-21,42,105,0
west,SKU0016,2024-22,49,256,200
west,SKU0016,2024-23,37,219,0
west,SKU0016,2024-24,40,179,0
west,SKU0016,2024-25,26,153,0
west,SKU0016,2024-26,23,130,0
west,SKU0016,2024-27,26,104,0
west,SKU0016,2024-28,40,364,300
west,SKU0016,2024-29,40,324,0
west,SKU0016,2024-30,33,291,0
west,SKU0016,2024-31,20,271,0
west,SKU0016,2024-32,24,247,0
west,SKU0016,2024-33,19,228,0
west,SKU0016,2024-34,24,204,0
west,SKU0016,2024-35,22,182,0
west,SKU0016,2024-36,23,159,0
west,SKU0016,2024-37,27,132,0
west,SKU0016,2024-38,29,103,0
west,SKU0016,2024-39,21,382,300
west,SKU0016,2024-40,15,367,0
west,SKU0016,2024-41,17,350,0
west,SKU0016,2024-42,31,319,0
west,SKU0016,2024-43,21,298,0
west,SKU0016,2024-44,20,278,0
west,SKU0016,2024-45,23,255,0
west,SKU0016,2024-46,25,230,0
west,SKU0016,2024-47,20,210,0
west,SKU0016,2024-48,23,187,0
west,SKU0016,2024-49,25,162,0
west,SKU0016,2024-50,32,130,0
west,SKU0016,2024-51,33,597,500
west,SKU0017,2023-39,2,314,0
west,SKU0017,2023-40,2,312,0
west,SKU0017,2023-41,7,305,0
west,SKU0017,2023-42,3,302,0
west,SKU0017,2023-43,9,293,0
west,SKU0017,2023-44,17,276,0
west,SKU0017,2023-45,11,265,0
west,SKU0017,2023-46,24,241,0
west,SKU0017,2023-47,15,226,0
west,SKU0017,2023-48,24,202,0
west,SKU0017,2023-49,17,185,0
west,SKU0017,2023-50,15,170,0
west,SKU0017,2023-51,27,143,0
west,SKU0017,2023-52,40,103,0
west,SKU0017,2024-01,34,369,300
west,SKU0017,2024-02,32,337,0
west,SKU0017,2024-03,30,307,0
west,SKU0017,2024-04,54,253,0
west,SKU0017,2024-05,58,195,0
west,SKU0017,2024-06,34,161,0
west,SKU0017,2024-07,62,399,300
west,SKU0017,2024-08,52,347,0
west,SKU0017,2024-09,69,278,0
west,SKU0017,2024-10,47,231,0
west,SKU0017,2024-11,51,180,0
west,SKU0017,2024-12,58,122,0
west,SKU0017,2024-13,66,256,200
west,SKU0017,2024-14,46,210,0
west,SKU0017,2024-15,48,162,0
west,SKU0017,2024-16,67,595,500
west,SKU0017,2024-17,56,539,0
west,SKU0017,2024-18,54,485,0
west,SKU0017,2024-19,55,430,0
west,SKU0017,2024-20,56,374,0
west,SKU0017,2024-21,29,345,0
west,SKU0017,2024-22,45,300,0
west,SKU0017,2024-23,46,254,0
west,SKU0017,2024-24,52,202,0
west,SKU0017,2024-25,48,154,0
west,SKU0017,2024-26,40,114,0
west,SKU0017,2024-27,31,283,200
west,SKU0017,2024-28,42,241,0
west,SKU0017,2024-29,32,209,0
west,SKU0017,2024-30,37,172,0
west,SKU0017,2024-31,41,131,0
west,SKU0017,2024-32,38,593,500
west,SKU0017,2024-33,34,559,0
west,SKU0017,2024-34,28,531,0
west,SKU0017,2024-35,30,501,0
west,SKU0017,2024-36,36,465,0
west,SKU0017,2024-37,36,429,0
west,SKU0017,2024-38,21,408,0
west,SKU0017,2024-39,17,391,0
west,SKU0017,2024-40,20,371,0
west,SKU0017,2024-41,21,350,0
west,SKU0017,2024-42,26,324,0
west,SKU0017,2024-43,35,289,0
west,SKU0017,2024-44,34,255,0
west,SKU0017,2024-45,18,237,0
west,SKU0017,2024-46,23,214,0
west,SKU0017,2024-47,35,179,0
west,SKU0017,2024-48,32,147,0
west,SKU0017,2024-49,26,121,0
west,SKU0017,2024-50,24,397,300
west,SKU0017,2024-51,36,361,0
west,SKU0018,2023-23,2,416,0
west,SKU0018,2023-24,3,413,0
west,SKU0018,2023-25,5,408,0
west,SKU0018,2023-26,3,405,0
west,SKU0018,2023-27,4,401,0
west,SKU0018,2023-28,7,394,0
west,SKU0018,2023-29,8,386,0
west,SKU0018,2023-30,11,375,0
west,SKU0018,2023-31,10,365,0
west,SKU0018,2023-32,10,355,0
west,SKU0018,2023-33,6,349,0
west,SKU0018,2023-34,6,343,0
west,SKU0018,2023-35,18,325,0
west,SKU0018,2023-36,9,316,0
west,SKU0018,2023-37,14,302,0
west,SKU0018,2023-38,16,286,0
west,SKU0018,2023-39,15,271,0
west,SKU0018,2023-40,17,254,0
west,SKU0018,2023-41,19,235,0
west,SKU0018,2023-42,16,219,0
west,SKU0018,2023-43,10,209,0
west,SKU0018,2023-44,16,193,0
west,SKU0018,2023-45,20,173,0
west,SKU0018,2023-46,28,145,0
west,SKU0018,2023-47,36,109,0
west,SKU0018,2023-48,30,379,300
west,SKU0018,2023-49,16,363,0
west,SKU0018,2023-50,26,337,0
west,SKU0018,2023-51,33,304,0
west,SKU0018,2023-52,24,280,0
west,SKU0018,2024-01,42,238,0
west,SKU0018,2024-02,34,204,0
west,SKU0018,2024-03,38,166,0
west,SKU0018,2024-04,47,119,0
west,SKU0018,2024-05,41,278,200
west,SKU0018,2024-06,45,233,0
west,SKU0018,2024-07,39,194,0
west,SKU0018,2024-08,63,131,0
west,SKU0018,2024-09,54,277,200
west,SKU0018,2024-10,42,235,0
west,SKU0018,2024-11,72,163,0
west,SKU0018,2024-12,56,107,0
west,SKU0018,2024-13,76,231,200
west,SKU0018,2024-14,68,163,0
west,SKU0018,2024-15,74,589,500
west,SKU0018,2024-16,81,508,0
west,SKU0018,2024-17,55,453,0
west,SKU0018,2024-18,44,409,0
west,SKU0018,2024-19,48,361,0
west,SKU0018,2024-20,45,316,0
west,SKU0018,2024-21,52,264,0
west,SKU0018,2024-22,42,222,0
west,SKU0018,2024-23,45,177,0
west,SKU0018,2024-24,48,129,0
west,SKU0018,2024-25,23,106,0
west,SKU0018,2024-26,34,372,300
west,SKU0018,2024-27,43,329,0
west,SKU0018,2024-28,47,282,0
west,SKU0018,2024-29,45,237,0
west,SKU0018,2024-30,29,208,0
west,SKU0018,2024-31,31,177,0
west,SKU0018,2024-32,20,157,0
west,SKU0018,2024-33,28,129,0
west,SKU0018,2024-34,31,298,200
west,SKU0018,2024-35,20,278,0
west,SKU0018,2024-36,23,255,0
west,SKU0018,2024-37,14,241,0
west,SKU0018,2024-38,28,213,0
west,SKU0018,2024-39,27,186,0
west,SKU0018,2024-40,33,153,0
west,SKU0018,2024-41,23,130,0
west,SKU0018,2024-42,28,102,0
west,SKU0018,2024-43,26,276,200
west,SKU0018,2024-44,19,257,0
west,SKU0018,2024-45,19,238,0
west,SKU0018,2024-46,16,222,0
west,SKU0018,2024-47,18,204,0
west,SKU0018,2024-48,25,179,0
west,SKU0018,2024-49,25,154,0
west,SKU0018,2024-50,19,135,0
west,SKU0018,2024-51,22,113,0
west,SKU0019,2023-29,4,385,0
west,SKU0019,2023-30,8,377,0
west,SKU0019,2023-31,3,374,0
west,SKU0019,2023-32,11,363,0
west,SKU0019,2023-33,6,357,0
west,SKU0019,2023-34,11,346,0
west,SKU0019,2023-35,10,336,0
west,SKU0019,2023-36,17,319,0
west,SKU0019,2023-37,21,298,0
west,SKU0019,2023-38,13,285,0
west,SKU0019,2023-39,20,265,0
west,SKU0019,2023-40,27,238,0
west,SKU0019,2023-41,15,223,0
west,SKU0019,2023-42,21,202,0
west,SKU0019,2023-43,32,170,0
west,SKU0019,2023-44,25,145,0
west,SKU0019,2023-45,22,123,0
west,SKU0019,2023-46,25,398,300
west,SKU0019,2023-47,36,362,0
west,SKU0019,2023-48,30,332,0
west,SKU0019,2023-49,32,300,0
west,SKU0019,2023-50,44,256,0
west,SKU0019,2023-51,49,207,0
west,SKU0019,2023-52,40,167,0
west,SKU0019,2024-01,47,120,0
west,SKU0019,2024-02,43,377,300
west,SKU0019,2024-03,51,326,0
west,SKU0019,2024-04,57,269,0
west,SKU0019,2024-05,42,227,0
west,SKU0019,2024-06,49,178,0
west,SKU0019,2024-07,43,135,0
west,SKU0019,2024-08,54,381,300
west,SKU0019,2024-09,56,325,0
west,SKU0019,2024-10,56,269,0
west,SKU0019,2024-11,38,231,0
west,SKU0019,2024-12,50,181,0
west,SKU0019,2024-13,57,124,0
west,SKU0019,2024-14,53,371,300
west,SKU0019,2024-15,53,318,0
west,SKU0019,2024-16,42,276,0
west,SKU0019,2024-17,46,230,0
west,SKU0019,2024-18,52,178,0
west,SKU0019,2024-19,56,122,0
west,SKU0019,2024-20,40,582,500
west,SKU0019,2024-21,55,527,0
west,SKU0019,2024-22,51,476,0
west,SKU0019,2024-23,36,440,0
west,SKU0019,2024-24,46,394,0
west,SKU0019,2024-25,45,349,0
west,SKU0019,2024-26,40,309,0
west,SKU0019,2024-27,39,270,0
west,SKU0019,2024-28,45,225,0
west,SKU0019,2024-29,34,191,0
west,SKU0019,2024-30,39,152,0
west,SKU0019,2024-31,39,113,0
west,SKU0019,2024-32,25,288,200
west,SKU0019,2024-33,37,251,0
west,SKU0019,2024-34,37,214,0
west,SKU0019,2024-35,37,177,0
west,SKU0019,2024-36,45,132,0
west,SKU0019,2024-37,31,101,0
west,SKU0019,2024-38,28,573,500
west,SKU0019,2024-39,36,537,0
west,SKU0019,2024-40,19,518,0
west,SKU0019,2024-41,40,478,0
west,SKU0019,2024-42,24,454,0
west,SKU0019,2024-43,28,426,0
west,SKU0019,2024-44,40,386,0
west,SKU0019,2024-45,36,350,0
west,SKU0019,2024-46,27,323,0
west,SKU0019,2024-47,24,299,0
west,SKU0019,2024-48,26,273,0
west,SKU0019,2024-49,27,246,0
west,SKU0019,2024-50,28,218,0
west,SKU0019,2024-51,37,181,0
west,SKU0020,2023-08,1,379,0
west,SKU0020,2023-09,2,377,0
west,SKU0020,2023-10,5,372,0
west,SKU0020,2023-11,2,370,0
west,SKU0020,2023-12,4,366,0
west,SKU0020,2023-13,5,361,0
west,SKU0020,2023-14,12,349,0
west,SKU0020,2023-15,8,341,0
west,SKU0020,2023-16,7,334,0
west,SKU0020,2023-17,11,323,0
west,SKU0020,2023-18,14,309,0
west,SKU0020,2023-19,9,300,0
west,SKU0020,2023-20,10,290,0
west,SKU0020,2023-21,16,274,0
west,SKU0020,2023-22,12,262,0
west,SKU0020,2023-23,13,249,0
west,SKU0020,2023-24,20,229,0
west,SKU0020,2023-25,15,214,0
west,SKU0020,2023-26,21,193,0
west,SKU0020,2023-27,15,178,0
west,SKU0020,2023-28,21,157,0
west,SKU0020,2023-29,21,136,0
west,SKU0020,2023-30,16,120,0
west,SKU0020,2023-31,27,593,500
west,SKU0020,2023-32,27,566,0
west,SKU0020,2023-33,18,548,0
west,SKU0020,2023-34,24,524,0
west,SKU0020,2023-35,18,506,0
west,SKU0020,2023-36,16,490,0
west,SKU0020,2023-37,26,464,0
west,SKU0020,2023-38,26,438,0
west,SKU0020,2023-39,12,426,0
west,SKU0020,2023-40,33,393,0
west,SKU0020,2023-41,15,378,0
west,SKU0020,2023-42,33,345,0
west,SKU0020,2023-43,25,320,0
west,SKU0020,2023-44,25,295,0
west,SKU0020,2023-45,30,265,0
west,SKU0020,2023-46,42,223,0
west,SKU0020,2023-47,30,193,0
west,SKU0020,2023-48,36,157,0
west,SKU0020,2023-49,43,114,0
west,SKU0020,2023-50,52,362,300
west,SKU0020,2023-51,29,333,0
west,SKU0020,2023-52,21,312,0
west,SKU0020,2024-01,54,258,0
west,SKU0020,2024-02,55,203,0
west,SKU0020,2024-03,33,170,0
west,SKU0020,2024-04,47,123,0
west,SKU0020,2024-05,53,270,200
west,SKU0020,2024-06,56,214,0
west,SKU0020,2024-07,42,172,0
west,SKU0020,2024-08,60,112,0
west,SKU0020,2024-09,54,258,200
west,SKU0020,2024-10,48,210,0
west,SKU0020,2024-11,58,152,0
west,SKU0020,2024-12,58,594,500
west,SKU0020,2024-13,60,534,0
west,SKU0020,2024-14,55,479,0
west,SKU0020,2024-15,56,423,0
west,SKU0020,2024-16,36,387,0
west,SKU0020,2024-17,72,315,0
west,SKU0020,2024-18,47,268,0
west,SKU0020,2024-19,66,202,0
west,SKU0020,2024-20,58,144,0
west,SKU0020,2024-21,62,582,500
west,SKU0020,2024-22,48,534,0
west,SKU0020,2024-23,53,481,0
west,SKU0020,2024-24,40,441,0
west,SKU0020,2024-25,49,392,0
west,SKU0020,2024-26,40,352,0
west,SKU0020,2024-27,35,317,0
west,SKU0020,2024-28,52,265,0
west,SKU0020,2024-29,47,218,0
west,SKU0020,2024-30,40,178,0
west,SKU0020,2024-31,39,139,0
west,SKU0020,2024-32,26,113,0
west,SKU0020,2024-33,33,280,200
west,SKU0020,2024-34,34,246,0
west,SKU0020,2024-35,47,199,0
west,SKU0020,2024-36,31,168,0
west,SKU0020,2024-37,35,133,0
west,SKU0020,2024-38,39,594,500
west,SKU0020,2024-39,25,569,0
west,SKU0020,2024-40,31,538,0
west,SKU0020,2024-41,26,512,0
west,SKU0020,2024-42,22,490,0
west,SKU0020,2024-43,23,467,0
west,SKU0020,2024-44,38,429,0
west,SKU0020,2024-45,20,409,0
west,SKU0020,2024-46,27,382,0
west,SKU0020,2024-47,31,351,0
west,SKU0020,2024-48,26,325,0
west,SKU0020,2024-49,40,285,0
west,SKU0020,2024-50,35,250,0
west,SKU0020,2024-51,26,224,0
west,SKU0021,2023-10,1,493,0
west,SKU0021,2023-11,3,490,0
west,SKU0021,2023-12,3,487,0
west,SKU0021,2023-13,4,483,0
west,SKU0021,2023-14,4,479,0
west,SKU0021,2023-15,10,469,0
west,SKU0021,2023-16,9,460,0
west,SKU0021,2023-17,3,457,0
west,SKU0021,2023-18,10,447,0
west,SKU0021,2023-19,6,441,0
west,SKU0021,2023-20,16,425,0
west,SKU0021,2023-21,10,415,0
west,SKU0021,2023-22,4,411,0
west,SKU0021,2023-23,10,401,0
west,SKU0021,2023-24,14,387,0
west,SKU0021,2023-25,14,373,0
west,SKU0021,2023-26,25,348,0
west,SKU0021,2023-27,18,330,0
west,SKU0021,2023-28,11,319,0
west,SKU0021,2023-29,27,292,0
west,SKU0021,2023-30,18,274,0
west,SKU0021,2023-31,14,260,0
west,SKU0021,2023-32,23,237,0
west,SKU0021,2023-33,15,222,0
west,SKU0021,2023-34,30,192,0
west,SKU0021,2023-35,32,160,0
west,SKU0021,2023-36,17,143,0
west,SKU0021,2023-37,25,118,0
west,SKU0021,2023-38,24,594,500
west,SKU0021,2023-39,43,551,0
west,SKU0021,2023-40,33,518,0
west,SKU0021,2023-41,28,490,0
west,SKU0021,2023-42,34,456,0
west,SKU0021,2023-43,28,428,0
west,SKU0021,2023-44,31,397,0
west,SKU0021,2023-45,10,387,0
west,SKU0021,2023-46,36,351,0
west,SKU0021,2023-47,47,304,0
west,SKU0021,2023-48,49,255,0
west,SKU0021,2023-49,36,219,0
west,SKU0021,2023-50,56,163,0
west,SKU0021,2023-51,41,122,0
west,SKU0021,2023-52,47,375,300
west,SKU0021,2024-01,42,333,0
west,SKU0021,2024-02,44,289,0
west,SKU0021,2024-03,47,242,0
west,SKU0021,2024-04,42,200,0
west,SKU0021,2024-05,38,162,0
west,SKU0021,2024-06,48,114,0
west,SKU0021,2024-07,49,365,300
west,SKU0021,2024-08,58,307,0
west,SKU0021,2024-09,56,251,0
west,SKU0021,2024-10,21,230,0
west,SKU0021,2024-11,68,162,0
west,SKU0021,2024-12,54,108,0
west,SKU0021,2024-13,20,588,500
west,SKU0021,2024-14,49,539,0
west,SKU0021,2024-15,77,462,0
west,SKU0021,2024-16,48,414,0
west,SKU0021,2024-17,54,360,0
west,SKU0021,2024-18,54,306,0
west,SKU0021,2024-19,40,266,0
west,SKU0021,2024-20,29,237,0
west,SKU0021,2024-21,56,181,0
west,SKU0021,2024-22,40,141,0
west,SKU0021,2024-23,41,100,0
west,SKU0021,2024-24,43,557,500
west,SKU0021,2024-25,46,511,0
west,SKU0021,2024-26,29,482,0
west,SKU0021,2024-27,37,445,0
west,SKU0021,2024-28,40,405,0
west,SKU0021,2024-29,24,381,0
west,SKU0021,2024-30,44,337,0
west,SKU0021,2024-31,18,319,0
west,SKU0021,2024-32,30,289,0
west,SKU0021,2024-33,22,267,0
west,SKU0021,2024-34,38,229,0
west,SKU0021,2024-35,21,208,0
west,SKU0021,2024-36,26,182,0
west,SKU0021,2024-37,26,156,0
west,SKU0021,2024-38,23,133,0
west,SKU0021,2024-39,12,121,0
west,SKU0021,2024-40,26,395,300
west,SKU0021,2024-41,18,377,0
west,SKU0021,2024-42,19,358,0
west,SKU0021,2024-43,15,343,0
west,SKU0021,2024-44,36,307,0
west,SKU0021,2024-45,28,279,0
west,SKU0021,2024-46,22,257,0
west,SKU0021,2024-47,33,224,0
west,SKU0021,2024-48,22,202,0
west,SKU0021,2024-49,34,168,0
west,SKU0021,2024-50,21,147,0
west,SKU0021,2024-51,22,125,0
west,SKU0022,2023-04,1,267,0
west,SKU0022,2023-06,2,265,0
west,SKU0022,2023-07,2,263,0
west,SKU0022,2023-09,6,257,0
west,SKU0022,2023-10,3,254,0
west,SKU0022,2023-11,5,249,0
west,SKU0022,2023-12,6,243,0
west,SKU0022,2023-13,7,236,0
west,SKU0022,2023-14,12,224,0
west,SKU0022,2023-15,6,218,0
west,SKU0022,2023-16,16,202,0
west,SKU0022,2023-17,11,191,0
west,SKU0022,2023-18,10,181,0
west,SKU0022,2023-19,13,168,0
west,SKU0022,2023-20,11,157,0
west,SKU0022,2023-21,6,151,0
west,SKU0022,2023-22,14,137,0
west,SKU0022,2023-23,17,120,0
west,SKU0022,2023-24,18,102,0
west,SKU0022,2023-25,15,287,200
west,SKU0022,2023-26,16,271,0
west,SKU0022,2023-27,13,258,0
west,SKU0022,2023-28,15,243,0
west,SKU0022,2023-29,8,235,0
west,SKU0022,2023-30,11,224,0
west,SKU0022,2023-31,4,220,0
west,SKU0022,2023-32,20,200,0
west,SKU0022,2023-33,15,185,0
west,SKU0022,2023-34,17,168,0
west,SKU0022,2023-35,31,137,0
west,SKU0022,2023-36,16,121,0
west,SKU0022,2023-37,14,107,0
west,SKU0022,2023-38,11,396,300
west,SKU0022,2023-39,29,367,0
west,SKU0022,2023-40,22,345,0
west,SKU0022,2023-41,18,327,0
west,SKU0022,2023-42,33,294,0
west,SKU0022,2023-43,17,277,0
west,SKU0022,2023-44,10,267,0
west,SKU0022,2023-45,13,254,0
west,SKU0022,2023-46,27,227,0
west,SKU0022,2023-47,22,205,0
west,SKU0022,2023-48,36,169,0
west,SKU0022,2023-49,31,138,0
west,SKU0022,2023-50,10,128,0
west,SKU0022,2023-51,26,102,0
west,SKU0022,2023-52,28,574,500
west,SKU0022,2024-01,24,550,0
west,SKU0022,2024-02,15,535,0
west,SKU0022,2024-03,50,485,0
west,SKU0022,2024-04,34,451,0
west,SKU0022,2024-05,46,405,0
west,SKU0022,2024-06,46,359,0
west,SKU0022,2024-07,60,299,0
west,SKU0022,2024-08,42,257,0
west,SKU0022,2024-09,39,218,0
west,SKU0022,2024-10,66,152,0
west,SKU0022,2024-11,72,580,500
west,SKU0022,2024-12,51,529,0
west,SKU0022,2024-13,31,498,0
west,SKU0022,2024-14,53,445,0
west,SKU0022,2024-15,53,392,0
west,SKU0022,2024-16,55,337,0
west,SKU0022,2024-17,43,294,0
west,SKU0022,2024-18,68,226,0
west,SKU0022,2024-19,63,163,0
west,SKU0022,2024-20,69,594,500
west,SKU0022,2024-21,58,536,0
west,SKU0022,2024-22,39,497,0
west,SKU0022,2024-23,63,434,0
west,SKU0022,2024-24,52,382,0
west,SKU0022,2024-25,80,302,0
west,SKU0022,2024-26,62,240,0
west,SKU0022,2024-27,50,190,0
west,SKU0022,2024-28,53,137,0
west,SKU0022,2024-29,42,595,500
west,SKU0022,2024-30,42,553,0
west,SKU0022,2024-31,47,506,0
west,SKU0022,2024-32,33,473,0
west,SKU0022,2024-33,35,438,0
west,SKU0022,2024-34,27,411,0
west,SKU0022,2024-35,30,381,0
west,SKU0022,2024-36,29,352,0
west,SKU0022,2024-37,49,303,0
west,SKU0022,2024-38,46,257,0
west,SKU0022,2024-39,45,212,0
west,SKU0022,2024-40,48,164,0
west,SKU0022,2024-41,20,144,0
west,SKU0022,2024-42,52,292,200
west,SKU0022,2024-43,34,258,0
west,SKU0022,2024-44,31,227,0
west,SKU0022,2024-45,33,194,0
west,SKU0022,2024-46,30,164,0
west,SKU0022,2024-47,25,139,0
west,SKU0022,2024-48,48,391,300
west,SKU0022,2024-49,18,373,0
west,SKU0022,2024-50,29,344,0
west,SKU0022,2024-51,26,318,0
west,SKU0023,2023-09,1,563,0
west,SKU0023,2023-10,9,554,0
west,SKU0023,2023-11,7,547,0
west,SKU0023,2023-12,8,539,0
west,SKU0023,2023-13,10,529,0
west,SKU0023,2023-14,7,522,0
west,SKU0023,2023-15,13,509,0
west,SKU0023,2023-16,9,500,0
west,SKU0023,2023-17,14,486,0
west,SKU0023,2023-18,22,464,0
west,SKU0023,2023-19,18,446,0
west,SKU0023,2023-20,24,422,0
west,SKU0023,2023-21,20,402,0
west,SKU0023,2023-22,14,388,0
west,SKU0023,2023-23,17,371,0
west,SKU0023,2023-24,17,354,0
west,SKU0023,2023-25,25,329,0
west,SKU0023,2023-26,37,292,0
west,SKU0023,2023-27,20,272,0
west,SKU0023,2023-28,25,247,0
west,SKU0023,2023-29,26,221,0
west,SKU0023,2023-30,22,199,0
west,SKU0023,2023-31,30,169,0
west,SKU0023,2023-32,19,150,0
west,SKU0023,2023-33,32,118,0
west,SKU0023,2023-34,28,590,500
west,SKU0023,2023-35,23,567,0
west,SKU0023,2023-36,33,534,0
west,SKU0023,2023-37,28,506,0
west,SKU0023,2023-38,24,482,0
west,SKU0023,2023-39,33,449,0
west,SKU0023,2023-40,31,418,0
west,SKU0023,2023-41,24,394,0
west,SKU0023,2023-42,44,350,0
west,SKU0023,2023-43,42,308,0
west,SKU0023,2023-44,41,267,0
west,SKU0023,2023-45,40,227,0
west,SKU0023,2023-46,32,195,0
west,SKU0023,2023-47,45,150,0
west,SKU0023,2023-48,50,100,0
west,SKU0023,2023-49,56,344,300
west,SKU0023,2023-50,45,299,0
west,SKU0023,2023-51,38,261,0
west,SKU0023,2023-52,52,209,0
west,SKU0023,2024-01,48,161,0
west,SKU0023,2024-02,32,129,0
west,SKU0023,2024-03,57,272,200
west,SKU0023,2024-04,47,225,0
west,SKU0023,2024-05,47,178,0
west,SKU0023,2024-06,54,124,0
west,SKU0023,2024-07,44,380,300
west,SKU0023,2024-08,55,325,0
west,SKU0023,2024-09,46,279,0
west,SKU0023,2024-10,48,231,0
west,SKU0023,2024-11,48,183,0
west,SKU0023,2024-12,32,151,0
west,SKU0023,2024-13,48,103,0
west,SKU0023,2024-14,52,351,300
west,SKU0023,2024-15,50,301,0
west,SKU0023,2024-16,50,251,0
west,SKU0023,2024-17,31,220,0
west,SKU0023,2024-18,38,182,0
west,SKU0023,2024-19,40,142,0
west,SKU0023,2024-20,43,299,200
west,SKU0023,2024-21,43,256,0
west,SKU0023,2024-22,50,206,0
west,SKU0023,2024-23,45,161,0
west,SKU0023,2024-24,35,126,0
west,SKU0023,2024-25,25,101,0
west,SKU0023,2024-26,36,265,200
west,SKU0023,2024-27,29,236,0
west,SKU0023,2024-28,45,191,0
west,SKU0023,2024-29,27,164,0
west,SKU0023,2024-30,36,128,0
west,SKU0023,2024-31,35,293,200
west,SKU0023,2024-32,19,274,0
west,SKU0023,2024-33,26,248,0
west,SKU0023,2024-34,23,225,0
west,SKU0023,2024-35,29,196,0
west,SKU0023,2024-36,26,170,0
west,SKU0023,2024-37,28,142,0
west,SKU0023,2024-38,26,116,0
west,SKU0023,2024-39,29,287,200
west,SKU0023,2024-40,25,262,0
west,SKU0023,2024-41,18,244,0
west,SKU0023,2024-42,23,221,0
west,SKU0023,2024-43,21,200,0
west,SKU0023,2024-44,25,175,0
west,SKU0023,2024-45,15,160,0
west,SKU0023,2024-46,25,135,0
west,SKU0023,2024-47,24,111,0
west,SKU0023,2024-48,28,283,200
west,SKU0023,2024-49,23,260,0
west,SKU0023,2024-50,20,240,0
west,SKU0023,2024-51,32,208,0
west,SKU0024,2023-22,2,414,0
west,SKU0024,2023-23,4,410,0
west,SKU0024,2023-24,3,407,0
west,SKU0024,2023-25,8,399,0
west,SKU0024,2023-26,4,395,0
west,SKU0024,2023-27,13,382,0
west,SKU0024,2023-28,10,372,0
west,SKU0024,2023-29,8,364,0
west,SKU0024,2023-30,8,356,0
west,SKU0024,2023-31,10,346,0
west,SKU0024,2023-32,11,335,0
west,SKU0024,2023-33,9,326,0
west,SKU0024,2023-34,9,317,0
west,SKU0024,2023-35,16,301,0
west,SKU0024,2023-36,14,287,0
west,SKU0024,2023-37,15,272,0
west,SKU0024,2023-38,17,255,0
west,SKU0024,2023-39,12,243,0
west,SKU0024,2023-40,15,228,0
west,SKU0024,2023-41,31,197,0
west,SKU0024,2023-42,25,172,0
west,SKU0024,2023-43,16,156,0
west,SKU0024,2023-44,21,135,0
west,SKU0024,2023-45,29,106,0
west,SKU0024,2023-46,17,289,200
west,SKU0024,2023-47,30,259,0
west,SKU0024,2023-48,20,239,0
west,SKU0024,2023-49,23,216,0
west,SKU0024,2023-50,14,202,0
west,SKU0024,2023-51,23,179,0
west,SKU0024,2023-52,39,140,0
west,SKU0024,2024-01,55,585,500
west,SKU0024,2024-02,38,547,0
west,SKU0024,2024-03,56,491,0
west,SKU0024,2024-04,48,443,0
west,SKU0024,2024-05,55,388,0
west,SKU0024,2024-06,55,333,0
west,SKU0024,2024-07,58,275,0
west,SKU0024,2024-08,49,226,0
west,SKU0024,2024-09,48,178,0
west,SKU0024,2024-10,61,117,0
west,SKU0024,2024-11,74,343,300
west,SKU0024,2024-12,67,276,0
west,SKU0024,2024-13,74,202,0
west,SKU0024,2024-14,57,145,0
west,SKU0024,2024-15,67,278,200
west,SKU0024,2024-16,62,216,0
west,SKU0024,2024-17,53,163,0
west,SKU0024,2024-18,53,110,0
west,SKU0024,2024-19,60,550,500
west,SKU0024,2024-20,48,502,0
west,SKU0024,2024-21,46,456,0
west,SKU0024,2024-22,34,422,0
west,SKU0024,2024-23,43,379,0
west,SKU0024,2024-24,59,320,0
west,SKU0024,2024-25,31,289,0
west,SKU0024,2024-26,45,244,0
west,SKU0024,2024-27,44,200,0
west,SKU0024,2024-28,35,165,0
west,SKU0024,2024-29,45,120,0
west,SKU0024,2024-30,41,579,500
west,SKU0024,2024-31,39,540,0
west,SKU0024,2024-32,26,514,0
west,SKU0024,2024-33,39,475,0
west,SKU0024,2024-34,21,454,0
west,SKU0024,2024-35,15,439,0
west,SKU0024,2024-36,33,406,0
west,SKU0024,2024-37,29,377,0
west,SKU0024,2024-38,18,359,0
west,SKU0024,2024-39,27,332,0
west,SKU0024,2024-40,25,307,0
west,SKU0024,2024-41,35,272,0
west,SKU0024,2024-42,34,238,0
west,SKU0024,2024-43,35,203,0
west,SKU0024,2024-44,21,182,0
west,SKU0024,2024-45,21,161,0
west,SKU0024,2024-46,28,133,0
west,SKU0024,2024-47,20,113,0
west,SKU0024,2024-48,28,585,500
west,SKU0024,2024-49,39,546,0
west,SKU0024,2024-50,27,519,0
west,SKU0024,2024-51,24,495,0
west,SKU0025,2023-21,3,425,0
west,SKU0025,2023-22,2,423,0
west,SKU0025,2023-23,5,418,0
west,SKU0025,2023-24,2,416,0
west,SKU0025,2023-25,3,413,0
west,SKU0025,2023-26,3,410,0
west,SKU0025,2023-27,8,402,0
west,SKU0025,2023-28,6,396,0
west,SKU0025,2023-29,7,389,0
west,SKU0025,2023-30,15,374,0
west,SKU0025,2023-31,14,360,0
west,SKU0025,2023-32,9,351,0
west,SKU0025,2023-33,13,338,0
west,SKU0025,2023-34,20,318,0
west,SKU0025,2023-35,12,306,0
west,SKU0025,2023-36,9,297,0
west,SKU0025,2023-37,20,277,0
west,SKU0025,2023-38,20,257,0
west,SKU0025,2023-39,14,243,0
west,SKU0025,2023-40,15,228,0
west,SKU0025,2023-41,8,220,0
west,SKU0025,2023-42,25,195,0
west,SKU0025,2023-43,22,173,0
west,SKU0025,2023-44,21,152,0
west,SKU0025,2023-45,11,141,0
west,SKU0025,2023-46,17,124,0
west,SKU0025,2023-47,10,114,0
west,SKU0025,2023-48,18,596,500
west,SKU0025,2023-49,35,561,0
west,SKU0025,2023-50,36,525,0
west,SKU0025,2023-51,34,491,0
west,SKU0025,2023-52,25,466,0
west,SKU0025,2024-01,35,431,0
west,SKU0025,2024-02,37,394,0
west,SKU0025,2024-03,33,361,0
west,SKU0025,2024-04,43,318,0
west,SKU0025,2024-05,40,278,0
west,SKU0025,2024-06,42,236,0
west,SKU0025,2024-07,36,200,0
west,SKU0025,2024-08,51,149,0
west,SKU0025,2024-09,57,392,300
west,SKU0025,2024-10,54,338,0
west,SKU0025,2024-11,46,292,0
west,SKU0025,2024-12,76,216,0
west,SKU0025,2024-13,57,159,0
west,SKU0025,2024-14,61,398,300
west,SKU0025,2024-15,41,357,0
west,SKU0025,2024-16,45,312,0
west,SKU0025,2024-17,60,252,0
west,SKU0025,2024-18,74,178,0
west,SKU0025,2024-19,44,134,0
west,SKU0025,2024-20,38,396,300
west,SKU0025,2024-21,64,332,0
west,SKU0025,2024-22,54,278,0
west,SKU0025,2024-23,51,227,0
west,SKU0025,2024-24,54,173,0
west,SKU0025,2024-25,48,125,0
west,SKU0025,2024-26,37,588,500
west,SKU0025,2024-27,41,547,0
west,SKU0025,2024-28,60,487,0
west,SKU0025,2024-29,39,448,0
west,SKU0025,2024-30,41,407,0
west,SKU0025,2024-31,29,378,0
west,SKU0025,2024-32,38,340,0
west,SKU0025,2024-33,31,309,0
west,SKU0025,2024-34,29,280,0
west,SKU0025,2024-35,24,256,0
west,SKU0025,2024-36,37,219,0
west,SKU0025,2024-37,38,181,0
west,SKU0025,2024-38,29,152,0
west,SKU0025,2024-39,28,124,0
west,SKU0025,2024-40,35,289,200
west,SKU0025,2024-41,22,267,0
west,SKU0025,2024-42,32,235,0
west,SKU0025,2024-43,28,207,0
west,SKU0025,2024-44,30,177,0
west,SKU0025,2024-45,29,148,0
west,SKU0025,2024-46,18,130,0
west,SKU0025,2024-47,23,107,0
west,SKU0025,2024-48,40,567,500
west,SKU0025,2024-49,35,532,0
west,SKU0025,2024-50,28,504,0
west,SKU0025,2024-51,15,489,0
west,SKU0026,2023-13,1,503,0
west,SKU0026,2023-14,2,501,0
west,SKU0026,2023-15,10,491,0
west,SKU0026,2023-16,13,478,0
west,SKU0026,2023-17,13,465,0
west,SKU0026,2023-18,9,456,0
west,SKU0026,2023-19,13,443,0
west,SKU0026,2023-20,9,434,0
west,SKU0026,2023-21,8,426,0
west,SKU0026,2023-22,14,412,0
west,SKU0026,2023-23,17,395,0
west,SKU0026,2023-24,15,380,0
west,SKU0026,2023-25,20,360,0
west,SKU0026,2023-26,35,325,0
west,SKU0026,2023-27,21,304,0
west,SKU0026,2023-28,24,280,0
west,SKU0026,2023-29,29,251,0
west,SKU0026,2023-30,34,217,0
west,SKU0026,2023-31,23,194,0
west,SKU0026,2023-32,46,148,0
west,SKU0026,2023-33,38,110,0
west,SKU0026,2023-34,33,277,200
west,SKU0026,2023-35,25,252,0
west,SKU0026,2023-36,29,223,0
west,SKU0026,2023-37,30,193,0
west,SKU0026,2023-38,31,162,0
west,SKU0026,2023-39,46,116,0
west,SKU0026,2023-40,44,272,200
west,SKU0026,2023-41,38,234,0
west,SKU0026,2023-42,31,203,0
west,SKU0026,2023-43,55,148,0
west,SKU0026,2023-44,40,108,0
west,SKU0026,2023-45,35,373,300
west,SKU0026,2023-46,40,333,0
west,SKU0026,2023-47,33,300,0
west,SKU0026,2023-48,50,250,0
west,SKU0026,2023-49,47,203,0
west,SKU0026,2023-50,40,163,0
west,SKU0026,2023-51,31,132,0
west,SKU0026,2023-52,38,294,200
west,SKU0026,2024-01,42,252,0
west,SKU0026,2024-02,40,212,0
west,SKU0026,2024-03,35,177,0
west,SKU0026,2024-04,50,127,0
west,SKU0026,2024-05,26,101,0
west,SKU0026,2024-06,51,550,500
west,SKU0026,2024-07,40,510,0
west,SKU0026,2024-08,42,468,0
west,SKU0026,2024-09,26,442,0
west,SKU0026,2024-10,46,396,0
west,SKU0026,2024-11,48,348,0
west,SKU0026,2024-12,48,300,0
west,SKU0026,2024-13,49,251,0
west,SKU0026,2024-14,36,215,0
west,SKU0026,2024-15,46,169,0
west,SKU0026,2024-16,50,119,0
west,SKU0026,2024-17,42,277,200
west,SKU0026,2024-18,24,253,0
west,SKU0026,2024-19,38,215,0
west,SKU0026,2024-20,28,187,0
west,SKU0026,2024-21,24,163,0
west,SKU0026,2024-22,28,135,0
west,SKU0026,2024-23,36,599,500
west,SKU0026,2024-24,20,579,0
west,SKU0026,2024-25,29,550,0
west,SKU0026,2024-26,21,529,0
west,SKU0026,2024-27,20,509,0
west,SKU0026,2024-28,22,487,0
west,SKU0026,2024-29,33,454,0
west,SKU0026,2024-30,17,437,0
west,SKU0026,2024-31,21,416,0
west,SKU0026,2024-32,17,399,0
west,SKU0026,2024-33,20,379,0
west,SKU0026,2024-34,20,359,0
west,SKU0026,2024-35,25,334,0
west,SKU0026,2024-36,21,313,0
west,SKU0026,2024-37,20,293,0
west,SKU0026,2024-38,15,278,0
west,SKU0026,2024-39,14,264,0
west,SKU0026,2024-40,14,250,0
west,SKU0026,2024-41,8,242,0
west,SKU0026,2024-42,7,235,0
west,SKU0026,2024-43,18,217,0
west,SKU0026,2024-44,9,208,0
west,SKU0026,2024-45,10,198,0
west,SKU0026,2024-46,14,184,0
west,SKU0026,2024-47,15,169,0
west,SKU0026,2024-48,14,155,0
west,SKU0026,2024-49,24,131,0
west,SKU0026,2024-50,20,111,0
west,SKU0026,2024-51,9,102,0
west,SKU0027,2023-14,2,209,0
west,SKU0027,2023-15,1,208,0
west,SKU0027,2023-16,4,204,0
west,SKU0027,2023-17,4,200,0
west,SKU0027,2023-18,11,189,0
west,SKU0027,2023-19,8,181,0
west,SKU0027,2023-20,3,178,0
west,SKU0027,2023-21,7,171,0
west,SKU0027,2023-22,7,164,0
west,SKU0027,2023-23,9,155,0
west,SKU0027,2023-24,15,140,0
west,SKU0027,2023-25,15,125,0
west,SKU0027,2023-26,13,112,0
west,SKU0027,2023-27,17,395,300
west,SKU0027,2023-28,11,384,0
west,SKU0027,2023-29,11,373,0
west,SKU0027,2023-30,12,361,0
west,SKU0027,2023-31,11,350,0
west,SKU0027,2023-32,10,340,0
west,SKU0027,2023-33,8,332,0
west,SKU0027,2023-34,19,313,0
west,SKU0027,2023-35,11,302,0
west,SKU0027,2023-36,12,290,0
west,SKU0027,2023-37,10,280,0
west,SKU0027,2023-38,16,264,0
west,SKU0027,2023-39,10,254,0
west,SKU0027,2023-40,10,244,0
west,SKU0027,2023-41,10,234,0
west,SKU0027,2023-42,22,212,0
west,SKU0027,2023-43,16,196,0
west,SKU0027,2023-44,11,185,0
west,SKU0027,2023-45,20,165,0
west,SKU0027,2023-46,26,139,0
west,SKU0027,2023-47,25,114,0
west,SKU0027,2023-48,22,592,500
west,SKU0027,2023-49,39,553,0
west,SKU0027,2023-50,28,525,0
west,SKU0027,2023-51,44,481,0
west,SKU0027,2023-52,27,454,0
west,SKU0027,2024-01,42,412,0
west,SKU0027,2024-02,36,376,0
west,SKU0027,2024-03,31,345,0
west,SKU0027,2024-04,46,299,0
west,SKU0027,2024-05,42,257,0
west,SKU0027,2024-06,60,197,0
west,SKU0027,2024-07,30,167,0
west,SKU0027,2024-08,46,121,0
west,SKU0027,2024-09,61,560,500
west,SKU0027,2024-10,51,509,0
west,SKU0027,2024-11,53,456,0
west,SKU0027,2024-12,50,406,0
west,SKU0027,2024-13,33,373,0
west,SKU0027,2024-14,57,316,0
west,SKU0027,2024-15,69,247,0
west,SKU0027,2024-16,53,194,0
west,SKU0027,2024-17,27,167,0
west,SKU0027,2024-18,41,126,0
west,SKU0027,2024-19,55,271,200
west,SKU0027,2024-20,54,217,0
west,SKU0027,2024-21,46,171,0
west,SKU0027,2024-22,53,118,0
west,SKU0027,2024-23,44,274,200
west,SKU0027,2024-24,38,236,0
west,SKU0027,2024-25,46,190,0
west,SKU0027,2024-26,34,156,0
west,SKU0027,2024-27,75,581,500
west,SKU0027,2024-28,54,527,0
west,SKU0027,2024-29,56,471,0
west,SKU0027,2024-30,55,416,0
west,SKU0027,2024-31,40,376,0
west,SKU0027,2024-32,44,332,0
west,SKU0027,2024-33,35,297,0
west,SKU0027,2024-34,56,241,0
west,SKU0027,2024-35,36,205,0
west,SKU0027,2024-36,40,165,0
west,SKU0027,2024-37,28,137,0
west,SKU0027,2024-38,35,102,0
west,SKU0027,2024-39,36,266,200
west,SKU0027,2024-40,35,231,0
west,SKU0027,2024-41,43,188,0
west,SKU0027,2024-42,34,154,0
west,SKU0027,2024-43,39,115,0
west,SKU0027,2024-44,17,398,300
west,SKU0027,2024-45,38,360,0
west,SKU0027,2024-46,34,326,0
west,SKU0027,2024-47,40,286,0
west,SKU0027,2024-48,59,227,0
west,SKU0027,2024-49,52,175,0
west,SKU0027,2024-50,33,142,0
west,SKU0027,2024-51,38,104,0
west,SKU0028,2023-25,2,395,0
west,SKU0028,2023-26,2,393,0
west,SKU0028,2023-27,3,390,0
west,SKU0028,2023-28,6,384,0
west,SKU0028,2023-29,5,379,0
west,SKU0028,2023-30,12,367,0
west,SKU0028,2023-31,5,362,0
west,SKU0028,2023-32,14,348,0
west,SKU0028,2023-33,8,340,0
west,SKU0028,2023-34,13,327,0
west,SKU0028,2023-35,8,319,0
west,SKU0028,2023-36,17,302,0
west,SKU0028,2023-37,27,275,0
west,SKU0028,2023-38,15,260,0
west,SKU0028,2023-39,15,245,0
west,SKU0028,2023-40,19,226,0
west,SKU0028,2023-41,24,202,0
west,SKU0028,2023-42,17,185,0
west,SKU0028,2023-43,15,170,0
west,SKU0028,2023-44,26,144,0
west,SKU0028,2023-45,23,121,0
west,SKU0028,2023-46,47,274,200
west,SKU0028,2023-47,34,240,0
west,SKU0028,2023-48,57,183,0
west,SKU0028,2023-49,29,154,0
west,SKU0028,2023-50,32,122,0
west,SKU0028,2023-51,57,365,300
west,SKU0028,2023-52,52,313,0
west,SKU0028,2024-01,49,264,0
west,SKU0028,2024-02,54,210,0
west,SKU0028,2024-03,49,161,0
west,SKU0028,2024-04,56,105,0
west,SKU0028,2024-05,47,258,200
west,SKU0028,2024-06,61,197,0
west,SKU0028,2024-07,51,146,0
west,SKU0028,2024-08,50,596,500
west,SKU0028,2024-09,60,536,0
west,SKU0028,2024-10,76,460,0
west,SKU0028,2024-11,62,398,0
west,SKU0028,2024-12,48,350,0
west,SKU0028,2024-13,69,281,0
west,SKU0028,2024-14,52,229,0
west,SKU0028,2024-15,77,152,0
west,SKU0028,2024-16,43,109,0
west,SKU0028,2024-17,69,540,500
west,SKU0028,2024-18,51,489,0
west,SKU0028,2024-19,46,443,0
west,SKU0028,2024-20,56,387,0
west,SKU0028,2024-21,37,350,0
west,SKU0028,2024-22,59,291,0
west,SKU0028,2024-23,27,264,0
west,SKU0028,2024-24,23,241,0
west,SKU0028,2024-25,47,194,0
west,SKU0028,2024-26,33,161,0
west,SKU0028,2024-27,29,132,0
west,SKU0028,2024-28,39,393,300
west,SKU0028,2024-29,38,355,0
west,SKU0028,2024-30,42,313,0
west,SKU0028,2024-31,36,277,0
west,SKU0028,2024-32,11,266,0
west,SKU0028,2024-33,40,226,0
west,SKU0028,2024-34,24,202,0
west,SKU0028,2024-35,30,172,0
west,SKU0028,2024-36,22,150,0
west,SKU0028,2024-37,26,124,0
west,SKU0028,2024-38,30,294,200
west,SKU0028,2024-39,30,264,0
west,SKU0028,2024-40,29,235,0
west,SKU0028,2024-41,30,205,0
west,SKU0028,2024-42,17,188,0
west,SKU0028,2024-43,9,179,0
west,SKU0028,2024-44,19,160,0
west,SKU0028,2024-45,31,129,0
west,SKU0028,2024-46,36,293,200
west,SKU0028,2024-47,27,266,0
west,SKU0028,2024-48,31,235,0
west,SKU0028,2024-49,27,208,0
west,SKU0028,2024-50,33,175,0
west,SKU0028,2024-51,27,148,0
west,SKU0029,2023-31,2,223,0
west,SKU0029,2023-32,6,217,0
west,SKU0029,2023-33,9,208,0
west,SKU0029,2023-34,11,197,0
west,SKU0029,2023-35,15,182,0
west,SKU0029,2023-36,22,160,0
west,SKU0029,2023-37,26,134,0
west,SKU0029,2023-38,20,114,0
west,SKU0029,2023-39,28,586,500
west,SKU0029,2023-40,27,559,0
west,SKU0029,2023-41,37,522,0
west,SKU0029,2023-42,32,490,0
west,SKU0029,2023-43,54,436,0
west,SKU0029,2023-44,40,396,0
west,SKU0029,2023-45,40,356,0
west,SKU0029,2023-46,42,314,0
west,SKU0029,2023-47,43,271,0
west,SKU0029,2023-48,32,239,0
west,SKU0029,2023-49,53,186,0
west,SKU0029,2023-50,49,137,0
west,SKU0029,2023-51,46,391,300
west,SKU0029,2023-52,42,349,0
west,SKU0029,2024-01,50,299,0
west,SKU0029,2024-02,42,257,0
west,SKU0029,2024-03,30,227,0
west,SKU0029,2024-04,42,185,0
west,SKU0029,2024-05,39,146,0
west,SKU0029,2024-06,60,586,500
west,SKU0029,2024-07,40,546,0
west,SKU0029,2024-08,46,500,0
west,SKU0029,2024-09,43,457,0
west,SKU0029,2024-10,41,416,0
west,SKU0029,2024-11,37,379,0
west,SKU0029,2024-12,38,341,0
west,SKU0029,2024-13,42,299,0
west,SKU0029,2024-14,36,263,0
west,SKU0029,2024-15,28,235,0
west,SKU0029,2024-16,35,200,0
west,SKU0029,2024-17,38,162,0
west,SKU0029,2024-18,47,115,0
west,SKU0029,2024-19,32,283,200
west,SKU0029,2024-20,27,256,0
west,SKU0029,2024-21,34,222,0
west,SKU0029,2024-22,34,188,0
west,SKU0029,2024-23,26,162,0
west,SKU0029,2024-24,23,139,0
west,SKU0029,2024-25,32,107,0
west,SKU0029,2024-26,25,582,500
west,SKU0029,2024-27,28,554,0
west,SKU0029,2024-28,19,535,0
west,SKU0029,2024-29,20,515,0
west,SKU0029,2024-30,15,500,0
west,SKU0029,2024-31,18,482,0
west,SKU0029,2024-32,17,465,0
west,SKU0029,2024-33,15,450,0
west,SKU0029,2024-34,19,431,0
west,SKU0029,2024-35,12,419,0
west,SKU0029,2024-36,22,397,0
west,SKU0029,2024-37,18,379,0
west,SKU0029,2024-38,15,364,0
west,SKU0029,2024-39,19,345,0
west,SKU0029,2024-40,15,330,0
west,SKU0029,2024-41,17,313,0
west,SKU0029,2024-42,19,294,0
west,SKU0029,2024-43,24,270,0
west,SKU0029,2024-44,15,255,0
west,SKU0029,2024-45,16,239,0
west,SKU0029,2024-46,21,218,0
west,SKU0029,2024-47,18,200,0
west,SKU0029,2024-48,13,187,0
west,SKU0029,2024-49,15,172,0
west,SKU0029,2024-50,19,153,0
west,SKU0029,2024-51,20,133,0
west,SKU0030,2023-14,1,480,0
west,SKU0030,2023-15,3,477,0
west,SKU0030,2023-16,3,474,0
west,SKU0030,2023-17,4,470,0
west,SKU0030,2023-18,4,466,0
west,SKU0030,2023-19,8,458,0
west,SKU0030,2023-20,7,451,0
west,SKU0030,2023-21,7,444,0
west,SKU0030,2023-22,6,438,0
west,SKU0030,2023-23,8,430,0
west,SKU0030,2023-24,7,423,0
west,SKU0030,2023-25,12,411,0
west,SKU0030,2023-26,10,401,0
west,SKU0030,2023-27,7,394,0
west,SKU0030,2023-28,13,381,0
west,SKU0030,2023-29,12,369,0
west,SKU0030,2023-30,15,354,0
west,SKU0030,2023-31,15,339,0
west,SKU0030,2023-32,12,327,0
west,SKU0030,2023-33,15,312,0
west,SKU0030,2023-34,17,295,0
west,SKU0030,2023-35,17,278,0
west,SKU0030,2023-36,14,264,0
west,SKU0030,2023-37,15,249,0
west,SKU0030,2023-38,22,227,0
west,SKU0030,2023-39,13,214,0
west,SKU0030,2023-40,15,199,0
west,SKU0030,2023-41,16,183,0
west,SKU0030,2023-42,14,169,0
west,SKU0030,2023-43,20,149,0
west,SKU0030,2023-44,22,127,0
west,SKU0030,2023-45,14,113,0
west,SKU0030,2023-46,44,269,200
west,SKU0030,2023-47,35,234,0
west,SKU0030,2023-48,25,209,0
west,SKU0030,2023-49,36,173,0
west,SKU0030,2023-50,31,142,0
west,SKU0030,2023-51,35,107,0
west,SKU0030,2023-52,32,375,300
west,SKU0030,2024-01,30,345,0
west,SKU0030,2024-02,49,296,0
west,SKU0030,2024-03,41,255,0
west,SKU0030,2024-04,48,207,0
west,SKU0030,2024-05,38,169,0
west,SKU0030,2024-06,45,124,0
west,SKU0030,2024-07,47,377,300
west,SKU0030,2024-08,67,310,0
west,SKU0030,2024-09,44,266,0
west,SKU0030,2024-10,38,228,0
west,SKU0030,2024-11,63,165,0
west,SKU0030,2024-12,42,123,0
west,SKU0030,2024-13,40,583,500
west,SKU0030,2024-14,60,523,0
west,SKU0030,2024-15,65,458,0
west,SKU0030,2024-16,49,409,0
west,SKU0030,2024-17,44,365,0
west,SKU0030,2024-18,54,311,0
west,SKU0030,2024-19,59,252,0
west,SKU0030,2024-20,60,192,0
west,SKU0030,2024-21,43,149,0
west,SKU0030,2024-22,47,102,0
west,SKU0030,2024-23,65,337,300
west,SKU0030,2024-24,49,288,0
west,SKU0030,2024-25,49,239,0
west,SKU0030,2024-26,36,203,0
west,SKU0030,2024-27,40,163,0
west,SKU0030,2024-28,56,107,0
west,SKU0030,2024-29,50,557,500
west,SKU0030,2024-30,29,528,0
west,SKU0030,2024-31,42,486,0
west,SKU0030,2024-32,39,447,0
west,SKU0030,2024-33,36,411,0
west,SKU0030,2024-34,47,364,0
west,SKU0030,2024-35,36,328,0
west,SKU0030,2024-36,32,296,0
west,SKU0030,2024-37,21,275,0
west,SKU0030,2024-38,34,241,0
west,SKU0030,2024-39,30,211,0
west,SKU0030,2024-40,23,188,0
west,SKU0030,2024-41,54,134,0
west,SKU0030,2024-42,36,298,200
west,SKU0030,2024-43,37,261,0
west,SKU0030,2024-44,37,224,0
west,SKU0030,2024-45,24,200,0
west,SKU0030,2024-46,33,167,0
west,SKU0030,2024-47,27,140,0
west,SKU0030,2024-48,31,109,0
west,SKU0030,2024-49,44,565,500
west,SKU0030,2024-50,37,528,0
west,SKU0030,2024-51,39,489,0
west,SKU0031,2023-22,2,334,0
west,SKU0031,2023-23,3,331,0
west,SKU0031,2023-24,1,330,0
west,SKU0031,2023-25,7,323,0
west,SKU0031,2023-26,1,322,0
west,SKU0031,2023-27,6,316,0
west,SKU0031,2023-28,5,311,0
west,SKU0031,2023-29,9,302,0
west,SKU0031,2023-30,16,286,0
west,SKU0031,2023-31,12,274,0
west,SKU0031,2023-32,11,263,0
west,SKU0031,2023-33,17,246,0
west,SKU0031,2023-34,10,236,0
west,SKU0031,2023-35,18,218,0
west,SKU0031,2023-36,10,208,0
west,SKU0031,2023-37,13,195,0
west,SKU0031,2023-38,16,179,0
west,SKU0031,2023-39,11,168,0
west,SKU0031,2023-40,15,153,0
west,SKU0031,2023-41,15,138,0
west,SKU0031,2023-42,14,124,0
west,SKU0031,2023-43,16,108,0
west,SKU0031,2023-44,26,582,500
west,SKU0031,2023-45,13,569,0
west,SKU0031,2023-46,30,539,0
west,SKU0031,2023-47,29,510,0
west,SKU0031,2023-48,15,495,0
west,SKU0031,2023-49,36,459,0
west,SKU0031,2023-50,28,431,0
west,SKU0031,2023-51,42,389,0
west,SKU0031,2023-52,29,360,0
west,SKU0031,2024-01,36,324,0
west,SKU0031,2024-02,37,287,0
west,SKU0031,2024-03,41,246,0
west,SKU0031,2024-04,22,224,0
west,SKU0031,2024-05,31,193,0
west,SKU0031,2024-06,60,133,0
west,SKU0031,2024-07,54,379,300
west,SKU0031,2024-08,48,331,0
west,SKU0031,2024-09,42,289,0
west,SKU0031,2024-10,40,249,0
west,SKU0031,2024-11,49,200,0
west,SKU0031,2024-12,68,132,0
west,SKU0031,2024-13,28,104,0
west,SKU0031,2024-14,67,537,500
west,SKU0031,2024-15,64,473,0
west,SKU0031,2024-16,58,415,0
west,SKU0031,2024-17,37,378,0
west,SKU0031,2024-18,69,309,0
west,SKU0031,2024-19,83,226,0
west,SKU0031,2024-20,54,172,0
west,SKU0031,2024-21,56,116,0
west,SKU0031,2024-22,34,582,500
west,SKU0031,2024-23,54,528,0
west,SKU0031,2024-24,48,480,0
west,SKU0031,2024-25,63,417,0
west,SKU0031,2024-26,40,377,0
west,SKU0031,2024-27,34,343,0
west,SKU0031,2024-28,35,308,0
west,SKU0031,2024-29,30,278,0
west,SKU0031,2024-30,31,247,0
west,SKU0031,2024-31,24,223,0
west,SKU0031,2024-32,51,172,0
west,SKU0031,2024-33,26,146,0
west,SKU0031,2024-34,24,122,0
west,SKU0031,2024-35,30,292,200
west,SKU0031,2024-36,26,266,0
west,SKU0031,2024-37,28,238,0
west,SKU0031,2024-38,23,215,0
west,SKU0031,2024-39,39,176,0
west,SKU0031,2024-40,26,150,0
west,SKU0031,2024-41,29,121,0
west,SKU0031,2024-42,29,392,300
west,SKU0031,2024-43,33,359,0
west,SKU0031,2024-44,25,334,0
west,SKU0031,2024-45,27,307,0
west,SKU0031,2024-46,36,271,0
west,SKU0031,2024-47,25,246,0
west,SKU0031,2024-48,18,228,0
west,SKU0031,2024-49,25,203,0
west,SKU0031,2024-50,27,176,0
west,SKU0031,2024-51,22,154,0
west,SKU0032,2023-06,2,420,0
west,SKU0032,2023-07,1,419,0
west,SKU0032,2023-08,5,414,0
west,SKU0032,2023-09,5,409,0
west,SKU0032,2023-10,6,403,0
west,SKU0032,2023-11,8,395,0
west,SKU0032,2023-12,5,390,0
west,SKU0032,2023-13,8,382,0
west,SKU0032,2023-14,6,376,0
west,SKU0032,2023-15,7,369,0
west,SKU0032,2023-16,12,357,0
west,SKU0032,2023-17,9,348,0
west,SKU0032,2023-18,13,335,0
west,SKU0032,2023-19,9,326,0
west,SKU0032,2023-20,15,311,0
west,SKU0032,2023-21,18,293,0
west,SKU0032,2023-22,11,282,0
west,SKU0032,2023-23,13,269,0
west,SKU0032,2023-24,13,256,0
west,SKU0032,2023-25,15,241,0
west,SKU0032,2023-26,17,224,0
west,SKU0032,2023-27,13,211,0
west,SKU0032,2023-28,22,189,0
west,SKU0032,2023-29,13,176,0
west,SKU0032,2023-30,18,158,0
west,SKU0032,2023-31,17,141,0
west,SKU0032,2023-32,23,118,0
west,SKU0032,2023-33,29,389,300
west,SKU0032,2023-34,21,368,0
west,SKU0032,2023-35,13,355,0
west,SKU0032,2023-36,21,334,0
west,SKU0032,2023-37,20,314,0
west,SKU0032,2023-38,27,287,0
west,SKU0032,2023-39,16,271,0
west,SKU0032,2023-40,24,247,0
west,SKU0032,2023-41,29,218,0
west,SKU0032,2023-42,18,200,0
west,SKU0032,2023-43,21,179,0
west,SKU0032,2023-44,29,150,0
west,SKU0032,2023-45,18,132,0
west,SKU0032,2023-46,34,598,500
west,SKU0032,2023-47,32,566,0
west,SKU0032,2023-48,25,541,0
west,SKU0032,2023-49,26,515,0
west,SKU0032,2023-50,28,487,0
west,SKU0032,2023-51,36,451,0
west,SKU0032,2023-52,54,397,0
west,SKU0032,2024-01,38,359,0
west,SKU0032,2024-02,36,323,0
west,SKU0032,2024-03,28,295,0
west,SKU0032,2024-04,44,251,0
west,SKU0032,2024-05,56,195,0
west,SKU0032,2024-06,43,152,0
west,SKU0032,2024-07,38,114,0
west,SKU0032,2024-08,37,577,500
west,SKU0032,2024-09,57,520,0
west,SKU0032,2024-10,43,477,0
west,SKU0032,2024-11,49,428,0
west,SKU0032,2024-12,64,364,0
west,SKU0032,2024-13,52,312,0
west,SKU0032,2024-14,70,242,0
west,SKU0032,2024-15,57,185,0
west,SKU0032,2024-16,76,109,0
west,SKU0032,2024-17,65,344,300
west,SKU0032,2024-18,53,291,0
west,SKU0032,2024-19,53,238,0
west,SKU0032,2024-20,49,189,0
west,SKU0032,2024-21,35,154,0
west,SKU0032,2024-22,46,108,0
west,SKU0032,2024-23,41,567,500
west,SKU0032,2024-24,61,506,0
west,SKU0032,2024-25,33,473,0
west,SKU0032,2024-26,46,427,0
west,SKU0032,2024-27,37,390,0
west,SKU0032,2024-28,32,358,0
west,SKU0032,2024-29,41,317,0
west,SKU0032,2024-30,37,280,0
west,SKU0032,2024-31,33,247,0
west,SKU0032,2024-32,26,221,0
west,SKU0032,2024-33,34,187,0
west,SKU0032,2024-34,34,153,0
west,SKU0032,2024-35,29,124,0
west,SKU0032,2024-36,24,100,0
west,SKU0032,2024-37,34,366,300
west,SKU0032,2024-38,27,339,0
west,SKU0032,2024-39,23,316,0
west,SKU0032,2024-40,25,291,0
west,SKU0032,2024-41,27,264,0
west,SKU0032,2024-42,31,233,0
west,SKU0032,2024-43,20,213,0
west,SKU0032,2024-44,25,188,0
west,SKU0032,2024-45,25,163,0
west,SKU0032,2024-46,23,140,0
west,SKU0032,2024-47,26,114,0
west,SKU0032,2024-48,22,592,500
west,SKU0032,2024-49,24,568,0
west,SKU0032,2024-50,25,543,0
west,SKU0032,2024-51,36,507,0
west,SKU0033,2023-29,2,470,0
west,SKU0033,2023-30,6,464,0
west,SKU0033,2023-31,8,456,0
west,SKU0033,2023-32,8,448,0
west,SKU0033,2023-33,9,439,0
west,SKU0033,2023-34,6,433,0
west,SKU0033,2023-35,14,419,0
west,SKU0033,2023-36,15,404,0
west,SKU0033,2023-37,14,390,0
west,SKU0033,2023-38,18,372,0
west,SKU0033,2023-39,27,345,0
west,SKU0033,2023-40,21,324,0
west,SKU0033,2023-41,27,297,0
west,SKU0033,2023-42,35,262,0
west,SKU0033,2023-43,29,233,0
west,SKU0033,2023-44,25,208,0
west,SKU0033,2023-45,30,178,0
west,SKU0033,2023-46,42,136,0
west,SKU0033,2023-47,39,397,300
west,SKU0033,2023-48,52,345,0
west,SKU0033,2023-49,25,320,0
west,SKU0033,2023-50,45,275,0
west,SKU0033,2023-51,40,235,0
west,SKU0033,2023-52,60,175,0
west,SKU0033,2024-01,50,125,0
west,SKU0033,2024-02,50,575,500
west,SKU0033,2024-03,52,523,0
west,SKU0033,2024-04,36,487,0
west,SKU0033,2024-05,37,450,0
west,SKU0033,2024-06,50,400,0
west,SKU0033,2024-07,48,352,0
west,SKU0033,2024-08,37,315,0
west,SKU0033,2024-09,37,278,0
west,SKU0033,2024-10,51,227,0
west,SKU0033,2024-11,61,166,0
west,SKU0033,2024-12,60,106,0
west,SKU0033,2024-13,76,530,500
west,SKU0033,2024-14,55,475,0
west,SKU0033,2024-15,59,416,0
west,SKU0033,2024-16,50,366,0
west,SKU0033,2024-17,53,313,0
west,SKU0033,2024-18,55,258,0
west,SKU0033,2024-19,52,206,0
west,SKU0033,2024-20,52,154,0
west,SKU0033,2024-21,47,107,0
west,SKU0033,2024-22,52,255,200
west,SKU0033,2024-23,50,205,0
west,SKU0033,2024-24,32,173,0
west,SKU0033,2024-25,42,131,0
west,SKU0033,2024-26,48,383,300
west,SKU0033,2024-27,41,342,0
west,SKU0033,2024-28,24,318,0
west,SKU0033,2024-29,29,289,0
west,SKU0033,2024-30,37,252,0
west,SKU0033,2024-31,30,222,0
west,SKU0033,2024-32,36,186,0
west,SKU0033,2024-33,33,153,0
west,SKU0033,2024-34,41,112,0
west,SKU0033,2024-35,33,579,500
west,SKU0033,2024-36,27,552,0
west,SKU0033,2024-37,31,521,0
west,SKU0033,2024-38,28,493,0
west,SKU0033,2024-39,19,474,0
west,SKU0033,2024-40,26,448,0
west,SKU0033,2024-41,32,416,0
west,SKU0033,2024-42,37,379,0
west,SKU0033,2024-43,24,355,0
west,SKU0033,2024-44,22,333,0
west,SKU0033,2024-45,34,299,0
west,SKU0033,2024-46,24,275,0
west,SKU0033,2024-47,26,249,0
west,SKU0033,2024-48,29,220,0
west,SKU0033,2024-49,27,193,0
west,SKU0033,2024-50,39,154,0
west,SKU0033,2024-51,40,114,0
west,SKU0034,2023-24,2,490,0
west,SKU0034,2023-25,1,489,0
west,SKU0034,2023-26,4,485,0
west,SKU0034,2023-27,5,480,0
west,SKU0034,2023-28,2,478,0
west,SKU0034,2023-29,4,474,0
west,SKU0034,2023-30,4,470,0
west,SKU0034,2023-31,7,463,0
west,SKU0034,2023-32,10,453,0
west,SKU0034,2023-33,8,445,0
west,SKU0034,2023-34,11,434,0
west,SKU0034,2023-35,10,424,0
west,SKU0034,2023-36,5,419,0
west,SKU0034,2023-37,8,411,0
west,SKU0034,2023-38,12,399,0
west,SKU0034,2023-39,14,385,0
west,SKU0034,2023-40,9,376,0
west,SKU0034,2023-41,14,362,0
west,SKU0034,2023-42,17,345,0
west,SKU0034,2023-43,17,328,0
west,SKU0034,2023-44,18,310,0
west,SKU0034,2023-45,19,291,0
west,SKU0034,2023-46,17,274,0
west,SKU0034,2023-47,19,255,0
west,SKU0034,2023-48,15,240,0
west,SKU0034,2023-49,17,223,0
west,SKU0034,2023-50,25,198,0
west,SKU0034,2023-51,19,179,0
west,SKU0034,2023-52,23,156,0
west,SKU0034,2024-01,24,132,0
west,SKU0034,2024-02,29,103,0
west,SKU0034,2024-03,29,574,500
west,SKU0034,2024-04,35,539,0
west,SKU0034,2024-05,35,504,0
west,SKU0034,2024-06,41,463,0
west,SKU0034,2024-07,32,431,0
west,SKU0034,2024-08,35,396,0
west,SKU0034,2024-09,43,353,0
west,SKU0034,2024-10,45,308,0
west,SKU0034,2024-11,56,252,0
west,SKU0034,2024-12,37,215,0
west,SKU0034,2024-13,50,165,0
west,SKU0034,2024-14,46,119,0
west,SKU0034,2024-15,42,377,300
west,SKU0034,2024-16,33,344,0
west,SKU0034,2024-17,59,285,0
west,SKU0034,2024-18,39,246,0
west,SKU0034,2024-19,39,207,0
west,SKU0034,2024-20,54,153,0
west,SKU0034,2024-21,36,117,0
west,SKU0034,2024-22,51,566,500
west,SKU0034,2024-23,54,512,0
west,SKU0034,2024-24,56,456,0
west,SKU0034,2024-25,36,420,0
west,SKU0034,2024-26,42,378,0
west,SKU0034,2024-27,51,327,0
west,SKU0034,2024-28,35,292,0
west,SKU0034,2024-29,27,265,0
west,SKU0034,2024-30,44,221,0
west,SKU0034,2024-31,33,188,0
west,SKU0034,2024-32,31,157,0
west,SKU0034,2024-33,39,118,0
west,SKU0034,2024-34,39,579,500
west,SKU0034,2024-35,34,545,0
west,SKU0034,2024-36,40,505,0
west,SKU0034,2024-37,39,466,0
west,SKU0034,2024-38,33,433,0
west,SKU0034,2024-39,27,406,0
west,SKU0034,2024-40,30,376,0
west,SKU0034,2024-41,29,347,0
west,SKU0034,2024-42,34,313,0
west,SKU0034,2024-43,31,282,0
west,SKU0034,2024-44,37,245,0
west,SKU0034,2024-45,29,216,0
west,SKU0034,2024-46,20,196,0
west,SKU0034,2024-47,14,182,0
west,SKU0034,2024-48,28,154,0
west,SKU0034,2024-49,21,133,0
west,SKU0034,2024-50,26,107,0
west,SKU0034,2024-51,14,593,500
west,SKU0035,2023-26,1,213,0
west,SKU0035,2023-27,4,209,0
west,SKU0035,2023-28,5,204,0
west,SKU0035,2023-29,5,199,0
west,SKU0035,2023-30,8,191,0
west,SKU0035,2023-31,6,185,0
west,SKU0035,2023-32,9,176,0
west,SKU0035,2023-33,12,164,0
west,SKU0035,2023-34,12,152,0
west,SKU0035,2023-35,16,136,0
west,SKU0035,2023-36,9,127,0
west,SKU0035,2023-37,12,115,0
west,SKU0035,2023-38,15,100,0
west,SKU0035,2023-39,22,278,200
west,SKU0035,2023-40,24,254,0
west,SKU0035,2023-41,23,231,0
west,SKU0035,2023-42,20,211,0
west,SKU0035,2023-43,20,191,0
west,SKU0035,2023-44,26,165,0
west,SKU0035,2023-45,21,144,0
west,SKU0035,2023-46,32,112,0
west,SKU0035,2023-47,32,280,200
west,SKU0035,2023-48,36,244,0
west,SKU0035,2023-49,30,214,0
west,SKU0035,2023-50,46,168,0
west,SKU0035,2023-51,49,119,0
west,SKU0035,2023-52,52,367,300
west,SKU0035,2024-01,44,323,0
west,SKU0035,2024-02,58,265,0
west,SKU0035,2024-03,51,214,0
west,SKU0035,2024-04,45,169,0
west,SKU0035,2024-05,56,113,0
west,SKU0035,2024-06,42,271,200
west,SKU0035,2024-07,60,211,0
west,SKU0035,2024-08,47,164,0
west,SKU0035,2024-09,45,119,0
west,SKU0035,2024-10,49,270,200
west,SKU0035,2024-11,38,232,0
west,SKU0035,2024-12,51,181,0
west,SKU0035,2024-13,33,148,0
west,SKU0035,2024-14,39,109,0
west,SKU0035,2024-15,52,357,300
west,SKU0035,2024-16,40,317,0
west,SKU0035,2024-17,43,274,0
west,SKU0035,2024-18,48,226,0
west,SKU0035,2024-19,46,180,0
west,SKU0035,2024-20,42,138,0
west,SKU0035,2024-21,39,299,200
west,SKU0035,2024-22,28,271,0
west,SKU0035,2024-23,33,238,0
west,SKU0035,2024-24,30,208,0
west,SKU0035,2024-25,30,178,0
west,SKU0035,2024-26,25,153,0
west,SKU0035,2024-27,42,111,0
west,SKU0035,2024-28,26,285,200
west,SKU0035,2024-29,25,260,0
west,SKU0035,2024-30,32,228,0
west,SKU0035,2024-31,22,206,0
west,SKU0035,2024-32,22,184,0
west,SKU0035,2024-33,17,167,0
west,SKU0035,2024-34,26,141,0
west,SKU0035,2024-35,18,123,0
west,SKU0035,2024-36,21,102,0
west,SKU0035,2024-37,14,388,300
west,SKU0035,2024-38,30,358,0
west,SKU0035,2024-39,24,334,0
west,SKU0035,2024-40,14,320,0
west,SKU0035,2024-41,23,297,0
west,SKU0035,2024-42,28,269,0
west,SKU0035,2024-43,26,243,0
west,SKU0035,2024-44,20,223,0
west,SKU0035,2024-45,17,206,0
west,SKU0035,2024-46,28,178,0
west,SKU0035,2024-47,16,162,0
west,SKU0035,2024-48,20,142,0
west,SKU0035,2024-49,25,117,0
west,SKU0035,2024-50,17,100,0
west,SKU0035,2024-51,28,372,300
west,SKU0036,2023-07,1,509,0
west,SKU0036,2023-08,3,506,0
west,SKU0036,2023-09,2,504,0
west,SKU0036,2023-10,4,500,0
west,SKU0036,2023-11,6,494,0
west,SKU0036,2023-12,5,489,0
west,SKU0036,2023-13,8,481,0
west,SKU0036,2023-14,7,474,0
west,SKU0036,2023-15,3,471,0
west,SKU0036,2023-16,8,463,0
west,SKU0036,2023-17,9,454,0
west,SKU0036,2023-18,14,440,0
west,SKU0036,2023-19,17,423,0
west,SKU0036,2023-20,11,412,0
west,SKU0036,2023-21,19,393,0
west,SKU0036,2023-22,10,383,0
west,SKU0036,2023-23,14,369,0
west,SKU0036,2023-24,21,348,0
west,SKU0036,2023-25,20,328,0
west,SKU0036,2023-26,26,302,0
west,SKU0036,2023-27,10,292,0
west,SKU0036,2023-28,12,280,0
west,SKU0036,2023-29,15,265,0
west,SKU0036,2023-30,22,243,0
west,SKU0036,2023-31,11,232,0
west,SKU0036,2023-32,19,213,0
west,SKU0036,2023-33,19,194,0
west,SKU0036,2023-34,18,176,0
west,SKU0036,2023-35,12,164,0
west,SKU0036,2023-36,7,157,0
west,SKU0036,2023-37,21,136,0
west,SKU0036,2023-38,19,117,0
west,SKU0036,2023-39,24,593,500
west,SKU0036,2023-40,23,570,0
west,SKU0036,2023-41,20,550,0
west,SKU0036,2023-42,24,526,0
west,SKU0036,2023-43,21,505,0
west,SKU0036,2023-44,33,472,0
west,SKU0036,2023-45,18,454,0
west,SKU0036,2023-46,32,422,0
west,SKU0036,2023-47,26,396,0
west,SKU0036,2023-48,26,370,0
west,SKU0036,2023-49,37,333,0
west,SKU0036,2023-50,28,305,0
west,SKU0036,2023-51,53,252,0
west,SKU0036,2023-52,38,214,0
west,SKU0036,2024-01,35,179,0
west,SKU0036,2024-02,36,143,0
west,SKU0036,2024-03,43,100,0
west,SKU0036,2024-04,50,350,300
west,SKU0036,2024-05,46,304,0
west,SKU0036,2024-06,47,257,0
west,SKU0036,2024-07,39,218,0
west,SKU0036,2024-08,50,168,0
west,SKU0036,2024-09,47,121,0
west,SKU0036,2024-10,51,370,300
west,SKU0036,2024-11,63,307,0
west,SKU0036,2024-12,57,250,0
west,SKU0036,2024-13,68,182,0
west,SKU0036,2024-14,79,103,0
west,SKU0036,2024-15,60,343,300
west,SKU0036,2024-16,52,291,0
west,SKU0036,2024-17,76,215,0
west,SKU0036,2024-18,61,154,0
west,SKU0036,2024-19,52,102,0
west,SKU0036,2024-20,44,558,500
west,SKU0036,2024-21,39,519,0
west,SKU0036,2024-22,49,470,0
west,SKU0036,2024-23,51,419,0
west,SKU0036,2024-24,38,381,0
west,SKU0036,2024-25,43,338,0
west,SKU0036,2024-26,46,292,0
west,SKU0036,2024-27,37,255,0
west,SKU0036,2024-28,33,222,0
west,SKU0036,2024-29,44,178,0
west,SKU0036,2024-30,20,158,0
west,SKU0036,2024-31,47,111,0
west,SKU0036,2024-32,30,581,500
west,SKU0036,2024-33,22,559,0
west,SKU0036,2024-34,43,516,0
west,SKU0036,2024-35,36,480,0
west,SKU0036,2024-36,32,448,0
west,SKU0036,2024-37,40,408,0
west,SKU0036,2024-38,24,384,0
west,SKU0036,2024-39,15,369,0
west,SKU0036,2024-40,35,334,0
west,SKU0036,2024-41,25,309,0
west,SKU0036,2024-42,34,275,0
west,SKU0036,2024-43,27,248,0
west,SKU0036,2024-44,20,228,0
west,SKU0036,2024-45,23,205,0
west,SKU0036,2024-46,25,180,0
west,SKU0036,2024-47,20,160,0
west,SKU0036,2024-48,41,119,0
west,SKU0036,2024-49,30,289,200
west,SKU0036,2024-50,38,251,0
west,SKU0036,2024-51,21,230,0
west,SKU0037,2023-23,2,338,0
west,SKU0037,2023-24,6,332,0
west,SKU0037,2023-25,3,329,0
west,SKU0037,2023-26,4,325,0
west,SKU0037,2023-27,7,318,0
west,SKU0037,2023-28,10,308,0
west,SKU0037,2023-29,9,299,0
west,SKU0037,2023-30,8,291,0
west,SKU0037,2023-31,9,282,0
west,SKU0037,2023-32,10,272,0
west,SKU0037,2023-33,12,260,0
west,SKU0037,2023-34,12,248,0
west,SKU0037,2023-35,15,233,0
west,SKU0037,2023-36,22,211,0
west,SKU0037,2023-37,18,193,0
west,SKU0037,2023-38,23,170,0
west,SKU0037,2023-39,12,158,0
west,SKU0037,2023-40,21,137,0
west,SKU0037,2023-41,25,112,0
west,SKU0037,2023-42,26,386,300
west,SKU0037,2023-43,21,365,0
west,SKU0037,2023-44,22,343,0
west,SKU0037,2023-45,34,309,0
west,SKU0037,2023-46,31,278,0
west,SKU0037,2023-47,28,250,0
west,SKU0037,2023-48,38,212,0
west,SKU0037,2023-49,37,175,0
west,SKU0037,2023-50,31,144,0
west,SKU0037,2023-51,58,586,500
west,SKU0037,2023-52,45,541,0
west,SKU0037,2024-01,55,486,0
west,SKU0037,2024-02,50,436,0
west,SKU0037,2024-03,62,374,0
west,SKU0037,2024-04,39,335,0
west,SKU0037,2024-05,49,286,0
west,SKU0037,2024-06,44,242,0
west,SKU0037,2024-07,73,169,0
west,SKU0037,2024-08,57,112,0
west,SKU0037,2024-09,42,570,500
west,SKU0037,2024-10,53,517,0
west,SKU0037,2024-11,57,460,0
west,SKU0037,2024-12,55,405,0
west,SKU0037,2024-13,41,364,0
west,SKU0037,2024-14,46,318,0
west,SKU0037,2024-15,36,282,0
west,SKU0037,2024-16,46,236,0
west,SKU0037,2024-17,50,186,0
west,SKU0037,2024-18,47,139,0
west,SKU0037,2024-19,40,599,500
west,SKU0037,2024-20,50,549,0
west,SKU0037,2024-21,61,488,0
west,SKU0037,2024-22,40,448,0
west,SKU0037,2024-23,50,398,0
west,SKU0037,2024-24,30,368,0
west,SKU0037,2024-25,29,339,0
west,SKU0037,2024-26,38,301,0
west,SKU0037,2024-27,41,260,0
west,SKU0037,2024-28,45,215,0
west,SKU0037,2024-29,40,175,0
west,SKU0037,2024-30,47,128,0
west,SKU0037,2024-31,19,109,0
west,SKU0037,2024-32,40,369,300
west,SKU0037,2024-33,37,332,0
west,SKU0037,2024-34,39,293,0
west,SKU0037,2024-35,45,248,0
west,SKU0037,2024-36,33,215,0
west,SKU0037,2024-37,35,180,0
west,SKU0037,2024-38,22,158,0
west,SKU0037,2024-39,32,126,0
west,SKU0037,2024-40,21,105,0
west,SKU0037,2024-41,33,272,200
west,SKU0037,2024-42,29,243,0
west,SKU0037,2024-43,14,229,0
west,SKU0037,2024-44,36,193,0
west,SKU0037,2024-45,32,161,0
west,SKU0037,2024-46,33,128,0
west,SKU0037,2024-47,27,101,0
west,SKU0037,2024-48,36,365,300
west,SKU0037,2024-49,44,321,0
west,SKU0037,2024-50,47,274,0
west,SKU0037,2024-51,31,243,0
west,SKU0038,2023-23,1,516,0
west,SKU0038,2023-24,1,515,0
west,SKU0038,2023-25,5,510,0
west,SKU0038,2023-26,6,504,0
west,SKU0038,2023-27,8,496,0
west,SKU0038,2023-28,14,482,0
west,SKU0038,2023-29,12,470,0
west,SKU0038,2023-30,14,456,0
west,SKU0038,2023-31,6,450,0
west,SKU0038,2023-32,17,433,0
west,SKU0038,2023-33,19,414,0
west,SKU0038,2023-34,9,405,0
west,SKU0038,2023-35,24,381,0
west,SKU0038,2023-36,11,370,0
west,SKU0038,2023-37,31,339,0
west,SKU0038,2023-38,20,319,0
west,SKU0038,2023-39,26,293,0
west,SKU0038,2023-40,24,269,0
west,SKU0038,2023-41,20,249,0
west,SKU0038,2023-42,38,211,0
west,SKU0038,2023-43,21,190,0
west,SKU0038,2023-44,28,162,0
west,SKU0038,2023-45,37,125,0
west,SKU0038,2023-46,28,297,200
west,SKU0038,2023-47,52,245,0
west,SKU0038,2023-48,71,174,0
west,SKU0038,2023-49,31,143,0
west,SKU0038,2023-50,36,107,0
west,SKU0038,2023-51,61,246,200
west,SKU0038,2023-52,34,212,0
west,SKU0038,2024-01,60,152,0
west,SKU0038,2024-02,69,583,500
west,SKU0038,2024-03,52,531,0
west,SKU0038,2024-04,49,482,0
west,SKU0038,2024-05,49,433,0
west,SKU0038,2024-06,46,387,0
west,SKU0038,2024-07,45,342,0
west,SKU0038,2024-08,41,301,0
west,SKU0038,2024-09,47,254,0
west,SKU0038,2024-10,45,209,0
west,SKU0038,2024-11,38,171,0
west,SKU0038,2024-12,39,132,0
west,SKU0038,2024-13,37,295,200
west,SKU0038,2024-14,52,243,0
west,SKU0038,2024-15,51,192,0
west,SKU0038,2024-16,46,146,0
west,SKU0038,2024-17,48,398,300
west,SKU0038,2024-18,45,353,0
west,SKU0038,2024-19,59,294,0
west,SKU0038,2024-20,54,240,0
west,SKU0038,2024-21,34,206,0
west,SKU0038,2024-22,51,155,0
west,SKU0038,2024-23,50,105,0
west,SKU0038,2024-24,46,359,300
west,SKU0038,2024-25,38,321,0
west,SKU0038,2024-26,45,276,0
west,SKU0038,2024-27,40,236,0
west,SKU0038,2024-28,37,199,0
west,SKU0038,2024-29,35,164,0
west,SKU0038,2024-30,34,130,0
west,SKU0038,2024-31,37,293,200
west,SKU0038,2024-32,31,262,0
west,SKU0038,2024-33,32,230,0
west,SKU0038,2024-34,33,197,0
west,SKU0038,2024-35,20,177,0
west,SKU0038,2024-36,29,148,0
west,SKU0038,2024-37,25,123,0
west,SKU0038,2024-38,23,100,0
west,SKU0038,2024-39,28,572,500
west,SKU0038,2024-40,23,549,0
west,SKU0038,2024-41,25,524,0
west,SKU0038,2024-42,26,498,0
west,SKU0038,2024-43,24,474,0
west,SKU0038,2024-44,21,453,0
west,SKU0038,2024-45,43,410,0
west,SKU0038,2024-46,22,388,0
west,SKU0038,2024-47,24,364,0
west,SKU0038,2024-48,38,326,0
west,SKU0038,2024-49,34,292,0
west,SKU0038,2024-50,25,267,0
west,SKU0038,2024-51,33,234,0
west,SKU0039,2023-36,2,556,0
west,SKU0039,2023-37,4,552,0
west,SKU0039,2023-38,5,547,0
west,SKU0039,2023-39,5,542,0
west,SKU0039,2023-40,6,536,0
west,SKU0039,2023-41,10,526,0
west,SKU0039,2023-42,11,515,0
west,SKU0039,2023-43,23,492,0
west,SKU0039,2023-44,19,473,0
west,SKU0039,2023-45,18,455,0
west,SKU0039,2023-46,18,437,0
west,SKU0039,2023-47,17,420,0
west,SKU0039,2023-48,19,401,0
west,SKU0039,2023-49,24,377,0
west,SKU0039,2023-50,23,354,0
west,SKU0039,2023-51,45,309,0
west,SKU0039,2023-52,43,266,0
west,SKU0039,2024-01,48,218,0
west,SKU0039,2024-02,46,172,0
west,SKU0039,2024-03,49,123,0
west,SKU0039,2024-04,42,281,200
west,SKU0039,2024-05,72,209,0
west,SKU0039,2024-06,65,144,0
west,SKU0039,2024-07,57,287,200
west,SKU0039,2024-08,46,241,0
west,SKU0039,2024-09,49,192,0
west,SKU0039,2024-10,64,128,0
west,SKU0039,2024-11,71,357,300
west,SKU0039,2024-12,78,279,0
west,SKU0039,2024-13,79,200,0
west,SKU0039,2024-14,48,152,0
west,SKU0039,2024-15,70,282,200
west,SKU0039,2024-16,55,227,0
west,SKU0039,2024-17,64,163,0
west,SKU0039,2024-18,45,118,0
west,SKU0039,2024-19,38,580,500
west,SKU0039,2024-20,32,548,0
west,SKU0039,2024-21,51,497,0
west,SKU0039,2024-22,57,440,0
west,SKU0039,2024-23,64,376,0
west,SKU0039,2024-24,38,338,0
west,SKU0039,2024-25,26,312,0
west,SKU0039,2024-26,36,276,0
west,SKU0039,2024-27,27,249,0
west,SKU0039,2024-28,38,211,0
west,SKU0039,2024-29,45,166,0
west,SKU0039,2024-30,33,133,0
west,SKU0039,2024-31,37,296,200
west,SKU0039,2024-32,30,266,0
west,SKU0039,2024-33,55,211,0
west,SKU0039,2024-34,20,191,0
west,SKU0039,2024-35,19,172,0
west,SKU0039,2024-36,34,138,0
west,SKU0039,2024-37,27,111,0
west,SKU0039,2024-38,23,388,300
west,SKU0039,2024-39,35,353,0
west,SKU0039,2024-40,23,330,0
west,SKU0039,2024-41,24,306,0
west,SKU0039,2024-42,31,275,0
west,SKU0039,2024-43,33,242,0
west,SKU0039,2024-44,23,219,0
west,SKU0039,2024-45,36,183,0
west,SKU0039,2024-46,34,149,0
west,SKU0039,2024-47,36,113,0
west,SKU0039,2024-48,37,376,300
west,SKU0039,2024-49,35,341,0
west,SKU0039,2024-50,40,301,0
west,SKU0039,2024-51,35,266,0
west,SKU0040,2023-27,1,522,0
west,SKU0040,2023-28,2,520,0
west,SKU0040,2023-29,3,517,0
west,SKU0040,2023-30,5,512,0
west,SKU0040,2023-31,4,508,0
west,SKU0040,2023-32,11,497,0
west,SKU0040,2023-33,9,488,0
west,SKU0040,2023-34,6,482,0
west,SKU0040,2023-35,10,472,0
west,SKU0040,2023-36,15,457,0
west,SKU0040,2023-37,27,430,0
west,SKU0040,2023-38,14,416,0
west,SKU0040,2023-39,12,404,0
west,SKU0040,2023-40,9,395,0
west,SKU0040,2023-41,23,372,0
west,SKU0040,2023-42,18,354,0
west,SKU0040,2023-43,20,334,0
west,SKU0040,2023-44,10,324,0
west,SKU0040,2023-45,22,302,0
west,SKU0040,2023-46,15,287,0
west,SKU0040,2023-47,15,272,0
west,SKU0040,2023-48,37,235,0
west,SKU0040,2023-49,39,196,0
west,SKU0040,2023-50,39,157,0
west,SKU0040,2023-51,33,124,0
west,SKU0040,2023-52,34,390,300
west,SKU0040,2024-01,34,356,0
west,SKU0040,2024-02,50,306,0
west,SKU0040,2024-03,46,260,0
west,SKU0040,2024-04,60,200,0
west,SKU0040,2024-05,61,139,0
west,SKU0040,2024-06,31,108,0
west,SKU0040,2024-07,20,388,300
west,SKU0040,2024-08,55,333,0
west,SKU0040,2024-09,83,250,0
west,SKU0040,2024-10,85,165,0
west,SKU0040,2024-11,54,111,0
west,SKU0040,2024-12,65,246,200
west,SKU0040,2024-13,86,160,0
west,SKU0040,2024-14,69,291,200
west,SKU0040,2024-15,38,253,0
west,SKU0040,2024-16,58,195,0
west,SKU0040,2024-17,54,141,0
west,SKU0040,2024-18,49,292,200
west,SKU0040,2024-19,41,251,0
west,SKU0040,2024-20,45,206,0
west,SKU0040,2024-21,65,141,0
west,SKU0040,2024-22,36,105,0
west,SKU0040,2024-23,54,251,200
west,SKU0040,2024-24,39,212,0
west,SKU0040,2024-25,41,171,0
west,SKU0040,2024-26,57,114,0
west,SKU0040,2024-27,39,375,300
west,SKU0040,2024-28,36,339,0
west,SKU0040,2024-29,37,302,0
west,SKU0040,2024-30,39,263,0
west,SKU0040,2024-31,34,229,0
west,SKU0040,2024-32,36,193,0
west,SKU0040,2024-33,23,170,0
west,SKU0040,2024-34,26,144,0
west,SKU0040,2024-35,24,120,0
west,SKU0040,2024-36,29,591,500
west,SKU0040,2024-37,23,568,0
west,SKU0040,2024-38,22,546,0
west,SKU0040,2024-39,22,524,0
west,SKU0040,2024-40,26,498,0
west,SKU0040,2024-41,31,467,0
west,SKU0040,2024-42,35,432,0
west,SKU0040,2024-43,32,400,0
west,SKU0040,2024-44,31,369,0
west,SKU0040,2024-45,32,337,0
west,SKU0040,2024-46,34,303,0
west,SKU0040,2024-47,41,262,0
west,SKU0040,2024-48,35,227,0
west,SKU0040,2024-49,26,201,0
west,SKU0040,2024-50,37,164,0
west,SKU0040,2024-51,29,135,0
west,SKU0041,2023-18,3,269,0
west,SKU0041,2023-19,6,263,0
west,SKU0041,2023-20,8,255,0
west,SKU0041,2023-21,7,248,0
west,SKU0041,2023-22,15,233,0
west,SKU0041,2023-23,13,220,0
west,SKU0041,2023-24,10,210,0
west,SKU0041,2023-25,23,187,0
west,SKU0041,2023-26,9,178,0
west,SKU0041,2023-27,34,144,0
west,SKU0041,2023-28,22,122,0
west,SKU0041,2023-29,27,595,500
west,SKU0041,2023-30,17,578,0
west,SKU0041,2023-31,33,545,0
west,SKU0041,2023-32,20,525,0
west,SKU0041,2023-33,26,499,0
west,SKU0041,2023-34,31,468,0
west,SKU0041,2023-35,17,451,0
west,SKU0041,2023-36,36,415,0
west,SKU0041,2023-37,25,390,0
west,SKU0041,2023-38,33,357,0
west,SKU0041,2023-39,30,327,0
west,SKU0041,2023-40,33,294,0
west,SKU0041,2023-41,45,249,0
west,SKU0041,2023-42,39,210,0
west,SKU0041,2023-43,53,157,0
west,SKU0041,2023-44,48,109,0
west,SKU0041,2023-45,44,265,200
west,SKU0041,2023-46,45,220,0
west,SKU0041,2023-47,47,173,0
west,SKU0041,2023-48,45,128,0
west,SKU0041,2023-49,33,295,200
west,SKU0041,2023-50,36,259,0
west,SKU0041,2023-51,44,215,0
west,SKU0041,2023-52,43,172,0
west,SKU0041,2024-01,44,128,0
west,SKU0041,2024-02,45,583,500
west,SKU0041,2024-03,53,530,0
west,SKU0041,2024-04,39,491,0
west,SKU0041,2024-05,37,454,0
west,SKU0041,2024-06,51,403,0
west,SKU0041,2024-07,61,342,0
west,SKU0041,2024-08,28,314,0
west,SKU0041,2024-09,59,255,0
west,SKU0041,2024-10,36,219,0
west,SKU0041,2024-11,50,169,0
west,SKU0041,2024-12,54,115,0
west,SKU0041,2024-13,61,354,300
west,SKU0041,2024-14,32,322,0
west,SKU0041,2024-15,57,265,0
west,SKU0041,2024-16,41,224,0
west,SKU0041,2024-17,37,187,0
west,SKU0041,2024-18,52,135,0
west,SKU0041,2024-19,35,100,0
west,SKU0041,2024-20,31,269,200
west,SKU0041,2024-21,28,241,0
west,SKU0041,2024-22,44,197,0
west,SKU0041,2024-23,41,156,0
west,SKU0041,2024-24,29,127,0
west,SKU0041,2024-25,32,295,200
west,SKU0041,2024-26,34,261,0
west,SKU0041,2024-27,21,240,0
west,SKU0041,2024-28,24,216,0
west,SKU0041,2024-29,13,203,0
west,SKU0041,2024-30,36,167,0
west,SKU0041,2024-31,33,134,0
west,SKU0041,2024-32,24,110,0
west,SKU0041,2024-33,21,289,200
west,SKU0041,2024-34,23,266,0
west,SKU0041,2024-35,21,245,0
west,SKU0041,2024-36,26,219,0
west,SKU0041,2024-37,21,198,0
west,SKU0041,2024-38,24,174,0
west,SKU0041,2024-39,25,149,0
west,SKU0041,2024-40,12,137,0
west,SKU0041,2024-41,18,119,0
west,SKU0041,2024-42,36,583,500
west,SKU0041,2024-43,29,554,0
west,SKU0041,2024-44,18,536,0
west,SKU0041,2024-45,18,518,0
west,SKU0041,2024-46,18,500,0
west,SKU0041,2024-47,19,481,0
west,SKU0041,2024-48,19,462,0
west,SKU0041,2024-49,22,440,0
west,SKU0041,2024-50,15,425,0
west,SKU0041,2024-51,21,404,0
west,SKU0042,2023-06,1,578,0
west,SKU0042,2023-07,6,572,0
west,SKU0042,2023-08,2,570,0
west,SKU0042,2023-09,2,568,0
west,SKU0042,2023-10,6,562,0
west,SKU0042,2023-11,5,557,0
west,SKU0042,2023-12,7,550,0
west,SKU0042,2023-13,4,546,0
west,SKU0042,2023-14,14,532,0
west,SKU0042,2023-15,6,526,0
west,SKU0042,2023-16,6,520,0
west,SKU0042,2023-17,12,508,0
west,SKU0042,2023-18,8,500,0
west,SKU0042,2023-19,19,481,0
west,SKU0042,2023-20,15,466,0
west,SKU0042,2023-21,11,455,0
west,SKU0042,2023-22,12,443,0
west,SKU0042,2023-23,18,425,0
west,SKU0042,2023-24,22,403,0
west,SKU0042,2023-25,15,388,0
west,SKU0042,2023-26,19,369,0
west,SKU0042,2023-27,12,357,0
west,SKU0042,2023-28,19,338,0
west,SKU0042,2023-29,23,315,0
west,SKU0042,2023-30,20,295,0
west,SKU0042,2023-31,15,280,0
west,SKU0042,2023-32,20,260,0
west,SKU0042,2023-33,22,238,0
west,SKU0042,2023-34,21,217,0
west,SKU0042,2023-35,18,199,0
west,SKU0042,2023-36,17,182,0
west,SKU0042,2023-37,20,162,0
west,SKU0042,2023-38,19,143,0
west,SKU0042,2023-39,19,124,0
west,SKU0042,2023-40,21,103,0
west,SKU0042,2023-41,25,378,300
west,SKU0042,2023-42,20,358,0
west,SKU0042,2023-43,19,339,0
west,SKU0042,2023-44,24,315,0
west,SKU0042,2023-45,24,291,0
west,SKU0042,2023-46,30,261,0
west,SKU0042,2023-47,25,236,0
west,SKU0042,2023-48,32,204,0
west,SKU0042,2023-49,42,162,0
west,SKU0042,2023-50,37,125,0
west,SKU0042,2023-51,29,596,500
west,SKU0042,2023-52,38,558,0
west,SKU0042,2024-01,46,512,0
west,SKU0042,2024-02,36,476,0
west,SKU0042,2024-03,44,432,0
west,SKU0042,2024-04,30,402,0
west,SKU0042,2024-05,45,357,0
west,SKU0042,2024-06,25,332,0
west,SKU0042,2024-07,58,274,0
west,SKU0042,2024-08,39,235,0
west,SKU0042,2024-09,43,192,0
west,SKU0042,2024-10,48,144,0
west,SKU0042,2024-11,46,598,500
west,SKU0042,2024-12,60,538,0
west,SKU0042,2024-13,65,473,0
west,SKU0042,2024-14,57,416,0
west,SKU0042,2024-15,61,355,0
west,SKU0042,2024-16,44,311,0
west,SKU0042,2024-17,58,253,0
west,SKU0042,2024-18,52,201,0
west,SKU0042,2024-19,61,140,0
west,SKU0042,2024-20,46,394,300
west,SKU0042,2024-21,48,346,0
west,SKU0042,2024-22,48,298,0
west,SKU0042,2024-23,47,251,0
west,SKU0042,2024-24,61,190,0
west,SKU0042,2024-25,46,144,0
west,SKU0042,2024-26,40,104,0
west,SKU0042,2024-27,40,564,500
west,SKU0042,2024-28,29,535,0
west,SKU0042,2024-29,45,490,0
west,SKU0042,2024-30,41,449,0
west,SKU0042,2024-31,38,411,0
west,SKU0042,2024-32,42,369,0
west,SKU0042,2024-33,36,333,0
west,SKU0042,2024-34,43,290,0
west,SKU0042,2024-35,46,244,0
west,SKU0042,2024-36,26,218,0
west,SKU0042,2024-37,37,181,0
west,SKU0042,2024-38,24,157,0
west,SKU0042,2024-39,32,125,0
west,SKU0042,2024-40,34,391,300
west,SKU0042,2024-41,28,363,0
west,SKU0042,2024-42,25,338,0
west,SKU0042,2024-43,34,304,0
west,SKU0042,2024-44,25,279,0
west,SKU0042,2024-45,32,247,0
west,SKU0042,2024-46,35,212,0
west,SKU0042,2024-47,46,166,0
west,SKU0042,2024-48,39,127,0
west,SKU0042,2024-49,39,288,200
west,SKU0042,2024-50,37,251,0
west,SKU0042,2024-51,44,207,0
west,SKU0043,2023-16,1,424,0
west,SKU0043,2023-17,1,423,0
west,SKU0043,2023-18,4,419,0
west,SKU0043,2023-19,3,416,0
west,SKU0043,2023-20,2,414,0
west,SKU0043,2023-21,5,409,0
west,SKU0043,2023-22,6,403,0
west,SKU0043,2023-23,12,391,0
west,SKU0043,2023-24,10,381,0
west,SKU0043,2023-25,15,366,0
west,SKU0043,2023-26,11,355,0
west,SKU0043,2023-27,6,349,0
west,SKU0043,2023-28,14,335,0
west,SKU0043,2023-29,12,323,0
west,SKU0043,2023-30,7,316,0
west,SKU0043,2023-31,13,303,0
west,SKU0043,2023-32,7,296,0
west,SKU0043,2023-33,11,285,0
west,SKU0043,2023-34,14,271,0
west,SKU0043,2023-35,13,258,0
west,SKU0043,2023-36,17,241,0
west,SKU0043,2023-37,16,225,0
west,SKU0043,2023-38,11,214,0
west,SKU0043,2023-39,23,191,0
west,SKU0043,2023-40,21,170,0
west,SKU0043,2023-41,15,155,0
west,SKU0043,2023-42,20,135,0
west,SKU0043,2023-43,27,108,0
west,SKU0043,2023-44,18,290,200
west,SKU0043,2023-45,11,279,0
west,SKU0043,2023-46,23,256,0
west,SKU0043,2023-47,14,242,0
west,SKU0043,2023-48,38,204,0
west,SKU0043,2023-49,31,173,0
west,SKU0043,2023-50,19,154,0
west,SKU0043,2023-51,35,119,0
west,SKU0043,2023-52,29,590,500
west,SKU0043,2024-01,28,562,0
west,SKU0043,2024-02,21,541,0
west,SKU0043,2024-03,27,514,0
west,SKU0043,2024-04,34,480,0
west,SKU0043,2024-05,38,442,0
west,SKU0043,2024-06,33,409,0
west,SKU0043,2024-07,32,377,0
west,SKU0043,2024-08,49,328,0
west,SKU0043,2024-09,17,311,0
west,SKU0043,2024-10,46,265,0
west,SKU0043,2024-11,29,236,0
west,SKU0043,2024-12,40,196,0
west,SKU0043,2024-13,36,160,0
west,SKU0043,2024-14,45,115,0
west,SKU0043,2024-15,65,550,500
west,SKU0043,2024-16,37,513,0
west,SKU0043,2024-17,59,454,0
west,SKU0043,2024-18,58,396,0
west,SKU0043,2024-19,37,359,0
west,SKU0043,2024-20,48,311,0
west,SKU0043,2024-21,39,272,0
west,SKU0043,2024-22,48,224,0
west,SKU0043,2024-23,34,190,0
west,SKU0043,2024-24,29,161,0
west,SKU0043,2024-25,52,109,0
west,SKU0043,2024-26,43,266,200
west,SKU0043,2024-27,49,217,0
west,SKU0043,2024-28,57,160,0
west,SKU0043,2024-29,31,129,0
west,SKU0043,2024-30,46,583,500
west,SKU0043,2024-31,43,540,0
west,SKU0043,2024-32,9,531,0
west,SKU0043,2024-33,35,496,0
west,SKU0043,2024-34,49,447,0
west,SKU0043,2024-35,49,398,0
west,SKU0043,2024-36,23,375,0
west,SKU0043,2024-37,39,336,0
west,SKU0043,2024-38,24,312,0
west,SKU0043,2024-39,39,273,0
west,SKU0043,2024-40,42,231,0
west,SKU0043,2024-41,23,208,0
west,SKU0043,2024-42,42,166,0
west,SKU0043,2024-43,31,135,0
west,SKU0043,2024-44,26,109,0
west,SKU0043,2024-45,25,384,300
west,SKU0043,2024-46,44,340,0
west,SKU0043,2024-47,28,312,0
west,SKU0043,2024-48,30,282,0
west,SKU0043,2024-49,27,255,0
west,SKU0043,2024-50,38,217,0
west,SKU0043,2024-51,31,186,0
west,SKU0044,2023-05,1,571,0
west,SKU0044,2023-06,4,567,0
west,SKU0044,2023-07,2,565,0
west,SKU0044,2023-08,4,561,0
west,SKU0044,2023-09,5,556,0
west,SKU0044,2023-10,4,552,0
west,SKU0044,2023-11,6,546,0
west,SKU0044,2023-12,3,543,0
west,SKU0044,2023-13,14,529,0
west,SKU0044,2023-14,11,518,0
west,SKU0044,2023-15,9,509,0
west,SKU0044,2023-16,11,498,0
west,SKU0044,2023-17,18,480,0
west,SKU0044,2023-18,13,467,0
west,SKU0044,2023-19,22,445,0
west,SKU0044,2023-20,19,426,0
west,SKU0044,2023-21,20,406,0
west,SKU0044,2023-22,22,384,0
west,SKU0044,2023-23,20,364,0
west,SKU0044,2023-24,22,342,0
west,SKU0044,2023-25,17,325,0
west,SKU0044,2023-26,23,302,0
west,SKU0044,2023-27,23,279,0
west,SKU0044,2023-28,18,261,0
west,SKU0044,2023-29,30,231,0
west,SKU0044,2023-30,20,211,0
west,SKU0044,2023-31,25,186,0
west,SKU0044,2023-32,26,160,0
west,SKU0044,2023-33,17,143,0
west,SKU0044,2023-34,23,120,0
west,SKU0044,2023-35,18,102,0
west,SKU0044,2023-36,14,588,500
west,SKU0044,2023-37,27,561,0
west,SKU0044,2023-38,19,542,0
west,SKU0044,2023-39,35,507,0
west,SKU0044,2023-40,33,474,0
west,SKU0044,2023-41,18,456,0
west,SKU0044,2023-42,40,416,0
west,SKU0044,2023-43,36,380,0
west,SKU0044,2023-44,28,352,0
west,SKU0044,2023-45,37,315,0
west,SKU0044,2023-46,28,287,0
west,SKU0044,2023-47,28,259,0
west,SKU0044,2023-48,36,223,0
west,SKU0044,2023-49,35,188,0
west,SKU0044,2023-50,39,149,0
west,SKU0044,2023-51,33,116,0
west,SKU0044,2023-52,34,282,200
west,SKU0044,2024-01,42,240,0
west,SKU0044,2024-02,47,193,0
west,SKU0044,2024-03,38,155,0
west,SKU0044,2024-04,51,104,0
west,SKU0044,2024-05,44,360,300
west,SKU0044,2024-06,64,296,0
west,SKU0044,2024-07,71,225,0
west,SKU0044,2024-08,59,166,0
west,SKU0044,2024-09,57,109,0
west,SKU0044,2024-10,53,356,300
west,SKU0044,2024-11,49,307,0
west,SKU0044,2024-12,75,232,0
west,SKU0044,2024-13,67,165,0
west,SKU0044,2024-14,57,108,0
west,SKU0044,2024-15,69,539,500
west,SKU0044,2024-16,37,502,0
west,SKU0044,2024-17,61,441,0
west,SKU0044,2024-18,62,379,0
west,SKU0044,2024-19,54,325,0
west,SKU0044,2024-20,44,281,0
west,SKU0044,2024-21,53,228,0
west,SKU0044,2024-22,56,172,0
west,SKU0044,2024-23,61,111,0
west,SKU0044,2024-24,35,376,300
west,SKU0044,2024-25,50,326,0
west,SKU0044,2024-26,40,286,0
west,SKU0044,2024-27,44,242,0
west,SKU0044,2024-28,57,185,0
west,SKU0044,2024-29,44,141,0
west,SKU0044,2024-30,41,100,0
west,SKU0044,2024-31,31,269,200
west,SKU0044,2024-32,42,227,0
west,SKU0044,2024-33,25,202,0
west,SKU0044,2024-34,38,164,0
west,SKU0044,2024-35,29,135,0
west,SKU0044,2024-36,30,105,0
west,SKU0044,2024-37,45,360,300
west,SKU0044,2024-38,30,330,0
west,SKU0044,2024-39,24,306,0
west,SKU0044,2024-40,32,274,0
west,SKU0044,2024-41,23,251,0
west,SKU0044,2024-42,26,225,0
west,SKU0044,2024-43,27,198,0
west,SKU0044,2024-44,24,174,0
west,SKU0044,2024-45,33,141,0
west,SKU0044,2024-46,30,111,0
west,SKU0044,2024-47,23,288,200
west,SKU0044,2024-48,19,269,0
west,SKU0044,2024-49,30,239,0
west,SKU0044,2024-50,34,205,0
west,SKU0044,2024-51,27,178,0
west,SKU0045,2023-32,3,437,0
west,SKU0045,2023-33,5,432,0
west,SKU0045,2023-34,6,426,0
west,SKU0045,2023-35,9,417,0
west,SKU0045,2023-36,4,413,0
west,SKU0045,2023-37,11,402,0
west,SKU0045,2023-38,18,384,0
west,SKU0045,2023-39,18,366,0
west,SKU0045,2023-40,20,346,0
west,SKU0045,2023-41,25,321,0
west,SKU0045,2023-42,23,298,0
west,SKU0045,2023-43,31,267,0
west,SKU0045,2023-44,32,235,0
west,SKU0045,2023-45,39,196,0
west,SKU0045,2023-46,24,172,0
west,SKU0045,2023-47,37,135,0
west,SKU0045,2023-48,49,386,300
west,SKU0045,2023-49,44,342,0
west,SKU0045,2023-50,49,293,0
west,SKU0045,2023-51,45,248,0
west,SKU0045,2023-52,40,208,0
west,SKU0045,2024-01,54,154,0
west,SKU0045,2024-02,46,108,0
west,SKU0045,2024-03,68,540,500
west,SKU0045,2024-04,42,498,0
west,SKU0045,2024-05,57,441,0
west,SKU0045,2024-06,38,403,0
west,SKU0045,2024-07,63,340,0
west,SKU0045,2024-08,50,290,0
west,SKU0045,2024-09,47,243,0
west,SKU0045,2024-10,46,197,0
west,SKU0045,2024-11,41,156,0
west,SKU0045,2024-12,63,393,300
west,SKU0045,2024-13,58,335,0
west,SKU0045,2024-14,57,278,0
west,SKU0045,2024-15,51,227,0
west,SKU0045,2024-16,46,181,0
west,SKU0045,2024-17,52,129,0
west,SKU0045,2024-18,54,275,200
west,SKU0045,2024-19,37,238,0
west,SKU0045,2024-20,64,174,0
west,SKU0045,2024-21,35,139,0
west,SKU0045,2024-22,48,291,200
west,SKU0045,2024-23,44,247,0
west,SKU0045,2024-24,32,215,0
west,SKU0045,2024-25,44,171,0
west,SKU0045,2024-26,38,133,0
west,SKU0045,2024-27,46,387,300
west,SKU0045,2024-28,35,352,0
west,SKU0045,2024-29,33,319,0
west,SKU0045,2024-30,18,301,0
west,SKU0045,2024-31,28,273,0
west,SKU0045,2024-32,31,242,0
west,SKU0045,2024-33,40,202,0
west,SKU0045,2024-34,15,187,0
west,SKU0045,2024-35,28,159,0
west,SKU0045,2024-36,38,121,0
west,SKU0045,2024-37,25,596,500
west,SKU0045,2024-38,17,579,0
west,SKU0045,2024-39,15,564,0
west,SKU0045,2024-40,25,539,0
west,SKU0045,2024-41,22,517,0
west,SKU0045,2024-42,28,489,0
west,SKU0045,2024-43,27,462,0
west,SKU0045,2024-44,28,434,0
west,SKU0045,2024-45,20,414,0
west,SKU0045,2024-46,24,390,0
west,SKU0045,2024-47,25,365,0
west,SKU0045,2024-48,26,339,0
west,SKU0045,2024-49,29,310,0
west,SKU0045,2024-50,28,282,0
west,SKU0045,2024-51,20,262,0
west,SKU0046,2023-28,2,412,0
west,SKU0046,2023-29,6,406,0
west,SKU0046,2023-30,12,394,0
west,SKU0046,2023-31,13,381,0
west,SKU0046,2023-32,12,369,0
west,SKU0046,2023-33,10,359,0
west,SKU0046,2023-34,22,337,0
west,SKU0046,2023-35,17,320,0
west,SKU0046,2023-36,31,289,0
west,SKU0046,2023-37,31,258,0
west,SKU0046,2023-38,35,223,0
west,SKU0046,2023-39,30,193,0
west,SKU0046,2023-40,40,153,0
west,SKU0046,2023-41,32,121,0
west,SKU0046,2023-42,43,278,200
west,SKU0046,2023-43,45,233,0
west,SKU0046,2023-44,39,194,0
west,SKU0046,2023-45,30,164,0
west,SKU0046,2023-46,46,118,0
west,SKU0046,2023-47,47,271,200
west,SKU0046,2023-48,34,237,0
west,SKU0046,2023-49,49,188,0
west,SKU0046,2023-50,38,150,0
west,SKU0046,2023-51,48,102,0
west,SKU0046,2023-52,38,564,500
west,SKU0046,2024-01,64,500,0
west,SKU0046,2024-02,47,453,0
west,SKU0046,2024-03,35,418,0
west,SKU0046,2024-04,40,378,0
west,SKU0046,2024-05,39,339,0
west,SKU0046,2024-06,35,304,0
west,SKU0046,2024-07,21,283,0
west,SKU0046,2024-08,34,249,0
west,SKU0046,2024-09,33,216,0
west,SKU0046,2024-10,45,171,0
west,SKU0046,2024-11,53,118,0
west,SKU0046,2024-12,29,389,300
west,SKU0046,2024-13,43,346,0
west,SKU0046,2024-14,33,313,0
west,SKU0046,2024-15,24,289,0
west,SKU0046,2024-16,50,239,0
west,SKU0046,2024-17,44,195,0
west,SKU0046,2024-18,20,175,0
west,SKU0046,2024-19,36,139,0
west,SKU0046,2024-20,43,296,200
west,SKU0046,2024-21,39,257,0
west,SKU0046,2024-22,24,233,0
west,SKU0046,2024-23,33,200,0
west,SKU0046,2024-24,44,156,0
west,SKU0046,2024-25,31,125,0
west,SKU0046,2024-26,22,103,0
west,SKU0046,2024-27,31,272,200
west,SKU0046,2024-28,34,238,0
west,SKU0046,2024-29,26,212,0
west,SKU0046,2024-30,37,175,0
west,SKU0046,2024-31,28,147,0
west,SKU0046,2024-32,33,114,0
west,SKU0046,2024-33,22,592,500
west,SKU0046,2024-34,26,566,0
west,SKU0046,2024-35,36,530,0
west,SKU0046,2024-36,29,501,0
west,SKU0046,2024-37,19,482,0
west,SKU0046,2024-38,28,454,0
west,SKU0046,2024-39,23,431,0
west,SKU0046,2024-40,24,407,0
west,SKU0046,2024-41,16,391,0
west,SKU0046,2024-42,27,364,0
west,SKU0046,2024-43,20,344,0
west,SKU0046,2024-44,31,313,0
west,SKU0046,2024-45,26,287,0
west,SKU0046,2024-46,7,280,0
west,SKU0046,2024-47,25,255,0
west,SKU0046,2024-48,12,243,0
west,SKU0046,2024-49,19,224,0
west,SKU0046,2024-50,20,204,0
west,SKU0046,2024-51,26,178,0
west,SKU0047,2023-18,1,376,0
west,SKU0047,2023-19,3,373,0
west,SKU0047,2023-20,2,371,0
west,SKU0047,2023-21,4,367,0
west,SKU0047,2023-22,2,365,0
west,SKU0047,2023-23,9,356,0
west,SKU0047,2023-24,6,350,0
west,SKU0047,2023-25,10,340,0
west,SKU0047,2023-26,3,337,0
west,SKU0047,2023-27,8,329,0
west,SKU0047,2023-28,12,317,0
west,SKU0047,2023-29,18,299,0
west,SKU0047,2023-30,10,289,0
west,SKU0047,2023-31,17,272,0
west,SKU0047,2023-32,15,257,0
west,SKU0047,2023-33,18,239,0
west,SKU0047,2023-34,16,223,0
west,SKU0047,2023-35,21,202,0
west,SKU0047,2023-36,20,182,0
west,SKU0047,2023-37,21,161,0
west,SKU0047,2023-38,12,149,0
west,SKU0047,2023-39,13,136,0
west,SKU0047,2023-40,21,115,0
west,SKU0047,2023-41,19,396,300
west,SKU0047,2023-42,13,383,0
west,SKU0047,2023-43,22,361,0
west,SKU0047,2023-44,23,338,0
west,SKU0047,2023-45,32,306,0
west,SKU0047,2023-46,27,279,0
west,SKU0047,2023-47,38,241,0
west,SKU0047,2023-48,32,209,0
west,SKU0047,2023-49,40,169,0
west,SKU0047,2023-50,33,136,0
west,SKU0047,2023-51,47,389,300
west,SKU0047,2023-52,32,357,0
west,SKU0047,2024-01,33,324,0
west,SKU0047,2024-02,56,268,0
west,SKU0047,2024-03,60,208,0
west,SKU0047,2024-04,43,165,0
west,SKU0047,2024-05,34,131,0
west,SKU0047,2024-06,52,279,200
west,SKU0047,2024-07,51,228,0
west,SKU0047,2024-08,48,180,0
west,SKU0047,2024-09,61,119,0
west,SKU0047,2024-10,43,576,500
west,SKU0047,2024-11,54,522,0
west,SKU0047,2024-12,57,465,0
west,SKU0047,2024-13,55,410,0
west,SKU0047,2024-14,79,331,0
west,SKU0047,2024-15,43,288,0
west,SKU0047,2024-16,75,213,0
west,SKU0047,2024-17,67,146,0
west,SKU0047,2024-18,66,580,500
west,SKU0047,2024-19,49,531,0
west,SKU0047,2024-20,46,485,0
west,SKU0047,2024-21,43,442,0
west,SKU0047,2024-22,43,399,0
west,SKU0047,2024-23,40,359,0
west,SKU0047,2024-24,60,299,0
west,SKU0047,2024-25,55,244,0
west,SKU0047,2024-26,34,210,0
west,SKU0047,2024-27,38,172,0
west,SKU0047,2024-28,37,135,0
west,SKU0047,2024-29,37,398,300
west,SKU0047,2024-30,32,366,0
west,SKU0047,2024-31,34,332,0
west,SKU0047,2024-32,41,291,0
west,SKU0047,2024-33,36,255,0
west,SKU0047,2024-34,19,236,0
west,SKU0047,2024-35,33,203,0
west,SKU0047,2024-36,26,177,0
west,SKU0047,2024-37,25,152,0
west,SKU0047,2024-38,18,134,0
west,SKU0047,2024-39,32,102,0
west,SKU0047,2024-40,25,277,200
west,SKU0047,2024-41,34,243,0
west,SKU0047,2024-42,35,208,0
west,SKU0047,2024-43,37,171,0
west,SKU0047,2024-44,24,147,0
west,SKU0047,2024-45,38,109,0
west,SKU0047,2024-46,19,290,200
west,SKU0047,2024-47,20,270,0
west,SKU0047,2024-48,26,244,0
west,SKU0047,2024-49,27,217,0
west,SKU0047,2024-50,16,201,0
west,SKU0047,2024-51,29,172,0
west,SKU0048,2023-31,4,284,0
west,SKU0048,2023-32,1,283,0
west,SKU0048,2023-33,10,273,0
west,SKU0048,2023-34,9,264,0
west,SKU0048,2023-35,16,248,0
west,SKU0048,2023-36,16,232,0
west,SKU0048,2023-37,18,214,0
west,SKU0048,2023-38,17,197,0
west,SKU0048,2023-39,17,180,0
west,SKU0048,2023-40,28,152,0
west,SKU0048,2023-41,29,123,0
west,SKU0048,2023-42,37,286,200
west,SKU0048,2023-43,20,266,0
west,SKU0048,2023-44,49,217,0
west,SKU0048,2023-45,30,187,0
west,SKU0048,2023-46,43,144,0
west,SKU0048,2023-47,39,105,0
west,SKU0048,2023-48,29,376,300
west,SKU0048,2023-49,43,333,0
west,SKU0048,2023-50,60,273,0
west,SKU0048,2023-51,30,243,0
west,SKU0048,2023-52,46,197,0
west,SKU0048,2024-01,51,146,0
west,SKU0048,2024-02,45,101,0
west,SKU0048,2024-03,52,249,200
west,SKU0048,2024-04,22,227,0
west,SKU0048,2024-05,60,167,0
west,SKU0048,2024-06,27,140,0
west,SKU0048,2024-07,77,363,300
west,SKU0048,2024-08,70,293,0
west,SKU0048,2024-09,41,252,0
west,SKU0048,2024-10,58,194,0
west,SKU0048,2024-11,58,136,0
west,SKU0048,2024-12,54,582,500
west,SKU0048,2024-13,28,554,0
west,SKU0048,2024-14,58,496,0
west,SKU0048,2024-15,73,423,0
west,SKU0048,2024-16,25,398,0
west,SKU0048,2024-17,63,335,0
west,SKU0048,2024-18,52,283,0
west,SKU0048,2024-19,43,240,0
west,SKU0048,2024-20,36,204,0
west,SKU0048,2024-21,57,147,0
west,SKU0048,2024-22,50,297,200
west,SKU0048,2024-23,22,275,0
west,SKU0048,2024-24,54,221,0
west,SKU0048,2024-25,41,180,0
west,SKU0048,2024-26,48,132,0
west,SKU0048,2024-27,28,104,0
west,SKU0048,2024-28,39,565,500
west,SKU0048,2024-29,41,524,0
west,SKU0048,2024-30,50,474,0
west,SKU0048,2024-31,44,430,0
west,SKU0048,2024-32,26,404,0
west,SKU0048,2024-33,29,375,0
west,SKU0048,2024-34,30,345,0
west,SKU0048,2024-35,33,312,0
west,SKU0048,2024-36,28,284,0
west,SKU0048,2024-37,15,269,0
west,SKU0048,2024-38,43,226,0
west,SKU0048,2024-39,37,189,0
west,SKU0048,2024-40,38,151,0
west,SKU0048,2024-41,35,116,0
west,SKU0048,2024-42,31,585,500
west,SKU0048,2024-43,28,557,0
west,SKU0048,2024-44,29,528,0
west,SKU0048,2024-45,20,508,0
west,SKU0048,2024-46,25,483,0
west,SKU0048,2024-47,22,461,0
west,SKU0048,2024-48,30,431,0
west,SKU0048,2024-49,8,423,0
west,SKU0048,2024-50,29,394,0
west,SKU0048,2024-51,37,357,0
west,SKU0049,2023-38,3,225,0
west,SKU0049,2023-39,4,221,0
west,SKU0049,2023-40,5,216,0
west,SKU0049,2023-41,5,211,0
west,SKU0049,2023-42,13,198,0
west,SKU0049,2023-43,9,189,0
west,SKU0049,2023-44,16,173,0
west,SKU0049,2023-45,14,159,0
west,SKU0049,2023-46,10,149,0
west,SKU0049,2023-47,20,129,0
west,SKU0049,2023-48,18,111,0
west,SKU0049,2023-49,17,294,200
west,SKU0049,2023-50,44,250,0
west,SKU0049,2023-51,35,215,0
west,SKU0049,2023-52,46,169,0
west,SKU0049,2024-01,58,111,0
west,SKU0049,2024-02,58,553,500
west,SKU0049,2024-03,60,493,0
west,SKU0049,2024-04,40,453,0
west,SKU0049,2024-05,58,395,0
west,SKU0049,2024-06,44,351,0
west,SKU0049,2024-07,48,303,0
west,SKU0049,2024-08,22,281,0
west,SKU0049,2024-09,63,218,0
west,SKU0049,2024-10,64,154,0
west,SKU0049,2024-11,42,112,0
west,SKU0049,2024-12,44,268,200
west,SKU0049,2024-13,47,221,0
west,SKU0049,2024-14,57,164,0
west,SKU0049,2024-15,44,120,0
west,SKU0049,2024-16,41,379,300
west,SKU0049,2024-17,65,314,0
west,SKU0049,2024-18,37,277,0
west,SKU0049,2024-19,43,234,0
west,SKU0049,2024-20,40,194,0
west,SKU0049,2024-21,46,148,0
west,SKU0049,2024-22,42,106,0
west,SKU0049,2024-23,37,369,300
west,SKU0049,2024-24,38,331,0
west,SKU0049,2024-25,42,289,0
west,SKU0049,2024-26,36,253,0
west,SKU0049,2024-27,37,216,0
west,SKU0049,2024-28,33,183,0
west,SKU0049,2024-29,28,155,0
west,SKU0049,2024-30,24,131,0
west,SKU0049,2024-31,22,109,0
west,SKU0049,2024-32,38,271,200
west,SKU0049,2024-33,30,241,0
west,SKU0049,2024-34,29,212,0
west,SKU0049,2024-35,15,197,0
west,SKU0049,2024-36,24,173,0
west,SKU0049,2024-37,34,139,0
west,SKU0049,2024-38,19,120,0
west,SKU0049,2024-39,17,103,0
west,SKU0049,2024-40,15,588,500
west,SKU0049,2024-41,13,575,0
west,SKU0049,2024-42,18,557,0
west,SKU0049,2024-43,11,546,0
west,SKU0049,2024-44,17,529,0
west,SKU0049,2024-45,15,514,0
west,SKU0049,2024-46,22,492,0
west,SKU0049,2024-47,19,473,0
west,SKU0049,2024-48,20,453,0
west,SKU0049,2024-49,17,436,0
west,SKU0049,2024-50,26,410,0
west,SKU0049,2024-51,16,394,0
west,SKU0050,2023-24,1,238,0
west,SKU0050,2023-25,3,235,0
west,SKU0050,2023-26,2,233,0
west,SKU0050,2023-27,5,228,0
west,SKU0050,2023-28,5,223,0
west,SKU0050,2023-29,9,214,0
west,SKU0050,2023-30,6,208,0
west,SKU0050,2023-31,4,204,0
west,SKU0050,2023-32,7,197,0
west,SKU0050,2023-33,14,183,0
west,SKU0050,2023-34,15,168,0
west,SKU0050,2023-35,13,155,0
west,SKU0050,2023-36,13,142,0
west,SKU0050,2023-37,29,113,0
west,SKU0050,2023-38,13,100,0
west,SKU0050,2023-39,13,287,200
west,SKU0050,2023-40,10,277,0
west,SKU0050,2023-41,28,249,0
west,SKU0050,2023-42,22,227,0
west,SKU0050,2023-43,14,213,0
west,SKU0050,2023-44,15,198,0
west,SKU0050,2023-45,24,174,0
west,SKU0050,2023-46,24,150,0
west,SKU0050,2023-47,35,115,0
west,SKU0050,2023-48,26,289,200
west,SKU0050,2023-49,21,268,0
west,SKU0050,2023-50,38,230,0
west,SKU0050,2023-51,26,204,0
west,SKU0050,2023-52,49,155,0
west,SKU0050,2024-01,40,115,0
west,SKU0050,2024-02,33,582,500
west,SKU0050,2024-03,27,555,0
west,SKU0050,2024-04,46,509,0
west,SKU0050,2024-05,44,465,0
west,SKU0050,2024-06,37,428,0
west,SKU0050,2024-07,51,377,0
west,SKU0050,2024-08,35,342,0
west,SKU0050,2024-09,42,300,0
west,SKU0050,2024-10,77,223,0
west,SKU0050,2024-11,33,190,0
west,SKU0050,2024-12,76,114,0
west,SKU0050,2024-13,40,574,500
west,SKU0050,2024-14,62,512,0
west,SKU0050,2024-15,59,453,0
west,SKU0050,2024-16,53,400,0
west,SKU0050,2024-17,72,328,0
west,SKU0050,2024-18,72,256,0
west,SKU0050,2024-19,45,211,0
west,SKU0050,2024-20,23,188,0
west,SKU0050,2024-21,81,107,0
west,SKU0050,2024-22,54,353,300
west,SKU0050,2024-23,37,316,0
west,SKU0050,2024-24,66,250,0
west,SKU0050,2024-25,43,207,0
west,SKU0050,2024-26,33,174,0
west,SKU0050,2024-27,44,130,0
west,SKU0050,2024-28,64,566,500
west,SKU0050,2024-29,34,532,0
west,SKU0050,2024-30,44,488,0
west,SKU0050,2024-31,23,465,0
west,SKU0050,2024-32,39,426,0
west,SKU0050,2024-33,33,393,0
west,SKU0050,2024-34,31,362,0
west,SKU0050,2024-35,37,325,0
west,SKU0050,2024-36,18,307,0
west,SKU0050,2024-37,26,281,0
west,SKU0050,2024-38,24,257,0
west,SKU0050,2024-39,25,232,0
west,SKU0050,2024-40,15,217,0
west,SKU0050,2024-41,21,196,0
west,SKU0050,2024-42,40,156,0
west,SKU0050,2024-43,25,131,0
west,SKU0050,2024-44,25,106,0
west,SKU0050,2024-45,35,371,300
west,SKU0050,2024-46,22,349,0
west,SKU0050,2024-47,29,320,0
west,SKU0050,2024-48,24,296,0
west,SKU0050,2024-49,24,272,0
west,SKU0050,2024-50,32,240,0
west,SKU0050,2024-51,30,210,0
