order_date,sku_id,region,channel,quantity,payment_type
2024-08-01,TS-BLK-S,Delhi NCR,Marketplace,1,COD
2024-08-01,TS-BLK-S,Mumbai,Website,2,Prepaid
2024-08-01,TS-BLK-S,Mumbai,Marketplace,1,COD
2024-08-01,TS-BLK-S,Mumbai,Website,2,COD
2024-08-01,TS-BLK-S,Mumbai,Website,2,COD
2024-08-01,TS-BLK-S,Bangalore,Website,1,COD
2024-08-01,TS-BLK-S,Bangalore,Marketplace,1,Prepaid
2024-08-01,TS-BLK-S,Bangalore,Website,1,COD
2024-08-01,TS-BLK-M,Delhi NCR,Website,2,Prepaid
2024-08-01,TS-BLK-M,Delhi NCR,Marketplace,2,COD
2024-08-01,TS-BLK-M,Mumbai,Website,2,COD
2024-08-01,TS-BLK-M,Mumbai,Marketplace,1,COD
2024-08-01,TS-BLK-M,Mumbai,Website,1,Prepaid
2024-08-01,TS-BLK-M,Mumbai,Marketplace,2,Prepaid
2024-08-01,TS-BLK-M,Mumbai,Website,2,Prepaid
2024-08-01,TS-BLK-M,Bangalore,Marketplace,1,COD
2024-08-01,TS-BLK-M,Bangalore,Marketplace,2,COD
2024-08-01,TS-BLK-M,Bangalore,Website,1,Prepaid
2024-08-01,TS-BLK-M,Bangalore,Marketplace,1,Prepaid
2024-08-01,TS-BLK-L,Delhi NCR,Website,1,COD
2024-08-01,TS-BLK-L,Delhi NCR,Website,1,Prepaid
2024-08-01,TS-BLK-L,Delhi NCR,Website,1,COD
2024-08-01,TS-BLK-L,Delhi NCR,Website,2,COD
2024-08-01,TS-BLK-L,Delhi NCR,Website,2,COD
2024-08-01,TS-BLK-L,Mumbai,Website,2,COD
2024-08-01,TS-BLK-L,Mumbai,Marketplace,2,COD
2024-08-01,TS-BLK-L,Mumbai,Website,1,Prepaid
2024-08-01,TS-BLK-L,Mumbai,Website,1,COD
2024-08-01,TS-BLK-L,Bangalore,Website,1,COD
2024-08-01,TS-BLK-L,Bangalore,Website,2,Prepaid
2024-08-01,TS-BLK-L,Bangalore,Website,2,COD
2024-08-01,TS-BLK-L,Bangalore,Marketplace,1,Prepaid
2024-08-01,TS-WHT-M,Delhi NCR,Website,1,COD
2024-08-01,TS-WHT-M,Delhi NCR,Marketplace,1,COD
2024-08-01,TS-WHT-M,Delhi NCR,Website,1,Prepaid
2024-08-01,TS-WHT-M,Delhi NCR,Marketplace,2,COD
2024-08-01,TS-WHT-M,Delhi NCR,Marketplace,2,COD
2024-08-01,TS-WHT-M,Mumbai,Marketplace,2,Prepaid
2024-08-01,TS-WHT-M,Mumbai,Marketplace,2,Prepaid
2024-08-01,TS-WHT-M,Mumbai,Marketplace,1,Prepaid
2024-08-01,TS-WHT-M,Bangalore,Website,1,COD
2024-08-01,TS-WHT-M,Bangalore,Website,2,Prepaid
2024-08-01,TS-WHT-M,Bangalore,Marketplace,1,Prepaid
2024-08-01,TS-WHT-M,Bangalore,Website,1,COD
2024-08-01,TS-WHT-M,Bangalore,Marketplace,1,Prepaid
2024-08-01,HD-BLK-M,Delhi NCR,Website,1,COD
2024-08-01,HD-BLK-M,Delhi NCR,Marketplace,2,Prepaid
2024-08-01,HD-BLK-M,Delhi NCR,Website,2,COD
2024-08-01,HD-BLK-M,Delhi NCR,Marketplace,2,COD
2024-08-01,HD-BLK-M,Delhi NCR,Marketplace,2,COD
2024-08-01,HD-BLK-M,Mumbai,Website,2,Prepaid
2024-08-01,HD-BLK-M,Mumbai,Marketplace,1,COD
2024-08-01,HD-BLK-M,Mumbai,Marketplace,1,COD
2024-08-01,HD-BLK-M,Mumbai,Marketplace,2,Prepaid
2024-08-01,HD-BLK-M,Mumbai,Marketplace,2,Prepaid
2024-08-01,HD-BLK-M,Bangalore,Website,2,COD
2024-08-01,HD-GRY-L,Delhi NCR,Marketplace,2,Prepaid
2024-08-01,HD-GRY-L,Delhi NCR,Website,2,Prepaid
2024-08-01,HD-GRY-L,Delhi NCR,Marketplace,1,Prepaid
2024-08-01,HD-GRY-L,Mumbai,Website,2,Prepaid
2024-08-01,HD-GRY-L,Mumbai,Website,1,Prepaid
2024-08-01,HD-GRY-L,Mumbai,Website,2,COD
2024-08-01,HD-GRY-L,Bangalore,Marketplace,2,COD
2024-08-01,HD-GRY-L,Bangalore,Marketplace,2,COD
2024-08-01,HD-GRY-L,Bangalore,Website,2,COD
2024-08-01,HD-GRY-L,Bangalore,Marketplace,2,COD
2024-08-01,JK-DNM-M,Delhi NCR,Marketplace,2,Prepaid
2024-08-01,JK-DNM-M,Delhi NCR,Website,2,Prepaid
2024-08-01,JK-DNM-M,Delhi NCR,Marketplace,1,Prepaid
2024-08-01,JK-DNM-M,Mumbai,Marketplace,2,COD
2024-08-01,JK-DNM-M,Mumbai,Website,2,COD
2024-08-01,JK-DNM-M,Mumbai,Marketplace,1,COD
2024-08-01,JK-DNM-M,Mumbai,Marketplace,1,COD
2024-08-01,JK-DNM-M,Mumbai,Website,2,COD
2024-08-01,JK-DNM-M,Bangalore,Website,1,COD
2024-08-01,CP-BLK,Delhi NCR,Marketplace,1,COD
2024-08-01,CP-BLK,Delhi NCR,Marketplace,1,COD
2024-08-01,CP-BLK,Mumbai,Marketplace,2,Prepaid
2024-08-01,CP-BLK,Mumbai,Website,1,COD
2024-08-01,CP-BLK,Bangalore,Marketplace,2,Prepaid
2024-08-02,TS-BLK-S,Delhi NCR,Website,1,COD
2024-08-02,TS-BLK-S,Delhi NCR,Website,2,COD
2024-08-02,TS-BLK-S,Delhi NCR,Marketplace,2,Prepaid
2024-08-02,TS-BLK-S,Mumbai,Marketplace,1,COD
2024-08-02,TS-BLK-S,Bangalore,Website,1,COD
2024-08-02,TS-BLK-S,Bangalore,Website,2,Prepaid
2024-08-02,TS-BLK-S,Bangalore,Marketplace,2,COD
2024-08-02,TS-BLK-M,Delhi NCR,Website,1,Prepaid
2024-08-02,TS-BLK-M,Delhi NCR,Marketplace,1,Prepaid
2024-08-02,TS-BLK-M,Delhi NCR,Website,2,Prepaid
2024-08-02,TS-BLK-M,Mumbai,Marketplace,2,Prepaid
2024-08-02,TS-BLK-M,Mumbai,Marketplace,2,COD
2024-08-02,TS-BLK-M,Mumbai,Website,1,Prepaid
2024-08-02,TS-BLK-M,Mumbai,Marketplace,1,Prepaid
2024-08-02,TS-BLK-M,Bangalore,Marketplace,1,Prepaid
2024-08-02,TS-BLK-L,Delhi NCR,Marketplace,2,Prepaid
2024-08-02,TS-BLK-L,Mumbai,Website,2,Prepaid
2024-08-02,TS-BLK-L,Mumbai,Marketplace,1,Prepaid
2024-08-02,TS-BLK-L,Mumbai,Website,1,Prepaid
2024-08-02,TS-BLK-L,Mumbai,Website,2,COD
2024-08-02,TS-BLK-L,Bangalore,Website,1,COD
2024-08-02,TS-BLK-L,Bangalore,Marketplace,2,Prepaid
2024-08-02,TS-BLK-L,Bangalore,Marketplace,2,Prepaid
2024-08-02,TS-BLK-L,Bangalore,Website,2,COD
2024-08-02,TS-BLK-L,Bangalore,Website,1,Prepaid
2024-08-02,TS-WHT-M,Delhi NCR,Website,2,Prepaid
2024-08-02,TS-WHT-M,Delhi NCR,Marketplace,1,Prepaid
2024-08-02,TS-WHT-M,Delhi NCR,Marketplace,1,COD
2024-08-02,TS-WHT-M,Delhi NCR,Marketplace,1,Prepaid
2024-08-02,TS-WHT-M,Delhi NCR,Marketplace,2,Prepaid
2024-08-02,TS-WHT-M,Mumbai,Website,1,Prepaid
2024-08-02,TS-WHT-M,Mumbai,Marketplace,2,Prepaid
2024-08-02,TS-WHT-M,Bangalore,Website,1,COD
2024-08-02,HD-BLK-M,Delhi NCR,Marketplace,1,COD
2024-08-02,HD-BLK-M,Delhi NCR,Website,2,COD
2024-08-02,HD-BLK-M,Delhi NCR,Website,1,Prepaid
2024-08-02,HD-BLK-M,Delhi NCR,Marketplace,2,Prepaid
2024-08-02,HD-BLK-M,Mumbai,Marketplace,2,COD
2024-08-02,HD-BLK-M,Mumbai,Marketplace,1,Prepaid
2024-08-02,HD-BLK-M,Mumbai,Website,2,Prepaid
2024-08-02,HD-BLK-M,Bangalore,Marketplace,2,Prepaid
2024-08-02,HD-GRY-L,Delhi NCR,Marketplace,2,Prepaid
2024-08-02,HD-GRY-L,Delhi NCR,Marketplace,2,COD
2024-08-02,HD-GRY-L,Mumbai,Website,2,Prepaid
2024-08-02,HD-GRY-L,Mumbai,Website,1,COD
2024-08-02,HD-GRY-L,Mumbai,Website,2,Prepaid
2024-08-02,HD-GRY-L,Mumbai,Website,2,COD
2024-08-02,HD-GRY-L,Mumbai,Marketplace,2,COD
2024-08-02,HD-GRY-L,Bangalore,Website,2,Prepaid
2024-08-02,HD-GRY-L,Bangalore,Website,2,COD
2024-08-02,HD-GRY-L,Bangalore,Marketplace,1,COD
2024-08-02,JK-DNM-M,Delhi NCR,Website,1,COD
2024-08-02,JK-DNM-M,Delhi NCR,Website,2,Prepaid
2024-08-02,JK-DNM-M,Delhi NCR,Marketplace,1,Prepaid
2024-08-02,JK-DNM-M,Mumbai,Website,1,COD
2024-08-02,JK-DNM-M,Mumbai,Website,1,Prepaid
2024-08-02,JK-DNM-M,Mumbai,Marketplace,2,COD
2024-08-02,JK-DNM-M,Bangalore,Marketplace,1,COD
2024-08-02,JK-DNM-M,Bangalore,Marketplace,2,COD
2024-08-02,JK-DNM-M,Bangalore,Website,1,COD
2024-08-02,JK-DNM-M,Bangalore,Website,2,Prepaid
2024-08-02,JK-DNM-M,Bangalore,Website,2,COD
2024-08-02,JK-DNM-M,Bangalore,Marketplace,1,COD
2024-08-02,JK-DNM-M,Bangalore,Marketplace,2,Prepaid
2024-08-02,CP-BLK,Delhi NCR,Website,2,Prepaid
2024-08-02,CP-BLK,Delhi NCR,Marketplace,1,COD
2024-08-02,CP-BLK,Delhi NCR,Marketplace,1,Prepaid
2024-08-02,CP-BLK,Mumbai,Website,2,COD
2024-08-02,CP-BLK,Mumbai,Website,1,Prepaid
2024-08-02,CP-BLK,Mumbai,Marketplace,1,COD
2024-08-02,CP-BLK,Mumbai,Marketplace,1,Prepaid
2024-08-02,CP-BLK,Mumbai,Marketplace,1,COD
2024-08-02,CP-BLK,Bangalore,Marketplace,1,COD
2024-08-02,CP-BLK,Bangalore,Website,2,COD
2024-08-02,CP-BLK,Bangalore,Website,2,Prepaid
2024-08-03,TS-BLK-S,Delhi NCR,Website,2,Prepaid
2024-08-03,TS-BLK-S,Delhi NCR,Marketplace,1,COD
2024-08-03,TS-BLK-S,Delhi NCR,Website,1,COD
2024-08-03,TS-BLK-S,Mumbai,Website,1,COD
2024-08-03,TS-BLK-S,Mumbai,Marketplace,1,COD
2024-08-03,TS-BLK-S,Mumbai,Marketplace,1,Prepaid
2024-08-03,TS-BLK-S,Mumbai,Website,1,Prepaid
2024-08-03,TS-BLK-S,Bangalore,Website,1,COD
2024-08-03,TS-BLK-S,Bangalore,Website,2,Prepaid
2024-08-03,TS-BLK-S,Bangalore,Marketplace,1,COD
2024-08-03,TS-BLK-S,Bangalore,Website,1,COD
2024-08-03,TS-BLK-S,Bangalore,Marketplace,1,COD
2024-08-03,TS-BLK-M,Delhi NCR,Website,2,Prepaid
2024-08-03,TS-BLK-M,Mumbai,Website,1,COD
2024-08-03,TS-BLK-M,Mumbai,Website,2,COD
2024-08-03,TS-BLK-M,Bangalore,Website,2,Prepaid
2024-08-03,TS-BLK-M,Bangalore,Website,1,COD
2024-08-03,TS-BLK-L,Delhi NCR,Website,2,COD
2024-08-03,TS-BLK-L,Delhi NCR,Marketplace,2,Prepaid
2024-08-03,TS-BLK-L,Delhi NCR,Website,1,Prepaid
2024-08-03,TS-BLK-L,Mumbai,Marketplace,2,Prepaid
2024-08-03,TS-BLK-L,Bangalore,Marketplace,1,Prepaid
2024-08-03,TS-BLK-L,Bangalore,Website,2,Prepaid
2024-08-03,TS-WHT-M,Delhi NCR,Website,2,Prepaid
2024-08-03,TS-WHT-M,Delhi NCR,Website,1,Prepaid
2024-08-03,TS-WHT-M,Delhi NCR,Website,1,Prepaid
2024-08-03,TS-WHT-M,Mumbai,Website,2,COD
2024-08-03,TS-WHT-M,Mumbai,Marketplace,1,COD
2024-08-03,TS-WHT-M,Bangalore,Website,2,COD
2024-08-03,TS-WHT-M,Bangalore,Marketplace,2,COD
2024-08-03,HD-BLK-M,Delhi NCR,Marketplace,1,COD
2024-08-03,HD-BLK-M,Mumbai,Marketplace,2,COD
2024-08-03,HD-BLK-M,Mumbai,Marketplace,2,Prepaid
2024-08-03,HD-BLK-M,Mumbai,Marketplace,2,COD
2024-08-03,HD-BLK-M,Mumbai,Marketplace,2,Prepaid
2024-08-03,HD-BLK-M,Mumbai,Website,1,Prepaid
2024-08-03,HD-BLK-M,Bangalore,Website,1,Prepaid
2024-08-03,HD-BLK-M,Bangalore,Website,2,COD
2024-08-03,HD-BLK-M,Bangalore,Website,2,COD
2024-08-03,HD-GRY-L,Delhi NCR,Website,2,COD
2024-08-03,HD-GRY-L,Mumbai,Marketplace,2,Prepaid
2024-08-03,HD-GRY-L,Mumbai,Marketplace,2,Prepaid
2024-08-03,HD-GRY-L,Mumbai,Website,2,Prepaid
2024-08-03,HD-GRY-L,Bangalore,Marketplace,2,COD
2024-08-03,HD-GRY-L,Bangalore,Marketplace,1,Prepaid
2024-08-03,HD-GRY-L,Bangalore,Marketplace,2,Prepaid
2024-08-03,HD-GRY-L,Bangalore,Website,1,COD
2024-08-03,HD-GRY-L,Bangalore,Website,2,COD
2024-08-03,JK-DNM-M,Delhi NCR,Marketplace,1,Prepaid
2024-08-03,JK-DNM-M,Delhi NCR,Website,1,Prepaid
2024-08-03,JK-DNM-M,Mumbai,Marketplace,1,Prepaid
2024-08-03,JK-DNM-M,Mumbai,Website,1,Prepaid
2024-08-03,JK-DNM-M,Mumbai,Marketplace,1,COD
2024-08-03,JK-DNM-M,Mumbai,Website,1,COD
2024-08-03,JK-DNM-M,Mumbai,Marketplace,2,COD
2024-08-03,JK-DNM-M,Mumbai,Website,2,COD
2024-08-03,JK-DNM-M,Mumbai,Website,2,COD
2024-08-03,JK-DNM-M,Bangalore,Website,2,Prepaid
2024-08-03,JK-DNM-M,Bangalore,Marketplace,2,COD
2024-08-03,JK-DNM-M,Bangalore,Website,2,COD
2024-08-03,JK-DNM-M,Bangalore,Website,2,COD
2024-08-03,CP-BLK,Delhi NCR,Website,1,COD
2024-08-03,CP-BLK,Mumbai,Marketplace,1,COD
2024-08-03,CP-BLK,Mumbai,Website,1,COD
2024-08-03,CP-BLK,Mumbai,Marketplace,2,Prepaid
2024-08-03,CP-BLK,Mumbai,Website,1,COD
2024-08-03,CP-BLK,Mumbai,Marketplace,2,COD
2024-08-03,CP-BLK,Bangalore,Marketplace,2,Prepaid
2024-08-03,CP-BLK,Bangalore,Website,2,Prepaid
2024-08-03,CP-BLK,Bangalore,Website,1,COD
2024-08-04,TS-BLK-S,Delhi NCR,Website,1,COD
2024-08-04,TS-BLK-S,Delhi NCR,Marketplace,1,Prepaid
2024-08-04,TS-BLK-S,Delhi NCR,Website,2,Prepaid
2024-08-04,TS-BLK-S,Delhi NCR,Marketplace,2,COD
2024-08-04,TS-BLK-S,Delhi NCR,Website,2,Prepaid
2024-08-04,TS-BLK-S,Mumbai,Marketplace,2,COD
2024-08-04,TS-BLK-S,Mumbai,Marketplace,2,Prepaid
2024-08-04,TS-BLK-S,Mumbai,Website,1,COD
2024-08-04,TS-BLK-S,Mumbai,Marketplace,1,COD
2024-08-04,TS-BLK-S,Bangalore,Website,2,Prepaid
2024-08-04,TS-BLK-S,Bangalore,Marketplace,1,COD
2024-08-04,TS-BLK-S,Bangalore,Website,2,COD
2024-08-04,TS-BLK-S,Bangalore,Marketplace,2,Prepaid
2024-08-04,TS-BLK-S,Bangalore,Website,1,COD
2024-08-04,TS-BLK-M,Delhi NCR,Website,2,COD
2024-08-04,TS-BLK-M,Delhi NCR,Website,1,Prepaid
2024-08-04,TS-BLK-M,Mumbai,Website,2,COD
2024-08-04,TS-BLK-M,Mumbai,Marketplace,1,COD
2024-08-04,TS-BLK-M,Mumbai,Website,2,COD
2024-08-04,TS-BLK-M,Mumbai,Website,1,COD
2024-08-04,TS-BLK-M,Mumbai,Marketplace,1,Prepaid
2024-08-04,TS-BLK-M,Bangalore,Marketplace,2,Prepaid
2024-08-04,TS-BLK-M,Bangalore,Website,1,COD
2024-08-04,TS-BLK-L,Delhi NCR,Marketplace,1,COD
2024-08-04,TS-BLK-L,Delhi NCR,Website,1,COD
2024-08-04,TS-BLK-L,Mumbai,Website,2,Prepaid
2024-08-04,TS-BLK-L,Mumbai,Website,1,COD
2024-08-04,TS-BLK-L,Mumbai,Website,2,Prepaid
2024-08-04,TS-BLK-L,Mumbai,Website,1,COD
2024-08-04,TS-BLK-L,Bangalore,Marketplace,1,Prepaid
2024-08-04,TS-BLK-L,Bangalore,Website,1,COD
2024-08-04,TS-BLK-L,Bangalore,Website,1,COD
2024-08-04,TS-WHT-M,Delhi NCR,Website,1,Prepaid
2024-08-04,TS-WHT-M,Delhi NCR,Marketplace,2,COD
2024-08-04,TS-WHT-M,Delhi NCR,Website,1,COD
2024-08-04,TS-WHT-M,Delhi NCR,Marketplace,1,COD
2024-08-04,TS-WHT-M,Mumbai,Website,1,Prepaid
2024-08-04,TS-WHT-M,Bangalore,Marketplace,1,Prepaid
2024-08-04,HD-BLK-M,Delhi NCR,Website,2,COD
2024-08-04,HD-BLK-M,Delhi NCR,Marketplace,1,COD
2024-08-04,HD-BLK-M,Delhi NCR,Marketplace,1,COD
2024-08-04,HD-BLK-M,Mumbai,Website,2,Prepaid
2024-08-04,HD-BLK-M,Mumbai,Website,2,Prepaid
2024-08-04,HD-BLK-M,Mumbai,Marketplace,1,COD
2024-08-04,HD-BLK-M,Mumbai,Marketplace,2,COD
2024-08-04,HD-BLK-M,Bangalore,Marketplace,1,COD
2024-08-04,HD-BLK-M,Bangalore,Marketplace,2,COD
2024-08-04,HD-BLK-M,Bangalore,Marketplace,2,COD
2024-08-04,HD-BLK-M,Bangalore,Website,2,Prepaid
2024-08-04,HD-BLK-M,Bangalore,Website,1,Prepaid
2024-08-04,HD-GRY-L,Delhi NCR,Website,1,COD
2024-08-04,HD-GRY-L,Delhi NCR,Marketplace,1,COD
2024-08-04,HD-GRY-L,Delhi NCR,Website,2,Prepaid
2024-08-04,HD-GRY-L,Mumbai,Marketplace,2,Prepaid
2024-08-04,HD-GRY-L,Mumbai,Marketplace,1,Prepaid
2024-08-04,HD-GRY-L,Mumbai,Marketplace,2,Prepaid
2024-08-04,HD-GRY-L,Mumbai,Marketplace,1,COD
2024-08-04,HD-GRY-L,Bangalore,Marketplace,1,COD
2024-08-04,HD-GRY-L,Bangalore,Marketplace,2,Prepaid
2024-08-04,HD-GRY-L,Bangalore,Website,1,Prepaid
2024-08-04,HD-GRY-L,Bangalore,Website,2,Prepaid
2024-08-04,JK-DNM-M,Delhi NCR,Marketplace,1,Prepaid
2024-08-04,JK-DNM-M,Delhi NCR,Marketplace,2,Prepaid
2024-08-04,JK-DNM-M,Delhi NCR,Website,2,Prepaid
2024-08-04,JK-DNM-M,Delhi NCR,Website,1,COD
2024-08-04,JK-DNM-M,Delhi NCR,Marketplace,2,Prepaid
2024-08-04,JK-DNM-M,Delhi NCR,Website,1,COD
2024-08-04,JK-DNM-M,Mumbai,Website,1,Prepaid
2024-08-04,JK-DNM-M,Mumbai,Marketplace,2,COD
2024-08-04,JK-DNM-M,Mumbai,Website,1,Prepaid
2024-08-04,JK-DNM-M,Mumbai,Marketplace,2,COD
2024-08-04,JK-DNM-M,Mumbai,Marketplace,2,Prepaid
2024-08-04,JK-DNM-M,Bangalore,Website,1,Prepaid
2024-08-04,JK-DNM-M,Bangalore,Marketplace,1,COD
2024-08-04,JK-DNM-M,Bangalore,Marketplace,1,Prepaid
2024-08-04,JK-DNM-M,Bangalore,Marketplace,2,COD
2024-08-04,JK-DNM-M,Bangalore,Marketplace,1,COD
2024-08-04,JK-DNM-M,Bangalore,Marketplace,2,COD
2024-08-04,JK-DNM-M,Bangalore,Marketplace,2,COD
2024-08-04,CP-BLK,Delhi NCR,Website,1,COD
2024-08-04,CP-BLK,Delhi NCR,Marketplace,1,COD
2024-08-04,CP-BLK,Delhi NCR,Website,1,COD
2024-08-04,CP-BLK,Delhi NCR,Website,1,COD
2024-08-04,CP-BLK,Delhi NCR,Marketplace,2,Prepaid
2024-08-04,CP-BLK,Mumbai,Website,1,COD
2024-08-04,CP-BLK,Mumbai,Website,1,COD
2024-08-04,CP-BLK,Mumbai,Website,1,COD
2024-08-04,CP-BLK,Mumbai,Website,1,COD
2024-08-04,CP-BLK,Bangalore,Marketplace,2,Prepaid
2024-08-04,CP-BLK,Bangalore,Marketplace,2,COD
2024-08-04,CP-BLK,Bangalore,Marketplace,1,COD
2024-08-04,CP-BLK,Bangalore,Website,2,Prepaid
2024-08-04,CP-BLK,Bangalore,Marketplace,1,Prepaid
2024-08-05,TS-BLK-S,Delhi NCR,Marketplace,2,Prepaid
2024-08-05,TS-BLK-S,Mumbai,Website,1,COD
2024-08-05,TS-BLK-S,Mumbai,Marketplace,1,COD
2024-08-05,TS-BLK-S,Mumbai,Marketplace,1,COD
2024-08-05,TS-BLK-S,Mumbai,Website,2,COD
2024-08-05,TS-BLK-S,Bangalore,Marketplace,2,COD
2024-08-05,TS-BLK-S,Bangalore,Marketplace,1,COD
2024-08-05,TS-BLK-S,Bangalore,Website,2,COD
2024-08-05,TS-BLK-M,Delhi NCR,Website,1,COD
2024-08-05,TS-BLK-M,Mumbai,Marketplace,2,COD
2024-08-05,TS-BLK-M,Mumbai,Website,1,Prepaid
2024-08-05,TS-BLK-M,Mumbai,Website,2,COD
2024-08-05,TS-BLK-M,Mumbai,Website,1,Prepaid
2024-08-05,TS-BLK-M,Mumbai,Website,1,COD
2024-08-05,TS-BLK-M,Bangalore,Website,2,COD
2024-08-05,TS-BLK-L,Delhi NCR,Marketplace,2,COD
2024-08-05,TS-BLK-L,Delhi NCR,Website,2,COD
2024-08-05,TS-BLK-L,Mumbai,Website,1,Prepaid
2024-08-05,TS-BLK-L,Mumbai,Marketplace,2,COD
2024-08-05,TS-BLK-L,Bangalore,Marketplace,2,Prepaid
2024-08-05,TS-BLK-L,Bangalore,Website,2,Prepaid
2024-08-05,TS-BLK-L,Bangalore,Marketplace,2,COD
2024-08-05,TS-BLK-L,Bangalore,Marketplace,1,COD
2024-08-05,TS-WHT-M,Delhi NCR,Marketplace,2,COD
2024-08-05,TS-WHT-M,Delhi NCR,Website,2,COD
2024-08-05,TS-WHT-M,Delhi NCR,Website,2,COD
2024-08-05,TS-WHT-M,Delhi NCR,Website,2,Prepaid
2024-08-05,TS-WHT-M,Mumbai,Marketplace,1,COD
2024-08-05,TS-WHT-M,Mumbai,Marketplace,1,COD
2024-08-05,TS-WHT-M,Mumbai,Website,2,COD
2024-08-05,TS-WHT-M,Bangalore,Website,2,COD
2024-08-05,HD-BLK-M,Delhi NCR,Website,2,COD
2024-08-05,HD-BLK-M,Delhi NCR,Website,1,COD
2024-08-05,HD-BLK-M,Mumbai,Marketplace,1,Prepaid
2024-08-05,HD-BLK-M,Mumbai,Marketplace,2,Prepaid
2024-08-05,HD-BLK-M,Mumbai,Marketplace,2,Prepaid
2024-08-05,HD-BLK-M,Mumbai,Marketplace,2,COD
2024-08-05,HD-BLK-M,Bangalore,Website,1,COD
2024-08-05,HD-BLK-M,Bangalore,Marketplace,1,COD
2024-08-05,HD-GRY-L,Delhi NCR,Marketplace,1,COD
2024-08-05,HD-GRY-L,Delhi NCR,Website,1,Prepaid
2024-08-05,HD-GRY-L,Mumbai,Marketplace,1,Prepaid
2024-08-05,HD-GRY-L,Bangalore,Marketplace,2,Prepaid
2024-08-05,HD-GRY-L,Bangalore,Marketplace,2,Prepaid
2024-08-05,HD-GRY-L,Bangalore,Marketplace,2,COD
2024-08-05,JK-DNM-M,Delhi NCR,Website,2,Prepaid
2024-08-05,JK-DNM-M,Delhi NCR,Marketplace,1,COD
2024-08-05,JK-DNM-M,Delhi NCR,Marketplace,1,Prepaid
2024-08-05,JK-DNM-M,Delhi NCR,Website,2,COD
2024-08-05,JK-DNM-M,Delhi NCR,Marketplace,2,COD
2024-08-05,JK-DNM-M,Delhi NCR,Marketplace,2,COD
2024-08-05,JK-DNM-M,Mumbai,Marketplace,2,COD
2024-08-05,JK-DNM-M,Mumbai,Website,1,Prepaid
2024-08-05,JK-DNM-M,Mumbai,Marketplace,2,COD
2024-08-05,JK-DNM-M,Mumbai,Marketplace,2,COD
2024-08-05,JK-DNM-M,Bangalore,Website,2,Prepaid
2024-08-05,JK-DNM-M,Bangalore,Marketplace,1,Prepaid
2024-08-05,JK-DNM-M,Bangalore,Website,1,Prepaid
2024-08-05,CP-BLK,Delhi NCR,Marketplace,2,Prepaid
2024-08-05,CP-BLK,Delhi NCR,Marketplace,1,COD
2024-08-05,CP-BLK,Delhi NCR,Website,2,COD
2024-08-05,CP-BLK,Mumbai,Website,1,Prepaid
2024-08-05,CP-BLK,Mumbai,Marketplace,1,Prepaid
2024-08-05,CP-BLK,Mumbai,Website,2,Prepaid
2024-08-05,CP-BLK,Bangalore,Website,1,Prepaid
2024-08-05,CP-BLK,Bangalore,Website,1,Prepaid
2024-08-05,CP-BLK,Bangalore,Website,2,Prepaid
2024-08-05,CP-BLK,Bangalore,Website,1,Prepaid
2024-08-06,TS-BLK-S,Delhi NCR,Marketplace,2,COD
2024-08-06,TS-BLK-S,Delhi NCR,Website,2,COD
2024-08-06,TS-BLK-S,Mumbai,Marketplace,1,Prepaid
2024-08-06,TS-BLK-S,Mumbai,Marketplace,2,COD
2024-08-06,TS-BLK-S,Mumbai,Website,1,Prepaid
2024-08-06,TS-BLK-S,Mumbai,Marketplace,1,Prepaid
2024-08-06,TS-BLK-S,Mumbai,Marketplace,1,Prepaid
2024-08-06,TS-BLK-S,Bangalore,Website,2,COD
2024-08-06,TS-BLK-S,Bangalore,Website,2,Prepaid
2024-08-06,TS-BLK-S,Bangalore,Marketplace,2,COD
2024-08-06,TS-BLK-S,Bangalore,Website,1,Prepaid
2024-08-06,TS-BLK-M,Delhi NCR,Marketplace,2,COD
2024-08-06,TS-BLK-M,Delhi NCR,Marketplace,2,COD
2024-08-06,TS-BLK-M,Delhi NCR,Marketplace,2,Prepaid
2024-08-06,TS-BLK-M,Mumbai,Website,2,Prepaid
2024-08-06,TS-BLK-M,Mumbai,Marketplace,1,Prepaid
2024-08-06,TS-BLK-M,Mumbai,Website,1,Prepaid
2024-08-06,TS-BLK-M,Bangalore,Marketplace,2,Prepaid
2024-08-06,TS-BLK-M,Bangalore,Website,1,Prepaid
2024-08-06,TS-BLK-M,Bangalore,Website,1,COD
2024-08-06,TS-BLK-M,Bangalore,Marketplace,1,COD
2024-08-06,TS-BLK-L,Delhi NCR,Website,2,COD
2024-08-06,TS-BLK-L,Delhi NCR,Website,1,COD
2024-08-06,TS-BLK-L,Delhi NCR,Marketplace,2,COD
2024-08-06,TS-BLK-L,Delhi NCR,Marketplace,1,COD
2024-08-06,TS-BLK-L,Mumbai,Website,2,COD
2024-08-06,TS-BLK-L,Mumbai,Website,1,Prepaid
2024-08-06,TS-BLK-L,Mumbai,Marketplace,2,COD
2024-08-06,TS-BLK-L,Mumbai,Website,1,Prepaid
2024-08-06,TS-BLK-L,Bangalore,Marketplace,1,COD
2024-08-06,TS-BLK-L,Bangalore,Website,2,Prepaid
2024-08-06,TS-BLK-L,Bangalore,Website,2,COD
2024-08-06,TS-WHT-M,Delhi NCR,Website,2,COD
2024-08-06,TS-WHT-M,Delhi NCR,Website,1,COD
2024-08-06,TS-WHT-M,Delhi NCR,Website,1,COD
2024-08-06,TS-WHT-M,Delhi NCR,Marketplace,1,COD
2024-08-06,TS-WHT-M,Mumbai,Marketplace,1,COD
2024-08-06,TS-WHT-M,Mumbai,Marketplace,1,Prepaid
2024-08-06,TS-WHT-M,Mumbai,Website,2,Prepaid
2024-08-06,TS-WHT-M,Bangalore,Website,2,COD
2024-08-06,TS-WHT-M,Bangalore,Marketplace,1,Prepaid
2024-08-06,TS-WHT-M,Bangalore,Marketplace,2,COD
2024-08-06,HD-BLK-M,Delhi NCR,Marketplace,1,COD
2024-08-06,HD-BLK-M,Mumbai,Website,1,Prepaid
2024-08-06,HD-BLK-M,Mumbai,Website,1,COD
2024-08-06,HD-BLK-M,Mumbai,Website,1,Prepaid
2024-08-06,HD-BLK-M,Mumbai,Marketplace,2,Prepaid
2024-08-06,HD-BLK-M,Mumbai,Marketplace,2,COD
2024-08-06,HD-BLK-M,Bangalore,Marketplace,2,COD
2024-08-06,HD-BLK-M,Bangalore,Marketplace,1,Prepaid
2024-08-06,HD-BLK-M,Bangalore,Website,2,COD
2024-08-06,HD-BLK-M,Bangalore,Marketplace,1,COD
2024-08-06,HD-GRY-L,Delhi NCR,Website,2,COD
2024-08-06,HD-GRY-L,Delhi NCR,Marketplace,1,Prepaid
2024-08-06,HD-GRY-L,Delhi NCR,Marketplace,2,Prepaid
2024-08-06,HD-GRY-L,Delhi NCR,Marketplace,1,Prepaid
2024-08-06,HD-GRY-L,Delhi NCR,Website,2,COD
2024-08-06,HD-GRY-L,Mumbai,Marketplace,1,COD
2024-08-06,HD-GRY-L,Mumbai,Website,2,COD
2024-08-06,HD-GRY-L,Mumbai,Website,2,Prepaid
2024-08-06,HD-GRY-L,Mumbai,Marketplace,1,Prepaid
2024-08-06,HD-GRY-L,Mumbai,Website,1,Prepaid
2024-08-06,HD-GRY-L,Bangalore,Website,2,Prepaid
2024-08-06,HD-GRY-L,Bangalore,Marketplace,2,COD
2024-08-06,HD-GRY-L,Bangalore,Marketplace,1,COD
2024-08-06,HD-GRY-L,Bangalore,Marketplace,1,COD
2024-08-06,JK-DNM-M,Delhi NCR,Website,1,Prepaid
2024-08-06,JK-DNM-M,Delhi NCR,Marketplace,2,Prepaid
2024-08-06,JK-DNM-M,Delhi NCR,Marketplace,2,Prepaid
2024-08-06,JK-DNM-M,Delhi NCR,Website,2,COD
2024-08-06,JK-DNM-M,Mumbai,Marketplace,1,COD
2024-08-06,JK-DNM-M,Mumbai,Marketplace,1,Prepaid
2024-08-06,JK-DNM-M,Mumbai,Website,1,Prepaid
2024-08-06,JK-DNM-M,Mumbai,Marketplace,1,COD
2024-08-06,JK-DNM-M,Bangalore,Marketplace,1,COD
2024-08-06,JK-DNM-M,Bangalore,Website,1,Prepaid
2024-08-06,JK-DNM-M,Bangalore,Marketplace,1,Prepaid
2024-08-06,JK-DNM-M,Bangalore,Marketplace,1,Prepaid
2024-08-06,CP-BLK,Delhi NCR,Marketplace,2,Prepaid
2024-08-06,CP-BLK,Delhi NCR,Website,2,COD
2024-08-06,CP-BLK,Delhi NCR,Website,2,COD
2024-08-06,CP-BLK,Mumbai,Website,2,Prepaid
2024-08-06,CP-BLK,Mumbai,Website,2,Prepaid
2024-08-06,CP-BLK,Mumbai,Website,1,Prepaid
2024-08-06,CP-BLK,Bangalore,Marketplace,1,COD
2024-08-06,CP-BLK,Bangalore,Website,2,COD
2024-08-06,CP-BLK,Bangalore,Marketplace,1,COD
2024-08-06,CP-BLK,Bangalore,Website,1,Prepaid
2024-08-07,TS-BLK-S,Delhi NCR,Marketplace,1,COD
2024-08-07,TS-BLK-S,Delhi NCR,Marketplace,1,Prepaid
2024-08-07,TS-BLK-S,Delhi NCR,Website,1,COD
2024-08-07,TS-BLK-S,Delhi NCR,Website,1,COD
2024-08-07,TS-BLK-S,Delhi NCR,Website,2,Prepaid
2024-08-07,TS-BLK-S,Mumbai,Marketplace,1,Prepaid
2024-08-07,TS-BLK-S,Mumbai,Marketplace,1,COD
2024-08-07,TS-BLK-S,Bangalore,Marketplace,1,COD
2024-08-07,TS-BLK-S,Bangalore,Marketplace,2,COD
2024-08-07,TS-BLK-S,Bangalore,Website,2,COD
2024-08-07,TS-BLK-M,Delhi NCR,Marketplace,1,Prepaid
2024-08-07,TS-BLK-M,Delhi NCR,Website,2,Prepaid
2024-08-07,TS-BLK-M,Mumbai,Website,1,Prepaid
2024-08-07,TS-BLK-M,Mumbai,Marketplace,2,Prepaid
2024-08-07,TS-BLK-M,Bangalore,Website,1,COD
2024-08-07,TS-BLK-M,Bangalore,Marketplace,1,COD
2024-08-07,TS-BLK-M,Bangalore,Website,2,COD
2024-08-07,TS-BLK-M,Bangalore,Marketplace,1,Prepaid
2024-08-07,TS-BLK-L,Delhi NCR,Website,1,COD
2024-08-07,TS-BLK-L,Delhi NCR,Website,2,Prepaid
2024-08-07,TS-BLK-L,Delhi NCR,Website,2,Prepaid
2024-08-07,TS-BLK-L,Mumbai,Marketplace,1,Prepaid
2024-08-07,TS-BLK-L,Mumbai,Marketplace,1,COD
2024-08-07,TS-BLK-L,Mumbai,Marketplace,1,COD
2024-08-07,TS-BLK-L,Mumbai,Marketplace,2,COD
2024-08-07,TS-BLK-L,Mumbai,Website,1,COD
2024-08-07,TS-BLK-L,Bangalore,Website,1,COD
2024-08-07,TS-BLK-L,Bangalore,Marketplace,1,Prepaid
2024-08-07,TS-BLK-L,Bangalore,Marketplace,2,COD
2024-08-07,TS-BLK-L,Bangalore,Marketplace,2,Prepaid
2024-08-07,TS-WHT-M,Delhi NCR,Website,1,COD
2024-08-07,TS-WHT-M,Delhi NCR,Website,1,COD
2024-08-07,TS-WHT-M,Delhi NCR,Marketplace,1,Prepaid
2024-08-07,TS-WHT-M,Delhi NCR,Marketplace,1,COD
2024-08-07,TS-WHT-M,Mumbai,Marketplace,1,COD
2024-08-07,TS-WHT-M,Bangalore,Marketplace,2,COD
2024-08-07,TS-WHT-M,Bangalore,Website,2,COD
2024-08-07,TS-WHT-M,Bangalore,Website,1,Prepaid
2024-08-07,TS-WHT-M,Bangalore,Marketplace,1,COD
2024-08-07,HD-BLK-M,Delhi NCR,Website,1,COD
2024-08-07,HD-BLK-M,Delhi NCR,Website,2,Prepaid
2024-08-07,HD-BLK-M,Delhi NCR,Marketplace,2,COD
2024-08-07,HD-BLK-M,Mumbai,Marketplace,2,Prepaid
2024-08-07,HD-BLK-M,Mumbai,Marketplace,2,COD
2024-08-07,HD-BLK-M,Mumbai,Marketplace,1,Prepaid
2024-08-07,HD-BLK-M,Bangalore,Marketplace,2,COD
2024-08-07,HD-BLK-M,Bangalore,Website,1,Prepaid
2024-08-07,HD-BLK-M,Bangalore,Marketplace,2,COD
2024-08-07,HD-BLK-M,Bangalore,Marketplace,2,COD
2024-08-07,HD-GRY-L,Delhi NCR,Marketplace,2,COD
2024-08-07,HD-GRY-L,Mumbai,Marketplace,2,COD
2024-08-07,HD-GRY-L,Bangalore,Website,2,COD
2024-08-07,JK-DNM-M,Delhi NCR,Website,1,Prepaid
2024-08-07,JK-DNM-M,Delhi NCR,Marketplace,2,COD
2024-08-07,JK-DNM-M,Delhi NCR,Website,2,COD
2024-08-07,JK-DNM-M,Mumbai,Website,1,COD
2024-08-07,JK-DNM-M,Bangalore,Website,1,Prepaid
2024-08-07,JK-DNM-M,Bangalore,Marketplace,1,COD
2024-08-07,JK-DNM-M,Bangalore,Website,2,Prepaid
2024-08-07,CP-BLK,Delhi NCR,Website,2,COD
2024-08-07,CP-BLK,Delhi NCR,Website,2,Prepaid
2024-08-07,CP-BLK,Mumbai,Marketplace,1,COD
2024-08-07,CP-BLK,Mumbai,Website,1,COD
2024-08-07,CP-BLK,Mumbai,Website,2,COD
2024-08-07,CP-BLK,Mumbai,Marketplace,2,COD
2024-08-07,CP-BLK,Bangalore,Marketplace,1,Prepaid
2024-08-07,CP-BLK,Bangalore,Website,1,COD
2024-08-08,TS-BLK-S,Delhi NCR,Website,2,Prepaid
2024-08-08,TS-BLK-S,Delhi NCR,Marketplace,1,COD
2024-08-08,TS-BLK-S,Delhi NCR,Website,1,Prepaid
2024-08-08,TS-BLK-S,Delhi NCR,Website,2,COD
2024-08-08,TS-BLK-S,Mumbai,Marketplace,2,COD
2024-08-08,TS-BLK-S,Bangalore,Marketplace,1,COD
2024-08-08,TS-BLK-M,Delhi NCR,Marketplace,1,COD
2024-08-08,TS-BLK-M,Delhi NCR,Website,1,COD
2024-08-08,TS-BLK-M,Delhi NCR,Website,2,Prepaid
2024-08-08,TS-BLK-M,Delhi NCR,Website,2,Prepaid
2024-08-08,TS-BLK-M,Mumbai,Website,1,COD
2024-08-08,TS-BLK-M,Mumbai,Marketplace,1,Prepaid
2024-08-08,TS-BLK-M,Mumbai,Website,1,Prepaid
2024-08-08,TS-BLK-M,Mumbai,Website,2,COD
2024-08-08,TS-BLK-M,Bangalore,Website,2,Prepaid
2024-08-08,TS-BLK-M,Bangalore,Marketplace,1,COD
2024-08-08,TS-BLK-M,Bangalore,Marketplace,2,Prepaid
2024-08-08,TS-BLK-L,Delhi NCR,Marketplace,1,COD
2024-08-08,TS-BLK-L,Mumbai,Marketplace,2,COD
2024-08-08,TS-BLK-L,Mumbai,Marketplace,2,COD
2024-08-08,TS-BLK-L,Bangalore,Marketplace,2,Prepaid
2024-08-08,TS-WHT-M,Delhi NCR,Marketplace,1,COD
2024-08-08,TS-WHT-M,Delhi NCR,Marketplace,2,COD
2024-08-08,TS-WHT-M,Mumbai,Marketplace,1,COD
2024-08-08,TS-WHT-M,Mumbai,Marketplace,1,COD
2024-08-08,TS-WHT-M,Mumbai,Marketplace,2,Prepaid
2024-08-08,TS-WHT-M,Mumbai,Website,1,COD
2024-08-08,TS-WHT-M,Bangalore,Marketplace,2,COD
2024-08-08,TS-WHT-M,Bangalore,Marketplace,2,COD
2024-08-08,TS-WHT-M,Bangalore,Website,1,COD
2024-08-08,TS-WHT-M,Bangalore,Marketplace,2,COD
2024-08-08,HD-BLK-M,Delhi NCR,Marketplace,2,COD
2024-08-08,HD-BLK-M,Delhi NCR,Marketplace,2,Prepaid
2024-08-08,HD-BLK-M,Delhi NCR,Marketplace,2,COD
2024-08-08,HD-BLK-M,Delhi NCR,Marketplace,2,Prepaid
2024-08-08,HD-BLK-M,Delhi NCR,Website,2,COD
2024-08-08,HD-BLK-M,Mumbai,Website,1,COD
2024-08-08,HD-BLK-M,Bangalore,Marketplace,2,Prepaid
2024-08-08,HD-BLK-M,Bangalore,Marketplace,2,COD
2024-08-08,HD-BLK-M,Bangalore,Website,1,COD
2024-08-08,HD-BLK-M,Bangalore,Marketplace,1,COD
2024-08-08,HD-BLK-M,Bangalore,Marketplace,2,COD
2024-08-08,HD-GRY-L,Delhi NCR,Marketplace,2,COD
2024-08-08,HD-GRY-L,Delhi NCR,Website,2,COD
2024-08-08,HD-GRY-L,Delhi NCR,Website,1,Prepaid
2024-08-08,HD-GRY-L,Mumbai,Website,1,Prepaid
2024-08-08,HD-GRY-L,Mumbai,Website,2,COD
2024-08-08,HD-GRY-L,Mumbai,Website,2,Prepaid
2024-08-08,HD-GRY-L,Mumbai,Website,1,COD
2024-08-08,HD-GRY-L,Bangalore,Website,1,Prepaid
2024-08-08,HD-GRY-L,Bangalore,Marketplace,1,Prepaid
2024-08-08,HD-GRY-L,Bangalore,Website,2,COD
2024-08-08,JK-DNM-M,Delhi NCR,Website,1,COD
2024-08-08,JK-DNM-M,Delhi NCR,Website,1,Prepaid
2024-08-08,JK-DNM-M,Delhi NCR,Marketplace,2,COD
2024-08-08,JK-DNM-M,Delhi NCR,Website,1,COD
2024-08-08,JK-DNM-M,Delhi NCR,Website,2,COD
2024-08-08,JK-DNM-M,Delhi NCR,Website,2,COD
2024-08-08,JK-DNM-M,Mumbai,Marketplace,1,Prepaid
2024-08-08,JK-DNM-M,Mumbai,Marketplace,1,Prepaid
2024-08-08,JK-DNM-M,Mumbai,Marketplace,1,COD
2024-08-08,JK-DNM-M,Mumbai,Marketplace,1,Prepaid
2024-08-08,JK-DNM-M,Mumbai,Marketplace,2,Prepaid
2024-08-08,JK-DNM-M,Bangalore,Marketplace,2,COD
2024-08-08,JK-DNM-M,Bangalore,Website,2,Prepaid
2024-08-08,JK-DNM-M,Bangalore,Marketplace,2,Prepaid
2024-08-08,CP-BLK,Delhi NCR,Marketplace,1,COD
2024-08-08,CP-BLK,Delhi NCR,Website,1,Prepaid
2024-08-08,CP-BLK,Delhi NCR,Website,2,Prepaid
2024-08-08,CP-BLK,Delhi NCR,Website,2,COD
2024-08-08,CP-BLK,Mumbai,Marketplace,2,COD
2024-08-08,CP-BLK,Mumbai,Website,2,COD
2024-08-08,CP-BLK,Mumbai,Website,2,Prepaid
2024-08-08,CP-BLK,Mumbai,Marketplace,1,COD
2024-08-08,CP-BLK,Mumbai,Marketplace,1,COD
2024-08-08,CP-BLK,Bangalore,Marketplace,2,COD
2024-08-08,CP-BLK,Bangalore,Website,1,COD
2024-08-08,CP-BLK,Bangalore,Marketplace,2,Prepaid
2024-08-08,CP-BLK,Bangalore,Marketplace,1,Prepaid
2024-08-09,TS-BLK-S,Delhi NCR,Marketplace,1,COD
2024-08-09,TS-BLK-S,Mumbai,Marketplace,2,Prepaid
2024-08-09,TS-BLK-S,Mumbai,Website,2,Prepaid
2024-08-09,TS-BLK-S,Mumbai,Marketplace,2,COD
2024-08-09,TS-BLK-S,Mumbai,Marketplace,2,Prepaid
2024-08-09,TS-BLK-S,Bangalore,Website,1,COD
2024-08-09,TS-BLK-S,Bangalore,Marketplace,1,Prepaid
2024-08-09,TS-BLK-S,Bangalore,Website,1,Prepaid
2024-08-09,TS-BLK-S,Bangalore,Website,2,Prepaid
2024-08-09,TS-BLK-M,Delhi NCR,Website,1,COD
2024-08-09,TS-BLK-M,Delhi NCR,Website,1,COD
2024-08-09,TS-BLK-M,Mumbai,Marketplace,2,COD
2024-08-09,TS-BLK-M,Bangalore,Marketplace,1,COD
2024-08-09,TS-BLK-M,Bangalore,Website,2,COD
2024-08-09,TS-BLK-L,Delhi NCR,Marketplace,2,Prepaid
2024-08-09,TS-BLK-L,Delhi NCR,Website,1,COD
2024-08-09,TS-BLK-L,Delhi NCR,Website,2,Prepaid
2024-08-09,TS-BLK-L,Delhi NCR,Marketplace,1,COD
2024-08-09,TS-BLK-L,Mumbai,Website,2,COD
2024-08-09,TS-BLK-L,Mumbai,Website,1,Prepaid
2024-08-09,TS-BLK-L,Mumbai,Marketplace,1,COD
2024-08-09,TS-BLK-L,Mumbai,Marketplace,2,COD
2024-08-09,TS-BLK-L,Mumbai,Website,1,COD
2024-08-09,TS-BLK-L,Bangalore,Website,2,Prepaid
2024-08-09,TS-WHT-M,Delhi NCR,Website,2,COD
2024-08-09,TS-WHT-M,Delhi NCR,Website,2,COD
2024-08-09,TS-WHT-M,Delhi NCR,Website,1,COD
2024-08-09,TS-WHT-M,Mumbai,Marketplace,1,COD
2024-08-09,TS-WHT-M,Mumbai,Website,2,COD
2024-08-09,TS-WHT-M,Mumbai,Marketplace,2,COD
2024-08-09,TS-WHT-M,Mumbai,Marketplace,1,Prepaid
2024-08-09,TS-WHT-M,Mumbai,Website,1,Prepaid
2024-08-09,TS-WHT-M,Bangalore,Website,1,COD
2024-08-09,TS-WHT-M,Bangalore,Website,1,COD
2024-08-09,TS-WHT-M,Bangalore,Website,1,Prepaid
2024-08-09,TS-WHT-M,Bangalore,Marketplace,1,Prepaid
2024-08-09,TS-WHT-M,Bangalore,Website,1,COD
2024-08-09,HD-BLK-M,Delhi NCR,Marketplace,1,Prepaid
2024-08-09,HD-BLK-M,Delhi NCR,Website,2,COD
2024-08-09,HD-BLK-M,Delhi NCR,Marketplace,1,COD
2024-08-09,HD-BLK-M,Delhi NCR,Website,1,COD
2024-08-09,HD-BLK-M,Delhi NCR,Marketplace,1,Prepaid
2024-08-09,HD-BLK-M,Mumbai,Website,2,COD
2024-08-09,HD-BLK-M,Mumbai,Marketplace,1,COD
2024-08-09,HD-BLK-M,Mumbai,Marketplace,1,Prepaid
2024-08-09,HD-BLK-M,Mumbai,Website,1,COD
2024-08-09,HD-BLK-M,Bangalore,Website,2,COD
2024-08-09,HD-BLK-M,Bangalore,Website,2,Prepaid
2024-08-09,HD-BLK-M,Bangalore,Website,1,Prepaid
2024-08-09,HD-BLK-M,Bangalore,Website,2,Prepaid
2024-08-09,HD-GRY-L,Delhi NCR,Website,2,COD
2024-08-09,HD-GRY-L,Delhi NCR,Website,1,Prepaid
2024-08-09,HD-GRY-L,Mumbai,Website,1,COD
2024-08-09,HD-GRY-L,Mumbai,Website,1,Prepaid
2024-08-09,HD-GRY-L,Mumbai,Marketplace,1,Prepaid
2024-08-09,HD-GRY-L,Bangalore,Website,1,COD
2024-08-09,HD-GRY-L,Bangalore,Marketplace,2,Prepaid
2024-08-09,HD-GRY-L,Bangalore,Website,1,COD
2024-08-09,JK-DNM-M,Delhi NCR,Website,2,Prepaid
2024-08-09,JK-DNM-M,Delhi NCR,Marketplace,2,Prepaid
2024-08-09,JK-DNM-M,Delhi NCR,Marketplace,2,COD
2024-08-09,JK-DNM-M,Delhi NCR,Marketplace,2,Prepaid
2024-08-09,JK-DNM-M,Mumbai,Website,1,COD
2024-08-09,JK-DNM-M,Mumbai,Marketplace,2,Prepaid
2024-08-09,JK-DNM-M,Mumbai,Marketplace,1,COD
2024-08-09,JK-DNM-M,Mumbai,Website,2,Prepaid
2024-08-09,JK-DNM-M,Mumbai,Marketplace,2,Prepaid
2024-08-09,JK-DNM-M,Mumbai,Marketplace,1,COD
2024-08-09,JK-DNM-M,Bangalore,Website,1,COD
2024-08-09,JK-DNM-M,Bangalore,Website,1,COD
2024-08-09,JK-DNM-M,Bangalore,Website,1,COD
2024-08-09,CP-BLK,Delhi NCR,Website,2,COD
2024-08-09,CP-BLK,Delhi NCR,Website,1,COD
2024-08-09,CP-BLK,Delhi NCR,Website,1,Prepaid
2024-08-09,CP-BLK,Delhi NCR,Website,1,COD
2024-08-09,CP-BLK,Mumbai,Website,1,Prepaid
2024-08-09,CP-BLK,Mumbai,Website,1,COD
2024-08-09,CP-BLK,Mumbai,Website,1,COD
2024-08-09,CP-BLK,Mumbai,Marketplace,1,Prepaid
2024-08-09,CP-BLK,Bangalore,Marketplace,1,COD
2024-08-10,TS-BLK-S,Delhi NCR,Website,2,Prepaid
2024-08-10,TS-BLK-S,Delhi NCR,Marketplace,2,COD
2024-08-10,TS-BLK-S,Delhi NCR,Website,1,Prepaid
2024-08-10,TS-BLK-S,Delhi NCR,Website,2,COD
2024-08-10,TS-BLK-S,Delhi NCR,Marketplace,2,Prepaid
2024-08-10,TS-BLK-S,Mumbai,Marketplace,1,COD
2024-08-10,TS-BLK-S,Mumbai,Marketplace,1,Prepaid
2024-08-10,TS-BLK-S,Mumbai,Marketplace,2,COD
2024-08-10,TS-BLK-S,Bangalore,Website,2,COD
2024-08-10,TS-BLK-S,Bangalore,Website,2,COD
2024-08-10,TS-BLK-M,Delhi NCR,Website,1,Prepaid
2024-08-10,TS-BLK-M,Delhi NCR,Marketplace,2,COD
2024-08-10,TS-BLK-M,Delhi NCR,Marketplace,1,COD
2024-08-10,TS-BLK-M,Delhi NCR,Marketplace,2,COD
2024-08-10,TS-BLK-M,Delhi NCR,Marketplace,2,COD
2024-08-10,TS-BLK-M,Mumbai,Marketplace,1,COD
2024-08-10,TS-BLK-M,Mumbai,Website,1,COD
2024-08-10,TS-BLK-M,Mumbai,Marketplace,2,COD
2024-08-10,TS-BLK-M,Mumbai,Marketplace,2,COD
2024-08-10,TS-BLK-M,Mumbai,Website,2,Prepaid
2024-08-10,TS-BLK-M,Bangalore,Website,2,Prepaid
2024-08-10,TS-BLK-M,Bangalore,Website,1,COD
2024-08-10,TS-BLK-M,Bangalore,Website,1,COD
2024-08-10,TS-BLK-M,Bangalore,Website,1,COD
2024-08-10,TS-BLK-M,Bangalore,Marketplace,2,COD
2024-08-10,TS-BLK-L,Delhi NCR,Website,1,COD
2024-08-10,TS-BLK-L,Delhi NCR,Marketplace,2,COD
2024-08-10,TS-BLK-L,Delhi NCR,Website,1,COD
2024-08-10,TS-BLK-L,Delhi NCR,Marketplace,1,COD
2024-08-10,TS-BLK-L,Mumbai,Marketplace,2,COD
2024-08-10,TS-BLK-L,Bangalore,Website,2,COD
2024-08-10,TS-BLK-L,Bangalore,Website,1,COD
2024-08-10,TS-BLK-L,Bangalore,Website,2,COD
2024-08-10,TS-WHT-M,Delhi NCR,Marketplace,2,COD
2024-08-10,TS-WHT-M,Delhi NCR,Website,1,Prepaid
2024-08-10,TS-WHT-M,Mumbai,Marketplace,2,Prepaid
2024-08-10,TS-WHT-M,Mumbai,Marketplace,2,COD
2024-08-10,TS-WHT-M,Mumbai,Website,1,COD
2024-08-10,TS-WHT-M,Mumbai,Website,2,COD
2024-08-10,TS-WHT-M,Bangalore,Marketplace,2,Prepaid
2024-08-10,TS-WHT-M,Bangalore,Website,1,COD
2024-08-10,TS-WHT-M,Bangalore,Marketplace,1,Prepaid
2024-08-10,TS-WHT-M,Bangalore,Marketplace,2,Prepaid
2024-08-10,HD-BLK-M,Delhi NCR,Marketplace,2,Prepaid
2024-08-10,HD-BLK-M,Delhi NCR,Website,2,COD
2024-08-10,HD-BLK-M,Delhi NCR,Marketplace,2,Prepaid
2024-08-10,HD-BLK-M,Delhi NCR,Website,2,Prepaid
2024-08-10,HD-BLK-M,Mumbai,Website,2,COD
2024-08-10,HD-BLK-M,Mumbai,Website,2,COD
2024-08-10,HD-BLK-M,Mumbai,Website,1,COD
2024-08-10,HD-BLK-M,Mumbai,Website,1,COD
2024-08-10,HD-BLK-M,Bangalore,Website,2,COD
2024-08-10,HD-BLK-M,Bangalore,Marketplace,2,COD
2024-08-10,HD-GRY-L,Delhi NCR,Marketplace,2,COD
2024-08-10,HD-GRY-L,Mumbai,Website,1,Prepaid
2024-08-10,HD-GRY-L,Mumbai,Marketplace,2,Prepaid
2024-08-10,HD-GRY-L,Mumbai,Website,1,COD
2024-08-10,HD-GRY-L,Bangalore,Marketplace,1,COD
2024-08-10,HD-GRY-L,Bangalore,Marketplace,2,COD
2024-08-10,JK-DNM-M,Delhi NCR,Website,1,COD
2024-08-10,JK-DNM-M,Delhi NCR,Marketplace,1,Prepaid
2024-08-10,JK-DNM-M,Delhi NCR,Marketplace,1,COD
2024-08-10,JK-DNM-M,Mumbai,Marketplace,2,COD
2024-08-10,JK-DNM-M,Mumbai,Marketplace,2,COD
2024-08-10,JK-DNM-M,Mumbai,Website,1,COD
2024-08-10,JK-DNM-M,Mumbai,Website,2,Prepaid
2024-08-10,JK-DNM-M,Bangalore,Marketplace,2,Prepaid
2024-08-10,JK-DNM-M,Bangalore,Marketplace,1,COD
2024-08-10,JK-DNM-M,Bangalore,Marketplace,2,COD
2024-08-10,JK-DNM-M,Bangalore,Marketplace,2,COD
2024-08-10,CP-BLK,Delhi NCR,Marketplace,2,COD
2024-08-10,CP-BLK,Mumbai,Marketplace,2,COD
2024-08-10,CP-BLK,Bangalore,Website,2,COD
2024-08-10,CP-BLK,Bangalore,Marketplace,2,COD
2024-08-11,TS-BLK-S,Delhi NCR,Website,1,COD
2024-08-11,TS-BLK-S,Delhi NCR,Website,2,COD
2024-08-11,TS-BLK-S,Delhi NCR,Marketplace,2,COD
2024-08-11,TS-BLK-S,Delhi NCR,Website,2,Prepaid
2024-08-11,TS-BLK-S,Delhi NCR,Website,2,COD
2024-08-11,TS-BLK-S,Mumbai,Marketplace,2,COD
2024-08-11,TS-BLK-S,Mumbai,Marketplace,1,COD
2024-08-11,TS-BLK-S,Mumbai,Website,2,Prepaid
2024-08-11,TS-BLK-S,Bangalore,Marketplace,2,COD
2024-08-11,TS-BLK-S,Bangalore,Marketplace,1,COD
2024-08-11,TS-BLK-S,Bangalore,Marketplace,2,COD
2024-08-11,TS-BLK-M,Delhi NCR,Marketplace,2,COD
2024-08-11,TS-BLK-M,Delhi NCR,Website,1,COD
2024-08-11,TS-BLK-M,Delhi NCR,Website,2,Prepaid
2024-08-11,TS-BLK-M,Mumbai,Marketplace,1,Prepaid
2024-08-11,TS-BLK-M,Bangalore,Marketplace,2,COD
2024-08-11,TS-BLK-M,Bangalore,Website,2,COD
2024-08-11,TS-BLK-M,Bangalore,Marketplace,2,Prepaid
2024-08-11,TS-BLK-M,Bangalore,Website,1,COD
2024-08-11,TS-BLK-M,Bangalore,Website,2,Prepaid
2024-08-11,TS-BLK-L,Delhi NCR,Website,1,COD
2024-08-11,TS-BLK-L,Delhi NCR,Website,1,Prepaid
2024-08-11,TS-BLK-L,Delhi NCR,Website,2,COD
2024-08-11,TS-BLK-L,Delhi NCR,Website,2,COD
2024-08-11,TS-BLK-L,Delhi NCR,Website,2,COD
2024-08-11,TS-BLK-L,Mumbai,Website,2,COD
2024-08-11,TS-BLK-L,Bangalore,Marketplace,1,Prepaid
2024-08-11,TS-BLK-L,Bangalore,Website,2,COD
2024-08-11,TS-BLK-L,Bangalore,Website,2,COD
2024-08-11,TS-BLK-L,Bangalore,Marketplace,2,Prepaid
2024-08-11,TS-WHT-M,Delhi NCR,Website,2,Prepaid
2024-08-11,TS-WHT-M,Delhi NCR,Marketplace,2,Prepaid
2024-08-11,TS-WHT-M,Delhi NCR,Marketplace,2,COD
2024-08-11,TS-WHT-M,Delhi NCR,Marketplace,1,COD
2024-08-11,TS-WHT-M,Delhi NCR,Marketplace,2,COD
2024-08-11,TS-WHT-M,Mumbai,Marketplace,2,COD
2024-08-11,TS-WHT-M,Mumbai,Marketplace,2,Prepaid
2024-08-11,TS-WHT-M,Bangalore,Website,2,COD
2024-08-11,TS-WHT-M,Bangalore,Website,1,Prepaid
2024-08-11,TS-WHT-M,Bangalore,Website,1,Prepaid
2024-08-11,HD-BLK-M,Delhi NCR,Website,1,COD
2024-08-11,HD-BLK-M,Mumbai,Website,1,COD
2024-08-11,HD-BLK-M,Mumbai,Website,1,COD
2024-08-11,HD-BLK-M,Mumbai,Website,2,Prepaid
2024-08-11,HD-BLK-M,Bangalore,Marketplace,1,COD
2024-08-11,HD-BLK-M,Bangalore,Marketplace,2,COD
2024-08-11,HD-GRY-L,Delhi NCR,Marketplace,2,Prepaid
2024-08-11,HD-GRY-L,Delhi NCR,Website,2,Prepaid
2024-08-11,HD-GRY-L,Delhi NCR,Website,1,COD
2024-08-11,HD-GRY-L,Delhi NCR,Marketplace,2,Prepaid
2024-08-11,HD-GRY-L,Mumbai,Website,1,COD
2024-08-11,HD-GRY-L,Mumbai,Website,1,COD
2024-08-11,HD-GRY-L,Mumbai,Website,2,COD
2024-08-11,HD-GRY-L,Bangalore,Website,2,COD
2024-08-11,HD-GRY-L,Bangalore,Website,2,Prepaid
2024-08-11,JK-DNM-M,Delhi NCR,Marketplace,1,COD
2024-08-11,JK-DNM-M,Delhi NCR,Website,1,COD
2024-08-11,JK-DNM-M,Mumbai,Website,1,Prepaid
2024-08-11,JK-DNM-M,Mumbai,Website,2,Prepaid
2024-08-11,JK-DNM-M,Mumbai,Website,1,Prepaid
2024-08-11,JK-DNM-M,Mumbai,Marketplace,1,Prepaid
2024-08-11,JK-DNM-M,Mumbai,Website,2,COD
2024-08-11,JK-DNM-M,Mumbai,Marketplace,1,COD
2024-08-11,JK-DNM-M,Bangalore,Website,2,Prepaid
2024-08-11,JK-DNM-M,Bangalore,Website,2,COD
2024-08-11,JK-DNM-M,Bangalore,Website,1,COD
2024-08-11,CP-BLK,Delhi NCR,Website,1,COD
2024-08-11,CP-BLK,Delhi NCR,Website,2,COD
2024-08-11,CP-BLK,Delhi NCR,Marketplace,1,COD
2024-08-11,CP-BLK,Delhi NCR,Website,2,COD
2024-08-11,CP-BLK,Delhi NCR,Marketplace,2,COD
2024-08-11,CP-BLK,Mumbai,Marketplace,2,COD
2024-08-11,CP-BLK,Mumbai,Marketplace,1,COD
2024-08-11,CP-BLK,Mumbai,Website,2,Prepaid
2024-08-11,CP-BLK,Bangalore,Marketplace,1,Prepaid
2024-08-11,CP-BLK,Bangalore,Marketplace,2,Prepaid
2024-08-11,CP-BLK,Bangalore,Marketplace,2,Prepaid
2024-08-11,CP-BLK,Bangalore,Marketplace,2,COD
2024-08-12,TS-BLK-S,Delhi NCR,Website,1,COD
2024-08-12,TS-BLK-S,Mumbai,Marketplace,2,COD
2024-08-12,TS-BLK-S,Mumbai,Marketplace,2,COD
2024-08-12,TS-BLK-S,Mumbai,Marketplace,1,COD
2024-08-12,TS-BLK-S,Bangalore,Marketplace,2,COD
2024-08-12,TS-BLK-S,Bangalore,Website,1,Prepaid
2024-08-12,TS-BLK-S,Bangalore,Marketplace,2,Prepaid
2024-08-12,TS-BLK-S,Bangalore,Marketplace,2,COD
2024-08-12,TS-BLK-S,Bangalore,Website,2,COD
2024-08-12,TS-BLK-M,Delhi NCR,Marketplace,2,COD
2024-08-12,TS-BLK-M,Delhi NCR,Marketplace,1,Prepaid
2024-08-12,TS-BLK-M,Mumbai,Marketplace,2,Prepaid
2024-08-12,TS-BLK-M,Mumbai,Marketplace,2,Prepaid
2024-08-12,TS-BLK-M,Bangalore,Website,1,COD
2024-08-12,TS-BLK-M,Bangalore,Marketplace,1,Prepaid
2024-08-12,TS-BLK-M,Bangalore,Website,2,Prepaid
2024-08-12,TS-BLK-M,Bangalore,Marketplace,1,COD
2024-08-12,TS-BLK-L,Delhi NCR,Marketplace,2,COD
2024-08-12,TS-BLK-L,Delhi NCR,Website,2,Prepaid
2024-08-12,TS-BLK-L,Mumbai,Marketplace,2,Prepaid
2024-08-12,TS-BLK-L,Mumbai,Website,2,Prepaid
2024-08-12,TS-BLK-L,Mumbai,Marketplace,2,COD
2024-08-12,TS-BLK-L,Mumbai,Marketplace,2,COD
2024-08-12,TS-BLK-L,Mumbai,Website,2,Prepaid
2024-08-12,TS-BLK-L,Bangalore,Marketplace,1,COD
2024-08-12,TS-BLK-L,Bangalore,Website,2,Prepaid
2024-08-12,TS-BLK-L,Bangalore,Website,2,Prepaid
2024-08-12,TS-BLK-L,Bangalore,Website,1,Prepaid
2024-08-12,TS-WHT-M,Delhi NCR,Marketplace,1,COD
2024-08-12,TS-WHT-M,Mumbai,Marketplace,2,COD
2024-08-12,TS-WHT-M,Bangalore,Marketplace,1,COD
2024-08-12,TS-WHT-M,Bangalore,Marketplace,2,COD
2024-08-12,HD-BLK-M,Delhi NCR,Marketplace,1,Prepaid
2024-08-12,HD-BLK-M,Delhi NCR,Website,2,Prepaid
2024-08-12,HD-BLK-M,Mumbai,Website,2,COD
2024-08-12,HD-BLK-M,Mumbai,Website,2,COD
2024-08-12,HD-BLK-M,Mumbai,Marketplace,2,COD
2024-08-12,HD-BLK-M,Mumbai,Marketplace,2,COD
2024-08-12,HD-BLK-M,Bangalore,Website,2,Prepaid
2024-08-12,HD-BLK-M,Bangalore,Marketplace,1,COD
2024-08-12,HD-BLK-M,Bangalore,Website,1,Prepaid
2024-08-12,HD-GRY-L,Delhi NCR,Marketplace,1,Prepaid
2024-08-12,HD-GRY-L,Delhi NCR,Website,1,Prepaid
2024-08-12,HD-GRY-L,Delhi NCR,Marketplace,2,Prepaid
2024-08-12,HD-GRY-L,Delhi NCR,Website,2,Prepaid
2024-08-12,HD-GRY-L,Mumbai,Website,2,Prepaid
2024-08-12,HD-GRY-L,Mumbai,Marketplace,2,Prepaid
2024-08-12,HD-GRY-L,Bangalore,Marketplace,1,Prepaid
2024-08-12,JK-DNM-M,Delhi NCR,Marketplace,2,Prepaid
2024-08-12,JK-DNM-M,Delhi NCR,Marketplace,1,COD
2024-08-12,JK-DNM-M,Mumbai,Marketplace,1,COD
2024-08-12,JK-DNM-M,Bangalore,Marketplace,1,Prepaid
2024-08-12,CP-BLK,Delhi NCR,Website,1,COD
2024-08-12,CP-BLK,Delhi NCR,Website,2,COD
2024-08-12,CP-BLK,Delhi NCR,Website,2,Prepaid
2024-08-12,CP-BLK,Delhi NCR,Marketplace,2,COD
2024-08-12,CP-BLK,Delhi NCR,Marketplace,2,Prepaid
2024-08-12,CP-BLK,Mumbai,Website,1,COD
2024-08-12,CP-BLK,Mumbai,Marketplace,2,Prepaid
2024-08-12,CP-BLK,Bangalore,Website,2,COD
2024-08-12,CP-BLK,Bangalore,Website,2,Prepaid
2024-08-12,CP-BLK,Bangalore,Website,1,Prepaid
2024-08-13,TS-BLK-S,Delhi NCR,Website,2,Prepaid
2024-08-13,TS-BLK-S,Delhi NCR,Marketplace,2,COD
2024-08-13,TS-BLK-S,Delhi NCR,Marketplace,1,COD
2024-08-13,TS-BLK-S,Mumbai,Marketplace,2,Prepaid
2024-08-13,TS-BLK-S,Mumbai,Marketplace,1,Prepaid
2024-08-13,TS-BLK-S,Mumbai,Website,1,COD
2024-08-13,TS-BLK-S,Mumbai,Website,2,Prepaid
2024-08-13,TS-BLK-S,Mumbai,Website,2,COD
2024-08-13,TS-BLK-S,Bangalore,Marketplace,2,COD
2024-08-13,TS-BLK-S,Bangalore,Website,2,Prepaid
2024-08-13,TS-BLK-S,Bangalore,Marketplace,2,COD
2024-08-13,TS-BLK-M,Delhi NCR,Website,2,COD
2024-08-13,TS-BLK-M,Delhi NCR,Website,1,COD
2024-08-13,TS-BLK-M,Delhi NCR,Website,1,Prepaid
2024-08-13,TS-BLK-M,Delhi NCR,Marketplace,1,Prepaid
2024-08-13,TS-BLK-M,Delhi NCR,Marketplace,1,COD
2024-08-13,TS-BLK-M,Mumbai,Website,2,Prepaid
2024-08-13,TS-BLK-M,Mumbai,Marketplace,2,COD
2024-08-13,TS-BLK-M,Bangalore,Website,1,COD
2024-08-13,TS-BLK-M,Bangalore,Marketplace,1,COD
2024-08-13,TS-BLK-M,Bangalore,Marketplace,1,COD
2024-08-13,TS-BLK-M,Bangalore,Marketplace,2,Prepaid
2024-08-13,TS-BLK-L,Delhi NCR,Website,2,COD
2024-08-13,TS-BLK-L,Delhi NCR,Marketplace,2,Prepaid
2024-08-13,TS-BLK-L,Delhi NCR,Marketplace,1,Prepaid
2024-08-13,TS-BLK-L,Mumbai,Marketplace,1,COD
2024-08-13,TS-BLK-L,Mumbai,Website,2,Prepaid
2024-08-13,TS-BLK-L,Mumbai,Marketplace,2,COD
2024-08-13,TS-BLK-L,Mumbai,Marketplace,2,COD
2024-08-13,TS-BLK-L,Bangalore,Website,2,COD
2024-08-13,TS-BLK-L,Bangalore,Website,1,Prepaid
2024-08-13,TS-WHT-M,Delhi NCR,Website,1,Prepaid
2024-08-13,TS-WHT-M,Mumbai,Website,2,COD
2024-08-13,TS-WHT-M,Bangalore,Marketplace,2,COD
2024-08-13,TS-WHT-M,Bangalore,Website,1,Prepaid
2024-08-13,TS-WHT-M,Bangalore,Marketplace,2,COD
2024-08-13,TS-WHT-M,Bangalore,Website,2,COD
2024-08-13,HD-BLK-M,Delhi NCR,Marketplace,1,COD
2024-08-13,HD-BLK-M,Delhi NCR,Marketplace,2,Prepaid
2024-08-13,HD-BLK-M,Delhi NCR,Website,1,Prepaid
2024-08-13,HD-BLK-M,Delhi NCR,Website,1,COD
2024-08-13,HD-BLK-M,Mumbai,Marketplace,2,Prepaid
2024-08-13,HD-BLK-M,Mumbai,Marketplace,1,Prepaid
2024-08-13,HD-BLK-M,Bangalore,Marketplace,2,Prepaid
2024-08-13,HD-GRY-L,Delhi NCR,Website,1,COD
2024-08-13,HD-GRY-L,Mumbai,Marketplace,1,COD
2024-08-13,HD-GRY-L,Mumbai,Marketplace,2,Prepaid
2024-08-13,HD-GRY-L,Mumbai,Marketplace,1,COD
2024-08-13,HD-GRY-L,Bangalore,Marketplace,1,COD
2024-08-13,HD-GRY-L,Bangalore,Website,2,Prepaid
2024-08-13,HD-GRY-L,Bangalore,Marketplace,1,Prepaid
2024-08-13,JK-DNM-M,Delhi NCR,Website,2,COD
2024-08-13,JK-DNM-M,Delhi NCR,Marketplace,2,Prepaid
2024-08-13,JK-DNM-M,Delhi NCR,Website,2,COD
2024-08-13,JK-DNM-M,Delhi NCR,Website,2,COD
2024-08-13,JK-DNM-M,Delhi NCR,Website,2,COD
2024-08-13,JK-DNM-M,Mumbai,Marketplace,2,COD
2024-08-13,JK-DNM-M,Mumbai,Marketplace,1,COD
2024-08-13,JK-DNM-M,Mumbai,Website,1,Prepaid
2024-08-13,JK-DNM-M,Mumbai,Website,2,Prepaid
2024-08-13,JK-DNM-M,Mumbai,Marketplace,1,COD
2024-08-13,JK-DNM-M,Mumbai,Website,2,COD
2024-08-13,JK-DNM-M,Bangalore,Website,1,COD
2024-08-13,JK-DNM-M,Bangalore,Website,1,Prepaid
2024-08-13,JK-DNM-M,Bangalore,Website,1,COD
2024-08-13,JK-DNM-M,Bangalore,Marketplace,1,COD
2024-08-13,JK-DNM-M,Bangalore,Marketplace,1,Prepaid
2024-08-13,JK-DNM-M,Bangalore,Marketplace,2,Prepaid
2024-08-13,JK-DNM-M,Bangalore,Website,2,COD
2024-08-13,CP-BLK,Delhi NCR,Website,1,COD
2024-08-13,CP-BLK,Delhi NCR,Website,1,Prepaid
2024-08-13,CP-BLK,Delhi NCR,Website,2,COD
2024-08-13,CP-BLK,Delhi NCR,Marketplace,2,COD
2024-08-13,CP-BLK,Delhi NCR,Marketplace,2,COD
2024-08-13,CP-BLK,Mumbai,Website,1,COD
2024-08-13,CP-BLK,Mumbai,Marketplace,1,COD
2024-08-13,CP-BLK,Mumbai,Marketplace,1,COD
2024-08-13,CP-BLK,Mumbai,Website,2,Prepaid
2024-08-13,CP-BLK,Mumbai,Website,2,Prepaid
2024-08-13,CP-BLK,Bangalore,Website,1,Prepaid
2024-08-14,TS-BLK-S,Delhi NCR,Marketplace,1,COD
2024-08-14,TS-BLK-S,Delhi NCR,Marketplace,1,COD
2024-08-14,TS-BLK-S,Delhi NCR,Website,1,Prepaid
2024-08-14,TS-BLK-S,Delhi NCR,Marketplace,1,COD
2024-08-14,TS-BLK-S,Mumbai,Website,2,Prepaid
2024-08-14,TS-BLK-S,Mumbai,Marketplace,1,COD
2024-08-14,TS-BLK-S,Mumbai,Marketplace,2,COD
2024-08-14,TS-BLK-S,Mumbai,Website,2,COD
2024-08-14,TS-BLK-S,Bangalore,Marketplace,2,COD
2024-08-14,TS-BLK-S,Bangalore,Marketplace,2,Prepaid
2024-08-14,TS-BLK-S,Bangalore,Marketplace,1,Prepaid
2024-08-14,TS-BLK-S,Bangalore,Website,2,Prepaid
2024-08-14,TS-BLK-S,Bangalore,Website,2,Prepaid
2024-08-14,TS-BLK-M,Delhi NCR,Website,1,COD
2024-08-14,TS-BLK-M,Delhi NCR,Website,2,COD
2024-08-14,TS-BLK-M,Delhi NCR,Marketplace,2,Prepaid
2024-08-14,TS-BLK-M,Delhi NCR,Marketplace,2,Prepaid
2024-08-14,TS-BLK-M,Delhi NCR,Marketplace,1,Prepaid
2024-08-14,TS-BLK-M,Mumbai,Website,2,COD
2024-08-14,TS-BLK-M,Mumbai,Marketplace,1,COD
2024-08-14,TS-BLK-M,Mumbai,Website,2,Prepaid
2024-08-14,TS-BLK-M,Mumbai,Website,1,COD
2024-08-14,TS-BLK-M,Bangalore,Website,2,COD
2024-08-14,TS-BLK-L,Delhi NCR,Website,1,Prepaid
2024-08-14,TS-BLK-L,Delhi NCR,Marketplace,1,COD
2024-08-14,TS-BLK-L,Delhi NCR,Website,1,COD
2024-08-14,TS-BLK-L,Delhi NCR,Website,1,COD
2024-08-14,TS-BLK-L,Delhi NCR,Website,1,COD
2024-08-14,TS-BLK-L,Mumbai,Website,2,Prepaid
2024-08-14,TS-BLK-L,Mumbai,Marketplace,1,Prepaid
2024-08-14,TS-BLK-L,Mumbai,Website,1,COD
2024-08-14,TS-BLK-L,Bangalore,Marketplace,2,Prepaid
2024-08-14,TS-BLK-L,Bangalore,Website,2,COD
2024-08-14,TS-BLK-L,Bangalore,Marketplace,1,Prepaid
2024-08-14,TS-BLK-L,Bangalore,Marketplace,1,COD
2024-08-14,TS-WHT-M,Delhi NCR,Marketplace,2,Prepaid
2024-08-14,TS-WHT-M,Delhi NCR,Marketplace,2,Prepaid
2024-08-14,TS-WHT-M,Delhi NCR,Website,2,COD
2024-08-14,TS-WHT-M,Delhi NCR,Marketplace,2,COD
2024-08-14,TS-WHT-M,Mumbai,Website,1,Prepaid
2024-08-14,TS-WHT-M,Bangalore,Website,2,COD
2024-08-14,TS-WHT-M,Bangalore,Marketplace,2,Prepaid
2024-08-14,TS-WHT-M,Bangalore,Website,2,COD
2024-08-14,TS-WHT-M,Bangalore,Website,1,COD
2024-08-14,HD-BLK-M,Delhi NCR,Website,2,Prepaid
2024-08-14,HD-BLK-M,Delhi NCR,Website,2,COD
2024-08-14,HD-BLK-M,Delhi NCR,Website,1,Prepaid
2024-08-14,HD-BLK-M,Delhi NCR,Website,1,Prepaid
2024-08-14,HD-BLK-M,Delhi NCR,Website,1,Prepaid
2024-08-14,HD-BLK-M,Mumbai,Marketplace,2,COD
2024-08-14,HD-BLK-M,Mumbai,Website,1,COD
2024-08-14,HD-BLK-M,Mumbai,Website,2,COD
2024-08-14,HD-BLK-M,Bangalore,Website,2,COD
2024-08-14,HD-BLK-M,Bangalore,Marketplace,1,Prepaid
2024-08-14,HD-BLK-M,Bangalore,Website,1,Prepaid
2024-08-14,HD-GRY-L,Delhi NCR,Website,1,COD
2024-08-14,HD-GRY-L,Delhi NCR,Marketplace,2,COD
2024-08-14,HD-GRY-L,Delhi NCR,Marketplace,1,COD
2024-08-14,HD-GRY-L,Delhi NCR,Marketplace,2,Prepaid
2024-08-14,HD-GRY-L,Delhi NCR,Website,1,COD
2024-08-14,HD-GRY-L,Mumbai,Website,2,COD
2024-08-14,HD-GRY-L,Mumbai,Website,1,COD
2024-08-14,HD-GRY-L,Bangalore,Website,1,Prepaid
2024-08-14,HD-GRY-L,Bangalore,Website,1,COD
2024-08-14,HD-GRY-L,Bangalore,Website,2,Prepaid
2024-08-14,HD-GRY-L,Bangalore,Website,2,COD
2024-08-14,JK-DNM-M,Delhi NCR,Website,2,COD
2024-08-14,JK-DNM-M,Delhi NCR,Website,2,Prepaid
2024-08-14,JK-DNM-M,Delhi NCR,Marketplace,1,Prepaid
2024-08-14,JK-DNM-M,Delhi NCR,Website,1,Prepaid
2024-08-14,JK-DNM-M,Mumbai,Website,1,COD
2024-08-14,JK-DNM-M,Mumbai,Website,2,COD
2024-08-14,JK-DNM-M,Mumbai,Website,2,COD
2024-08-14,JK-DNM-M,Bangalore,Website,1,Prepaid
2024-08-14,JK-DNM-M,Bangalore,Marketplace,2,Prepaid
2024-08-14,JK-DNM-M,Bangalore,Website,2,Prepaid
2024-08-14,JK-DNM-M,Bangalore,Marketplace,1,COD
2024-08-14,CP-BLK,Delhi NCR,Marketplace,2,COD
2024-08-14,CP-BLK,Delhi NCR,Marketplace,2,COD
2024-08-14,CP-BLK,Delhi NCR,Website,1,COD
2024-08-14,CP-BLK,Delhi NCR,Website,2,Prepaid
2024-08-14,CP-BLK,Mumbai,Website,1,COD
2024-08-14,CP-BLK,Bangalore,Marketplace,2,COD
2024-08-15,TS-BLK-S,Delhi NCR,Marketplace,1,COD
2024-08-15,TS-BLK-S,Delhi NCR,Website,2,COD
2024-08-15,TS-BLK-S,Delhi NCR,Marketplace,1,Prepaid
2024-08-15,TS-BLK-S,Mumbai,Marketplace,1,Prepaid
2024-08-15,TS-BLK-S,Mumbai,Website,1,COD
2024-08-15,TS-BLK-S,Mumbai,Marketplace,1,Prepaid
2024-08-15,TS-BLK-S,Mumbai,Website,2,Prepaid
2024-08-15,TS-BLK-S,Bangalore,Marketplace,1,COD
2024-08-15,TS-BLK-S,Bangalore,Website,2,COD
2024-08-15,TS-BLK-S,Bangalore,Website,2,COD
2024-08-15,TS-BLK-M,Delhi NCR,Marketplace,2,COD
2024-08-15,TS-BLK-M,Mumbai,Website,1,COD
2024-08-15,TS-BLK-M,Mumbai,Marketplace,2,COD
2024-08-15,TS-BLK-M,Mumbai,Marketplace,2,COD
2024-08-15,TS-BLK-M,Bangalore,Marketplace,1,COD
2024-08-15,TS-BLK-M,Bangalore,Website,2,COD
2024-08-15,TS-BLK-M,Bangalore,Website,1,COD
2024-08-15,TS-BLK-M,Bangalore,Website,1,Prepaid
2024-08-15,TS-BLK-M,Bangalore,Marketplace,2,COD
2024-08-15,TS-BLK-L,Delhi NCR,Website,1,Prepaid
2024-08-15,TS-BLK-L,Delhi NCR,Marketplace,2,Prepaid
2024-08-15,TS-BLK-L,Mumbai,Website,2,Prepaid
2024-08-15,TS-BLK-L,Mumbai,Website,1,COD
2024-08-15,TS-BLK-L,Bangalore,Website,1,COD
2024-08-15,TS-WHT-M,Delhi NCR,Marketplace,2,Prepaid
2024-08-15,TS-WHT-M,Delhi NCR,Website,1,Prepaid
2024-08-15,TS-WHT-M,Mumbai,Marketplace,1,Prepaid
2024-08-15,TS-WHT-M,Mumbai,Website,1,COD
2024-08-15,TS-WHT-M,Bangalore,Website,1,Prepaid
2024-08-15,TS-WHT-M,Bangalore,Website,2,COD
2024-08-15,TS-WHT-M,Bangalore,Website,1,COD
2024-08-15,TS-WHT-M,Bangalore,Marketplace,1,Prepaid
2024-08-15,TS-WHT-M,Bangalore,Marketplace,2,COD
2024-08-15,HD-BLK-M,Delhi NCR,Website,1,COD
2024-08-15,HD-BLK-M,Delhi NCR,Website,1,COD
2024-08-15,HD-BLK-M,Delhi NCR,Marketplace,1,COD
2024-08-15,HD-BLK-M,Delhi NCR,Marketplace,1,Prepaid
2024-08-15,HD-BLK-M,Mumbai,Website,1,Prepaid
2024-08-15,HD-BLK-M,Mumbai,Marketplace,1,Prepaid
2024-08-15,HD-BLK-M,Mumbai,Website,1,COD
2024-08-15,HD-BLK-M,Mumbai,Marketplace,2,COD
2024-08-15,HD-BLK-M,Bangalore,Website,2,COD
2024-08-15,HD-BLK-M,Bangalore,Marketplace,2,Prepaid
2024-08-15,HD-GRY-L,Delhi NCR,Marketplace,1,COD
2024-08-15,HD-GRY-L,Delhi NCR,Website,2,COD
2024-08-15,HD-GRY-L,Delhi NCR,Website,1,COD
2024-08-15,HD-GRY-L,Mumbai,Website,1,Prepaid
2024-08-15,HD-GRY-L,Mumbai,Marketplace,2,COD
2024-08-15,HD-GRY-L,Bangalore,Marketplace,2,Prepaid
2024-08-15,JK-DNM-M,Delhi NCR,Marketplace,1,Prepaid
2024-08-15,JK-DNM-M,Delhi NCR,Website,1,COD
2024-08-15,JK-DNM-M,Delhi NCR,Website,1,Prepaid
2024-08-15,JK-DNM-M,Mumbai,Website,2,COD
2024-08-15,JK-DNM-M,Mumbai,Marketplace,1,COD
2024-08-15,JK-DNM-M,Mumbai,Website,2,COD
2024-08-15,JK-DNM-M,Bangalore,Marketplace,1,COD
2024-08-15,CP-BLK,Delhi NCR,Website,1,Prepaid
2024-08-15,CP-BLK,Delhi NCR,Marketplace,1,COD
2024-08-15,CP-BLK,Delhi NCR,Marketplace,2,COD
2024-08-15,CP-BLK,Delhi NCR,Marketplace,2,Prepaid
2024-08-15,CP-BLK,Mumbai,Website,1,Prepaid
2024-08-15,CP-BLK,Mumbai,Website,1,COD
2024-08-15,CP-BLK,Mumbai,Website,1,Prepaid
2024-08-15,CP-BLK,Mumbai,Marketplace,2,COD
2024-08-15,CP-BLK,Mumbai,Marketplace,1,Prepaid
2024-08-15,CP-BLK,Bangalore,Marketplace,1,COD
2024-08-15,CP-BLK,Bangalore,Website,2,COD
2024-08-16,TS-BLK-S,Delhi NCR,Marketplace,2,COD
2024-08-16,TS-BLK-S,Delhi NCR,Website,2,COD
2024-08-16,TS-BLK-S,Delhi NCR,Marketplace,1,COD
2024-08-16,TS-BLK-S,Delhi NCR,Website,1,Prepaid
2024-08-16,TS-BLK-S,Mumbai,Marketplace,2,Prepaid
2024-08-16,TS-BLK-S,Mumbai,Marketplace,1,Prepaid
2024-08-16,TS-BLK-S,Mumbai,Marketplace,2,COD
2024-08-16,TS-BLK-S,Mumbai,Marketplace,2,COD
2024-08-16,TS-BLK-S,Bangalore,Website,1,COD
2024-08-16,TS-BLK-S,Bangalore,Marketplace,2,COD
2024-08-16,TS-BLK-S,Bangalore,Website,1,Prepaid
2024-08-16,TS-BLK-S,Bangalore,Marketplace,2,COD
2024-08-16,TS-BLK-M,Delhi NCR,Website,1,COD
2024-08-16,TS-BLK-M,Delhi NCR,Website,2,COD
2024-08-16,TS-BLK-M,Delhi NCR,Website,1,COD
2024-08-16,TS-BLK-M,Mumbai,Marketplace,1,COD
2024-08-16,TS-BLK-M,Mumbai,Marketplace,1,Prepaid
2024-08-16,TS-BLK-M,Mumbai,Website,2,COD
2024-08-16,TS-BLK-M,Bangalore,Marketplace,1,COD
2024-08-16,TS-BLK-M,Bangalore,Website,1,COD
2024-08-16,TS-BLK-L,Delhi NCR,Website,1,COD
2024-08-16,TS-BLK-L,Mumbai,Website,1,COD
2024-08-16,TS-BLK-L,Mumbai,Website,1,COD
2024-08-16,TS-BLK-L,Mumbai,Website,1,Prepaid
2024-08-16,TS-BLK-L,Bangalore,Marketplace,2,Prepaid
2024-08-16,TS-BLK-L,Bangalore,Marketplace,1,COD
2024-08-16,TS-WHT-M,Delhi NCR,Marketplace,2,Prepaid
2024-08-16,TS-WHT-M,Delhi NCR,Marketplace,1,COD
2024-08-16,TS-WHT-M,Delhi NCR,Marketplace,1,COD
2024-08-16,TS-WHT-M,Mumbai,Marketplace,2,COD
2024-08-16,TS-WHT-M,Mumbai,Website,1,COD
2024-08-16,TS-WHT-M,Mumbai,Website,1,COD
2024-08-16,TS-WHT-M,Mumbai,Website,2,Prepaid
2024-08-16,TS-WHT-M,Bangalore,Marketplace,2,COD
2024-08-16,HD-BLK-M,Delhi NCR,Website,1,Prepaid
2024-08-16,HD-BLK-M,Delhi NCR,Website,2,COD
2024-08-16,HD-BLK-M,Delhi NCR,Website,2,Prepaid
2024-08-16,HD-BLK-M,Delhi NCR,Marketplace,2,Prepaid
2024-08-16,HD-BLK-M,Mumbai,Marketplace,2,COD
2024-08-16,HD-BLK-M,Bangalore,Marketplace,2,Prepaid
2024-08-16,HD-BLK-M,Bangalore,Marketplace,1,Prepaid
2024-08-16,HD-BLK-M,Bangalore,Marketplace,1,COD
2024-08-16,HD-BLK-M,Bangalore,Website,2,COD
2024-08-16,HD-BLK-M,Bangalore,Marketplace,1,COD
2024-08-16,HD-GRY-L,Delhi NCR,Website,2,Prepaid
2024-08-16,HD-GRY-L,Delhi NCR,Website,2,COD
2024-08-16,HD-GRY-L,Mumbai,Marketplace,1,Prepaid
2024-08-16,HD-GRY-L,Mumbai,Website,1,Prepaid
2024-08-16,HD-GRY-L,Mumbai,Marketplace,2,Prepaid
2024-08-16,HD-GRY-L,Bangalore,Marketplace,1,Prepaid
2024-08-16,HD-GRY-L,Bangalore,Marketplace,1,Prepaid
2024-08-16,JK-DNM-M,Delhi NCR,Website,2,COD
2024-08-16,JK-DNM-M,Delhi NCR,Website,1,COD
2024-08-16,JK-DNM-M,Delhi NCR,Website,1,Prepaid
2024-08-16,JK-DNM-M,Mumbai,Marketplace,1,COD
2024-08-16,JK-DNM-M,Mumbai,Marketplace,1,COD
2024-08-16,JK-DNM-M,Bangalore,Marketplace,2,COD
2024-08-16,JK-DNM-M,Bangalore,Marketplace,1,Prepaid
2024-08-16,JK-DNM-M,Bangalore,Website,2,COD
2024-08-16,CP-BLK,Delhi NCR,Marketplace,2,COD
2024-08-16,CP-BLK,Delhi NCR,Website,2,Prepaid
2024-08-16,CP-BLK,Delhi NCR,Marketplace,2,COD
2024-08-16,CP-BLK,Mumbai,Marketplace,2,COD
2024-08-16,CP-BLK,Mumbai,Website,1,COD
2024-08-16,CP-BLK,Mumbai,Marketplace,1,Prepaid
2024-08-16,CP-BLK,Mumbai,Marketplace,1,Prepaid
2024-08-16,CP-BLK,Mumbai,Website,1,COD
2024-08-16,CP-BLK,Bangalore,Marketplace,1,Prepaid
2024-08-16,CP-BLK,Bangalore,Website,1,COD
2024-08-16,CP-BLK,Bangalore,Marketplace,1,COD
2024-08-16,CP-BLK,Bangalore,Marketplace,2,Prepaid
2024-08-17,TS-BLK-S,Delhi NCR,Website,2,COD
2024-08-17,TS-BLK-S,Delhi NCR,Marketplace,2,Prepaid
2024-08-17,TS-BLK-S,Delhi NCR,Website,1,Prepaid
2024-08-17,TS-BLK-S,Mumbai,Website,1,COD
2024-08-17,TS-BLK-S,Mumbai,Marketplace,2,Prepaid
2024-08-17,TS-BLK-S,Mumbai,Website,2,COD
2024-08-17,TS-BLK-S,Mumbai,Marketplace,1,COD
2024-08-17,TS-BLK-S,Bangalore,Marketplace,2,COD
2024-08-17,TS-BLK-S,Bangalore,Marketplace,2,Prepaid
2024-08-17,TS-BLK-S,Bangalore,Marketplace,1,COD
2024-08-17,TS-BLK-M,Delhi NCR,Website,1,Prepaid
2024-08-17,TS-BLK-M,Delhi NCR,Marketplace,1,Prepaid
2024-08-17,TS-BLK-M,Delhi NCR,Marketplace,1,COD
2024-08-17,TS-BLK-M,Mumbai,Marketplace,2,Prepaid
2024-08-17,TS-BLK-M,Mumbai,Website,1,COD
2024-08-17,TS-BLK-M,Mumbai,Marketplace,1,Prepaid
2024-08-17,TS-BLK-M,Bangalore,Marketplace,1,Prepaid
2024-08-17,TS-BLK-M,Bangalore,Marketplace,1,COD
2024-08-17,TS-BLK-M,Bangalore,Marketplace,1,Prepaid
2024-08-17,TS-BLK-L,Delhi NCR,Website,2,Prepaid
2024-08-17,TS-BLK-L,Delhi NCR,Marketplace,2,COD
2024-08-17,TS-BLK-L,Delhi NCR,Marketplace,2,COD
2024-08-17,TS-BLK-L,Delhi NCR,Website,1,COD
2024-08-17,TS-BLK-L,Mumbai,Marketplace,1,Prepaid
2024-08-17,TS-BLK-L,Mumbai,Marketplace,2,COD
2024-08-17,TS-BLK-L,Mumbai,Marketplace,1,COD
2024-08-17,TS-BLK-L,Mumbai,Marketplace,2,Prepaid
2024-08-17,TS-BLK-L,Mumbai,Marketplace,2,COD
2024-08-17,TS-BLK-L,Bangalore,Website,1,Prepaid
2024-08-17,TS-WHT-M,Delhi NCR,Marketplace,1,COD
2024-08-17,TS-WHT-M,Delhi NCR,Marketplace,1,Prepaid
2024-08-17,TS-WHT-M,Delhi NCR,Marketplace,1,Prepaid
2024-08-17,TS-WHT-M,Mumbai,Marketplace,2,Prepaid
2024-08-17,TS-WHT-M,Mumbai,Marketplace,1,COD
2024-08-17,TS-WHT-M,Mumbai,Marketplace,2,Prepaid
2024-08-17,TS-WHT-M,Mumbai,Marketplace,1,Prepaid
2024-08-17,TS-WHT-M,Bangalore,Website,2,Prepaid
2024-08-17,TS-WHT-M,Bangalore,Marketplace,2,COD
2024-08-17,TS-WHT-M,Bangalore,Marketplace,2,Prepaid
2024-08-17,TS-WHT-M,Bangalore,Marketplace,2,Prepaid
2024-08-17,TS-WHT-M,Bangalore,Website,2,COD
2024-08-17,HD-BLK-M,Delhi NCR,Marketplace,1,COD
2024-08-17,HD-BLK-M,Delhi NCR,Website,2,COD
2024-08-17,HD-BLK-M,Delhi NCR,Marketplace,1,COD
2024-08-17,HD-BLK-M,Delhi NCR,Marketplace,2,COD
2024-08-17,HD-BLK-M,Delhi NCR,Website,2,Prepaid
2024-08-17,HD-BLK-M,Mumbai,Marketplace,1,COD
2024-08-17,HD-BLK-M,Mumbai,Marketplace,1,Prepaid
2024-08-17,HD-BLK-M,Bangalore,Marketplace,1,COD
2024-08-17,HD-BLK-M,Bangalore,Marketplace,2,COD
2024-08-17,HD-BLK-M,Bangalore,Website,1,COD
2024-08-17,HD-BLK-M,Bangalore,Website,1,COD
2024-08-17,HD-BLK-M,Bangalore,Website,1,Prepaid
2024-08-17,HD-GRY-L,Delhi NCR,Marketplace,2,COD
2024-08-17,HD-GRY-L,Mumbai,Marketplace,1,COD
2024-08-17,HD-GRY-L,Mumbai,Marketplace,2,Prepaid
2024-08-17,HD-GRY-L,Mumbai,Marketplace,2,COD
2024-08-17,HD-GRY-L,Bangalore,Website,1,COD
2024-08-17,JK-DNM-M,Delhi NCR,Marketplace,2,COD
2024-08-17,JK-DNM-M,Delhi NCR,Website,2,Prepaid
2024-08-17,JK-DNM-M,Delhi NCR,Website,1,COD
2024-08-17,JK-DNM-M,Delhi NCR,Marketplace,2,COD
2024-08-17,JK-DNM-M,Mumbai,Marketplace,1,COD
2024-08-17,JK-DNM-M,Mumbai,Marketplace,1,COD
2024-08-17,JK-DNM-M,Bangalore,Marketplace,1,Prepaid
2024-08-17,JK-DNM-M,Bangalore,Marketplace,1,COD
2024-08-17,JK-DNM-M,Bangalore,Marketplace,1,Prepaid
2024-08-17,JK-DNM-M,Bangalore,Marketplace,2,COD
2024-08-17,JK-DNM-M,Bangalore,Website,1,COD
2024-08-17,CP-BLK,Delhi NCR,Marketplace,1,Prepaid
2024-08-17,CP-BLK,Delhi NCR,Website,2,COD
2024-08-17,CP-BLK,Delhi NCR,Website,2,Prepaid
2024-08-17,CP-BLK,Mumbai,Marketplace,2,Prepaid
2024-08-17,CP-BLK,Mumbai,Website,1,Prepaid
2024-08-17,CP-BLK,Mumbai,Marketplace,1,Prepaid
2024-08-17,CP-BLK,Bangalore,Website,1,COD
2024-08-17,CP-BLK,Bangalore,Website,2,COD
2024-08-17,CP-BLK,Bangalore,Marketplace,1,COD
2024-08-17,CP-BLK,Bangalore,Marketplace,2,Prepaid
2024-08-17,CP-BLK,Bangalore,Marketplace,2,COD
2024-08-18,TS-BLK-S,Delhi NCR,Marketplace,1,Prepaid
2024-08-18,TS-BLK-S,Delhi NCR,Website,2,COD
2024-08-18,TS-BLK-S,Delhi NCR,Marketplace,1,Prepaid
2024-08-18,TS-BLK-S,Mumbai,Marketplace,1,Prepaid
2024-08-18,TS-BLK-S,Mumbai,Marketplace,2,COD
2024-08-18,TS-BLK-S,Mumbai,Marketplace,2,Prepaid
2024-08-18,TS-BLK-S,Mumbai,Marketplace,2,Prepaid
2024-08-18,TS-BLK-S,Mumbai,Website,1,COD
2024-08-18,TS-BLK-S,Bangalore,Website,2,COD
2024-08-18,TS-BLK-S,Bangalore,Marketplace,2,Prepaid
2024-08-18,TS-BLK-S,Bangalore,Marketplace,1,Prepaid
2024-08-18,TS-BLK-S,Bangalore,Website,1,COD
2024-08-18,TS-BLK-S,Bangalore,Marketplace,2,COD
2024-08-18,TS-BLK-M,Delhi NCR,Website,2,Prepaid
2024-08-18,TS-BLK-M,Delhi NCR,Website,1,COD
2024-08-18,TS-BLK-M,Mumbai,Website,1,COD
2024-08-18,TS-BLK-M,Bangalore,Website,1,COD
2024-08-18,TS-BLK-M,Bangalore,Marketplace,2,COD
2024-08-18,TS-BLK-M,Bangalore,Marketplace,1,Prepaid
2024-08-18,TS-BLK-L,Delhi NCR,Website,1,Prepaid
2024-08-18,TS-BLK-L,Delhi NCR,Website,2,Prepaid
2024-08-18,TS-BLK-L,Delhi NCR,Website,1,Prepaid
2024-08-18,TS-BLK-L,Mumbai,Marketplace,2,COD
2024-08-18,TS-BLK-L,Mumbai,Marketplace,1,Prepaid
2024-08-18,TS-BLK-L,Mumbai,Website,1,Prepaid
2024-08-18,TS-BLK-L,Mumbai,Website,1,Prepaid
2024-08-18,TS-BLK-L,Mumbai,Website,2,COD
2024-08-18,TS-BLK-L,Bangalore,Website,2,COD
2024-08-18,TS-BLK-L,Bangalore,Website,2,Prepaid
2024-08-18,TS-BLK-L,Bangalore,Website,2,COD
2024-08-18,TS-BLK-L,Bangalore,Website,2,Prepaid
2024-08-18,TS-WHT-M,Delhi NCR,Marketplace,2,COD
2024-08-18,TS-WHT-M,Delhi NCR,Website,1,COD
2024-08-18,TS-WHT-M,Delhi NCR,Website,2,Prepaid
2024-08-18,TS-WHT-M,Delhi NCR,Website,2,COD
2024-08-18,TS-WHT-M,Mumbai,Marketplace,1,COD
2024-08-18,TS-WHT-M,Bangalore,Website,2,Prepaid
2024-08-18,TS-WHT-M,Bangalore,Website,1,Prepaid
2024-08-18,TS-WHT-M,Bangalore,Website,1,COD
2024-08-18,HD-BLK-M,Delhi NCR,Website,2,Prepaid
2024-08-18,HD-BLK-M,Delhi NCR,Marketplace,1,COD
2024-08-18,HD-BLK-M,Delhi NCR,Marketplace,1,Prepaid
2024-08-18,HD-BLK-M,Mumbai,Marketplace,1,Prepaid
2024-08-18,HD-BLK-M,Bangalore,Marketplace,2,Prepaid
2024-08-18,HD-BLK-M,Bangalore,Marketplace,2,COD
2024-08-18,HD-BLK-M,Bangalore,Website,2,Prepaid
2024-08-18,HD-BLK-M,Bangalore,Website,1,COD
2024-08-18,HD-GRY-L,Delhi NCR,Marketplace,2,Prepaid
2024-08-18,HD-GRY-L,Mumbai,Marketplace,1,Prepaid
2024-08-18,HD-GRY-L,Mumbai,Website,1,COD
2024-08-18,HD-GRY-L,Mumbai,Marketplace,1,Prepaid
2024-08-18,HD-GRY-L,Bangalore,Website,1,COD
2024-08-18,JK-DNM-M,Delhi NCR,Website,2,COD
2024-08-18,JK-DNM-M,Delhi NCR,Website,1,Prepaid
2024-08-18,JK-DNM-M,Delhi NCR,Marketplace,2,Prepaid
2024-08-18,JK-DNM-M,Delhi NCR,Website,2,Prepaid
2024-08-18,JK-DNM-M,Delhi NCR,Marketplace,1,COD
2024-08-18,JK-DNM-M,Delhi NCR,Website,2,Prepaid
2024-08-18,JK-DNM-M,Mumbai,Marketplace,2,COD
2024-08-18,JK-DNM-M,Mumbai,Marketplace,2,COD
2024-08-18,JK-DNM-M,Bangalore,Website,1,Prepaid
2024-08-18,JK-DNM-M,Bangalore,Website,2,COD
2024-08-18,JK-DNM-M,Bangalore,Marketplace,1,COD
2024-08-18,CP-BLK,Delhi NCR,Website,1,COD
2024-08-18,CP-BLK,Delhi NCR,Marketplace,2,Prepaid
2024-08-18,CP-BLK,Delhi NCR,Marketplace,2,COD
2024-08-18,CP-BLK,Delhi NCR,Marketplace,1,Prepaid
2024-08-18,CP-BLK,Delhi NCR,Marketplace,2,COD
2024-08-18,CP-BLK,Mumbai,Marketplace,2,COD
2024-08-18,CP-BLK,Mumbai,Website,2,COD
2024-08-18,CP-BLK,Mumbai,Marketplace,1,COD
2024-08-18,CP-BLK,Mumbai,Marketplace,2,Prepaid
2024-08-18,CP-BLK,Bangalore,Website,1,Prepaid
2024-08-18,CP-BLK,Bangalore,Website,2,COD
2024-08-19,TS-BLK-S,Delhi NCR,Marketplace,1,Prepaid
2024-08-19,TS-BLK-S,Delhi NCR,Marketplace,2,Prepaid
2024-08-19,TS-BLK-S,Mumbai,Marketplace,2,COD
2024-08-19,TS-BLK-S,Mumbai,Website,1,COD
2024-08-19,TS-BLK-S,Mumbai,Website,1,COD
2024-08-19,TS-BLK-S,Mumbai,Marketplace,1,Prepaid
2024-08-19,TS-BLK-S,Bangalore,Website,1,COD
2024-08-19,TS-BLK-S,Bangalore,Marketplace,2,Prepaid
2024-08-19,TS-BLK-S,Bangalore,Website,2,COD
2024-08-19,TS-BLK-S,Bangalore,Marketplace,2,Prepaid
2024-08-19,TS-BLK-M,Delhi NCR,Marketplace,2,Prepaid
2024-08-19,TS-BLK-M,Delhi NCR,Website,2,Prepaid
2024-08-19,TS-BLK-M,Delhi NCR,Marketplace,1,COD
2024-08-19,TS-BLK-M,Mumbai,Website,1,Prepaid
2024-08-19,TS-BLK-M,Mumbai,Marketplace,2,Prepaid
2024-08-19,TS-BLK-M,Mumbai,Website,1,COD
2024-08-19,TS-BLK-M,Mumbai,Website,2,COD
2024-08-19,TS-BLK-M,Mumbai,Website,2,Prepaid
2024-08-19,TS-BLK-M,Bangalore,Website,2,COD
2024-08-19,TS-BLK-M,Bangalore,Marketplace,1,Prepaid
2024-08-19,TS-BLK-M,Bangalore,Marketplace,1,COD
2024-08-19,TS-BLK-L,Delhi NCR,Marketplace,2,Prepaid
2024-08-19,TS-BLK-L,Delhi NCR,Marketplace,1,COD
2024-08-19,TS-BLK-L,Delhi NCR,Marketplace,2,Prepaid
2024-08-19,TS-BLK-L,Delhi NCR,Marketplace,1,COD
2024-08-19,TS-BLK-L,Mumbai,Website,1,Prepaid
2024-08-19,TS-BLK-L,Mumbai,Marketplace,1,Prepaid
2024-08-19,TS-BLK-L,Mumbai,Website,2,Prepaid
2024-08-19,TS-BLK-L,Bangalore,Marketplace,1,COD
2024-08-19,TS-BLK-L,Bangalore,Website,2,Prepaid
2024-08-19,TS-BLK-L,Bangalore,Website,2,COD
2024-08-19,TS-BLK-L,Bangalore,Website,1,COD
2024-08-19,TS-WHT-M,Delhi NCR,Website,2,COD
2024-08-19,TS-WHT-M,Delhi NCR,Marketplace,1,COD
2024-08-19,TS-WHT-M,Delhi NCR,Website,2,COD
2024-08-19,TS-WHT-M,Delhi NCR,Website,2,COD
2024-08-19,TS-WHT-M,Delhi NCR,Marketplace,2,COD
2024-08-19,TS-WHT-M,Mumbai,Marketplace,2,Prepaid
2024-08-19,TS-WHT-M,Bangalore,Marketplace,2,COD
2024-08-19,TS-WHT-M,Bangalore,Marketplace,1,COD
2024-08-19,TS-WHT-M,Bangalore,Marketplace,1,Prepaid
2024-08-19,HD-BLK-M,Delhi NCR,Website,1,COD
2024-08-19,HD-BLK-M,Delhi NCR,Marketplace,2,Prepaid
2024-08-19,HD-BLK-M,Mumbai,Marketplace,2,COD
2024-08-19,HD-BLK-M,Mumbai,Marketplace,1,Prepaid
2024-08-19,HD-BLK-M,Bangalore,Website,1,COD
2024-08-19,HD-BLK-M,Bangalore,Website,1,COD
2024-08-19,HD-BLK-M,Bangalore,Website,1,COD
2024-08-19,HD-GRY-L,Delhi NCR,Marketplace,2,COD
2024-08-19,HD-GRY-L,Delhi NCR,Website,1,COD
2024-08-19,HD-GRY-L,Delhi NCR,Website,1,Prepaid
2024-08-19,HD-GRY-L,Delhi NCR,Marketplace,1,COD
2024-08-19,HD-GRY-L,Mumbai,Marketplace,2,COD
2024-08-19,HD-GRY-L,Mumbai,Marketplace,2,COD
2024-08-19,HD-GRY-L,Mumbai,Website,2,COD
2024-08-19,HD-GRY-L,Bangalore,Marketplace,1,COD
2024-08-19,HD-GRY-L,Bangalore,Website,1,COD
2024-08-19,HD-GRY-L,Bangalore,Website,2,COD
2024-08-19,JK-DNM-M,Delhi NCR,Website,2,COD
2024-08-19,JK-DNM-M,Delhi NCR,Marketplace,2,COD
2024-08-19,JK-DNM-M,Delhi NCR,Marketplace,1,COD
2024-08-19,JK-DNM-M,Delhi NCR,Website,1,COD
2024-08-19,JK-DNM-M,Delhi NCR,Marketplace,1,COD
2024-08-19,JK-DNM-M,Delhi NCR,Marketplace,1,Prepaid
2024-08-19,JK-DNM-M,Mumbai,Marketplace,1,COD
2024-08-19,JK-DNM-M,Mumbai,Website,1,COD
2024-08-19,JK-DNM-M,Mumbai,Website,2,COD
2024-08-19,JK-DNM-M,Bangalore,Marketplace,2,COD
2024-08-19,JK-DNM-M,Bangalore,Marketplace,1,COD
2024-08-19,JK-DNM-M,Bangalore,Marketplace,2,COD
2024-08-19,CP-BLK,Delhi NCR,Website,1,COD
2024-08-19,CP-BLK,Delhi NCR,Marketplace,2,Prepaid
2024-08-19,CP-BLK,Delhi NCR,Marketplace,2,COD
2024-08-19,CP-BLK,Delhi NCR,Website,2,Prepaid
2024-08-19,CP-BLK,Mumbai,Marketplace,1,COD
2024-08-19,CP-BLK,Mumbai,Marketplace,2,COD
2024-08-19,CP-BLK,Mumbai,Marketplace,1,COD
2024-08-19,CP-BLK,Mumbai,Marketplace,1,Prepaid
2024-08-19,CP-BLK,Bangalore,Website,1,Prepaid
2024-08-19,CP-BLK,Bangalore,Marketplace,1,COD
2024-08-19,CP-BLK,Bangalore,Website,1,Prepaid
2024-08-20,TS-BLK-S,Delhi NCR,Website,1,COD
2024-08-20,TS-BLK-S,Delhi NCR,Website,2,COD
2024-08-20,TS-BLK-S,Delhi NCR,Website,1,COD
2024-08-20,TS-BLK-S,Delhi NCR,Website,2,Prepaid
2024-08-20,TS-BLK-S,Delhi NCR,Website,1,Prepaid
2024-08-20,TS-BLK-S,Mumbai,Website,1,COD
2024-08-20,TS-BLK-S,Mumbai,Marketplace,2,Prepaid
2024-08-20,TS-BLK-S,Mumbai,Marketplace,1,COD
2024-08-20,TS-BLK-S,Mumbai,Website,1,Prepaid
2024-08-20,TS-BLK-S,Mumbai,Marketplace,1,Prepaid
2024-08-20,TS-BLK-S,Bangalore,Marketplace,2,Prepaid
2024-08-20,TS-BLK-S,Bangalore,Website,2,COD
2024-08-20,TS-BLK-S,Bangalore,Marketplace,2,COD
2024-08-20,TS-BLK-S,Bangalore,Website,1,Prepaid
2024-08-20,TS-BLK-S,Bangalore,Marketplace,1,Prepaid
2024-08-20,TS-BLK-M,Delhi NCR,Marketplace,2,Prepaid
2024-08-20,TS-BLK-M,Delhi NCR,Website,1,COD
2024-08-20,TS-BLK-M,Delhi NCR,Website,2,COD
2024-08-20,TS-BLK-M,Delhi NCR,Marketplace,1,COD
2024-08-20,TS-BLK-M,Mumbai,Website,2,COD
2024-08-20,TS-BLK-M,Mumbai,Website,1,COD
2024-08-20,TS-BLK-M,Mumbai,Marketplace,1,COD
2024-08-20,TS-BLK-M,Mumbai,Marketplace,1,COD
2024-08-20,TS-BLK-M,Bangalore,Marketplace,2,COD
2024-08-20,TS-BLK-M,Bangalore,Marketplace,1,COD
2024-08-20,TS-BLK-M,Bangalore,Marketplace,1,Prepaid
2024-08-20,TS-BLK-M,Bangalore,Marketplace,1,COD
2024-08-20,TS-BLK-M,Bangalore,Website,2,COD
2024-08-20,TS-BLK-L,Delhi NCR,Marketplace,1,Prepaid
2024-08-20,TS-BLK-L,Delhi NCR,Marketplace,1,COD
2024-08-20,TS-BLK-L,Mumbai,Website,2,Prepaid
2024-08-20,TS-BLK-L,Bangalore,Marketplace,1,Prepaid
2024-08-20,TS-BLK-L,Bangalore,Marketplace,2,COD
2024-08-20,TS-BLK-L,Bangalore,Website,1,Prepaid
2024-08-20,TS-BLK-L,Bangalore,Marketplace,1,COD
2024-08-20,TS-BLK-L,Bangalore,Marketplace,2,COD
2024-08-20,TS-WHT-M,Delhi NCR,Marketplace,2,Prepaid
2024-08-20,TS-WHT-M,Delhi NCR,Website,2,COD
2024-08-20,TS-WHT-M,Delhi NCR,Website,1,COD
2024-08-20,TS-WHT-M,Mumbai,Marketplace,2,COD
2024-08-20,TS-WHT-M,Mumbai,Marketplace,2,COD
2024-08-20,TS-WHT-M,Mumbai,Marketplace,2,COD
2024-08-20,TS-WHT-M,Mumbai,Marketplace,1,COD
2024-08-20,TS-WHT-M,Bangalore,Website,2,COD
2024-08-20,TS-WHT-M,Bangalore,Website,2,COD
2024-08-20,TS-WHT-M,Bangalore,Website,2,Prepaid
2024-08-20,HD-BLK-M,Delhi NCR,Marketplace,2,Prepaid
2024-08-20,HD-BLK-M,Delhi NCR,Website,2,COD
2024-08-20,HD-BLK-M,Mumbai,Marketplace,2,Prepaid
2024-08-20,HD-BLK-M,Mumbai,Website,1,Prepaid
2024-08-20,HD-BLK-M,Mumbai,Website,2,COD
2024-08-20,HD-BLK-M,Bangalore,Marketplace,1,Prepaid
2024-08-20,HD-BLK-M,Bangalore,Marketplace,2,Prepaid
2024-08-20,HD-BLK-M,Bangalore,Website,1,Prepaid
2024-08-20,HD-GRY-L,Delhi NCR,Marketplace,1,COD
2024-08-20,HD-GRY-L,Delhi NCR,Website,2,COD
2024-08-20,HD-GRY-L,Delhi NCR,Marketplace,1,COD
2024-08-20,HD-GRY-L,Delhi NCR,Website,2,Prepaid
2024-08-20,HD-GRY-L,Mumbai,Website,1,Prepaid
2024-08-20,HD-GRY-L,Mumbai,Website,2,COD
2024-08-20,HD-GRY-L,Mumbai,Website,1,COD
2024-08-20,HD-GRY-L,Mumbai,Website,1,COD
2024-08-20,HD-GRY-L,Bangalore,Website,1,COD
2024-08-20,HD-GRY-L,Bangalore,Website,2,COD
2024-08-20,JK-DNM-M,Delhi NCR,Marketplace,1,COD
2024-08-20,JK-DNM-M,Delhi NCR,Website,2,COD
2024-08-20,JK-DNM-M,Delhi NCR,Website,1,Prepaid
2024-08-20,JK-DNM-M,Delhi NCR,Website,2,COD
2024-08-20,JK-DNM-M,Delhi NCR,Marketplace,2,COD
2024-08-20,JK-DNM-M,Mumbai,Marketplace,2,Prepaid
2024-08-20,JK-DNM-M,Mumbai,Marketplace,1,COD
2024-08-20,JK-DNM-M,Mumbai,Website,1,COD
2024-08-20,JK-DNM-M,Mumbai,Marketplace,2,Prepaid
2024-08-20,JK-DNM-M,Mumbai,Website,1,COD
2024-08-20,JK-DNM-M,Mumbai,Marketplace,2,COD
2024-08-20,JK-DNM-M,Bangalore,Website,2,COD
2024-08-20,JK-DNM-M,Bangalore,Marketplace,1,COD
2024-08-20,CP-BLK,Delhi NCR,Marketplace,1,COD
2024-08-20,CP-BLK,Delhi NCR,Website,2,COD
2024-08-20,CP-BLK,Delhi NCR,Website,1,Prepaid
2024-08-20,CP-BLK,Mumbai,Marketplace,1,COD
2024-08-20,CP-BLK,Mumbai,Marketplace,2,Prepaid
2024-08-20,CP-BLK,Mumbai,Website,1,COD
2024-08-20,CP-BLK,Mumbai,Website,2,COD
2024-08-20,CP-BLK,Mumbai,Marketplace,1,COD
2024-08-20,CP-BLK,Bangalore,Marketplace,2,COD
2024-08-20,CP-BLK,Bangalore,Website,1,COD
2024-08-21,TS-BLK-S,Delhi NCR,Marketplace,1,COD
2024-08-21,TS-BLK-S,Delhi NCR,Website,1,Prepaid
2024-08-21,TS-BLK-S,Mumbai,Website,1,Prepaid
2024-08-21,TS-BLK-S,Mumbai,Marketplace,2,COD
2024-08-21,TS-BLK-S,Bangalore,Website,2,COD
2024-08-21,TS-BLK-S,Bangalore,Website,1,COD
2024-08-21,TS-BLK-S,Bangalore,Website,1,Prepaid
2024-08-21,TS-BLK-S,Bangalore,Website,1,COD
2024-08-21,TS-BLK-S,Bangalore,Website,1,Prepaid
2024-08-21,TS-BLK-M,Delhi NCR,Marketplace,1,COD
2024-08-21,TS-BLK-M,Delhi NCR,Website,2,COD
2024-08-21,TS-BLK-M,Delhi NCR,Marketplace,2,COD
2024-08-21,TS-BLK-M,Delhi NCR,Marketplace,1,Prepaid
2024-08-21,TS-BLK-M,Mumbai,Marketplace,1,COD
2024-08-21,TS-BLK-M,Bangalore,Marketplace,1,COD
2024-08-21,TS-BLK-L,Delhi NCR,Marketplace,1,COD
2024-08-21,TS-BLK-L,Delhi NCR,Website,1,COD
2024-08-21,TS-BLK-L,Mumbai,Marketplace,1,Prepaid
2024-08-21,TS-BLK-L,Mumbai,Marketplace,1,COD
2024-08-21,TS-BLK-L,Mumbai,Marketplace,2,COD
2024-08-21,TS-BLK-L,Bangalore,Website,2,Prepaid
2024-08-21,TS-BLK-L,Bangalore,Marketplace,1,COD
2024-08-21,TS-BLK-L,Bangalore,Marketplace,2,COD
2024-08-21,TS-BLK-L,Bangalore,Website,1,COD
2024-08-21,TS-BLK-L,Bangalore,Marketplace,2,Prepaid
2024-08-21,TS-WHT-M,Delhi NCR,Marketplace,2,COD
2024-08-21,TS-WHT-M,Mumbai,Website,2,Prepaid
2024-08-21,TS-WHT-M,Mumbai,Website,2,Prepaid
2024-08-21,TS-WHT-M,Mumbai,Website,1,COD
2024-08-21,TS-WHT-M,Bangalore,Website,1,COD
2024-08-21,HD-BLK-M,Delhi NCR,Marketplace,2,COD
2024-08-21,HD-BLK-M,Delhi NCR,Marketplace,1,COD
2024-08-21,HD-BLK-M,Delhi NCR,Marketplace,2,COD
2024-08-21,HD-BLK-M,Delhi NCR,Marketplace,2,Prepaid
2024-08-21,HD-BLK-M,Mumbai,Website,1,COD
2024-08-21,HD-BLK-M,Mumbai,Marketplace,1,COD
2024-08-21,HD-BLK-M,Mumbai,Website,2,Prepaid
2024-08-21,HD-BLK-M,Mumbai,Marketplace,2,Prepaid
2024-08-21,HD-BLK-M,Mumbai,Website,1,Prepaid
2024-08-21,HD-BLK-M,Bangalore,Marketplace,1,Prepaid
2024-08-21,HD-GRY-L,Delhi NCR,Website,2,COD
2024-08-21,HD-GRY-L,Delhi NCR,Website,2,Prepaid
2024-08-21,HD-GRY-L,Delhi NCR,Website,2,COD
2024-08-21,HD-GRY-L,Mumbai,Marketplace,1,Prepaid
2024-08-21,HD-GRY-L,Mumbai,Marketplace,2,COD
2024-08-21,HD-GRY-L,Mumbai,Website,2,COD
2024-08-21,HD-GRY-L,Mumbai,Website,2,COD
2024-08-21,HD-GRY-L,Bangalore,Marketplace,1,COD
2024-08-21,HD-GRY-L,Bangalore,Website,1,COD
2024-08-21,HD-GRY-L,Bangalore,Website,2,Prepaid
2024-08-21,HD-GRY-L,Bangalore,Marketplace,1,Prepaid
2024-08-21,HD-GRY-L,Bangalore,Website,2,Prepaid
2024-08-21,JK-DNM-M,Delhi NCR,Website,1,COD
2024-08-21,JK-DNM-M,Delhi NCR,Website,1,COD
2024-08-21,JK-DNM-M,Delhi NCR,Website,1,Prepaid
2024-08-21,JK-DNM-M,Delhi NCR,Website,1,COD
2024-08-21,JK-DNM-M,Mumbai,Website,2,Prepaid
2024-08-21,JK-DNM-M,Mumbai,Website,1,COD
2024-08-21,JK-DNM-M,Mumbai,Marketplace,2,Prepaid
2024-08-21,JK-DNM-M,Bangalore,Website,2,Prepaid
2024-08-21,JK-DNM-M,Bangalore,Website,2,Prepaid
2024-08-21,JK-DNM-M,Bangalore,Website,1,COD
2024-08-21,CP-BLK,Delhi NCR,Website,2,Prepaid
2024-08-21,CP-BLK,Delhi NCR,Marketplace,2,COD
2024-08-21,CP-BLK,Delhi NCR,Website,2,Prepaid
2024-08-21,CP-BLK,Mumbai,Marketplace,2,COD
2024-08-21,CP-BLK,Mumbai,Website,2,Prepaid
2024-08-21,CP-BLK,Mumbai,Website,1,COD
2024-08-21,CP-BLK,Mumbai,Marketplace,1,Prepaid
2024-08-21,CP-BLK,Bangalore,Website,1,COD
2024-08-21,CP-BLK,Bangalore,Website,2,Prepaid
2024-08-21,CP-BLK,Bangalore,Marketplace,2,Prepaid
2024-08-22,TS-BLK-S,Delhi NCR,Website,1,Prepaid
2024-08-22,TS-BLK-S,Delhi NCR,Marketplace,1,Prepaid
2024-08-22,TS-BLK-S,Delhi NCR,Website,1,Prepaid
2024-08-22,TS-BLK-S,Delhi NCR,Marketplace,1,COD
2024-08-22,TS-BLK-S,Mumbai,Marketplace,2,Prepaid
2024-08-22,TS-BLK-S,Bangalore,Marketplace,2,Prepaid
2024-08-22,TS-BLK-S,Bangalore,Marketplace,2,COD
2024-08-22,TS-BLK-S,Bangalore,Website,2,Prepaid
2024-08-22,TS-BLK-S,Bangalore,Marketplace,2,Prepaid
2024-08-22,TS-BLK-S,Bangalore,Website,1,COD
2024-08-22,TS-BLK-M,Delhi NCR,Website,2,Prepaid
2024-08-22,TS-BLK-M,Delhi NCR,Website,2,COD
2024-08-22,TS-BLK-M,Delhi NCR,Website,2,COD
2024-08-22,TS-BLK-M,Mumbai,Website,2,COD
2024-08-22,TS-BLK-M,Mumbai,Website,2,Prepaid
2024-08-22,TS-BLK-M,Bangalore,Marketplace,2,COD
2024-08-22,TS-BLK-M,Bangalore,Marketplace,1,Prepaid
2024-08-22,TS-BLK-M,Bangalore,Marketplace,2,Prepaid
2024-08-22,TS-BLK-L,Delhi NCR,Marketplace,1,Prepaid
2024-08-22,TS-BLK-L,Delhi NCR,Website,2,Prepaid
2024-08-22,TS-BLK-L,Delhi NCR,Website,2,COD
2024-08-22,TS-BLK-L,Mumbai,Marketplace,1,COD
2024-08-22,TS-BLK-L,Mumbai,Website,1,Prepaid
2024-08-22,TS-BLK-L,Mumbai,Website,1,COD
2024-08-22,TS-BLK-L,Mumbai,Marketplace,2,COD
2024-08-22,TS-BLK-L,Mumbai,Website,2,Prepaid
2024-08-22,TS-BLK-L,Bangalore,Marketplace,1,COD
2024-08-22,TS-BLK-L,Bangalore,Website,1,COD
2024-08-22,TS-WHT-M,Delhi NCR,Marketplace,2,Prepaid
2024-08-22,TS-WHT-M,Mumbai,Marketplace,1,Prepaid
2024-08-22,TS-WHT-M,Mumbai,Marketplace,1,Prepaid
2024-08-22,TS-WHT-M,Bangalore,Marketplace,2,COD
2024-08-22,HD-BLK-M,Delhi NCR,Website,1,COD
2024-08-22,HD-BLK-M,Delhi NCR,Website,1,Prepaid
2024-08-22,HD-BLK-M,Delhi NCR,Website,2,COD
2024-08-22,HD-BLK-M,Delhi NCR,Marketplace,1,COD
2024-08-22,HD-BLK-M,Delhi NCR,Marketplace,1,COD
2024-08-22,HD-BLK-M,Mumbai,Website,1,COD
2024-08-22,HD-BLK-M,Mumbai,Marketplace,1,COD
2024-08-22,HD-BLK-M,Bangalore,Marketplace,2,COD
2024-08-22,HD-BLK-M,Bangalore,Website,2,COD
2024-08-22,HD-BLK-M,Bangalore,Marketplace,2,COD
2024-08-22,HD-GRY-L,Delhi NCR,Marketplace,1,Prepaid
2024-08-22,HD-GRY-L,Mumbai,Website,1,Prepaid
2024-08-22,HD-GRY-L,Bangalore,Website,2,Prepaid
2024-08-22,HD-GRY-L,Bangalore,Website,1,Prepaid
2024-08-22,HD-GRY-L,Bangalore,Website,2,Prepaid
2024-08-22,JK-DNM-M,Delhi NCR,Website,2,COD
2024-08-22,JK-DNM-M,Delhi NCR,Marketplace,2,COD
2024-08-22,JK-DNM-M,Mumbai,Marketplace,1,COD
2024-08-22,JK-DNM-M,Mumbai,Marketplace,2,Prepaid
2024-08-22,JK-DNM-M,Mumbai,Website,1,COD
2024-08-22,JK-DNM-M,Mumbai,Marketplace,1,COD
2024-08-22,JK-DNM-M,Mumbai,Marketplace,1,COD
2024-08-22,JK-DNM-M,Mumbai,Website,1,Prepaid
2024-08-22,JK-DNM-M,Mumbai,Marketplace,1,COD
2024-08-22,JK-DNM-M,Bangalore,Marketplace,1,Prepaid
2024-08-22,CP-BLK,Delhi NCR,Website,2,Prepaid
2024-08-22,CP-BLK,Delhi NCR,Marketplace,1,Prepaid
2024-08-22,CP-BLK,Delhi NCR,Marketplace,1,COD
2024-08-22,CP-BLK,Delhi NCR,Website,1,COD
2024-08-22,CP-BLK,Mumbai,Website,1,Prepaid
2024-08-22,CP-BLK,Mumbai,Website,1,Prepaid
2024-08-22,CP-BLK,Mumbai,Marketplace,2,COD
2024-08-22,CP-BLK,Mumbai,Marketplace,2,COD
2024-08-22,CP-BLK,Bangalore,Marketplace,1,Prepaid
2024-08-22,CP-BLK,Bangalore,Website,2,COD
2024-08-22,CP-BLK,Bangalore,Marketplace,1,Prepaid
2024-08-23,TS-BLK-S,Delhi NCR,Website,2,COD
2024-08-23,TS-BLK-S,Delhi NCR,Website,1,COD
2024-08-23,TS-BLK-S,Delhi NCR,Website,1,Prepaid
2024-08-23,TS-BLK-S,Mumbai,Website,2,COD
2024-08-23,TS-BLK-S,Mumbai,Marketplace,2,COD
2024-08-23,TS-BLK-S,Mumbai,Website,2,COD
2024-08-23,TS-BLK-S,Bangalore,Marketplace,1,Prepaid
2024-08-23,TS-BLK-S,Bangalore,Marketplace,2,COD
2024-08-23,TS-BLK-S,Bangalore,Website,2,COD
2024-08-23,TS-BLK-M,Delhi NCR,Marketplace,2,COD
2024-08-23,TS-BLK-M,Mumbai,Marketplace,2,COD
2024-08-23,TS-BLK-M,Mumbai,Marketplace,1,Prepaid
2024-08-23,TS-BLK-M,Mumbai,Website,2,Prepaid
2024-08-23,TS-BLK-M,Bangalore,Marketplace,1,Prepaid
2024-08-23,TS-BLK-M,Bangalore,Website,2,Prepaid
2024-08-23,TS-BLK-M,Bangalore,Website,1,Prepaid
2024-08-23,TS-BLK-M,Bangalore,Website,1,Prepaid
2024-08-23,TS-BLK-M,Bangalore,Website,2,Prepaid
2024-08-23,TS-BLK-L,Delhi NCR,Marketplace,2,COD
2024-08-23,TS-BLK-L,Delhi NCR,Marketplace,1,COD
2024-08-23,TS-BLK-L,Mumbai,Marketplace,2,COD
2024-08-23,TS-BLK-L,Bangalore,Marketplace,2,COD
2024-08-23,TS-WHT-M,Delhi NCR,Website,2,COD
2024-08-23,TS-WHT-M,Delhi NCR,Marketplace,2,COD
2024-08-23,TS-WHT-M,Delhi NCR,Website,1,Prepaid
2024-08-23,TS-WHT-M,Delhi NCR,Marketplace,1,Prepaid
2024-08-23,TS-WHT-M,Delhi NCR,Marketplace,2,COD
2024-08-23,TS-WHT-M,Mumbai,Marketplace,2,COD
2024-08-23,TS-WHT-M,Mumbai,Marketplace,2,COD
2024-08-23,TS-WHT-M,Mumbai,Marketplace,2,COD
2024-08-23,TS-WHT-M,Bangalore,Marketplace,1,COD
2024-08-23,TS-WHT-M,Bangalore,Marketplace,2,COD
2024-08-23,TS-WHT-M,Bangalore,Marketplace,1,COD
2024-08-23,TS-WHT-M,Bangalore,Website,2,Prepaid
2024-08-23,HD-BLK-M,Delhi NCR,Marketplace,1,Prepaid
2024-08-23,HD-BLK-M,Delhi NCR,Website,2,COD
2024-08-23,HD-BLK-M,Delhi NCR,Website,1,Prepaid
2024-08-23,HD-BLK-M,Mumbai,Website,2,Prepaid
2024-08-23,HD-BLK-M,Mumbai,Marketplace,2,Prepaid
2024-08-23,HD-BLK-M,Bangalore,Website,1,COD
2024-08-23,HD-BLK-M,Bangalore,Website,2,Prepaid
2024-08-23,HD-BLK-M,Bangalore,Website,2,Prepaid
2024-08-23,HD-BLK-M,Bangalore,Marketplace,1,Prepaid
2024-08-23,HD-BLK-M,Bangalore,Website,2,COD
2024-08-23,HD-GRY-L,Delhi NCR,Website,1,Prepaid
2024-08-23,HD-GRY-L,Delhi NCR,Marketplace,1,Prepaid
2024-08-23,HD-GRY-L,Delhi NCR,Website,1,Prepaid
2024-08-23,HD-GRY-L,Delhi NCR,Website,2,Prepaid
2024-08-23,HD-GRY-L,Delhi NCR,Website,1,COD
2024-08-23,HD-GRY-L,Mumbai,Marketplace,1,Prepaid
2024-08-23,HD-GRY-L,Mumbai,Marketplace,2,Prepaid
2024-08-23,HD-GRY-L,Mumbai,Marketplace,2,Prepaid
2024-08-23,HD-GRY-L,Mumbai,Website,1,COD
2024-08-23,HD-GRY-L,Mumbai,Website,2,COD
2024-08-23,HD-GRY-L,Bangalore,Marketplace,2,COD
2024-08-23,HD-GRY-L,Bangalore,Marketplace,1,COD
2024-08-23,HD-GRY-L,Bangalore,Marketplace,1,Prepaid
2024-08-23,HD-GRY-L,Bangalore,Marketplace,2,Prepaid
2024-08-23,JK-DNM-M,Delhi NCR,Marketplace,2,Prepaid
2024-08-23,JK-DNM-M,Delhi NCR,Website,2,Prepaid
2024-08-23,JK-DNM-M,Delhi NCR,Website,1,COD
2024-08-23,JK-DNM-M,Delhi NCR,Website,1,COD
2024-08-23,JK-DNM-M,Delhi NCR,Marketplace,1,COD
2024-08-23,JK-DNM-M,Mumbai,Marketplace,1,COD
2024-08-23,JK-DNM-M,Mumbai,Website,1,COD
2024-08-23,JK-DNM-M,Mumbai,Website,2,COD
2024-08-23,JK-DNM-M,Mumbai,Website,2,Prepaid
2024-08-23,JK-DNM-M,Bangalore,Website,1,Prepaid
2024-08-23,JK-DNM-M,Bangalore,Marketplace,2,COD
2024-08-23,JK-DNM-M,Bangalore,Website,2,Prepaid
2024-08-23,JK-DNM-M,Bangalore,Website,1,Prepaid
2024-08-23,JK-DNM-M,Bangalore,Marketplace,1,COD
2024-08-23,CP-BLK,Delhi NCR,Marketplace,2,COD
2024-08-23,CP-BLK,Delhi NCR,Marketplace,1,COD
2024-08-23,CP-BLK,Delhi NCR,Website,2,COD
2024-08-23,CP-BLK,Delhi NCR,Marketplace,2,COD
2024-08-23,CP-BLK,Mumbai,Marketplace,1,COD
2024-08-23,CP-BLK,Bangalore,Website,2,Prepaid
2024-08-23,CP-BLK,Bangalore,Website,1,Prepaid
2024-08-24,TS-BLK-S,Delhi NCR,Website,1,Prepaid
2024-08-24,TS-BLK-S,Delhi NCR,Website,2,Prepaid
2024-08-24,TS-BLK-S,Delhi NCR,Marketplace,1,COD
2024-08-24,TS-BLK-S,Delhi NCR,Marketplace,1,Prepaid
2024-08-24,TS-BLK-S,Mumbai,Website,2,Prepaid
2024-08-24,TS-BLK-S,Mumbai,Website,2,Prepaid
2024-08-24,TS-BLK-S,Mumbai,Marketplace,2,COD
2024-08-24,TS-BLK-S,Mumbai,Marketplace,1,Prepaid
2024-08-24,TS-BLK-S,Mumbai,Marketplace,2,COD
2024-08-24,TS-BLK-S,Bangalore,Marketplace,1,COD
2024-08-24,TS-BLK-S,Bangalore,Marketplace,2,COD
2024-08-24,TS-BLK-S,Bangalore,Marketplace,2,COD
2024-08-24,TS-BLK-M,Delhi NCR,Website,1,COD
2024-08-24,TS-BLK-M,Delhi NCR,Marketplace,1,Prepaid
2024-08-24,TS-BLK-M,Delhi NCR,Website,1,COD
2024-08-24,TS-BLK-M,Delhi NCR,Marketplace,1,COD
2024-08-24,TS-BLK-M,Mumbai,Website,1,Prepaid
2024-08-24,TS-BLK-M,Mumbai,Marketplace,1,COD
2024-08-24,TS-BLK-M,Mumbai,Website,2,Prepaid
2024-08-24,TS-BLK-M,Mumbai,Marketplace,2,Prepaid
2024-08-24,TS-BLK-M,Mumbai,Website,1,COD
2024-08-24,TS-BLK-M,Bangalore,Website,2,Prepaid
2024-08-24,TS-BLK-M,Bangalore,Marketplace,2,COD
2024-08-24,TS-BLK-M,Bangalore,Website,2,Prepaid
2024-08-24,TS-BLK-M,Bangalore,Marketplace,2,COD
2024-08-24,TS-BLK-L,Delhi NCR,Marketplace,2,COD
2024-08-24,TS-BLK-L,Delhi NCR,Website,2,COD
2024-08-24,TS-BLK-L,Mumbai,Website,1,Prepaid
2024-08-24,TS-BLK-L,Bangalore,Marketplace,1,Prepaid
2024-08-24,TS-WHT-M,Delhi NCR,Marketplace,1,Prepaid
2024-08-24,TS-WHT-M,Delhi NCR,Website,2,Prepaid
2024-08-24,TS-WHT-M,Delhi NCR,Website,1,COD
2024-08-24,TS-WHT-M,Delhi NCR,Marketplace,1,COD
2024-08-24,TS-WHT-M,Mumbai,Website,2,COD
2024-08-24,TS-WHT-M,Mumbai,Marketplace,2,COD
2024-08-24,TS-WHT-M,Bangalore,Website,2,COD
2024-08-24,TS-WHT-M,Bangalore,Website,2,Prepaid
2024-08-24,TS-WHT-M,Bangalore,Marketplace,2,COD
2024-08-24,TS-WHT-M,Bangalore,Website,2,COD
2024-08-24,HD-BLK-M,Delhi NCR,Marketplace,1,COD
2024-08-24,HD-BLK-M,Delhi NCR,Website,1,Prepaid
2024-08-24,HD-BLK-M,Delhi NCR,Marketplace,2,COD
2024-08-24,HD-BLK-M,Delhi NCR,Website,1,Prepaid
2024-08-24,HD-BLK-M,Mumbai,Website,1,COD
2024-08-24,HD-BLK-M,Mumbai,Website,1,COD
2024-08-24,HD-BLK-M,Mumbai,Marketplace,2,COD
2024-08-24,HD-BLK-M,Bangalore,Marketplace,1,COD
2024-08-24,HD-BLK-M,Bangalore,Website,2,COD
2024-08-24,HD-GRY-L,Delhi NCR,Website,2,COD
2024-08-24,HD-GRY-L,Delhi NCR,Website,1,Prepaid
2024-08-24,HD-GRY-L,Delhi NCR,Marketplace,2,Prepaid
2024-08-24,HD-GRY-L,Mumbai,Marketplace,2,COD
2024-08-24,HD-GRY-L,Mumbai,Website,2,COD
2024-08-24,HD-GRY-L,Mumbai,Website,2,Prepaid
2024-08-24,HD-GRY-L,Mumbai,Website,1,COD
2024-08-24,HD-GRY-L,Bangalore,Website,2,COD
2024-08-24,HD-GRY-L,Bangalore,Marketplace,2,Prepaid
2024-08-24,HD-GRY-L,Bangalore,Website,1,Prepaid
2024-08-24,HD-GRY-L,Bangalore,Website,1,Prepaid
2024-08-24,JK-DNM-M,Delhi NCR,Marketplace,2,Prepaid
2024-08-24,JK-DNM-M,Delhi NCR,Website,1,Prepaid
2024-08-24,JK-DNM-M,Delhi NCR,Marketplace,1,COD
2024-08-24,JK-DNM-M,Delhi NCR,Website,1,Prepaid
2024-08-24,JK-DNM-M,Delhi NCR,Website,1,COD
2024-08-24,JK-DNM-M,Delhi NCR,Marketplace,1,Prepaid
2024-08-24,JK-DNM-M,Mumbai,Marketplace,2,Prepaid
2024-08-24,JK-DNM-M,Mumbai,Marketplace,2,COD
2024-08-24,JK-DNM-M,Mumbai,Website,2,Prepaid
2024-08-24,JK-DNM-M,Mumbai,Marketplace,1,COD
2024-08-24,JK-DNM-M,Mumbai,Website,2,Prepaid
2024-08-24,JK-DNM-M,Bangalore,Website,2,COD
2024-08-24,JK-DNM-M,Bangalore,Website,1,COD
2024-08-24,CP-BLK,Delhi NCR,Website,1,Prepaid
2024-08-24,CP-BLK,Delhi NCR,Marketplace,1,Prepaid
2024-08-24,CP-BLK,Delhi NCR,Marketplace,1,Prepaid
2024-08-24,CP-BLK,Mumbai,Website,2,COD
2024-08-24,CP-BLK,Mumbai,Marketplace,1,COD
2024-08-24,CP-BLK,Mumbai,Website,1,COD
2024-08-24,CP-BLK,Mumbai,Website,1,COD
2024-08-24,CP-BLK,Mumbai,Marketplace,1,Prepaid
2024-08-24,CP-BLK,Bangalore,Marketplace,1,COD
2024-08-24,CP-BLK,Bangalore,Website,1,COD
2024-08-24,CP-BLK,Bangalore,Marketplace,1,COD
2024-08-25,TS-BLK-S,Delhi NCR,Marketplace,2,Prepaid
2024-08-25,TS-BLK-S,Delhi NCR,Website,1,Prepaid
2024-08-25,TS-BLK-S,Delhi NCR,Website,1,Prepaid
2024-08-25,TS-BLK-S,Delhi NCR,Marketplace,2,COD
2024-08-25,TS-BLK-S,Delhi NCR,Marketplace,1,COD
2024-08-25,TS-BLK-S,Mumbai,Marketplace,1,COD
2024-08-25,TS-BLK-S,Mumbai,Marketplace,1,Prepaid
2024-08-25,TS-BLK-S,Mumbai,Marketplace,2,COD
2024-08-25,TS-BLK-S,Mumbai,Website,1,COD
2024-08-25,TS-BLK-S,Mumbai,Marketplace,1,COD
2024-08-25,TS-BLK-S,Bangalore,Marketplace,1,COD
2024-08-25,TS-BLK-S,Bangalore,Marketplace,2,COD
2024-08-25,TS-BLK-S,Bangalore,Website,2,COD
2024-08-25,TS-BLK-M,Delhi NCR,Website,1,COD
2024-08-25,TS-BLK-M,Delhi NCR,Website,1,COD
2024-08-25,TS-BLK-M,Mumbai,Marketplace,2,Prepaid
2024-08-25,TS-BLK-M,Mumbai,Website,2,Prepaid
2024-08-25,TS-BLK-M,Mumbai,Marketplace,1,COD
2024-08-25,TS-BLK-M,Bangalore,Marketplace,1,Prepaid
2024-08-25,TS-BLK-M,Bangalore,Website,1,COD
2024-08-25,TS-BLK-M,Bangalore,Marketplace,2,Prepaid
2024-08-25,TS-BLK-M,Bangalore,Website,2,COD
2024-08-25,TS-BLK-M,Bangalore,Marketplace,2,COD
2024-08-25,TS-BLK-L,Delhi NCR,Marketplace,1,COD
2024-08-25,TS-BLK-L,Mumbai,Marketplace,1,Prepaid
2024-08-25,TS-BLK-L,Mumbai,Marketplace,2,COD
2024-08-25,TS-BLK-L,Mumbai,Website,2,COD
2024-08-25,TS-BLK-L,Bangalore,Website,1,COD
2024-08-25,TS-WHT-M,Delhi NCR,Marketplace,2,COD
2024-08-25,TS-WHT-M,Delhi NCR,Marketplace,2,Prepaid
2024-08-25,TS-WHT-M,Delhi NCR,Website,2,COD
2024-08-25,TS-WHT-M,Mumbai,Website,1,COD
2024-08-25,TS-WHT-M,Mumbai,Website,2,Prepaid
2024-08-25,TS-WHT-M,Bangalore,Marketplace,2,COD
2024-08-25,TS-WHT-M,Bangalore,Website,2,COD
2024-08-25,TS-WHT-M,Bangalore,Marketplace,2,COD
2024-08-25,TS-WHT-M,Bangalore,Marketplace,1,COD
2024-08-25,TS-WHT-M,Bangalore,Marketplace,1,Prepaid
2024-08-25,HD-BLK-M,Delhi NCR,Website,2,COD
2024-08-25,HD-BLK-M,Delhi NCR,Marketplace,1,COD
2024-08-25,HD-BLK-M,Delhi NCR,Marketplace,2,COD
2024-08-25,HD-BLK-M,Delhi NCR,Website,1,COD
2024-08-25,HD-BLK-M,Delhi NCR,Marketplace,1,COD
2024-08-25,HD-BLK-M,Mumbai,Website,1,Prepaid
2024-08-25,HD-BLK-M,Mumbai,Website,2,Prepaid
2024-08-25,HD-BLK-M,Mumbai,Marketplace,2,COD
2024-08-25,HD-BLK-M,Bangalore,Website,2,Prepaid
2024-08-25,HD-GRY-L,Delhi NCR,Marketplace,1,COD
2024-08-25,HD-GRY-L,Delhi NCR,Website,1,COD
2024-08-25,HD-GRY-L,Mumbai,Marketplace,2,COD
2024-08-25,HD-GRY-L,Mumbai,Website,1,Prepaid
2024-08-25,HD-GRY-L,Mumbai,Marketplace,1,COD
2024-08-25,HD-GRY-L,Mumbai,Website,1,Prepaid
2024-08-25,HD-GRY-L,Bangalore,Website,2,COD
2024-08-25,HD-GRY-L,Bangalore,Marketplace,2,Prepaid
2024-08-25,HD-GRY-L,Bangalore,Marketplace,2,COD
2024-08-25,HD-GRY-L,Bangalore,Website,1,COD
2024-08-25,HD-GRY-L,Bangalore,Website,2,Prepaid
2024-08-25,JK-DNM-M,Delhi NCR,Marketplace,1,COD
2024-08-25,JK-DNM-M,Delhi NCR,Website,1,COD
2024-08-25,JK-DNM-M,Delhi NCR,Marketplace,2,COD
2024-08-25,JK-DNM-M,Delhi NCR,Website,2,COD
2024-08-25,JK-DNM-M,Delhi NCR,Marketplace,1,COD
2024-08-25,JK-DNM-M,Delhi NCR,Marketplace,1,Prepaid
2024-08-25,JK-DNM-M,Delhi NCR,Website,1,COD
2024-08-25,JK-DNM-M,Mumbai,Marketplace,2,COD
2024-08-25,JK-DNM-M,Mumbai,Website,1,Prepaid
2024-08-25,JK-DNM-M,Mumbai,Marketplace,2,COD
2024-08-25,JK-DNM-M,Bangalore,Marketplace,2,COD
2024-08-25,JK-DNM-M,Bangalore,Website,1,COD
2024-08-25,JK-DNM-M,Bangalore,Website,2,Prepaid
2024-08-25,JK-DNM-M,Bangalore,Website,1,COD
2024-08-25,CP-BLK,Delhi NCR,Website,1,COD
2024-08-25,CP-BLK,Delhi NCR,Marketplace,1,COD
2024-08-25,CP-BLK,Delhi NCR,Marketplace,2,COD
2024-08-25,CP-BLK,Mumbai,Website,1,COD
2024-08-25,CP-BLK,Bangalore,Marketplace,1,Prepaid
2024-08-25,CP-BLK,Bangalore,Website,1,COD
2024-08-25,CP-BLK,Bangalore,Marketplace,2,COD
2024-08-26,TS-BLK-S,Delhi NCR,Website,1,COD
2024-08-26,TS-BLK-S,Mumbai,Website,2,COD
2024-08-26,TS-BLK-S,Mumbai,Marketplace,1,Prepaid
2024-08-26,TS-BLK-S,Bangalore,Marketplace,2,COD
2024-08-26,TS-BLK-S,Bangalore,Marketplace,2,Prepaid
2024-08-26,TS-BLK-S,Bangalore,Marketplace,2,Prepaid
2024-08-26,TS-BLK-S,Bangalore,Marketplace,1,Prepaid
2024-08-26,TS-BLK-S,Bangalore,Website,2,Prepaid
2024-08-26,TS-BLK-M,Delhi NCR,Marketplace,2,COD
2024-08-26,TS-BLK-M,Delhi NCR,Website,1,COD
2024-08-26,TS-BLK-M,Delhi NCR,Website,2,Prepaid
2024-08-26,TS-BLK-M,Delhi NCR,Website,2,COD
2024-08-26,TS-BLK-M,Mumbai,Marketplace,1,COD
2024-08-26,TS-BLK-M,Bangalore,Marketplace,1,Prepaid
2024-08-26,TS-BLK-M,Bangalore,Website,1,COD
2024-08-26,TS-BLK-M,Bangalore,Marketplace,1,Prepaid
2024-08-26,TS-BLK-M,Bangalore,Marketplace,2,Prepaid
2024-08-26,TS-BLK-L,Delhi NCR,Marketplace,2,COD
2024-08-26,TS-BLK-L,Delhi NCR,Marketplace,2,Prepaid
2024-08-26,TS-BLK-L,Delhi NCR,Website,2,COD
2024-08-26,TS-BLK-L,Delhi NCR,Marketplace,1,Prepaid
2024-08-26,TS-BLK-L,Delhi NCR,Marketplace,1,Prepaid
2024-08-26,TS-BLK-L,Mumbai,Marketplace,1,COD
2024-08-26,TS-BLK-L,Mumbai,Marketplace,2,Prepaid
2024-08-26,TS-BLK-L,Mumbai,Website,1,COD
2024-08-26,TS-BLK-L,Mumbai,Website,2,COD
2024-08-26,TS-BLK-L,Bangalore,Marketplace,2,COD
2024-08-26,TS-BLK-L,Bangalore,Marketplace,1,COD
2024-08-26,TS-WHT-M,Delhi NCR,Marketplace,1,COD
2024-08-26,TS-WHT-M,Delhi NCR,Website,2,COD
2024-08-26,TS-WHT-M,Delhi NCR,Marketplace,2,Prepaid
2024-08-26,TS-WHT-M,Delhi NCR,Website,1,COD
2024-08-26,TS-WHT-M,Delhi NCR,Website,2,Prepaid
2024-08-26,TS-WHT-M,Mumbai,Website,2,COD
2024-08-26,TS-WHT-M,Mumbai,Marketplace,2,Prepaid
2024-08-26,TS-WHT-M,Mumbai,Website,2,COD
2024-08-26,TS-WHT-M,Mumbai,Website,2,Prepaid
2024-08-26,TS-WHT-M,Bangalore,Marketplace,2,COD
2024-08-26,TS-WHT-M,Bangalore,Website,1,COD
2024-08-26,TS-WHT-M,Bangalore,Website,1,COD
2024-08-26,HD-BLK-M,Delhi NCR,Marketplace,2,COD
2024-08-26,HD-BLK-M,Mumbai,Website,2,COD
2024-08-26,HD-BLK-M,Mumbai,Marketplace,2,Prepaid
2024-08-26,HD-BLK-M,Mumbai,Marketplace,1,COD
2024-08-26,HD-BLK-M,Bangalore,Website,1,COD
2024-08-26,HD-GRY-L,Delhi NCR,Website,2,Prepaid
2024-08-26,HD-GRY-L,Mumbai,Website,2,COD
2024-08-26,HD-GRY-L,Mumbai,Website,2,Prepaid
2024-08-26,HD-GRY-L,Bangalore,Marketplace,1,Prepaid
2024-08-26,JK-DNM-M,Delhi NCR,Website,1,Prepaid
2024-08-26,JK-DNM-M,Delhi NCR,Website,1,COD
2024-08-26,JK-DNM-M,Delhi NCR,Website,2,Prepaid
2024-08-26,JK-DNM-M,Delhi NCR,Marketplace,2,Prepaid
2024-08-26,JK-DNM-M,Mumbai,Website,2,Prepaid
2024-08-26,JK-DNM-M,Mumbai,Marketplace,2,COD
2024-08-26,JK-DNM-M,Mumbai,Website,1,COD
2024-08-26,JK-DNM-M,Mumbai,Website,2,Prepaid
2024-08-26,JK-DNM-M,Mumbai,Website,2,Prepaid
2024-08-26,JK-DNM-M,Mumbai,Website,2,Prepaid
2024-08-26,JK-DNM-M,Bangalore,Website,2,COD
2024-08-26,JK-DNM-M,Bangalore,Website,2,Prepaid
2024-08-26,JK-DNM-M,Bangalore,Marketplace,2,Prepaid
2024-08-26,JK-DNM-M,Bangalore,Marketplace,1,Prepaid
2024-08-26,JK-DNM-M,Bangalore,Marketplace,1,COD
2024-08-26,JK-DNM-M,Bangalore,Website,1,COD
2024-08-26,JK-DNM-M,Bangalore,Marketplace,1,COD
2024-08-26,CP-BLK,Delhi NCR,Marketplace,1,Prepaid
2024-08-26,CP-BLK,Delhi NCR,Marketplace,1,COD
2024-08-26,CP-BLK,Delhi NCR,Website,2,COD
2024-08-26,CP-BLK,Delhi NCR,Marketplace,1,COD
2024-08-26,CP-BLK,Mumbai,Website,1,COD
2024-08-26,CP-BLK,Bangalore,Website,2,COD
2024-08-26,CP-BLK,Bangalore,Marketplace,1,Prepaid
2024-08-26,CP-BLK,Bangalore,Marketplace,1,COD
2024-08-26,CP-BLK,Bangalore,Website,2,COD
2024-08-27,TS-BLK-S,Delhi NCR,Marketplace,2,COD
2024-08-27,TS-BLK-S,Delhi NCR,Marketplace,1,Prepaid
2024-08-27,TS-BLK-S,Mumbai,Marketplace,1,COD
2024-08-27,TS-BLK-S,Mumbai,Marketplace,1,COD
2024-08-27,TS-BLK-S,Mumbai,Website,2,Prepaid
2024-08-27,TS-BLK-S,Mumbai,Marketplace,2,COD
2024-08-27,TS-BLK-S,Bangalore,Marketplace,2,Prepaid
2024-08-27,TS-BLK-S,Bangalore,Website,2,Prepaid
2024-08-27,TS-BLK-M,Delhi NCR,Marketplace,1,COD
2024-08-27,TS-BLK-M,Delhi NCR,Website,1,COD
2024-08-27,TS-BLK-M,Delhi NCR,Website,2,COD
2024-08-27,TS-BLK-M,Delhi NCR,Website,2,COD
2024-08-27,TS-BLK-M,Mumbai,Marketplace,2,COD
2024-08-27,TS-BLK-M,Mumbai,Marketplace,2,Prepaid
2024-08-27,TS-BLK-M,Mumbai,Website,1,COD
2024-08-27,TS-BLK-M,Mumbai,Marketplace,2,Prepaid
2024-08-27,TS-BLK-M,Mumbai,Marketplace,1,COD
2024-08-27,TS-BLK-M,Bangalore,Website,2,Prepaid
2024-08-27,TS-BLK-L,Delhi NCR,Website,2,COD
2024-08-27,TS-BLK-L,Delhi NCR,Marketplace,2,COD
2024-08-27,TS-BLK-L,Delhi NCR,Marketplace,1,Prepaid
2024-08-27,TS-BLK-L,Delhi NCR,Marketplace,2,Prepaid
2024-08-27,TS-BLK-L,Mumbai,Marketplace,1,Prepaid
2024-08-27,TS-BLK-L,Mumbai,Marketplace,2,COD
2024-08-27,TS-BLK-L,Bangalore,Marketplace,1,COD
2024-08-27,TS-BLK-L,Bangalore,Website,2,COD
2024-08-27,TS-WHT-M,Delhi NCR,Marketplace,2,COD
2024-08-27,TS-WHT-M,Delhi NCR,Website,2,COD
2024-08-27,TS-WHT-M,Delhi NCR,Website,2,COD
2024-08-27,TS-WHT-M,Delhi NCR,Website,2,COD
2024-08-27,TS-WHT-M,Delhi NCR,Marketplace,2,COD
2024-08-27,TS-WHT-M,Mumbai,Website,1,COD
2024-08-27,TS-WHT-M,Mumbai,Marketplace,2,COD
2024-08-27,TS-WHT-M,Mumbai,Website,1,COD
2024-08-27,TS-WHT-M,Mumbai,Website,2,Prepaid
2024-08-27,TS-WHT-M,Mumbai,Website,1,COD
2024-08-27,TS-WHT-M,Bangalore,Marketplace,1,COD
2024-08-27,TS-WHT-M,Bangalore,Website,1,COD
2024-08-27,HD-BLK-M,Delhi NCR,Website,2,Prepaid
2024-08-27,HD-BLK-M,Delhi NCR,Website,2,Prepaid
2024-08-27,HD-BLK-M,Delhi NCR,Marketplace,1,Prepaid
2024-08-27,HD-BLK-M,Mumbai,Marketplace,1,COD
2024-08-27,HD-BLK-M,Mumbai,Marketplace,2,Prepaid
2024-08-27,HD-BLK-M,Bangalore,Marketplace,2,COD
2024-08-27,HD-BLK-M,Bangalore,Website,1,Prepaid
2024-08-27,HD-GRY-L,Delhi NCR,Marketplace,1,Prepaid
2024-08-27,HD-GRY-L,Delhi NCR,Marketplace,2,Prepaid
2024-08-27,HD-GRY-L,Delhi NCR,Website,2,COD
2024-08-27,HD-GRY-L,Delhi NCR,Marketplace,1,COD
2024-08-27,HD-GRY-L,Mumbai,Marketplace,1,Prepaid
2024-08-27,HD-GRY-L,Mumbai,Marketplace,2,COD
2024-08-27,HD-GRY-L,Bangalore,Marketplace,2,COD
2024-08-27,HD-GRY-L,Bangalore,Website,2,Prepaid
2024-08-27,HD-GRY-L,Bangalore,Marketplace,2,COD
2024-08-27,JK-DNM-M,Delhi NCR,Marketplace,2,COD
2024-08-27,JK-DNM-M,Mumbai,Website,1,Prepaid
2024-08-27,JK-DNM-M,Mumbai,Website,1,COD
2024-08-27,JK-DNM-M,Mumbai,Website,1,Prepaid
2024-08-27,JK-DNM-M,Mumbai,Marketplace,1,Prepaid
2024-08-27,JK-DNM-M,Bangalore,Website,1,COD
2024-08-27,JK-DNM-M,Bangalore,Marketplace,2,COD
2024-08-27,JK-DNM-M,Bangalore,Website,1,Prepaid
2024-08-27,JK-DNM-M,Bangalore,Marketplace,1,COD
2024-08-27,JK-DNM-M,Bangalore,Website,2,Prepaid
2024-08-27,JK-DNM-M,Bangalore,Marketplace,1,COD
2024-08-27,CP-BLK,Delhi NCR,Website,1,COD
2024-08-27,CP-BLK,Delhi NCR,Marketplace,1,COD
2024-08-27,CP-BLK,Delhi NCR,Website,1,Prepaid
2024-08-27,CP-BLK,Delhi NCR,Marketplace,2,Prepaid
2024-08-27,CP-BLK,Mumbai,Website,1,Prepaid
2024-08-27,CP-BLK,Mumbai,Website,1,COD
2024-08-27,CP-BLK,Bangalore,Website,2,COD
2024-08-27,CP-BLK,Bangalore,Marketplace,2,COD
2024-08-27,CP-BLK,Bangalore,Website,1,Prepaid
2024-08-27,CP-BLK,Bangalore,Marketplace,1,COD
2024-08-28,TS-BLK-S,Delhi NCR,Website,1,COD
2024-08-28,TS-BLK-S,Delhi NCR,Website,1,COD
2024-08-28,TS-BLK-S,Delhi NCR,Website,1,Prepaid
2024-08-28,TS-BLK-S,Delhi NCR,Website,1,Prepaid
2024-08-28,TS-BLK-S,Delhi NCR,Marketplace,1,COD
2024-08-28,TS-BLK-S,Mumbai,Website,1,COD
2024-08-28,TS-BLK-S,Mumbai,Website,1,COD
2024-08-28,TS-BLK-S,Bangalore,Marketplace,1,Prepaid
2024-08-28,TS-BLK-S,Bangalore,Marketplace,2,COD
2024-08-28,TS-BLK-S,Bangalore,Marketplace,2,COD
2024-08-28,TS-BLK-M,Delhi NCR,Marketplace,2,Prepaid
2024-08-28,TS-BLK-M,Delhi NCR,Marketplace,1,COD
2024-08-28,TS-BLK-M,Mumbai,Website,1,Prepaid
2024-08-28,TS-BLK-M,Mumbai,Website,1,COD
2024-08-28,TS-BLK-M,Mumbai,Website,2,COD
2024-08-28,TS-BLK-M,Mumbai,Website,2,COD
2024-08-28,TS-BLK-M,Bangalore,Marketplace,2,COD
2024-08-28,TS-BLK-L,Delhi NCR,Website,2,COD
2024-08-28,TS-BLK-L,Mumbai,Marketplace,1,COD
2024-08-28,TS-BLK-L,Mumbai,Website,2,COD
2024-08-28,TS-BLK-L,Bangalore,Marketplace,2,Prepaid
2024-08-28,TS-BLK-L,Bangalore,Marketplace,2,COD
2024-08-28,TS-BLK-L,Bangalore,Marketplace,2,COD
2024-08-28,TS-BLK-L,Bangalore,Website,2,COD
2024-08-28,TS-WHT-M,Delhi NCR,Marketplace,2,COD
2024-08-28,TS-WHT-M,Delhi NCR,Marketplace,1,COD
2024-08-28,TS-WHT-M,Delhi NCR,Website,1,Prepaid
2024-08-28,TS-WHT-M,Mumbai,Website,2,COD
2024-08-28,TS-WHT-M,Mumbai,Marketplace,1,Prepaid
2024-08-28,TS-WHT-M,Bangalore,Marketplace,2,COD
2024-08-28,TS-WHT-M,Bangalore,Marketplace,1,Prepaid
2024-08-28,TS-WHT-M,Bangalore,Website,1,COD
2024-08-28,TS-WHT-M,Bangalore,Marketplace,1,COD
2024-08-28,HD-BLK-M,Delhi NCR,Website,2,Prepaid
2024-08-28,HD-BLK-M,Mumbai,Marketplace,2,Prepaid
2024-08-28,HD-BLK-M,Mumbai,Website,2,Prepaid
2024-08-28,HD-BLK-M,Bangalore,Website,2,COD
2024-08-28,HD-BLK-M,Bangalore,Marketplace,1,COD
2024-08-28,HD-BLK-M,Bangalore,Website,1,COD
2024-08-28,HD-BLK-M,Bangalore,Website,2,COD
2024-08-28,HD-BLK-M,Bangalore,Website,1,COD
2024-08-28,HD-GRY-L,Delhi NCR,Website,2,COD
2024-08-28,HD-GRY-L,Delhi NCR,Marketplace,2,COD
2024-08-28,HD-GRY-L,Delhi NCR,Marketplace,2,Prepaid
2024-08-28,HD-GRY-L,Delhi NCR,Marketplace,2,COD
2024-08-28,HD-GRY-L,Mumbai,Marketplace,1,Prepaid
2024-08-28,HD-GRY-L,Mumbai,Website,1,Prepaid
2024-08-28,HD-GRY-L,Mumbai,Marketplace,2,Prepaid
2024-08-28,HD-GRY-L,Mumbai,Marketplace,2,Prepaid
2024-08-28,HD-GRY-L,Bangalore,Marketplace,1,COD
2024-08-28,HD-GRY-L,Bangalore,Marketplace,2,Prepaid
2024-08-28,JK-DNM-M,Delhi NCR,Website,2,Prepaid
2024-08-28,JK-DNM-M,Delhi NCR,Marketplace,1,Prepaid
2024-08-28,JK-DNM-M,Delhi NCR,Marketplace,2,COD
2024-08-28,JK-DNM-M,Delhi NCR,Website,1,COD
2024-08-28,JK-DNM-M,Delhi NCR,Marketplace,2,COD
2024-08-28,JK-DNM-M,Delhi NCR,Marketplace,1,COD
2024-08-28,JK-DNM-M,Mumbai,Website,1,COD
2024-08-28,JK-DNM-M,Mumbai,Website,2,Prepaid
2024-08-28,JK-DNM-M,Mumbai,Website,2,COD
2024-08-28,JK-DNM-M,Mumbai,Marketplace,1,Prepaid
2024-08-28,JK-DNM-M,Mumbai,Marketplace,2,COD
2024-08-28,JK-DNM-M,Mumbai,Website,2,COD
2024-08-28,JK-DNM-M,Bangalore,Marketplace,2,Prepaid
2024-08-28,JK-DNM-M,Bangalore,Website,1,Prepaid
2024-08-28,JK-DNM-M,Bangalore,Marketplace,1,COD
2024-08-28,JK-DNM-M,Bangalore,Website,1,COD
2024-08-28,JK-DNM-M,Bangalore,Marketplace,1,Prepaid
2024-08-28,CP-BLK,Delhi NCR,Website,2,COD
2024-08-28,CP-BLK,Delhi NCR,Website,2,Prepaid
2024-08-28,CP-BLK,Mumbai,Website,1,COD
2024-08-28,CP-BLK,Mumbai,Website,1,COD
2024-08-28,CP-BLK,Mumbai,Website,1,Prepaid
2024-08-28,CP-BLK,Mumbai,Website,1,COD
2024-08-28,CP-BLK,Bangalore,Website,1,COD
2024-08-28,CP-BLK,Bangalore,Marketplace,1,COD
2024-08-29,TS-BLK-S,Delhi NCR,Website,1,COD
2024-08-29,TS-BLK-S,Delhi NCR,Marketplace,1,Prepaid
2024-08-29,TS-BLK-S,Delhi NCR,Website,2,COD
2024-08-29,TS-BLK-S,Delhi NCR,Marketplace,2,COD
2024-08-29,TS-BLK-S,Mumbai,Website,1,Prepaid
2024-08-29,TS-BLK-S,Mumbai,Marketplace,2,COD
2024-08-29,TS-BLK-S,Mumbai,Website,2,Prepaid
2024-08-29,TS-BLK-S,Mumbai,Marketplace,2,COD
2024-08-29,TS-BLK-S,Mumbai,Website,1,COD
2024-08-29,TS-BLK-S,Bangalore,Website,1,COD
2024-08-29,TS-BLK-S,Bangalore,Website,2,Prepaid
2024-08-29,TS-BLK-S,Bangalore,Website,2,Prepaid
2024-08-29,TS-BLK-S,Bangalore,Website,2,COD
2024-08-29,TS-BLK-S,Bangalore,Website,2,COD
2024-08-29,TS-BLK-M,Delhi NCR,Marketplace,1,Prepaid
2024-08-29,TS-BLK-M,Delhi NCR,Marketplace,2,COD
2024-08-29,TS-BLK-M,Delhi NCR,Website,1,COD
2024-08-29,TS-BLK-M,Delhi NCR,Marketplace,2,Prepaid
2024-08-29,TS-BLK-M,Delhi NCR,Marketplace,2,COD
2024-08-29,TS-BLK-M,Mumbai,Marketplace,1,COD
2024-08-29,TS-BLK-M,Bangalore,Website,2,COD
2024-08-29,TS-BLK-M,Bangalore,Marketplace,1,Prepaid
2024-08-29,TS-BLK-L,Delhi NCR,Website,2,Prepaid
2024-08-29,TS-BLK-L,Delhi NCR,Website,2,COD
2024-08-29,TS-BLK-L,Delhi NCR,Marketplace,2,Prepaid
2024-08-29,TS-BLK-L,Mumbai,Website,1,Prepaid
2024-08-29,TS-BLK-L,Mumbai,Marketplace,2,COD
2024-08-29,TS-BLK-L,Mumbai,Website,2,Prepaid
2024-08-29,TS-BLK-L,Mumbai,Website,2,COD
2024-08-29,TS-BLK-L,Mumbai,Website,2,COD
2024-08-29,TS-BLK-L,Bangalore,Marketplace,2,Prepaid
2024-08-29,TS-BLK-L,Bangalore,Website,1,COD
2024-08-29,TS-WHT-M,Delhi NCR,Website,1,Prepaid
2024-08-29,TS-WHT-M,Mumbai,Website,1,Prepaid
2024-08-29,TS-WHT-M,Mumbai,Marketplace,2,Prepaid
2024-08-29,TS-WHT-M,Mumbai,Marketplace,2,COD
2024-08-29,TS-WHT-M,Bangalore,Website,2,COD
2024-08-29,TS-WHT-M,Bangalore,Website,1,COD
2024-08-29,TS-WHT-M,Bangalore,Website,1,COD
2024-08-29,TS-WHT-M,Bangalore,Marketplace,1,COD
2024-08-29,HD-BLK-M,Delhi NCR,Marketplace,2,COD
2024-08-29,HD-BLK-M,Mumbai,Website,2,Prepaid
2024-08-29,HD-BLK-M,Mumbai,Website,2,Prepaid
2024-08-29,HD-BLK-M,Mumbai,Website,1,COD
2024-08-29,HD-BLK-M,Bangalore,Marketplace,2,COD
2024-08-29,HD-GRY-L,Delhi NCR,Marketplace,1,Prepaid
2024-08-29,HD-GRY-L,Mumbai,Marketplace,2,Prepaid
2024-08-29,HD-GRY-L,Mumbai,Marketplace,1,Prepaid
2024-08-29,HD-GRY-L,Mumbai,Marketplace,2,Prepaid
2024-08-29,HD-GRY-L,Bangalore,Website,2,COD
2024-08-29,HD-GRY-L,Bangalore,Marketplace,2,Prepaid
2024-08-29,HD-GRY-L,Bangalore,Marketplace,1,COD
2024-08-29,HD-GRY-L,Bangalore,Marketplace,1,Prepaid
2024-08-29,HD-GRY-L,Bangalore,Website,1,Prepaid
2024-08-29,JK-DNM-M,Delhi NCR,Website,2,COD
2024-08-29,JK-DNM-M,Delhi NCR,Website,2,Prepaid
2024-08-29,JK-DNM-M,Mumbai,Marketplace,2,Prepaid
2024-08-29,JK-DNM-M,Mumbai,Website,2,COD
2024-08-29,JK-DNM-M,Mumbai,Website,1,COD
2024-08-29,JK-DNM-M,Mumbai,Website,1,Prepaid
2024-08-29,JK-DNM-M,Mumbai,Marketplace,2,COD
2024-08-29,JK-DNM-M,Mumbai,Website,1,COD
2024-08-29,JK-DNM-M,Bangalore,Marketplace,2,Prepaid
2024-08-29,JK-DNM-M,Bangalore,Marketplace,1,COD
2024-08-29,JK-DNM-M,Bangalore,Website,1,COD
2024-08-29,JK-DNM-M,Bangalore,Marketplace,2,COD
2024-08-29,CP-BLK,Delhi NCR,Marketplace,1,COD
2024-08-29,CP-BLK,Delhi NCR,Marketplace,1,Prepaid
2024-08-29,CP-BLK,Delhi NCR,Website,2,COD
2024-08-29,CP-BLK,Delhi NCR,Website,1,Prepaid
2024-08-29,CP-BLK,Delhi NCR,Website,1,COD
2024-08-29,CP-BLK,Mumbai,Marketplace,1,COD
2024-08-29,CP-BLK,Mumbai,Marketplace,2,COD
2024-08-29,CP-BLK,Mumbai,Marketplace,1,Prepaid
2024-08-29,CP-BLK,Mumbai,Website,2,COD
2024-08-29,CP-BLK,Bangalore,Website,1,Prepaid
2024-08-30,TS-BLK-S,Delhi NCR,Marketplace,1,Prepaid
2024-08-30,TS-BLK-S,Mumbai,Website,2,COD
2024-08-30,TS-BLK-S,Mumbai,Marketplace,2,COD
2024-08-30,TS-BLK-S,Mumbai,Website,1,COD
2024-08-30,TS-BLK-S,Mumbai,Website,2,COD
2024-08-30,TS-BLK-S,Bangalore,Marketplace,2,COD
2024-08-30,TS-BLK-S,Bangalore,Website,2,COD
2024-08-30,TS-BLK-S,Bangalore,Marketplace,1,Prepaid
2024-08-30,TS-BLK-M,Delhi NCR,Marketplace,1,COD
2024-08-30,TS-BLK-M,Delhi NCR,Website,1,COD
2024-08-30,TS-BLK-M,Mumbai,Marketplace,2,Prepaid
2024-08-30,TS-BLK-M,Mumbai,Website,1,Prepaid
2024-08-30,TS-BLK-M,Mumbai,Marketplace,2,Prepaid
2024-08-30,TS-BLK-M,Mumbai,Marketplace,1,Prepaid
2024-08-30,TS-BLK-M,Mumbai,Marketplace,1,Prepaid
2024-08-30,TS-BLK-M,Bangalore,Marketplace,2,Prepaid
2024-08-30,TS-BLK-L,Delhi NCR,Marketplace,1,Prepaid
2024-08-30,TS-BLK-L,Delhi NCR,Marketplace,2,Prepaid
2024-08-30,TS-BLK-L,Delhi NCR,Website,1,COD
2024-08-30,TS-BLK-L,Delhi NCR,Website,2,Prepaid
2024-08-30,TS-BLK-L,Delhi NCR,Marketplace,2,COD
2024-08-30,TS-BLK-L,Mumbai,Marketplace,2,COD
2024-08-30,TS-BLK-L,Bangalore,Marketplace,1,COD
2024-08-30,TS-BLK-L,Bangalore,Marketplace,1,Prepaid
2024-08-30,TS-BLK-L,Bangalore,Marketplace,2,COD
2024-08-30,TS-BLK-L,Bangalore,Marketplace,1,COD
2024-08-30,TS-WHT-M,Delhi NCR,Marketplace,2,COD
2024-08-30,TS-WHT-M,Delhi NCR,Website,2,COD
2024-08-30,TS-WHT-M,Mumbai,Website,1,COD
2024-08-30,TS-WHT-M,Mumbai,Marketplace,2,COD
2024-08-30,TS-WHT-M,Mumbai,Website,1,Prepaid
2024-08-30,TS-WHT-M,Mumbai,Marketplace,2,Prepaid
2024-08-30,TS-WHT-M,Bangalore,Website,1,COD
2024-08-30,TS-WHT-M,Bangalore,Marketplace,2,COD
2024-08-30,HD-BLK-M,Delhi NCR,Website,1,COD
2024-08-30,HD-BLK-M,Delhi NCR,Marketplace,1,COD
2024-08-30,HD-BLK-M,Delhi NCR,Marketplace,2,COD
2024-08-30,HD-BLK-M,Delhi NCR,Marketplace,2,Prepaid
2024-08-30,HD-BLK-M,Delhi NCR,Website,2,COD
2024-08-30,HD-BLK-M,Mumbai,Marketplace,2,Prepaid
2024-08-30,HD-BLK-M,Mumbai,Website,2,Prepaid
2024-08-30,HD-BLK-M,Bangalore,Website,1,COD
2024-08-30,HD-BLK-M,Bangalore,Website,1,COD
2024-08-30,HD-BLK-M,Bangalore,Marketplace,2,COD
2024-08-30,HD-GRY-L,Delhi NCR,Marketplace,1,COD
2024-08-30,HD-GRY-L,Delhi NCR,Website,1,Prepaid
2024-08-30,HD-GRY-L,Delhi NCR,Marketplace,1,COD
2024-08-30,HD-GRY-L,Delhi NCR,Marketplace,2,Prepaid
2024-08-30,HD-GRY-L,Mumbai,Website,2,COD
2024-08-30,HD-GRY-L,Mumbai,Website,2,COD
2024-08-30,HD-GRY-L,Mumbai,Website,2,COD
2024-08-30,HD-GRY-L,Mumbai,Marketplace,2,COD
2024-08-30,HD-GRY-L,Bangalore,Marketplace,2,COD
2024-08-30,HD-GRY-L,Bangalore,Marketplace,1,Prepaid
2024-08-30,HD-GRY-L,Bangalore,Website,2,COD
2024-08-30,HD-GRY-L,Bangalore,Marketplace,2,COD
2024-08-30,JK-DNM-M,Delhi NCR,Website,1,COD
2024-08-30,JK-DNM-M,Delhi NCR,Website,1,COD
2024-08-30,JK-DNM-M,Delhi NCR,Website,1,COD
2024-08-30,JK-DNM-M,Delhi NCR,Website,2,COD
2024-08-30,JK-DNM-M,Mumbai,Marketplace,2,Prepaid
2024-08-30,JK-DNM-M,Mumbai,Website,2,COD
2024-08-30,JK-DNM-M,Bangalore,Website,2,Prepaid
2024-08-30,JK-DNM-M,Bangalore,Website,2,Prepaid
2024-08-30,CP-BLK,Delhi NCR,Website,1,Prepaid
2024-08-30,CP-BLK,Delhi NCR,Website,2,Prepaid
2024-08-30,CP-BLK,Delhi NCR,Website,1,Prepaid
2024-08-30,CP-BLK,Delhi NCR,Website,2,Prepaid
2024-08-30,CP-BLK,Mumbai,Website,1,Prepaid
2024-08-30,CP-BLK,Mumbai,Marketplace,2,COD
2024-08-30,CP-BLK,Bangalore,Marketplace,1,COD
2024-08-30,CP-BLK,Bangalore,Website,2,COD
2024-08-30,CP-BLK,Bangalore,Marketplace,1,Prepaid
2024-08-30,CP-BLK,Bangalore,Marketplace,1,COD
2024-08-30,CP-BLK,Bangalore,Marketplace,1,Prepaid
2024-08-31,TS-BLK-S,Delhi NCR,Website,1,Prepaid
2024-08-31,TS-BLK-S,Delhi NCR,Marketplace,2,Prepaid
2024-08-31,TS-BLK-S,Mumbai,Website,2,COD
2024-08-31,TS-BLK-S,Mumbai,Website,1,COD
2024-08-31,TS-BLK-S,Bangalore,Marketplace,2,Prepaid
2024-08-31,TS-BLK-S,Bangalore,Marketplace,1,COD
2024-08-31,TS-BLK-S,Bangalore,Website,2,COD
2024-08-31,TS-BLK-M,Delhi NCR,Marketplace,2,COD
2024-08-31,TS-BLK-M,Delhi NCR,Marketplace,1,Prepaid
2024-08-31,TS-BLK-M,Delhi NCR,Website,2,Prepaid
2024-08-31,TS-BLK-M,Delhi NCR,Marketplace,1,Prepaid
2024-08-31,TS-BLK-M,Mumbai,Website,1,COD
2024-08-31,TS-BLK-M,Mumbai,Marketplace,1,COD
2024-08-31,TS-BLK-M,Mumbai,Website,2,COD
2024-08-31,TS-BLK-M,Mumbai,Marketplace,1,Prepaid
2024-08-31,TS-BLK-M,Bangalore,Marketplace,1,COD
2024-08-31,TS-BLK-L,Delhi NCR,Website,2,COD
2024-08-31,TS-BLK-L,Delhi NCR,Marketplace,2,COD
2024-08-31,TS-BLK-L,Mumbai,Marketplace,1,Prepaid
2024-08-31,TS-BLK-L,Mumbai,Marketplace,1,COD
2024-08-31,TS-BLK-L,Bangalore,Marketplace,2,Prepaid
2024-08-31,TS-BLK-L,Bangalore,Marketplace,2,Prepaid
2024-08-31,TS-BLK-L,Bangalore,Marketplace,1,COD
2024-08-31,TS-WHT-M,Delhi NCR,Marketplace,2,COD
2024-08-31,TS-WHT-M,Delhi NCR,Marketplace,1,Prepaid
2024-08-31,TS-WHT-M,Delhi NCR,Website,1,Prepaid
2024-08-31,TS-WHT-M,Delhi NCR,Marketplace,2,COD
2024-08-31,TS-WHT-M,Delhi NCR,Website,2,COD
2024-08-31,TS-WHT-M,Mumbai,Website,2,COD
2024-08-31,TS-WHT-M,Mumbai,Website,1,COD
2024-08-31,TS-WHT-M,Mumbai,Website,2,COD
2024-08-31,TS-WHT-M,Mumbai,Marketplace,1,Prepaid
2024-08-31,TS-WHT-M,Bangalore,Website,1,COD
2024-08-31,TS-WHT-M,Bangalore,Website,2,Prepaid
2024-08-31,HD-BLK-M,Delhi NCR,Marketplace,2,Prepaid
2024-08-31,HD-BLK-M,Delhi NCR,Marketplace,1,Prepaid
2024-08-31,HD-BLK-M,Delhi NCR,Website,1,Prepaid
2024-08-31,HD-BLK-M,Mumbai,Marketplace,2,Prepaid
2024-08-31,HD-BLK-M,Mumbai,Marketplace,2,Prepaid
2024-08-31,HD-BLK-M,Mumbai,Marketplace,1,Prepaid
2024-08-31,HD-BLK-M,Bangalore,Website,2,Prepaid
2024-08-31,HD-BLK-M,Bangalore,Website,2,COD
2024-08-31,HD-BLK-M,Bangalore,Marketplace,1,Prepaid
2024-08-31,HD-GRY-L,Delhi NCR,Website,1,Prepaid
2024-08-31,HD-GRY-L,Delhi NCR,Marketplace,1,COD
2024-08-31,HD-GRY-L,Delhi NCR,Marketplace,1,COD
2024-08-31,HD-GRY-L,Mumbai,Marketplace,2,Prepaid
2024-08-31,HD-GRY-L,Mumbai,Website,2,Prepaid
2024-08-31,HD-GRY-L,Mumbai,Marketplace,2,COD
2024-08-31,HD-GRY-L,Mumbai,Marketplace,2,COD
2024-08-31,HD-GRY-L,Mumbai,Website,2,Prepaid
2024-08-31,HD-GRY-L,Bangalore,Website,1,Prepaid
2024-08-31,HD-GRY-L,Bangalore,Marketplace,1,COD
2024-08-31,HD-GRY-L,Bangalore,Website,1,COD
2024-08-31,HD-GRY-L,Bangalore,Marketplace,2,COD
2024-08-31,JK-DNM-M,Delhi NCR,Marketplace,2,COD
2024-08-31,JK-DNM-M,Delhi NCR,Marketplace,1,COD
2024-08-31,JK-DNM-M,Delhi NCR,Marketplace,1,COD
2024-08-31,JK-DNM-M,Delhi NCR,Website,1,COD
2024-08-31,JK-DNM-M,Delhi NCR,Website,2,Prepaid
2024-08-31,JK-DNM-M,Mumbai,Website,1,Prepaid
2024-08-31,JK-DNM-M,Mumbai,Marketplace,1,Prepaid
2024-08-31,JK-DNM-M,Mumbai,Marketplace,2,COD
2024-08-31,JK-DNM-M,Mumbai,Website,1,COD
2024-08-31,JK-DNM-M,Mumbai,Marketplace,1,COD
2024-08-31,JK-DNM-M,Bangalore,Marketplace,1,COD
2024-08-31,JK-DNM-M,Bangalore,Marketplace,1,COD
2024-08-31,JK-DNM-M,Bangalore,Marketplace,2,COD
2024-08-31,JK-DNM-M,Bangalore,Marketplace,1,Prepaid
2024-08-31,JK-DNM-M,Bangalore,Marketplace,2,Prepaid
2024-08-31,CP-BLK,Delhi NCR,Website,1,Prepaid
2024-08-31,CP-BLK,Delhi NCR,Marketplace,1,Prepaid
2024-08-31,CP-BLK,Delhi NCR,Website,1,COD
2024-08-31,CP-BLK,Mumbai,Website,2,Prepaid
2024-08-31,CP-BLK,Mumbai,Website,1,COD
2024-08-31,CP-BLK,Mumbai,Website,1,COD
2024-08-31,CP-BLK,Mumbai,Website,1,COD
2024-08-31,CP-BLK,Bangalore,Website,2,Prepaid
2024-08-31,CP-BLK,Bangalore,Website,2,Prepaid
2024-08-31,CP-BLK,Bangalore,Marketplace,1,COD
2024-08-31,CP-BLK,Bangalore,Website,2,Prepaid
2024-09-01,TS-BLK-S,Delhi NCR,Marketplace,2,COD
2024-09-01,TS-BLK-S,Delhi NCR,Marketplace,2,Prepaid
2024-09-01,TS-BLK-S,Delhi NCR,Website,1,Prepaid
2024-09-01,TS-BLK-S,Mumbai,Website,1,COD
2024-09-01,TS-BLK-S,Mumbai,Marketplace,2,COD
2024-09-01,TS-BLK-S,Mumbai,Marketplace,1,COD
2024-09-01,TS-BLK-S,Mumbai,Website,1,COD
2024-09-01,TS-BLK-S,Bangalore,Marketplace,1,Prepaid
2024-09-01,TS-BLK-S,Bangalore,Website,1,Prepaid
2024-09-01,TS-BLK-M,Delhi NCR,Website,1,Prepaid
2024-09-01,TS-BLK-M,Delhi NCR,Website,2,Prepaid
2024-09-01,TS-BLK-M,Delhi NCR,Website,1,Prepaid
2024-09-01,TS-BLK-M,Mumbai,Marketplace,1,COD
2024-09-01,TS-BLK-M,Bangalore,Website,1,COD
2024-09-01,TS-BLK-L,Delhi NCR,Website,2,Prepaid
2024-09-01,TS-BLK-L,Delhi NCR,Website,2,Prepaid
2024-09-01,TS-BLK-L,Delhi NCR,Website,2,Prepaid
2024-09-01,TS-BLK-L,Mumbai,Marketplace,1,Prepaid
2024-09-01,TS-BLK-L,Mumbai,Website,1,COD
2024-09-01,TS-BLK-L,Mumbai,Marketplace,2,Prepaid
2024-09-01,TS-BLK-L,Mumbai,Marketplace,1,Prepaid
2024-09-01,TS-BLK-L,Mumbai,Website,2,Prepaid
2024-09-01,TS-BLK-L,Bangalore,Website,1,Prepaid
2024-09-01,TS-BLK-L,Bangalore,Website,1,COD
2024-09-01,TS-BLK-L,Bangalore,Website,2,Prepaid
2024-09-01,TS-BLK-L,Bangalore,Marketplace,2,Prepaid
2024-09-01,TS-BLK-L,Bangalore,Website,2,Prepaid
2024-09-01,TS-WHT-M,Delhi NCR,Marketplace,1,Prepaid
2024-09-01,TS-WHT-M,Delhi NCR,Website,1,Prepaid
2024-09-01,TS-WHT-M,Delhi NCR,Website,1,COD
2024-09-01,TS-WHT-M,Delhi NCR,Marketplace,2,Prepaid
2024-09-01,TS-WHT-M,Delhi NCR,Marketplace,1,COD
2024-09-01,TS-WHT-M,Mumbai,Marketplace,2,Prepaid
2024-09-01,TS-WHT-M,Mumbai,Marketplace,2,Prepaid
2024-09-01,TS-WHT-M,Mumbai,Marketplace,2,Prepaid
2024-09-01,TS-WHT-M,Mumbai,Marketplace,2,COD
2024-09-01,TS-WHT-M,Bangalore,Website,2,COD
2024-09-01,TS-WHT-M,Bangalore,Website,2,Prepaid
2024-09-01,TS-WHT-M,Bangalore,Marketplace,2,COD
2024-09-01,TS-WHT-M,Bangalore,Marketplace,2,Prepaid
2024-09-01,TS-WHT-M,Bangalore,Website,2,COD
2024-09-01,HD-BLK-M,Delhi NCR,Website,2,COD
2024-09-01,HD-BLK-M,Delhi NCR,Website,1,COD
2024-09-01,HD-BLK-M,Delhi NCR,Marketplace,1,COD
2024-09-01,HD-BLK-M,Mumbai,Marketplace,1,COD
2024-09-01,HD-BLK-M,Mumbai,Marketplace,1,COD
2024-09-01,HD-BLK-M,Bangalore,Marketplace,2,Prepaid
2024-09-01,HD-BLK-M,Bangalore,Website,2,COD
2024-09-01,HD-BLK-M,Bangalore,Marketplace,1,Prepaid
2024-09-01,HD-BLK-M,Bangalore,Website,1,COD
2024-09-01,HD-GRY-L,Delhi NCR,Marketplace,1,COD
2024-09-01,HD-GRY-L,Delhi NCR,Marketplace,1,COD
2024-09-01,HD-GRY-L,Delhi NCR,Website,1,COD
2024-09-01,HD-GRY-L,Mumbai,Marketplace,2,Prepaid
2024-09-01,HD-GRY-L,Mumbai,Website,2,Prepaid
2024-09-01,HD-GRY-L,Bangalore,Website,2,Prepaid
2024-09-01,HD-GRY-L,Bangalore,Marketplace,2,COD
2024-09-01,HD-GRY-L,Bangalore,Website,1,Prepaid
2024-09-01,HD-GRY-L,Bangalore,Website,2,COD
2024-09-01,HD-GRY-L,Bangalore,Website,1,Prepaid
2024-09-01,JK-DNM-M,Delhi NCR,Website,2,Prepaid
2024-09-01,JK-DNM-M,Delhi NCR,Marketplace,1,Prepaid
2024-09-01,JK-DNM-M,Mumbai,Website,1,Prepaid
2024-09-01,JK-DNM-M,Mumbai,Marketplace,1,COD
2024-09-01,JK-DNM-M,Mumbai,Website,2,Prepaid
2024-09-01,JK-DNM-M,Mumbai,Website,1,Prepaid
2024-09-01,JK-DNM-M,Mumbai,Website,2,Prepaid
2024-09-01,JK-DNM-M,Mumbai,Marketplace,2,Prepaid
2024-09-01,JK-DNM-M,Bangalore,Website,2,Prepaid
2024-09-01,JK-DNM-M,Bangalore,Marketplace,1,Prepaid
2024-09-01,JK-DNM-M,Bangalore,Marketplace,2,COD
2024-09-01,JK-DNM-M,Bangalore,Website,1,COD
2024-09-01,JK-DNM-M,Bangalore,Marketplace,1,COD
2024-09-01,JK-DNM-M,Bangalore,Marketplace,1,COD
2024-09-01,JK-DNM-M,Bangalore,Marketplace,1,COD
2024-09-01,CP-BLK,Delhi NCR,Website,2,Prepaid
2024-09-01,CP-BLK,Delhi NCR,Website,2,COD
2024-09-01,CP-BLK,Delhi NCR,Website,2,Prepaid
2024-09-01,CP-BLK,Mumbai,Marketplace,1,Prepaid
2024-09-01,CP-BLK,Mumbai,Website,2,COD
2024-09-01,CP-BLK,Mumbai,Website,2,COD
2024-09-01,CP-BLK,Bangalore,Website,1,Prepaid
2024-09-01,CP-BLK,Bangalore,Website,2,COD
2024-09-02,TS-BLK-S,Delhi NCR,Website,1,COD
2024-09-02,TS-BLK-S,Delhi NCR,Marketplace,1,Prepaid
2024-09-02,TS-BLK-S,Delhi NCR,Website,1,Prepaid
2024-09-02,TS-BLK-S,Mumbai,Marketplace,2,COD
2024-09-02,TS-BLK-S,Mumbai,Website,2,COD
2024-09-02,TS-BLK-S,Mumbai,Website,2,COD
2024-09-02,TS-BLK-S,Mumbai,Marketplace,2,COD
2024-09-02,TS-BLK-S,Bangalore,Website,2,Prepaid
2024-09-02,TS-BLK-S,Bangalore,Website,2,COD
2024-09-02,TS-BLK-S,Bangalore,Marketplace,2,COD
2024-09-02,TS-BLK-S,Bangalore,Marketplace,2,Prepaid
2024-09-02,TS-BLK-S,Bangalore,Marketplace,2,Prepaid
2024-09-02,TS-BLK-M,Delhi NCR,Marketplace,2,COD
2024-09-02,TS-BLK-M,Delhi NCR,Marketplace,2,COD
2024-09-02,TS-BLK-M,Mumbai,Marketplace,1,COD
2024-09-02,TS-BLK-M,Mumbai,Website,2,COD
2024-09-02,TS-BLK-M,Mumbai,Marketplace,2,COD
2024-09-02,TS-BLK-M,Mumbai,Marketplace,2,COD
2024-09-02,TS-BLK-M,Bangalore,Marketplace,1,Prepaid
2024-09-02,TS-BLK-M,Bangalore,Website,2,Prepaid
2024-09-02,TS-BLK-L,Delhi NCR,Marketplace,2,COD
2024-09-02,TS-BLK-L,Delhi NCR,Marketplace,1,COD
2024-09-02,TS-BLK-L,Mumbai,Marketplace,2,COD
2024-09-02,TS-BLK-L,Mumbai,Website,2,Prepaid
2024-09-02,TS-BLK-L,Bangalore,Marketplace,1,COD
2024-09-02,TS-BLK-L,Bangalore,Website,2,COD
2024-09-02,TS-BLK-L,Bangalore,Marketplace,1,Prepaid
2024-09-02,TS-WHT-M,Delhi NCR,Website,1,COD
2024-09-02,TS-WHT-M,Mumbai,Marketplace,2,Prepaid
2024-09-02,TS-WHT-M,Mumbai,Website,1,Prepaid
2024-09-02,TS-WHT-M,Mumbai,Website,2,COD
2024-09-02,TS-WHT-M,Mumbai,Marketplace,1,COD
2024-09-02,TS-WHT-M,Mumbai,Marketplace,1,COD
2024-09-02,TS-WHT-M,Bangalore,Marketplace,1,COD
2024-09-02,TS-WHT-M,Bangalore,Website,1,COD
2024-09-02,TS-WHT-M,Bangalore,Website,2,COD
2024-09-02,TS-WHT-M,Bangalore,Website,2,Prepaid
2024-09-02,TS-WHT-M,Bangalore,Marketplace,1,COD
2024-09-02,HD-BLK-M,Delhi NCR,Marketplace,1,COD
2024-09-02,HD-BLK-M,Delhi NCR,Website,1,Prepaid
2024-09-02,HD-BLK-M,Mumbai,Website,2,Prepaid
2024-09-02,HD-BLK-M,Mumbai,Marketplace,2,Prepaid
2024-09-02,HD-BLK-M,Mumbai,Website,2,COD
2024-09-02,HD-BLK-M,Mumbai,Marketplace,1,COD
2024-09-02,HD-BLK-M,Mumbai,Website,2,Prepaid
2024-09-02,HD-BLK-M,Bangalore,Website,1,COD
2024-09-02,HD-BLK-M,Bangalore,Website,1,COD
2024-09-02,HD-GRY-L,Delhi NCR,Website,1,COD
2024-09-02,HD-GRY-L,Mumbai,Website,2,COD
2024-09-02,HD-GRY-L,Mumbai,Marketplace,1,Prepaid
2024-09-02,HD-GRY-L,Mumbai,Marketplace,2,Prepaid
2024-09-02,HD-GRY-L,Mumbai,Marketplace,1,Prepaid
2024-09-02,HD-GRY-L,Bangalore,Website,2,Prepaid
2024-09-02,HD-GRY-L,Bangalore,Marketplace,2,COD
2024-09-02,HD-GRY-L,Bangalore,Website,1,COD
2024-09-02,HD-GRY-L,Bangalore,Website,2,COD
2024-09-02,HD-GRY-L,Bangalore,Marketplace,2,Prepaid
2024-09-02,JK-DNM-M,Delhi NCR,Website,2,COD
2024-09-02,JK-DNM-M,Delhi NCR,Website,1,Prepaid
2024-09-02,JK-DNM-M,Delhi NCR,Marketplace,1,COD
2024-09-02,JK-DNM-M,Delhi NCR,Marketplace,2,Prepaid
2024-09-02,JK-DNM-M,Delhi NCR,Marketplace,1,COD
2024-09-02,JK-DNM-M,Delhi NCR,Website,2,COD
2024-09-02,JK-DNM-M,Delhi NCR,Website,2,COD
2024-09-02,JK-DNM-M,Mumbai,Marketplace,2,COD
2024-09-02,JK-DNM-M,Mumbai,Website,2,COD
2024-09-02,JK-DNM-M,Bangalore,Website,1,Prepaid
2024-09-02,JK-DNM-M,Bangalore,Marketplace,1,Prepaid
2024-09-02,JK-DNM-M,Bangalore,Website,2,COD
2024-09-02,JK-DNM-M,Bangalore,Marketplace,2,Prepaid
2024-09-02,JK-DNM-M,Bangalore,Website,1,COD
2024-09-02,CP-BLK,Delhi NCR,Marketplace,1,Prepaid
2024-09-02,CP-BLK,Mumbai,Website,2,COD
2024-09-02,CP-BLK,Mumbai,Website,1,Prepaid
2024-09-02,CP-BLK,Bangalore,Marketplace,2,Prepaid
2024-09-02,CP-BLK,Bangalore,Marketplace,1,COD
2024-09-02,CP-BLK,Bangalore,Website,1,COD
2024-09-03,TS-BLK-S,Delhi NCR,Website,2,Prepaid
2024-09-03,TS-BLK-S,Delhi NCR,Website,1,COD
2024-09-03,TS-BLK-S,Delhi NCR,Website,2,Prepaid
2024-09-03,TS-BLK-S,Delhi NCR,Website,2,Prepaid
2024-09-03,TS-BLK-S,Delhi NCR,Marketplace,2,Prepaid
2024-09-03,TS-BLK-S,Mumbai,Marketplace,1,COD
2024-09-03,TS-BLK-S,Mumbai,Marketplace,1,COD
2024-09-03,TS-BLK-S,Mumbai,Marketplace,2,COD
2024-09-03,TS-BLK-S,Bangalore,Website,2,Prepaid
2024-09-03,TS-BLK-M,Delhi NCR,Website,2,COD
2024-09-03,TS-BLK-M,Delhi NCR,Marketplace,2,Prepaid
2024-09-03,TS-BLK-M,Delhi NCR,Website,2,Prepaid
2024-09-03,TS-BLK-M,Mumbai,Website,2,COD
2024-09-03,TS-BLK-M,Mumbai,Website,1,COD
2024-09-03,TS-BLK-M,Mumbai,Website,2,Prepaid
2024-09-03,TS-BLK-M,Mumbai,Marketplace,1,COD
2024-09-03,TS-BLK-M,Bangalore,Website,1,Prepaid
2024-09-03,TS-BLK-M,Bangalore,Marketplace,2,COD
2024-09-03,TS-BLK-M,Bangalore,Website,1,COD
2024-09-03,TS-BLK-M,Bangalore,Website,2,Prepaid
2024-09-03,TS-BLK-M,Bangalore,Marketplace,1,COD
2024-09-03,TS-BLK-L,Delhi NCR,Marketplace,1,COD
2024-09-03,TS-BLK-L,Delhi NCR,Website,2,Prepaid
2024-09-03,TS-BLK-L,Delhi NCR,Website,1,Prepaid
2024-09-03,TS-BLK-L,Delhi NCR,Marketplace,1,Prepaid
2024-09-03,TS-BLK-L,Mumbai,Marketplace,1,COD
2024-09-03,TS-BLK-L,Mumbai,Website,1,COD
2024-09-03,TS-BLK-L,Mumbai,Website,2,COD
2024-09-03,TS-BLK-L,Mumbai,Website,2,COD
2024-09-03,TS-BLK-L,Mumbai,Marketplace,2,COD
2024-09-03,TS-BLK-L,Bangalore,Marketplace,1,COD
2024-09-03,TS-BLK-L,Bangalore,Website,1,COD
2024-09-03,TS-BLK-L,Bangalore,Website,2,Prepaid
2024-09-03,TS-WHT-M,Delhi NCR,Website,1,Prepaid
2024-09-03,TS-WHT-M,Delhi NCR,Website,2,COD
2024-09-03,TS-WHT-M,Mumbai,Marketplace,1,COD
2024-09-03,TS-WHT-M,Mumbai,Marketplace,1,COD
2024-09-03,TS-WHT-M,Mumbai,Website,2,Prepaid
2024-09-03,TS-WHT-M,Bangalore,Website,2,COD
2024-09-03,TS-WHT-M,Bangalore,Marketplace,2,COD
2024-09-03,TS-WHT-M,Bangalore,Website,1,COD
2024-09-03,TS-WHT-M,Bangalore,Website,2,COD
2024-09-03,TS-WHT-M,Bangalore,Marketplace,2,Prepaid
2024-09-03,HD-BLK-M,Delhi NCR,Website,2,Prepaid
2024-09-03,HD-BLK-M,Delhi NCR,Marketplace,2,Prepaid
2024-09-03,HD-BLK-M,Delhi NCR,Website,2,COD
2024-09-03,HD-BLK-M,Mumbai,Marketplace,1,COD
2024-09-03,HD-BLK-M,Bangalore,Marketplace,2,Prepaid
2024-09-03,HD-GRY-L,Delhi NCR,Website,1,Prepaid
2024-09-03,HD-GRY-L,Delhi NCR,Website,2,Prepaid
2024-09-03,HD-GRY-L,Delhi NCR,Website,2,COD
2024-09-03,HD-GRY-L,Mumbai,Website,2,COD
2024-09-03,HD-GRY-L,Mumbai,Marketplace,2,COD
2024-09-03,HD-GRY-L,Mumbai,Marketplace,2,COD
2024-09-03,HD-GRY-L,Bangalore,Website,2,COD
2024-09-03,JK-DNM-M,Delhi NCR,Marketplace,2,Prepaid
2024-09-03,JK-DNM-M,Delhi NCR,Website,1,Prepaid
2024-09-03,JK-DNM-M,Delhi NCR,Website,2,COD
2024-09-03,JK-DNM-M,Delhi NCR,Marketplace,2,COD
2024-09-03,JK-DNM-M,Delhi NCR,Marketplace,1,Prepaid
2024-09-03,JK-DNM-M,Delhi NCR,Marketplace,1,COD
2024-09-03,JK-DNM-M,Mumbai,Website,2,Prepaid
2024-09-03,JK-DNM-M,Mumbai,Website,2,Prepaid
2024-09-03,JK-DNM-M,Mumbai,Marketplace,1,COD
2024-09-03,JK-DNM-M,Mumbai,Website,2,COD
2024-09-03,JK-DNM-M,Mumbai,Website,1,Prepaid
2024-09-03,JK-DNM-M,Mumbai,Website,2,COD
2024-09-03,JK-DNM-M,Bangalore,Website,1,Prepaid
2024-09-03,JK-DNM-M,Bangalore,Marketplace,2,Prepaid
2024-09-03,JK-DNM-M,Bangalore,Marketplace,2,Prepaid
2024-09-03,JK-DNM-M,Bangalore,Marketplace,2,COD
2024-09-03,JK-DNM-M,Bangalore,Marketplace,2,Prepaid
2024-09-03,CP-BLK,Delhi NCR,Website,1,COD
2024-09-03,CP-BLK,Mumbai,Website,2,Prepaid
2024-09-03,CP-BLK,Mumbai,Website,1,Prepaid
2024-09-03,CP-BLK,Mumbai,Marketplace,2,Prepaid
2024-09-03,CP-BLK,Mumbai,Marketplace,2,COD
2024-09-03,CP-BLK,Bangalore,Marketplace,2,Prepaid
2024-09-03,CP-BLK,Bangalore,Website,1,Prepaid
2024-09-03,CP-BLK,Bangalore,Marketplace,1,COD
2024-09-03,CP-BLK,Bangalore,Website,1,Prepaid
2024-09-03,CP-BLK,Bangalore,Website,1,Prepaid
2024-09-04,TS-BLK-S,Delhi NCR,Website,1,COD
2024-09-04,TS-BLK-S,Delhi NCR,Website,2,Prepaid
2024-09-04,TS-BLK-S,Delhi NCR,Website,2,COD
2024-09-04,TS-BLK-S,Delhi NCR,Website,2,Prepaid
2024-09-04,TS-BLK-S,Mumbai,Website,1,Prepaid
2024-09-04,TS-BLK-S,Mumbai,Website,2,Prepaid
2024-09-04,TS-BLK-S,Bangalore,Marketplace,2,Prepaid
2024-09-04,TS-BLK-S,Bangalore,Website,2,COD
2024-09-04,TS-BLK-M,Delhi NCR,Website,1,Prepaid
2024-09-04,TS-BLK-M,Delhi NCR,Marketplace,1,COD
2024-09-04,TS-BLK-M,Delhi NCR,Website,1,Prepaid
2024-09-04,TS-BLK-M,Delhi NCR,Marketplace,2,Prepaid
2024-09-04,TS-BLK-M,Mumbai,Marketplace,2,COD
2024-09-04,TS-BLK-M,Bangalore,Marketplace,1,Prepaid
2024-09-04,TS-BLK-M,Bangalore,Marketplace,1,COD
2024-09-04,TS-BLK-L,Delhi NCR,Marketplace,1,COD
2024-09-04,TS-BLK-L,Delhi NCR,Website,1,Prepaid
2024-09-04,TS-BLK-L,Delhi NCR,Marketplace,1,Prepaid
2024-09-04,TS-BLK-L,Mumbai,Marketplace,1,COD
2024-09-04,TS-BLK-L,Mumbai,Marketplace,2,COD
2024-09-04,TS-BLK-L,Mumbai,Marketplace,1,COD
2024-09-04,TS-BLK-L,Bangalore,Website,1,COD
2024-09-04,TS-BLK-L,Bangalore,Website,2,Prepaid
2024-09-04,TS-BLK-L,Bangalore,Website,2,Prepaid
2024-09-04,TS-WHT-M,Delhi NCR,Marketplace,2,Prepaid
2024-09-04,TS-WHT-M,Delhi NCR,Website,1,COD
2024-09-04,TS-WHT-M,Delhi NCR,Website,1,COD
2024-09-04,TS-WHT-M,Delhi NCR,Website,1,Prepaid
2024-09-04,TS-WHT-M,Delhi NCR,Website,1,COD
2024-09-04,TS-WHT-M,Mumbai,Website,1,Prepaid
2024-09-04,TS-WHT-M,Bangalore,Marketplace,1,COD
2024-09-04,TS-WHT-M,Bangalore,Website,1,COD
2024-09-04,TS-WHT-M,Bangalore,Website,1,COD
2024-09-04,TS-WHT-M,Bangalore,Marketplace,1,Prepaid
2024-09-04,HD-BLK-M,Delhi NCR,Website,1,Prepaid
2024-09-04,HD-BLK-M,Delhi NCR,Marketplace,2,COD
2024-09-04,HD-BLK-M,Delhi NCR,Marketplace,1,COD
2024-09-04,HD-BLK-M,Delhi NCR,Marketplace,1,Prepaid
2024-09-04,HD-BLK-M,Mumbai,Marketplace,1,Prepaid
2024-09-04,HD-BLK-M,Bangalore,Website,1,Prepaid
2024-09-04,HD-BLK-M,Bangalore,Website,2,Prepaid
2024-09-04,HD-GRY-L,Delhi NCR,Marketplace,1,COD
2024-09-04,HD-GRY-L,Delhi NCR,Marketplace,2,Prepaid
2024-09-04,HD-GRY-L,Delhi NCR,Website,2,Prepaid
2024-09-04,HD-GRY-L,Mumbai,Marketplace,1,COD
2024-09-04,HD-GRY-L,Mumbai,Marketplace,2,COD
2024-09-04,HD-GRY-L,Mumbai,Marketplace,1,COD
2024-09-04,HD-GRY-L,Mumbai,Website,1,COD
2024-09-04,HD-GRY-L,Bangalore,Marketplace,1,COD
2024-09-04,HD-GRY-L,Bangalore,Website,2,COD
2024-09-04,HD-GRY-L,Bangalore,Marketplace,2,COD
2024-09-04,HD-GRY-L,Bangalore,Website,2,Prepaid
2024-09-04,JK-DNM-M,Delhi NCR,Marketplace,1,COD
2024-09-04,JK-DNM-M,Delhi NCR,Website,2,COD
2024-09-04,JK-DNM-M,Delhi NCR,Marketplace,2,COD
2024-09-04,JK-DNM-M,Delhi NCR,Marketplace,2,COD
2024-09-04,JK-DNM-M,Delhi NCR,Website,1,COD
2024-09-04,JK-DNM-M,Mumbai,Website,2,COD
2024-09-04,JK-DNM-M,Mumbai,Marketplace,1,COD
2024-09-04,JK-DNM-M,Mumbai,Website,2,COD
2024-09-04,JK-DNM-M,Bangalore,Marketplace,1,COD
2024-09-04,JK-DNM-M,Bangalore,Website,1,COD
2024-09-04,JK-DNM-M,Bangalore,Website,1,Prepaid
2024-09-04,CP-BLK,Delhi NCR,Marketplace,2,Prepaid
2024-09-04,CP-BLK,Delhi NCR,Marketplace,1,COD
2024-09-04,CP-BLK,Delhi NCR,Marketplace,1,Prepaid
2024-09-04,CP-BLK,Mumbai,Marketplace,1,Prepaid
2024-09-04,CP-BLK,Mumbai,Marketplace,2,Prepaid
2024-09-04,CP-BLK,Mumbai,Marketplace,2,Prepaid
2024-09-04,CP-BLK,Mumbai,Website,1,Prepaid
2024-09-04,CP-BLK,Mumbai,Website,1,COD
2024-09-04,CP-BLK,Bangalore,Marketplace,1,Prepaid
2024-09-05,TS-BLK-S,Delhi NCR,Website,1,Prepaid
2024-09-05,TS-BLK-S,Delhi NCR,Marketplace,1,COD
2024-09-05,TS-BLK-S,Delhi NCR,Website,1,COD
2024-09-05,TS-BLK-S,Delhi NCR,Marketplace,2,COD
2024-09-05,TS-BLK-S,Delhi NCR,Marketplace,1,COD
2024-09-05,TS-BLK-S,Delhi NCR,Website,2,COD
2024-09-05,TS-BLK-S,Delhi NCR,Website,2,Prepaid
2024-09-05,TS-BLK-S,Delhi NCR,Marketplace,1,Prepaid
2024-09-05,TS-BLK-S,Delhi NCR,Marketplace,2,Prepaid
2024-09-05,TS-BLK-S,Delhi NCR,Marketplace,2,Prepaid
2024-09-05,TS-BLK-S,Mumbai,Website,1,Prepaid
2024-09-05,TS-BLK-S,Mumbai,Website,1,COD
2024-09-05,TS-BLK-S,Mumbai,Website,1,Prepaid
2024-09-05,TS-BLK-S,Mumbai,Marketplace,1,Prepaid
2024-09-05,TS-BLK-S,Mumbai,Website,2,Prepaid
2024-09-05,TS-BLK-S,Mumbai,Website,2,COD
2024-09-05,TS-BLK-S,Mumbai,Marketplace,2,COD
2024-09-05,TS-BLK-S,Mumbai,Marketplace,2,COD
2024-09-05,TS-BLK-S,Mumbai,Website,2,COD
2024-09-05,TS-BLK-S,Bangalore,Website,1,COD
2024-09-05,TS-BLK-S,Bangalore,Marketplace,2,Prepaid
2024-09-05,TS-BLK-S,Bangalore,Marketplace,1,COD
2024-09-05,TS-BLK-S,Bangalore,Marketplace,2,COD
2024-09-05,TS-BLK-S,Bangalore,Website,1,COD
2024-09-05,TS-BLK-S,Bangalore,Website,2,Prepaid
2024-09-05,TS-BLK-S,Bangalore,Marketplace,2,Prepaid
2024-09-05,TS-BLK-S,Bangalore,Marketplace,2,Prepaid
2024-09-05,TS-BLK-M,Delhi NCR,Marketplace,1,Prepaid
2024-09-05,TS-BLK-M,Delhi NCR,Website,1,COD
2024-09-05,TS-BLK-M,Delhi NCR,Website,2,Prepaid
2024-09-05,TS-BLK-M,Delhi NCR,Marketplace,2,COD
2024-09-05,TS-BLK-M,Delhi NCR,Website,1,COD
2024-09-05,TS-BLK-M,Delhi NCR,Website,1,COD
2024-09-05,TS-BLK-M,Delhi NCR,Marketplace,2,COD
2024-09-05,TS-BLK-M,Delhi NCR,Marketplace,2,COD
2024-09-05,TS-BLK-M,Delhi NCR,Marketplace,2,COD
2024-09-05,TS-BLK-M,Delhi NCR,Marketplace,2,COD
2024-09-05,TS-BLK-M,Mumbai,Marketplace,2,Prepaid
2024-09-05,TS-BLK-M,Mumbai,Marketplace,2,Prepaid
2024-09-05,TS-BLK-M,Mumbai,Website,1,COD
2024-09-05,TS-BLK-M,Mumbai,Marketplace,1,COD
2024-09-05,TS-BLK-M,Mumbai,Website,2,Prepaid
2024-09-05,TS-BLK-M,Mumbai,Marketplace,2,COD
2024-09-05,TS-BLK-M,Mumbai,Marketplace,2,Prepaid
2024-09-05,TS-BLK-M,Bangalore,Website,2,COD
2024-09-05,TS-BLK-M,Bangalore,Marketplace,2,COD
2024-09-05,TS-BLK-M,Bangalore,Marketplace,1,COD
2024-09-05,TS-BLK-M,Bangalore,Marketplace,2,COD
2024-09-05,TS-BLK-M,Bangalore,Website,1,Prepaid
2024-09-05,TS-BLK-L,Delhi NCR,Website,1,Prepaid
2024-09-05,TS-BLK-L,Delhi NCR,Website,2,COD
2024-09-05,TS-BLK-L,Delhi NCR,Marketplace,2,COD
2024-09-05,TS-BLK-L,Delhi NCR,Marketplace,1,Prepaid
2024-09-05,TS-BLK-L,Delhi NCR,Website,2,COD
2024-09-05,TS-BLK-L,Delhi NCR,Website,2,COD
2024-09-05,TS-BLK-L,Mumbai,Website,2,Prepaid
2024-09-05,TS-BLK-L,Mumbai,Website,1,COD
2024-09-05,TS-BLK-L,Mumbai,Website,1,COD
2024-09-05,TS-BLK-L,Mumbai,Marketplace,2,COD
2024-09-05,TS-BLK-L,Mumbai,Marketplace,2,COD
2024-09-05,TS-BLK-L,Mumbai,Marketplace,1,COD
2024-09-05,TS-BLK-L,Mumbai,Marketplace,1,Prepaid
2024-09-05,TS-BLK-L,Bangalore,Marketplace,1,Prepaid
2024-09-05,TS-BLK-L,Bangalore,Marketplace,1,Prepaid
2024-09-05,TS-BLK-L,Bangalore,Website,1,Prepaid
2024-09-05,TS-BLK-L,Bangalore,Marketplace,2,COD
2024-09-05,TS-BLK-L,Bangalore,Website,2,COD
2024-09-05,TS-BLK-L,Bangalore,Website,2,COD
2024-09-05,TS-BLK-L,Bangalore,Marketplace,2,Prepaid
2024-09-05,TS-BLK-L,Bangalore,Website,2,Prepaid
2024-09-05,TS-BLK-L,Bangalore,Marketplace,2,Prepaid
2024-09-05,TS-WHT-M,Delhi NCR,Website,1,Prepaid
2024-09-05,TS-WHT-M,Delhi NCR,Marketplace,2,COD
2024-09-05,TS-WHT-M,Delhi NCR,Marketplace,2,Prepaid
2024-09-05,TS-WHT-M,Delhi NCR,Website,2,Prepaid
2024-09-05,TS-WHT-M,Delhi NCR,Marketplace,2,Prepaid
2024-09-05,TS-WHT-M,Delhi NCR,Marketplace,1,COD
2024-09-05,TS-WHT-M,Delhi NCR,Website,2,COD
2024-09-05,TS-WHT-M,Delhi NCR,Marketplace,1,Prepaid
2024-09-05,TS-WHT-M,Mumbai,Website,2,COD
2024-09-05,TS-WHT-M,Mumbai,Marketplace,2,COD
2024-09-05,TS-WHT-M,Mumbai,Marketplace,2,COD
2024-09-05,TS-WHT-M,Mumbai,Marketplace,1,COD
2024-09-05,TS-WHT-M,Mumbai,Website,2,Prepaid
2024-09-05,TS-WHT-M,Mumbai,Website,1,COD
2024-09-05,TS-WHT-M,Mumbai,Marketplace,1,COD
2024-09-05,TS-WHT-M,Bangalore,Marketplace,2,COD
2024-09-05,TS-WHT-M,Bangalore,Website,1,COD
2024-09-05,TS-WHT-M,Bangalore,Marketplace,2,Prepaid
2024-09-05,TS-WHT-M,Bangalore,Marketplace,1,Prepaid
2024-09-05,TS-WHT-M,Bangalore,Website,1,Prepaid
2024-09-05,TS-WHT-M,Bangalore,Marketplace,2,COD
2024-09-05,TS-WHT-M,Bangalore,Website,1,COD
2024-09-05,HD-BLK-M,Delhi NCR,Marketplace,2,COD
2024-09-05,HD-BLK-M,Delhi NCR,Website,1,Prepaid
2024-09-05,HD-BLK-M,Delhi NCR,Website,1,COD
2024-09-05,HD-BLK-M,Delhi NCR,Marketplace,1,COD
2024-09-05,HD-BLK-M,Delhi NCR,Website,1,COD
2024-09-05,HD-BLK-M,Delhi NCR,Website,2,COD
2024-09-05,HD-BLK-M,Delhi NCR,Website,2,COD
2024-09-05,HD-BLK-M,Delhi NCR,Marketplace,2,Prepaid
2024-09-05,HD-BLK-M,Delhi NCR,Website,1,Prepaid
2024-09-05,HD-BLK-M,Mumbai,Website,2,Prepaid
2024-09-05,HD-BLK-M,Mumbai,Marketplace,2,Prepaid
2024-09-05,HD-BLK-M,Mumbai,Marketplace,1,COD
2024-09-05,HD-BLK-M,Mumbai,Website,2,COD
2024-09-05,HD-BLK-M,Mumbai,Marketplace,2,COD
2024-09-05,HD-BLK-M,Mumbai,Website,2,COD
2024-09-05,HD-BLK-M,Mumbai,Website,2,COD
2024-09-05,HD-BLK-M,Mumbai,Marketplace,2,Prepaid
2024-09-05,HD-BLK-M,Bangalore,Website,2,Prepaid
2024-09-05,HD-BLK-M,Bangalore,Marketplace,2,Prepaid
2024-09-05,HD-BLK-M,Bangalore,Marketplace,1,Prepaid
2024-09-05,HD-BLK-M,Bangalore,Marketplace,1,Prepaid
2024-09-05,HD-BLK-M,Bangalore,Website,1,COD
2024-09-05,HD-BLK-M,Bangalore,Website,1,COD
2024-09-05,HD-BLK-M,Bangalore,Marketplace,1,COD
2024-09-05,HD-BLK-M,Bangalore,Marketplace,1,COD
2024-09-05,HD-GRY-L,Delhi NCR,Website,1,Prepaid
2024-09-05,HD-GRY-L,Delhi NCR,Website,2,Prepaid
2024-09-05,HD-GRY-L,Delhi NCR,Website,2,Prepaid
2024-09-05,HD-GRY-L,Delhi NCR,Marketplace,1,Prepaid
2024-09-05,HD-GRY-L,Delhi NCR,Website,2,Prepaid
2024-09-05,HD-GRY-L,Delhi NCR,Marketplace,1,COD
2024-09-05,HD-GRY-L,Delhi NCR,Website,1,Prepaid
2024-09-05,HD-GRY-L,Delhi NCR,Marketplace,1,COD
2024-09-05,HD-GRY-L,Delhi NCR,Marketplace,1,COD
2024-09-05,HD-GRY-L,Delhi NCR,Marketplace,2,COD
2024-09-05,HD-GRY-L,Mumbai,Website,2,COD
2024-09-05,HD-GRY-L,Mumbai,Website,2,COD
2024-09-05,HD-GRY-L,Mumbai,Website,1,COD
2024-09-05,HD-GRY-L,Mumbai,Website,1,COD
2024-09-05,HD-GRY-L,Mumbai,Marketplace,2,Prepaid
2024-09-05,HD-GRY-L,Mumbai,Marketplace,2,Prepaid
2024-09-05,HD-GRY-L,Mumbai,Website,2,COD
2024-09-05,HD-GRY-L,Mumbai,Website,2,COD
2024-09-05,HD-GRY-L,Bangalore,Website,1,Prepaid
2024-09-05,HD-GRY-L,Bangalore,Website,1,COD
2024-09-05,HD-GRY-L,Bangalore,Website,1,COD
2024-09-05,HD-GRY-L,Bangalore,Marketplace,2,Prepaid
2024-09-05,HD-GRY-L,Bangalore,Website,2,COD
2024-09-05,HD-GRY-L,Bangalore,Website,1,COD
2024-09-05,HD-GRY-L,Bangalore,Website,1,Prepaid
2024-09-05,HD-GRY-L,Bangalore,Marketplace,2,COD
2024-09-05,HD-GRY-L,Bangalore,Website,2,COD
2024-09-05,JK-DNM-M,Delhi NCR,Website,1,Prepaid
2024-09-05,JK-DNM-M,Delhi NCR,Marketplace,2,COD
2024-09-05,JK-DNM-M,Delhi NCR,Marketplace,1,Prepaid
2024-09-05,JK-DNM-M,Delhi NCR,Marketplace,1,COD
2024-09-05,JK-DNM-M,Delhi NCR,Website,1,Prepaid
2024-09-05,JK-DNM-M,Mumbai,Website,1,Prepaid
2024-09-05,JK-DNM-M,Mumbai,Website,1,COD
2024-09-05,JK-DNM-M,Mumbai,Marketplace,2,Prepaid
2024-09-05,JK-DNM-M,Mumbai,Marketplace,1,COD
2024-09-05,JK-DNM-M,Mumbai,Website,2,Prepaid
2024-09-05,JK-DNM-M,Mumbai,Website,1,Prepaid
2024-09-05,JK-DNM-M,Mumbai,Website,1,COD
2024-09-05,JK-DNM-M,Mumbai,Marketplace,2,Prepaid
2024-09-05,JK-DNM-M,Mumbai,Website,2,COD
2024-09-05,JK-DNM-M,Mumbai,Marketplace,1,Prepaid
2024-09-05,JK-DNM-M,Mumbai,Marketplace,1,COD
2024-09-05,JK-DNM-M,Bangalore,Marketplace,2,COD
2024-09-05,JK-DNM-M,Bangalore,Website,1,COD
2024-09-05,JK-DNM-M,Bangalore,Marketplace,1,COD
2024-09-05,JK-DNM-M,Bangalore,Marketplace,2,COD
2024-09-05,CP-BLK,Delhi NCR,Website,2,COD
2024-09-05,CP-BLK,Delhi NCR,Website,1,COD
2024-09-05,CP-BLK,Delhi NCR,Marketplace,1,COD
2024-09-05,CP-BLK,Delhi NCR,Website,2,COD
2024-09-05,CP-BLK,Delhi NCR,Marketplace,1,COD
2024-09-05,CP-BLK,Delhi NCR,Marketplace,2,Prepaid
2024-09-05,CP-BLK,Delhi NCR,Website,2,COD
2024-09-05,CP-BLK,Mumbai,Website,1,COD
2024-09-05,CP-BLK,Mumbai,Website,1,COD
2024-09-05,CP-BLK,Mumbai,Marketplace,1,COD
2024-09-05,CP-BLK,Mumbai,Website,1,Prepaid
2024-09-05,CP-BLK,Mumbai,Marketplace,2,Prepaid
2024-09-05,CP-BLK,Mumbai,Website,1,Prepaid
2024-09-05,CP-BLK,Mumbai,Marketplace,1,COD
2024-09-05,CP-BLK,Mumbai,Website,2,COD
2024-09-05,CP-BLK,Bangalore,Website,2,COD
2024-09-05,CP-BLK,Bangalore,Website,1,COD
2024-09-05,CP-BLK,Bangalore,Marketplace,1,Prepaid
2024-09-05,CP-BLK,Bangalore,Marketplace,2,COD
2024-09-05,CP-BLK,Bangalore,Marketplace,2,COD
2024-09-05,CP-BLK,Bangalore,Marketplace,1,Prepaid
2024-09-05,CP-BLK,Bangalore,Marketplace,2,Prepaid
2024-09-06,TS-BLK-S,Delhi NCR,Website,2,COD
2024-09-06,TS-BLK-S,Delhi NCR,Marketplace,2,COD
2024-09-06,TS-BLK-S,Delhi NCR,Website,2,COD
2024-09-06,TS-BLK-S,Delhi NCR,Website,1,Prepaid
2024-09-06,TS-BLK-S,Delhi NCR,Marketplace,1,COD
2024-09-06,TS-BLK-S,Delhi NCR,Website,1,Prepaid
2024-09-06,TS-BLK-S,Delhi NCR,Website,2,COD
2024-09-06,TS-BLK-S,Delhi NCR,Marketplace,2,Prepaid
2024-09-06,TS-BLK-S,Delhi NCR,Website,2,COD
2024-09-06,TS-BLK-S,Delhi NCR,Website,2,COD
2024-09-06,TS-BLK-S,Mumbai,Website,2,Prepaid
2024-09-06,TS-BLK-S,Mumbai,Marketplace,1,COD
2024-09-06,TS-BLK-S,Mumbai,Marketplace,1,Prepaid
2024-09-06,TS-BLK-S,Mumbai,Website,2,COD
2024-09-06,TS-BLK-S,Mumbai,Marketplace,2,Prepaid
2024-09-06,TS-BLK-S,Bangalore,Marketplace,2,Prepaid
2024-09-06,TS-BLK-S,Bangalore,Website,2,Prepaid
2024-09-06,TS-BLK-S,Bangalore,Marketplace,2,Prepaid
2024-09-06,TS-BLK-S,Bangalore,Marketplace,1,COD
2024-09-06,TS-BLK-S,Bangalore,Marketplace,2,Prepaid
2024-09-06,TS-BLK-S,Bangalore,Website,2,Prepaid
2024-09-06,TS-BLK-S,Bangalore,Marketplace,2,COD
2024-09-06,TS-BLK-S,Bangalore,Website,1,Prepaid
2024-09-06,TS-BLK-M,Delhi NCR,Marketplace,2,Prepaid
2024-09-06,TS-BLK-M,Delhi NCR,Marketplace,1,Prepaid
2024-09-06,TS-BLK-M,Delhi NCR,Marketplace,2,COD
2024-09-06,TS-BLK-M,Delhi NCR,Website,2,Prepaid
2024-09-06,TS-BLK-M,Delhi NCR,Website,2,COD
2024-09-06,TS-BLK-M,Delhi NCR,Website,2,COD
2024-09-06,TS-BLK-M,Delhi NCR,Marketplace,2,Prepaid
2024-09-06,TS-BLK-M,Mumbai,Website,1,COD
2024-09-06,TS-BLK-M,Mumbai,Website,2,COD
2024-09-06,TS-BLK-M,Mumbai,Website,1,COD
2024-09-06,TS-BLK-M,Mumbai,Marketplace,1,COD
2024-09-06,TS-BLK-M,Mumbai,Marketplace,2,COD
2024-09-06,TS-BLK-M,Mumbai,Marketplace,2,Prepaid
2024-09-06,TS-BLK-M,Mumbai,Website,1,COD
2024-09-06,TS-BLK-M,Bangalore,Marketplace,2,COD
2024-09-06,TS-BLK-M,Bangalore,Marketplace,1,Prepaid
2024-09-06,TS-BLK-M,Bangalore,Website,2,COD
2024-09-06,TS-BLK-M,Bangalore,Website,1,Prepaid
2024-09-06,TS-BLK-M,Bangalore,Website,1,COD
2024-09-06,TS-BLK-M,Bangalore,Marketplace,1,Prepaid
2024-09-06,TS-BLK-M,Bangalore,Marketplace,2,Prepaid
2024-09-06,TS-BLK-M,Bangalore,Marketplace,2,COD
2024-09-06,TS-BLK-M,Bangalore,Website,2,COD
2024-09-06,TS-BLK-L,Delhi NCR,Website,2,Prepaid
2024-09-06,TS-BLK-L,Delhi NCR,Website,1,Prepaid
2024-09-06,TS-BLK-L,Delhi NCR,Website,2,COD
2024-09-06,TS-BLK-L,Delhi NCR,Website,1,COD
2024-09-06,TS-BLK-L,Delhi NCR,Marketplace,2,COD
2024-09-06,TS-BLK-L,Delhi NCR,Marketplace,2,Prepaid
2024-09-06,TS-BLK-L,Delhi NCR,Website,2,Prepaid
2024-09-06,TS-BLK-L,Mumbai,Marketplace,2,COD
2024-09-06,TS-BLK-L,Mumbai,Marketplace,2,COD
2024-09-06,TS-BLK-L,Mumbai,Marketplace,1,Prepaid
2024-09-06,TS-BLK-L,Mumbai,Marketplace,1,Prepaid
2024-09-06,TS-BLK-L,Mumbai,Website,1,COD
2024-09-06,TS-BLK-L,Mumbai,Marketplace,1,Prepaid
2024-09-06,TS-BLK-L,Mumbai,Marketplace,2,COD
2024-09-06,TS-BLK-L,Mumbai,Website,2,COD
2024-09-06,TS-BLK-L,Mumbai,Website,2,COD
2024-09-06,TS-BLK-L,Mumbai,Website,2,COD
2024-09-06,TS-BLK-L,Bangalore,Marketplace,2,Prepaid
2024-09-06,TS-BLK-L,Bangalore,Website,2,COD
2024-09-06,TS-BLK-L,Bangalore,Marketplace,1,Prepaid
2024-09-06,TS-BLK-L,Bangalore,Website,1,COD
2024-09-06,TS-BLK-L,Bangalore,Website,1,COD
2024-09-06,TS-BLK-L,Bangalore,Marketplace,2,Prepaid
2024-09-06,TS-BLK-L,Bangalore,Marketplace,2,Prepaid
2024-09-06,TS-BLK-L,Bangalore,Marketplace,2,COD
2024-09-06,TS-BLK-L,Bangalore,Website,1,Prepaid
2024-09-06,TS-WHT-M,Delhi NCR,Website,1,COD
2024-09-06,TS-WHT-M,Delhi NCR,Website,1,COD
2024-09-06,TS-WHT-M,Delhi NCR,Marketplace,1,Prepaid
2024-09-06,TS-WHT-M,Delhi NCR,Website,1,Prepaid
2024-09-06,TS-WHT-M,Delhi NCR,Website,2,Prepaid
2024-09-06,TS-WHT-M,Delhi NCR,Website,2,COD
2024-09-06,TS-WHT-M,Mumbai,Website,2,COD
2024-09-06,TS-WHT-M,Mumbai,Marketplace,2,COD
2024-09-06,TS-WHT-M,Mumbai,Marketplace,1,COD
2024-09-06,TS-WHT-M,Mumbai,Website,1,Prepaid
2024-09-06,TS-WHT-M,Mumbai,Website,1,COD
2024-09-06,TS-WHT-M,Mumbai,Marketplace,1,Prepaid
2024-09-06,TS-WHT-M,Mumbai,Marketplace,2,COD
2024-09-06,TS-WHT-M,Mumbai,Marketplace,2,Prepaid
2024-09-06,TS-WHT-M,Mumbai,Marketplace,2,COD
2024-09-06,TS-WHT-M,Mumbai,Website,1,Prepaid
2024-09-06,TS-WHT-M,Bangalore,Marketplace,2,COD
2024-09-06,TS-WHT-M,Bangalore,Website,2,Prepaid
2024-09-06,TS-WHT-M,Bangalore,Marketplace,2,Prepaid
2024-09-06,TS-WHT-M,Bangalore,Marketplace,2,Prepaid
2024-09-06,TS-WHT-M,Bangalore,Marketplace,2,Prepaid
2024-09-06,TS-WHT-M,Bangalore,Marketplace,1,COD
2024-09-06,TS-WHT-M,Bangalore,Website,1,COD
2024-09-06,HD-BLK-M,Delhi NCR,Website,1,COD
2024-09-06,HD-BLK-M,Delhi NCR,Website,1,COD
2024-09-06,HD-BLK-M,Delhi NCR,Website,1,COD
2024-09-06,HD-BLK-M,Delhi NCR,Website,1,Prepaid
2024-09-06,HD-BLK-M,Delhi NCR,Website,2,COD
2024-09-06,HD-BLK-M,Delhi NCR,Website,1,Prepaid
2024-09-06,HD-BLK-M,Delhi NCR,Marketplace,2,COD
2024-09-06,HD-BLK-M,Mumbai,Website,2,COD
2024-09-06,HD-BLK-M,Mumbai,Website,2,Prepaid
2024-09-06,HD-BLK-M,Mumbai,Marketplace,2,COD
2024-09-06,HD-BLK-M,Mumbai,Website,2,Prepaid
2024-09-06,HD-BLK-M,Mumbai,Marketplace,2,Prepaid
2024-09-06,HD-BLK-M,Mumbai,Marketplace,1,Prepaid
2024-09-06,HD-BLK-M,Mumbai,Marketplace,2,Prepaid
2024-09-06,HD-BLK-M,Mumbai,Website,1,COD
2024-09-06,HD-BLK-M,Bangalore,Website,2,COD
2024-09-06,HD-BLK-M,Bangalore,Marketplace,1,COD
2024-09-06,HD-BLK-M,Bangalore,Website,1,Prepaid
2024-09-06,HD-BLK-M,Bangalore,Marketplace,1,COD
2024-09-06,HD-BLK-M,Bangalore,Marketplace,1,Prepaid
2024-09-06,HD-BLK-M,Bangalore,Website,2,Prepaid
2024-09-06,HD-GRY-L,Delhi NCR,Marketplace,1,COD
2024-09-06,HD-GRY-L,Delhi NCR,Marketplace,2,Prepaid
2024-09-06,HD-GRY-L,Delhi NCR,Marketplace,1,Prepaid
2024-09-06,HD-GRY-L,Delhi NCR,Website,2,COD
2024-09-06,HD-GRY-L,Delhi NCR,Website,2,Prepaid
2024-09-06,HD-GRY-L,Mumbai,Website,2,COD
2024-09-06,HD-GRY-L,Mumbai,Website,2,COD
2024-09-06,HD-GRY-L,Mumbai,Marketplace,2,Prepaid
2024-09-06,HD-GRY-L,Mumbai,Website,2,Prepaid
2024-09-06,HD-GRY-L,Mumbai,Website,1,COD
2024-09-06,HD-GRY-L,Mumbai,Website,1,Prepaid
2024-09-06,HD-GRY-L,Bangalore,Website,2,Prepaid
2024-09-06,HD-GRY-L,Bangalore,Marketplace,2,Prepaid
2024-09-06,HD-GRY-L,Bangalore,Website,2,Prepaid
2024-09-06,HD-GRY-L,Bangalore,Marketplace,2,COD
2024-09-06,HD-GRY-L,Bangalore,Website,2,Prepaid
2024-09-06,HD-GRY-L,Bangalore,Website,1,Prepaid
2024-09-06,HD-GRY-L,Bangalore,Website,1,COD
2024-09-06,HD-GRY-L,Bangalore,Marketplace,1,Prepaid
2024-09-06,HD-GRY-L,Bangalore,Website,2,COD
2024-09-06,JK-DNM-M,Delhi NCR,Website,1,COD
2024-09-06,JK-DNM-M,Delhi NCR,Website,1,Prepaid
2024-09-06,JK-DNM-M,Delhi NCR,Marketplace,1,COD
2024-09-06,JK-DNM-M,Delhi NCR,Website,1,COD
2024-09-06,JK-DNM-M,Delhi NCR,Website,2,COD
2024-09-06,JK-DNM-M,Delhi NCR,Marketplace,1,COD
2024-09-06,JK-DNM-M,Delhi NCR,Website,2,COD
2024-09-06,JK-DNM-M,Mumbai,Website,2,Prepaid
2024-09-06,JK-DNM-M,Mumbai,Marketplace,1,COD
2024-09-06,JK-DNM-M,Mumbai,Marketplace,1,Prepaid
2024-09-06,JK-DNM-M,Mumbai,Website,1,COD
2024-09-06,JK-DNM-M,Mumbai,Marketplace,2,COD
2024-09-06,JK-DNM-M,Mumbai,Marketplace,2,COD
2024-09-06,JK-DNM-M,Mumbai,Website,1,COD
2024-09-06,JK-DNM-M,Mumbai,Website,1,COD
2024-09-06,JK-DNM-M,Mumbai,Website,2,COD
2024-09-06,JK-DNM-M,Bangalore,Marketplace,2,COD
2024-09-06,JK-DNM-M,Bangalore,Marketplace,2,COD
2024-09-06,JK-DNM-M,Bangalore,Marketplace,2,Prepaid
2024-09-06,JK-DNM-M,Bangalore,Marketplace,2,COD
2024-09-06,JK-DNM-M,Bangalore,Website,1,COD
2024-09-06,JK-DNM-M,Bangalore,Marketplace,1,COD
2024-09-06,JK-DNM-M,Bangalore,Marketplace,1,Prepaid
2024-09-06,CP-BLK,Delhi NCR,Marketplace,1,COD
2024-09-06,CP-BLK,Delhi NCR,Website,1,COD
2024-09-06,CP-BLK,Delhi NCR,Website,1,Prepaid
2024-09-06,CP-BLK,Delhi NCR,Website,2,COD
2024-09-06,CP-BLK,Delhi NCR,Marketplace,2,COD
2024-09-06,CP-BLK,Delhi NCR,Website,2,COD
2024-09-06,CP-BLK,Delhi NCR,Marketplace,2,COD
2024-09-06,CP-BLK,Mumbai,Marketplace,2,COD
2024-09-06,CP-BLK,Mumbai,Website,1,Prepaid
2024-09-06,CP-BLK,Mumbai,Website,1,COD
2024-09-06,CP-BLK,Mumbai,Marketplace,2,Prepaid
2024-09-06,CP-BLK,Mumbai,Marketplace,2,Prepaid
2024-09-06,CP-BLK,Mumbai,Marketplace,2,COD
2024-09-06,CP-BLK,Mumbai,Website,2,Prepaid
2024-09-06,CP-BLK,Mumbai,Website,1,COD
2024-09-06,CP-BLK,Bangalore,Marketplace,2,COD
2024-09-06,CP-BLK,Bangalore,Marketplace,1,Prepaid
2024-09-06,CP-BLK,Bangalore,Website,2,COD
2024-09-06,CP-BLK,Bangalore,Website,1,COD
2024-09-06,CP-BLK,Bangalore,Website,2,Prepaid
2024-09-06,CP-BLK,Bangalore,Marketplace,1,COD
2024-09-06,CP-BLK,Bangalore,Website,2,COD
2024-09-06,CP-BLK,Bangalore,Marketplace,1,Prepaid
2024-09-07,TS-BLK-S,Delhi NCR,Website,2,COD
2024-09-07,TS-BLK-S,Delhi NCR,Website,1,COD
2024-09-07,TS-BLK-S,Delhi NCR,Marketplace,1,COD
2024-09-07,TS-BLK-S,Delhi NCR,Website,2,Prepaid
2024-09-07,TS-BLK-S,Delhi NCR,Website,1,COD
2024-09-07,TS-BLK-S,Delhi NCR,Marketplace,1,Prepaid
2024-09-07,TS-BLK-S,Mumbai,Marketplace,1,COD
2024-09-07,TS-BLK-S,Mumbai,Website,2,COD
2024-09-07,TS-BLK-S,Mumbai,Website,1,Prepaid
2024-09-07,TS-BLK-S,Mumbai,Website,1,COD
2024-09-07,TS-BLK-S,Mumbai,Website,1,Prepaid
2024-09-07,TS-BLK-S,Mumbai,Marketplace,1,COD
2024-09-07,TS-BLK-S,Mumbai,Marketplace,1,Prepaid
2024-09-07,TS-BLK-S,Bangalore,Marketplace,2,COD
2024-09-07,TS-BLK-S,Bangalore,Marketplace,1,COD
2024-09-07,TS-BLK-S,Bangalore,Marketplace,1,COD
2024-09-07,TS-BLK-S,Bangalore,Marketplace,2,COD
2024-09-07,TS-BLK-S,Bangalore,Website,1,Prepaid
2024-09-07,TS-BLK-S,Bangalore,Marketplace,1,Prepaid
2024-09-07,TS-BLK-M,Delhi NCR,Website,2,COD
2024-09-07,TS-BLK-M,Delhi NCR,Marketplace,2,COD
2024-09-07,TS-BLK-M,Delhi NCR,Website,1,COD
2024-09-07,TS-BLK-M,Delhi NCR,Marketplace,2,COD
2024-09-07,TS-BLK-M,Delhi NCR,Website,1,Prepaid
2024-09-07,TS-BLK-M,Mumbai,Website,2,COD
2024-09-07,TS-BLK-M,Mumbai,Marketplace,2,COD
2024-09-07,TS-BLK-M,Mumbai,Marketplace,1,Prepaid
2024-09-07,TS-BLK-M,Mumbai,Website,1,Prepaid
2024-09-07,TS-BLK-M,Mumbai,Website,2,Prepaid
2024-09-07,TS-BLK-M,Bangalore,Marketplace,1,COD
2024-09-07,TS-BLK-M,Bangalore,Marketplace,2,Prepaid
2024-09-07,TS-BLK-M,Bangalore,Website,2,COD
2024-09-07,TS-BLK-M,Bangalore,Marketplace,2,Prepaid
2024-09-07,TS-BLK-M,Bangalore,Marketplace,2,COD
2024-09-07,TS-BLK-M,Bangalore,Marketplace,1,Prepaid
2024-09-07,TS-BLK-M,Bangalore,Website,2,Prepaid
2024-09-07,TS-BLK-M,Bangalore,Marketplace,2,Prepaid
2024-09-07,TS-BLK-L,Delhi NCR,Marketplace,2,Prepaid
2024-09-07,TS-BLK-L,Delhi NCR,Marketplace,1,Prepaid
2024-09-07,TS-BLK-L,Delhi NCR,Website,1,COD
2024-09-07,TS-BLK-L,Delhi NCR,Marketplace,2,COD
2024-09-07,TS-BLK-L,Delhi NCR,Website,2,COD
2024-09-07,TS-BLK-L,Delhi NCR,Website,1,COD
2024-09-07,TS-BLK-L,Delhi NCR,Website,2,COD
2024-09-07,TS-BLK-L,Mumbai,Marketplace,2,Prepaid
2024-09-07,TS-BLK-L,Mumbai,Marketplace,2,COD
2024-09-07,TS-BLK-L,Mumbai,Website,2,COD
2024-09-07,TS-BLK-L,Mumbai,Website,1,COD
2024-09-07,TS-BLK-L,Mumbai,Website,1,COD
2024-09-07,TS-BLK-L,Bangalore,Marketplace,2,COD
2024-09-07,TS-BLK-L,Bangalore,Marketplace,1,COD
2024-09-07,TS-BLK-L,Bangalore,Marketplace,1,COD
2024-09-07,TS-BLK-L,Bangalore,Marketplace,2,Prepaid
2024-09-07,TS-BLK-L,Bangalore,Marketplace,1,COD
2024-09-07,TS-BLK-L,Bangalore,Marketplace,1,COD
2024-09-07,TS-WHT-M,Delhi NCR,Website,1,COD
2024-09-07,TS-WHT-M,Delhi NCR,Website,1,Prepaid
2024-09-07,TS-WHT-M,Delhi NCR,Marketplace,2,COD
2024-09-07,TS-WHT-M,Delhi NCR,Marketplace,2,Prepaid
2024-09-07,TS-WHT-M,Delhi NCR,Marketplace,1,COD
2024-09-07,TS-WHT-M,Delhi NCR,Website,1,COD
2024-09-07,TS-WHT-M,Mumbai,Website,1,Prepaid
2024-09-07,TS-WHT-M,Mumbai,Website,2,COD
2024-09-07,TS-WHT-M,Mumbai,Marketplace,1,COD
2024-09-07,TS-WHT-M,Mumbai,Marketplace,2,COD
2024-09-07,TS-WHT-M,Mumbai,Website,1,COD
2024-09-07,TS-WHT-M,Mumbai,Marketplace,1,Prepaid
2024-09-07,TS-WHT-M,Mumbai,Marketplace,2,COD
2024-09-07,TS-WHT-M,Bangalore,Website,2,COD
2024-09-07,TS-WHT-M,Bangalore,Website,2,COD
2024-09-07,TS-WHT-M,Bangalore,Marketplace,2,Prepaid
2024-09-07,TS-WHT-M,Bangalore,Marketplace,2,COD
2024-09-07,TS-WHT-M,Bangalore,Website,1,COD
2024-09-07,HD-BLK-M,Delhi NCR,Website,1,COD
2024-09-07,HD-BLK-M,Delhi NCR,Marketplace,2,Prepaid
2024-09-07,HD-BLK-M,Delhi NCR,Marketplace,2,COD
2024-09-07,HD-BLK-M,Delhi NCR,Website,2,Prepaid
2024-09-07,HD-BLK-M,Delhi NCR,Website,1,COD
2024-09-07,HD-BLK-M,Delhi NCR,Marketplace,1,Prepaid
2024-09-07,HD-BLK-M,Delhi NCR,Marketplace,2,COD
2024-09-07,HD-BLK-M,Delhi NCR,Marketplace,2,COD
2024-09-07,HD-BLK-M,Mumbai,Marketplace,1,COD
2024-09-07,HD-BLK-M,Mumbai,Website,1,Prepaid
2024-09-07,HD-BLK-M,Mumbai,Website,1,COD
2024-09-07,HD-BLK-M,Mumbai,Marketplace,1,COD
2024-09-07,HD-BLK-M,Mumbai,Website,1,COD
2024-09-07,HD-BLK-M,Mumbai,Marketplace,2,COD
2024-09-07,HD-BLK-M,Mumbai,Website,1,Prepaid
2024-09-07,HD-BLK-M,Bangalore,Marketplace,1,COD
2024-09-07,HD-BLK-M,Bangalore,Marketplace,1,COD
2024-09-07,HD-BLK-M,Bangalore,Website,2,COD
2024-09-07,HD-BLK-M,Bangalore,Marketplace,1,COD
2024-09-07,HD-BLK-M,Bangalore,Marketplace,2,Prepaid
2024-09-07,HD-BLK-M,Bangalore,Website,1,Prepaid
2024-09-07,HD-BLK-M,Bangalore,Marketplace,1,Prepaid
2024-09-07,HD-BLK-M,Bangalore,Website,2,COD
2024-09-07,HD-BLK-M,Bangalore,Marketplace,2,COD
2024-09-07,HD-GRY-L,Delhi NCR,Marketplace,1,Prepaid
2024-09-07,HD-GRY-L,Delhi NCR,Website,2,Prepaid
2024-09-07,HD-GRY-L,Delhi NCR,Marketplace,2,Prepaid
2024-09-07,HD-GRY-L,Delhi NCR,Website,2,Prepaid
2024-09-07,HD-GRY-L,Delhi NCR,Website,2,COD
2024-09-07,HD-GRY-L,Delhi NCR,Marketplace,2,COD
2024-09-07,HD-GRY-L,Delhi NCR,Marketplace,1,COD
2024-09-07,HD-GRY-L,Delhi NCR,Marketplace,1,COD
2024-09-07,HD-GRY-L,Delhi NCR,Website,1,COD
2024-09-07,HD-GRY-L,Delhi NCR,Website,1,COD
2024-09-07,HD-GRY-L,Mumbai,Website,2,COD
2024-09-07,HD-GRY-L,Mumbai,Website,2,COD
2024-09-07,HD-GRY-L,Mumbai,Website,2,COD
2024-09-07,HD-GRY-L,Mumbai,Website,1,COD
2024-09-07,HD-GRY-L,Mumbai,Website,2,Prepaid
2024-09-07,HD-GRY-L,Mumbai,Website,2,COD
2024-09-07,HD-GRY-L,Mumbai,Marketplace,2,COD
2024-09-07,HD-GRY-L,Mumbai,Website,2,COD
2024-09-07,HD-GRY-L,Mumbai,Marketplace,1,COD
2024-09-07,HD-GRY-L,Mumbai,Marketplace,1,COD
2024-09-07,HD-GRY-L,Bangalore,Marketplace,2,COD
2024-09-07,HD-GRY-L,Bangalore,Marketplace,2,Prepaid
2024-09-07,HD-GRY-L,Bangalore,Marketplace,1,COD
2024-09-07,HD-GRY-L,Bangalore,Website,1,COD
2024-09-07,HD-GRY-L,Bangalore,Marketplace,2,COD
2024-09-07,HD-GRY-L,Bangalore,Marketplace,1,COD
2024-09-07,HD-GRY-L,Bangalore,Website,2,COD
2024-09-07,HD-GRY-L,Bangalore,Marketplace,1,COD
2024-09-07,HD-GRY-L,Bangalore,Website,2,Prepaid
2024-09-07,HD-GRY-L,Bangalore,Website,1,COD
2024-09-07,HD-GRY-L,Bangalore,Marketplace,1,COD
2024-09-07,JK-DNM-M,Delhi NCR,Website,2,Prepaid
2024-09-07,JK-DNM-M,Delhi NCR,Website,1,COD
2024-09-07,JK-DNM-M,Delhi NCR,Marketplace,2,COD
2024-09-07,JK-DNM-M,Delhi NCR,Marketplace,2,COD
2024-09-07,JK-DNM-M,Delhi NCR,Marketplace,2,Prepaid
2024-09-07,JK-DNM-M,Delhi NCR,Marketplace,1,COD
2024-09-07,JK-DNM-M,Delhi NCR,Website,1,Prepaid
2024-09-07,JK-DNM-M,Delhi NCR,Website,2,COD
2024-09-07,JK-DNM-M,Delhi NCR,Website,1,COD
2024-09-07,JK-DNM-M,Delhi NCR,Website,1,COD
2024-09-07,JK-DNM-M,Delhi NCR,Marketplace,2,COD
2024-09-07,JK-DNM-M,Delhi NCR,Website,2,COD
2024-09-07,JK-DNM-M,Mumbai,Marketplace,2,Prepaid
2024-09-07,JK-DNM-M,Mumbai,Marketplace,2,COD
2024-09-07,JK-DNM-M,Mumbai,Marketplace,1,COD
2024-09-07,JK-DNM-M,Mumbai,Website,2,COD
2024-09-07,JK-DNM-M,Mumbai,Marketplace,1,COD
2024-09-07,JK-DNM-M,Mumbai,Website,1,COD
2024-09-07,JK-DNM-M,Mumbai,Website,1,Prepaid
2024-09-07,JK-DNM-M,Mumbai,Website,1,COD
2024-09-07,JK-DNM-M,Bangalore,Website,2,COD
2024-09-07,JK-DNM-M,Bangalore,Website,2,COD
2024-09-07,JK-DNM-M,Bangalore,Website,1,COD
2024-09-07,JK-DNM-M,Bangalore,Marketplace,2,COD
2024-09-07,JK-DNM-M,Bangalore,Marketplace,1,COD
2024-09-07,JK-DNM-M,Bangalore,Marketplace,1,Prepaid
2024-09-07,CP-BLK,Delhi NCR,Website,1,Prepaid
2024-09-07,CP-BLK,Delhi NCR,Website,2,COD
2024-09-07,CP-BLK,Delhi NCR,Marketplace,2,COD
2024-09-07,CP-BLK,Delhi NCR,Website,2,Prepaid
2024-09-07,CP-BLK,Delhi NCR,Website,1,COD
2024-09-07,CP-BLK,Delhi NCR,Marketplace,2,COD
2024-09-07,CP-BLK,Delhi NCR,Website,2,Prepaid
2024-09-07,CP-BLK,Delhi NCR,Website,2,COD
2024-09-07,CP-BLK,Mumbai,Marketplace,1,COD
2024-09-07,CP-BLK,Mumbai,Marketplace,1,COD
2024-09-07,CP-BLK,Mumbai,Website,2,COD
2024-09-07,CP-BLK,Mumbai,Website,2,Prepaid
2024-09-07,CP-BLK,Mumbai,Marketplace,2,Prepaid
2024-09-07,CP-BLK,Mumbai,Website,1,COD
2024-09-07,CP-BLK,Mumbai,Website,1,Prepaid
2024-09-07,CP-BLK,Mumbai,Website,1,Prepaid
2024-09-07,CP-BLK,Mumbai,Marketplace,2,COD
2024-09-07,CP-BLK,Mumbai,Website,1,COD
2024-09-07,CP-BLK,Bangalore,Website,1,Prepaid
2024-09-07,CP-BLK,Bangalore,Marketplace,2,Prepaid
2024-09-07,CP-BLK,Bangalore,Website,2,COD
2024-09-07,CP-BLK,Bangalore,Marketplace,2,Prepaid
2024-09-07,CP-BLK,Bangalore,Website,1,Prepaid
2024-09-07,CP-BLK,Bangalore,Website,2,COD
2024-09-08,TS-BLK-S,Delhi NCR,Website,2,COD
2024-09-08,TS-BLK-S,Delhi NCR,Marketplace,1,COD
2024-09-08,TS-BLK-S,Delhi NCR,Marketplace,2,Prepaid
2024-09-08,TS-BLK-S,Delhi NCR,Marketplace,2,Prepaid
2024-09-08,TS-BLK-S,Delhi NCR,Marketplace,1,COD
2024-09-08,TS-BLK-S,Delhi NCR,Website,2,COD
2024-09-08,TS-BLK-S,Delhi NCR,Website,1,COD
2024-09-08,TS-BLK-S,Mumbai,Website,1,Prepaid
2024-09-08,TS-BLK-S,Mumbai,Website,2,COD
2024-09-08,TS-BLK-S,Mumbai,Website,1,Prepaid
2024-09-08,TS-BLK-S,Mumbai,Marketplace,1,COD
2024-09-08,TS-BLK-S,Mumbai,Website,1,Prepaid
2024-09-08,TS-BLK-S,Mumbai,Website,1,Prepaid
2024-09-08,TS-BLK-S,Mumbai,Marketplace,2,COD
2024-09-08,TS-BLK-S,Mumbai,Website,1,COD
2024-09-08,TS-BLK-S,Mumbai,Website,1,COD
2024-09-08,TS-BLK-S,Mumbai,Marketplace,2,Prepaid
2024-09-08,TS-BLK-S,Bangalore,Website,1,COD
2024-09-08,TS-BLK-S,Bangalore,Marketplace,1,Prepaid
2024-09-08,TS-BLK-S,Bangalore,Website,1,COD
2024-09-08,TS-BLK-S,Bangalore,Marketplace,1,COD
2024-09-08,TS-BLK-S,Bangalore,Marketplace,1,COD
2024-09-08,TS-BLK-S,Bangalore,Website,1,COD
2024-09-08,TS-BLK-S,Bangalore,Website,1,COD
2024-09-08,TS-BLK-M,Delhi NCR,Marketplace,2,COD
2024-09-08,TS-BLK-M,Delhi NCR,Website,1,COD
2024-09-08,TS-BLK-M,Delhi NCR,Website,1,Prepaid
2024-09-08,TS-BLK-M,Delhi NCR,Marketplace,1,COD
2024-09-08,TS-BLK-M,Delhi NCR,Website,2,COD
2024-09-08,TS-BLK-M,Delhi NCR,Website,2,COD
2024-09-08,TS-BLK-M,Mumbai,Marketplace,2,COD
2024-09-08,TS-BLK-M,Mumbai,Marketplace,2,Prepaid
2024-09-08,TS-BLK-M,Mumbai,Website,2,COD
2024-09-08,TS-BLK-M,Mumbai,Website,1,Prepaid
2024-09-08,TS-BLK-M,Mumbai,Website,1,COD
2024-09-08,TS-BLK-M,Bangalore,Marketplace,2,COD
2024-09-08,TS-BLK-M,Bangalore,Website,1,COD
2024-09-08,TS-BLK-M,Bangalore,Website,2,COD
2024-09-08,TS-BLK-M,Bangalore,Marketplace,1,COD
2024-09-08,TS-BLK-M,Bangalore,Marketplace,1,COD
2024-09-08,TS-BLK-M,Bangalore,Website,2,Prepaid
2024-09-08,TS-BLK-M,Bangalore,Website,1,COD
2024-09-08,TS-BLK-M,Bangalore,Marketplace,1,COD
2024-09-08,TS-BLK-M,Bangalore,Marketplace,1,Prepaid
2024-09-08,TS-BLK-M,Bangalore,Marketplace,2,COD
2024-09-08,TS-BLK-M,Bangalore,Website,1,Prepaid
2024-09-08,TS-BLK-L,Delhi NCR,Website,1,COD
2024-09-08,TS-BLK-L,Delhi NCR,Website,1,COD
2024-09-08,TS-BLK-L,Delhi NCR,Website,2,Prepaid
2024-09-08,TS-BLK-L,Delhi NCR,Website,1,COD
2024-09-08,TS-BLK-L,Delhi NCR,Website,1,Prepaid
2024-09-08,TS-BLK-L,Delhi NCR,Marketplace,1,Prepaid
2024-09-08,TS-BLK-L,Delhi NCR,Marketplace,2,Prepaid
2024-09-08,TS-BLK-L,Delhi NCR,Marketplace,1,COD
2024-09-08,TS-BLK-L,Mumbai,Website,1,Prepaid
2024-09-08,TS-BLK-L,Mumbai,Marketplace,1,Prepaid
2024-09-08,TS-BLK-L,Mumbai,Website,1,Prepaid
2024-09-08,TS-BLK-L,Mumbai,Marketplace,1,COD
2024-09-08,TS-BLK-L,Mumbai,Marketplace,1,Prepaid
2024-09-08,TS-BLK-L,Mumbai,Marketplace,2,Prepaid
2024-09-08,TS-BLK-L,Mumbai,Website,1,COD
2024-09-08,TS-BLK-L,Bangalore,Marketplace,1,COD
2024-09-08,TS-BLK-L,Bangalore,Website,1,COD
2024-09-08,TS-BLK-L,Bangalore,Marketplace,2,Prepaid
2024-09-08,TS-BLK-L,Bangalore,Marketplace,1,Prepaid
2024-09-08,TS-BLK-L,Bangalore,Website,1,Prepaid
2024-09-08,TS-BLK-L,Bangalore,Website,2,COD
2024-09-08,TS-BLK-L,Bangalore,Marketplace,1,COD
2024-09-08,TS-BLK-L,Bangalore,Marketplace,2,Prepaid
2024-09-08,TS-BLK-L,Bangalore,Marketplace,1,Prepaid
2024-09-08,TS-BLK-L,Bangalore,Marketplace,2,COD
2024-09-08,TS-WHT-M,Delhi NCR,Marketplace,2,Prepaid
2024-09-08,TS-WHT-M,Delhi NCR,Marketplace,2,COD
2024-09-08,TS-WHT-M,Delhi NCR,Website,2,COD
2024-09-08,TS-WHT-M,Delhi NCR,Marketplace,2,COD
2024-09-08,TS-WHT-M,Delhi NCR,Website,1,COD
2024-09-08,TS-WHT-M,Delhi NCR,Website,1,Prepaid
2024-09-08,TS-WHT-M,Delhi NCR,Marketplace,2,Prepaid
2024-09-08,TS-WHT-M,Delhi NCR,Marketplace,2,Prepaid
2024-09-08,TS-WHT-M,Delhi NCR,Website,1,COD
2024-09-08,TS-WHT-M,Mumbai,Website,2,COD
2024-09-08,TS-WHT-M,Mumbai,Marketplace,1,COD
2024-09-08,TS-WHT-M,Mumbai,Marketplace,2,COD
2024-09-08,TS-WHT-M,Mumbai,Website,2,Prepaid
2024-09-08,TS-WHT-M,Bangalore,Website,2,COD
2024-09-08,TS-WHT-M,Bangalore,Marketplace,2,COD
2024-09-08,TS-WHT-M,Bangalore,Marketplace,2,Prepaid
2024-09-08,TS-WHT-M,Bangalore,Marketplace,1,COD
2024-09-08,TS-WHT-M,Bangalore,Marketplace,2,COD
2024-09-08,TS-WHT-M,Bangalore,Website,1,Prepaid
2024-09-08,TS-WHT-M,Bangalore,Website,2,COD
2024-09-08,TS-WHT-M,Bangalore,Marketplace,1,COD
2024-09-08,TS-WHT-M,Bangalore,Website,1,COD
2024-09-08,TS-WHT-M,Bangalore,Marketplace,1,COD
2024-09-08,HD-BLK-M,Delhi NCR,Marketplace,2,COD
2024-09-08,HD-BLK-M,Delhi NCR,Marketplace,1,COD
2024-09-08,HD-BLK-M,Delhi NCR,Marketplace,2,COD
2024-09-08,HD-BLK-M,Delhi NCR,Website,2,Prepaid
2024-09-08,HD-BLK-M,Delhi NCR,Marketplace,1,COD
2024-09-08,HD-BLK-M,Delhi NCR,Website,2,COD
2024-09-08,HD-BLK-M,Delhi NCR,Marketplace,1,COD
2024-09-08,HD-BLK-M,Mumbai,Marketplace,1,COD
2024-09-08,HD-BLK-M,Mumbai,Marketplace,2,COD
2024-09-08,HD-BLK-M,Mumbai,Website,1,Prepaid
2024-09-08,HD-BLK-M,Mumbai,Website,2,Prepaid
2024-09-08,HD-BLK-M,Mumbai,Marketplace,2,Prepaid
2024-09-08,HD-BLK-M,Mumbai,Marketplace,2,COD
2024-09-08,HD-BLK-M,Mumbai,Website,1,COD
2024-09-08,HD-BLK-M,Mumbai,Marketplace,2,COD
2024-09-08,HD-BLK-M,Bangalore,Website,1,COD
2024-09-08,HD-BLK-M,Bangalore,Marketplace,1,COD
2024-09-08,HD-BLK-M,Bangalore,Website,1,COD
2024-09-08,HD-BLK-M,Bangalore,Marketplace,1,COD
2024-09-08,HD-BLK-M,Bangalore,Marketplace,2,COD
2024-09-08,HD-BLK-M,Bangalore,Website,1,Prepaid
2024-09-08,HD-BLK-M,Bangalore,Website,1,Prepaid
2024-09-08,HD-BLK-M,Bangalore,Marketplace,2,COD
2024-09-08,HD-BLK-M,Bangalore,Website,2,Prepaid
2024-09-08,HD-BLK-M,Bangalore,Website,1,COD
2024-09-08,HD-GRY-L,Delhi NCR,Marketplace,1,COD
2024-09-08,HD-GRY-L,Delhi NCR,Marketplace,1,COD
2024-09-08,HD-GRY-L,Delhi NCR,Website,1,Prepaid
2024-09-08,HD-GRY-L,Delhi NCR,Website,1,COD
2024-09-08,HD-GRY-L,Mumbai,Website,2,COD
2024-09-08,HD-GRY-L,Mumbai,Website,2,Prepaid
2024-09-08,HD-GRY-L,Mumbai,Website,2,Prepaid
2024-09-08,HD-GRY-L,Mumbai,Marketplace,1,COD
2024-09-08,HD-GRY-L,Mumbai,Website,2,COD
2024-09-08,HD-GRY-L,Mumbai,Website,1,COD
2024-09-08,HD-GRY-L,Mumbai,Marketplace,2,Prepaid
2024-09-08,HD-GRY-L,Bangalore,Marketplace,1,Prepaid
2024-09-08,HD-GRY-L,Bangalore,Marketplace,2,Prepaid
2024-09-08,HD-GRY-L,Bangalore,Website,1,Prepaid
2024-09-08,HD-GRY-L,Bangalore,Website,2,Prepaid
2024-09-08,HD-GRY-L,Bangalore,Website,2,COD
2024-09-08,HD-GRY-L,Bangalore,Marketplace,2,COD
2024-09-08,JK-DNM-M,Delhi NCR,Website,2,COD
2024-09-08,JK-DNM-M,Delhi NCR,Website,2,Prepaid
2024-09-08,JK-DNM-M,Delhi NCR,Website,1,COD
2024-09-08,JK-DNM-M,Delhi NCR,Marketplace,2,COD
2024-09-08,JK-DNM-M,Delhi NCR,Marketplace,2,Prepaid
2024-09-08,JK-DNM-M,Delhi NCR,Website,1,COD
2024-09-08,JK-DNM-M,Delhi NCR,Website,2,Prepaid
2024-09-08,JK-DNM-M,Delhi NCR,Website,1,COD
2024-09-08,JK-DNM-M,Delhi NCR,Marketplace,2,COD
2024-09-08,JK-DNM-M,Mumbai,Website,2,Prepaid
2024-09-08,JK-DNM-M,Mumbai,Website,2,COD
2024-09-08,JK-DNM-M,Mumbai,Website,2,COD
2024-09-08,JK-DNM-M,Mumbai,Website,2,Prepaid
2024-09-08,JK-DNM-M,Mumbai,Marketplace,1,COD
2024-09-08,JK-DNM-M,Mumbai,Marketplace,1,Prepaid
2024-09-08,JK-DNM-M,Mumbai,Marketplace,2,COD
2024-09-08,JK-DNM-M,Mumbai,Website,2,Prepaid
2024-09-08,JK-DNM-M,Mumbai,Marketplace,2,Prepaid
2024-09-08,JK-DNM-M,Mumbai,Marketplace,1,COD
2024-09-08,JK-DNM-M,Mumbai,Marketplace,2,COD
2024-09-08,JK-DNM-M,Bangalore,Website,1,COD
2024-09-08,JK-DNM-M,Bangalore,Marketplace,1,Prepaid
2024-09-08,JK-DNM-M,Bangalore,Marketplace,2,COD
2024-09-08,JK-DNM-M,Bangalore,Website,2,COD
2024-09-08,JK-DNM-M,Bangalore,Website,1,COD
2024-09-08,JK-DNM-M,Bangalore,Marketplace,1,Prepaid
2024-09-08,JK-DNM-M,Bangalore,Website,2,Prepaid
2024-09-08,JK-DNM-M,Bangalore,Marketplace,1,COD
2024-09-08,JK-DNM-M,Bangalore,Marketplace,1,Prepaid
2024-09-08,CP-BLK,Delhi NCR,Marketplace,1,COD
2024-09-08,CP-BLK,Delhi NCR,Website,1,COD
2024-09-08,CP-BLK,Delhi NCR,Marketplace,2,COD
2024-09-08,CP-BLK,Delhi NCR,Website,1,COD
2024-09-08,CP-BLK,Delhi NCR,Website,2,Prepaid
2024-09-08,CP-BLK,Delhi NCR,Marketplace,2,COD
2024-09-08,CP-BLK,Delhi NCR,Marketplace,1,COD
2024-09-08,CP-BLK,Delhi NCR,Marketplace,2,COD
2024-09-08,CP-BLK,Mumbai,Website,1,Prepaid
2024-09-08,CP-BLK,Mumbai,Website,2,Prepaid
2024-09-08,CP-BLK,Mumbai,Website,2,Prepaid
2024-09-08,CP-BLK,Mumbai,Website,1,Prepaid
2024-09-08,CP-BLK,Mumbai,Marketplace,1,Prepaid
2024-09-08,CP-BLK,Mumbai,Website,1,Prepaid
2024-09-08,CP-BLK,Mumbai,Website,1,COD
2024-09-08,CP-BLK,Mumbai,Website,1,COD
2024-09-08,CP-BLK,Bangalore,Marketplace,1,COD
2024-09-08,CP-BLK,Bangalore,Marketplace,1,COD
2024-09-08,CP-BLK,Bangalore,Website,1,COD
2024-09-08,CP-BLK,Bangalore,Website,2,COD
2024-09-08,CP-BLK,Bangalore,Marketplace,1,COD
2024-09-09,TS-BLK-S,Delhi NCR,Website,2,COD
2024-09-09,TS-BLK-S,Delhi NCR,Marketplace,2,COD
2024-09-09,TS-BLK-S,Delhi NCR,Marketplace,1,COD
2024-09-09,TS-BLK-S,Delhi NCR,Website,1,Prepaid
2024-09-09,TS-BLK-S,Delhi NCR,Marketplace,1,COD
2024-09-09,TS-BLK-S,Delhi NCR,Marketplace,1,Prepaid
2024-09-09,TS-BLK-S,Delhi NCR,Website,1,Prepaid
2024-09-09,TS-BLK-S,Delhi NCR,Website,2,Prepaid
2024-09-09,TS-BLK-S,Delhi NCR,Website,2,Prepaid
2024-09-09,TS-BLK-S,Delhi NCR,Website,1,COD
2024-09-09,TS-BLK-S,Mumbai,Marketplace,1,COD
2024-09-09,TS-BLK-S,Mumbai,Website,2,COD
2024-09-09,TS-BLK-S,Mumbai,Marketplace,1,Prepaid
2024-09-09,TS-BLK-S,Mumbai,Marketplace,1,Prepaid
2024-09-09,TS-BLK-S,Mumbai,Marketplace,1,COD
2024-09-09,TS-BLK-S,Mumbai,Marketplace,2,COD
2024-09-09,TS-BLK-S,Bangalore,Website,1,Prepaid
2024-09-09,TS-BLK-S,Bangalore,Marketplace,1,Prepaid
2024-09-09,TS-BLK-S,Bangalore,Website,1,Prepaid
2024-09-09,TS-BLK-S,Bangalore,Website,1,Prepaid
2024-09-09,TS-BLK-S,Bangalore,Website,2,COD
2024-09-09,TS-BLK-S,Bangalore,Website,2,COD
2024-09-09,TS-BLK-S,Bangalore,Marketplace,2,COD
2024-09-09,TS-BLK-M,Delhi NCR,Website,2,COD
2024-09-09,TS-BLK-M,Delhi NCR,Marketplace,2,COD
2024-09-09,TS-BLK-M,Delhi NCR,Website,1,Prepaid
2024-09-09,TS-BLK-M,Delhi NCR,Website,2,COD
2024-09-09,TS-BLK-M,Delhi NCR,Marketplace,1,COD
2024-09-09,TS-BLK-M,Delhi NCR,Website,1,COD
2024-09-09,TS-BLK-M,Delhi NCR,Marketplace,2,COD
2024-09-09,TS-BLK-M,Delhi NCR,Marketplace,2,COD
2024-09-09,TS-BLK-M,Mumbai,Website,2,COD
2024-09-09,TS-BLK-M,Mumbai,Website,2,Prepaid
2024-09-09,TS-BLK-M,Mumbai,Marketplace,1,COD
2024-09-09,TS-BLK-M,Mumbai,Website,2,Prepaid
2024-09-09,TS-BLK-M,Mumbai,Marketplace,2,COD
2024-09-09,TS-BLK-M,Mumbai,Website,1,COD
2024-09-09,TS-BLK-M,Mumbai,Marketplace,2,Prepaid
2024-09-09,TS-BLK-M,Mumbai,Marketplace,2,Prepaid
2024-09-09,TS-BLK-M,Bangalore,Marketplace,2,Prepaid
2024-09-09,TS-BLK-M,Bangalore,Marketplace,1,COD
2024-09-09,TS-BLK-M,Bangalore,Website,1,COD
2024-09-09,TS-BLK-M,Bangalore,Marketplace,1,COD
2024-09-09,TS-BLK-M,Bangalore,Website,2,COD
2024-09-09,TS-BLK-M,Bangalore,Website,2,Prepaid
2024-09-09,TS-BLK-M,Bangalore,Marketplace,1,COD
2024-09-09,TS-BLK-L,Delhi NCR,Marketplace,2,COD
2024-09-09,TS-BLK-L,Delhi NCR,Website,1,COD
2024-09-09,TS-BLK-L,Delhi NCR,Website,1,COD
2024-09-09,TS-BLK-L,Delhi NCR,Website,1,COD
2024-09-09,TS-BLK-L,Delhi NCR,Marketplace,1,COD
2024-09-09,TS-BLK-L,Delhi NCR,Website,1,Prepaid
2024-09-09,TS-BLK-L,Mumbai,Website,1,Prepaid
2024-09-09,TS-BLK-L,Mumbai,Website,2,Prepaid
2024-09-09,TS-BLK-L,Mumbai,Website,2,COD
2024-09-09,TS-BLK-L,Mumbai,Marketplace,1,COD
2024-09-09,TS-BLK-L,Mumbai,Marketplace,1,COD
2024-09-09,TS-BLK-L,Mumbai,Marketplace,2,Prepaid
2024-09-09,TS-BLK-L,Mumbai,Website,1,Prepaid
2024-09-09,TS-BLK-L,Mumbai,Website,1,Prepaid
2024-09-09,TS-BLK-L,Mumbai,Website,1,COD
2024-09-09,TS-BLK-L,Mumbai,Website,2,COD
2024-09-09,TS-BLK-L,Bangalore,Marketplace,1,Prepaid
2024-09-09,TS-BLK-L,Bangalore,Marketplace,1,Prepaid
2024-09-09,TS-BLK-L,Bangalore,Marketplace,1,Prepaid
2024-09-09,TS-BLK-L,Bangalore,Website,1,COD
2024-09-09,TS-BLK-L,Bangalore,Marketplace,1,Prepaid
2024-09-09,TS-BLK-L,Bangalore,Marketplace,2,Prepaid
2024-09-09,TS-WHT-M,Delhi NCR,Website,2,Prepaid
2024-09-09,TS-WHT-M,Delhi NCR,Marketplace,2,COD
2024-09-09,TS-WHT-M,Delhi NCR,Marketplace,1,COD
2024-09-09,TS-WHT-M,Delhi NCR,Website,2,Prepaid
2024-09-09,TS-WHT-M,Delhi NCR,Website,2,COD
2024-09-09,TS-WHT-M,Mumbai,Website,1,COD
2024-09-09,TS-WHT-M,Mumbai,Marketplace,2,COD
2024-09-09,TS-WHT-M,Mumbai,Marketplace,2,COD
2024-09-09,TS-WHT-M,Mumbai,Marketplace,2,Prepaid
2024-09-09,TS-WHT-M,Mumbai,Marketplace,2,COD
2024-09-09,TS-WHT-M,Mumbai,Marketplace,2,COD
2024-09-09,TS-WHT-M,Mumbai,Marketplace,2,COD
2024-09-09,TS-WHT-M,Mumbai,Marketplace,1,Prepaid
2024-09-09,TS-WHT-M,Mumbai,Marketplace,1,COD
2024-09-09,TS-WHT-M,Bangalore,Marketplace,1,COD
2024-09-09,TS-WHT-M,Bangalore,Website,1,COD
2024-09-09,TS-WHT-M,Bangalore,Website,1,Prepaid
2024-09-09,TS-WHT-M,Bangalore,Marketplace,1,Prepaid
2024-09-09,TS-WHT-M,Bangalore,Marketplace,2,COD
2024-09-09,HD-BLK-M,Delhi NCR,Marketplace,1,COD
2024-09-09,HD-BLK-M,Delhi NCR,Marketplace,2,COD
2024-09-09,HD-BLK-M,Delhi NCR,Marketplace,2,COD
2024-09-09,HD-BLK-M,Delhi NCR,Marketplace,2,Prepaid
2024-09-09,HD-BLK-M,Delhi NCR,Website,2,COD
2024-09-09,HD-BLK-M,Delhi NCR,Website,2,COD
2024-09-09,HD-BLK-M,Delhi NCR,Marketplace,1,COD
2024-09-09,HD-BLK-M,Delhi NCR,Marketplace,2,Prepaid
2024-09-09,HD-BLK-M,Delhi NCR,Marketplace,2,COD
2024-09-09,HD-BLK-M,Delhi NCR,Website,1,Prepaid
2024-09-09,HD-BLK-M,Mumbai,Website,2,COD
2024-09-09,HD-BLK-M,Mumbai,Website,1,COD
2024-09-09,HD-BLK-M,Mumbai,Marketplace,1,COD
2024-09-09,HD-BLK-M,Mumbai,Marketplace,1,Prepaid
2024-09-09,HD-BLK-M,Mumbai,Website,2,COD
2024-09-09,HD-BLK-M,Mumbai,Website,2,Prepaid
2024-09-09,HD-BLK-M,Mumbai,Marketplace,2,Prepaid
2024-09-09,HD-BLK-M,Mumbai,Website,1,COD
2024-09-09,HD-BLK-M,Bangalore,Marketplace,1,COD
2024-09-09,HD-BLK-M,Bangalore,Marketplace,2,Prepaid
2024-09-09,HD-BLK-M,Bangalore,Marketplace,2,COD
2024-09-09,HD-BLK-M,Bangalore,Website,2,COD
2024-09-09,HD-BLK-M,Bangalore,Marketplace,2,Prepaid
2024-09-09,HD-BLK-M,Bangalore,Website,1,Prepaid
2024-09-09,HD-BLK-M,Bangalore,Website,1,COD
2024-09-09,HD-BLK-M,Bangalore,Website,2,COD
2024-09-09,HD-BLK-M,Bangalore,Website,2,COD
2024-09-09,HD-GRY-L,Delhi NCR,Website,2,COD
2024-09-09,HD-GRY-L,Delhi NCR,Marketplace,2,COD
2024-09-09,HD-GRY-L,Delhi NCR,Website,1,Prepaid
2024-09-09,HD-GRY-L,Delhi NCR,Marketplace,1,COD
2024-09-09,HD-GRY-L,Delhi NCR,Marketplace,2,Prepaid
2024-09-09,HD-GRY-L,Mumbai,Website,2,COD
2024-09-09,HD-GRY-L,Mumbai,Website,2,COD
2024-09-09,HD-GRY-L,Mumbai,Marketplace,2,COD
2024-09-09,HD-GRY-L,Mumbai,Marketplace,1,Prepaid
2024-09-09,HD-GRY-L,Mumbai,Marketplace,1,Prepaid
2024-09-09,HD-GRY-L,Mumbai,Website,2,Prepaid
2024-09-09,HD-GRY-L,Mumbai,Website,2,Prepaid
2024-09-09,HD-GRY-L,Mumbai,Marketplace,1,COD
2024-09-09,HD-GRY-L,Mumbai,Marketplace,1,Prepaid
2024-09-09,HD-GRY-L,Bangalore,Marketplace,2,COD
2024-09-09,HD-GRY-L,Bangalore,Marketplace,2,Prepaid
2024-09-09,HD-GRY-L,Bangalore,Marketplace,1,Prepaid
2024-09-09,HD-GRY-L,Bangalore,Marketplace,2,COD
2024-09-09,HD-GRY-L,Bangalore,Website,1,Prepaid
2024-09-09,HD-GRY-L,Bangalore,Marketplace,2,Prepaid
2024-09-09,HD-GRY-L,Bangalore,Website,2,Prepaid
2024-09-09,HD-GRY-L,Bangalore,Marketplace,1,COD
2024-09-09,JK-DNM-M,Delhi NCR,Marketplace,1,COD
2024-09-09,JK-DNM-M,Delhi NCR,Website,2,COD
2024-09-09,JK-DNM-M,Delhi NCR,Marketplace,1,Prepaid
2024-09-09,JK-DNM-M,Delhi NCR,Marketplace,2,COD
2024-09-09,JK-DNM-M,Delhi NCR,Website,1,COD
2024-09-09,JK-DNM-M,Delhi NCR,Marketplace,2,Prepaid
2024-09-09,JK-DNM-M,Delhi NCR,Marketplace,2,COD
2024-09-09,JK-DNM-M,Delhi NCR,Website,2,Prepaid
2024-09-09,JK-DNM-M,Mumbai,Website,1,COD
2024-09-09,JK-DNM-M,Mumbai,Marketplace,2,Prepaid
2024-09-09,JK-DNM-M,Mumbai,Marketplace,1,Prepaid
2024-09-09,JK-DNM-M,Mumbai,Marketplace,1,COD
2024-09-09,JK-DNM-M,Mumbai,Website,1,COD
2024-09-09,JK-DNM-M,Mumbai,Marketplace,1,COD
2024-09-09,JK-DNM-M,Mumbai,Website,2,Prepaid
2024-09-09,JK-DNM-M,Bangalore,Website,2,Prepaid
2024-09-09,JK-DNM-M,Bangalore,Website,2,COD
2024-09-09,JK-DNM-M,Bangalore,Website,1,COD
2024-09-09,JK-DNM-M,Bangalore,Marketplace,2,COD
2024-09-09,JK-DNM-M,Bangalore,Marketplace,2,Prepaid
2024-09-09,JK-DNM-M,Bangalore,Website,1,Prepaid
2024-09-09,JK-DNM-M,Bangalore,Marketplace,2,Prepaid
2024-09-09,JK-DNM-M,Bangalore,Marketplace,2,Prepaid
2024-09-09,JK-DNM-M,Bangalore,Website,2,COD
2024-09-09,JK-DNM-M,Bangalore,Marketplace,1,COD
2024-09-09,CP-BLK,Delhi NCR,Website,2,Prepaid
2024-09-09,CP-BLK,Delhi NCR,Website,1,COD
2024-09-09,CP-BLK,Delhi NCR,Website,2,COD
2024-09-09,CP-BLK,Delhi NCR,Website,1,COD
2024-09-09,CP-BLK,Delhi NCR,Website,2,COD
2024-09-09,CP-BLK,Delhi NCR,Website,2,COD
2024-09-09,CP-BLK,Mumbai,Website,2,COD
2024-09-09,CP-BLK,Mumbai,Marketplace,2,COD
2024-09-09,CP-BLK,Mumbai,Marketplace,2,COD
2024-09-09,CP-BLK,Mumbai,Marketplace,2,COD
2024-09-09,CP-BLK,Mumbai,Website,1,COD
2024-09-09,CP-BLK,Bangalore,Website,2,COD
2024-09-09,CP-BLK,Bangalore,Website,2,Prepaid
2024-09-09,CP-BLK,Bangalore,Website,2,COD
2024-09-09,CP-BLK,Bangalore,Marketplace,2,Prepaid
2024-09-09,CP-BLK,Bangalore,Website,1,COD
2024-09-09,CP-BLK,Bangalore,Website,2,COD
2024-09-10,TS-BLK-S,Delhi NCR,Website,1,Prepaid
2024-09-10,TS-BLK-S,Delhi NCR,Marketplace,1,Prepaid
2024-09-10,TS-BLK-S,Delhi NCR,Marketplace,2,Prepaid
2024-09-10,TS-BLK-S,Delhi NCR,Marketplace,2,COD
2024-09-10,TS-BLK-S,Delhi NCR,Marketplace,2,COD
2024-09-10,TS-BLK-S,Delhi NCR,Website,1,COD
2024-09-10,TS-BLK-S,Mumbai,Marketplace,2,Prepaid
2024-09-10,TS-BLK-S,Mumbai,Website,2,COD
2024-09-10,TS-BLK-S,Mumbai,Website,1,COD
2024-09-10,TS-BLK-S,Mumbai,Marketplace,1,COD
2024-09-10,TS-BLK-S,Mumbai,Website,2,COD
2024-09-10,TS-BLK-S,Mumbai,Marketplace,2,COD
2024-09-10,TS-BLK-S,Mumbai,Website,2,COD
2024-09-10,TS-BLK-S,Bangalore,Website,1,COD
2024-09-10,TS-BLK-S,Bangalore,Marketplace,2,COD
2024-09-10,TS-BLK-S,Bangalore,Website,1,COD
2024-09-10,TS-BLK-S,Bangalore,Website,2,COD
2024-09-10,TS-BLK-S,Bangalore,Marketplace,1,Prepaid
2024-09-10,TS-BLK-S,Bangalore,Marketplace,2,COD
2024-09-10,TS-BLK-S,Bangalore,Marketplace,2,COD
2024-09-10,TS-BLK-M,Delhi NCR,Marketplace,1,COD
2024-09-10,TS-BLK-M,Delhi NCR,Marketplace,1,Prepaid
2024-09-10,TS-BLK-M,Delhi NCR,Website,1,Prepaid
2024-09-10,TS-BLK-M,Delhi NCR,Marketplace,1,Prepaid
2024-09-10,TS-BLK-M,Mumbai,Marketplace,2,COD
2024-09-10,TS-BLK-M,Mumbai,Website,1,Prepaid
2024-09-10,TS-BLK-M,Mumbai,Marketplace,2,COD
2024-09-10,TS-BLK-M,Mumbai,Website,2,COD
2024-09-10,TS-BLK-M,Mumbai,Website,2,Prepaid
2024-09-10,TS-BLK-M,Mumbai,Marketplace,1,Prepaid
2024-09-10,TS-BLK-M,Mumbai,Marketplace,2,COD
2024-09-10,TS-BLK-M,Bangalore,Website,1,COD
2024-09-10,TS-BLK-M,Bangalore,Website,2,COD
2024-09-10,TS-BLK-M,Bangalore,Marketplace,1,Prepaid
2024-09-10,TS-BLK-M,Bangalore,Website,1,COD
2024-09-10,TS-BLK-M,Bangalore,Marketplace,2,COD
2024-09-10,TS-BLK-L,Delhi NCR,Marketplace,1,COD
2024-09-10,TS-BLK-L,Delhi NCR,Website,2,Prepaid
2024-09-10,TS-BLK-L,Delhi NCR,Marketplace,2,COD
2024-09-10,TS-BLK-L,Delhi NCR,Marketplace,2,COD
2024-09-10,TS-BLK-L,Delhi NCR,Marketplace,1,Prepaid
2024-09-10,TS-BLK-L,Delhi NCR,Marketplace,2,COD
2024-09-10,TS-BLK-L,Delhi NCR,Marketplace,2,COD
2024-09-10,TS-BLK-L,Delhi NCR,Marketplace,1,Prepaid
2024-09-10,TS-BLK-L,Delhi NCR,Website,2,Prepaid
2024-09-10,TS-BLK-L,Mumbai,Marketplace,2,Prepaid
2024-09-10,TS-BLK-L,Mumbai,Marketplace,1,COD
2024-09-10,TS-BLK-L,Mumbai,Website,2,COD
2024-09-10,TS-BLK-L,Mumbai,Website,1,COD
2024-09-10,TS-BLK-L,Mumbai,Marketplace,2,COD
2024-09-10,TS-BLK-L,Mumbai,Marketplace,2,COD
2024-09-10,TS-BLK-L,Mumbai,Marketplace,1,Prepaid
2024-09-10,TS-BLK-L,Mumbai,Marketplace,2,Prepaid
2024-09-10,TS-BLK-L,Bangalore,Marketplace,1,COD
2024-09-10,TS-BLK-L,Bangalore,Website,1,COD
2024-09-10,TS-BLK-L,Bangalore,Website,2,Prepaid
2024-09-10,TS-BLK-L,Bangalore,Website,2,COD
2024-09-10,TS-BLK-L,Bangalore,Website,1,COD
2024-09-10,TS-BLK-L,Bangalore,Website,1,COD
2024-09-10,TS-BLK-L,Bangalore,Website,1,Prepaid
2024-09-10,TS-BLK-L,Bangalore,Marketplace,1,Prepaid
2024-09-10,TS-BLK-L,Bangalore,Marketplace,2,COD
2024-09-10,TS-BLK-L,Bangalore,Website,1,COD
2024-09-10,TS-BLK-L,Bangalore,Marketplace,2,Prepaid
2024-09-10,TS-WHT-M,Delhi NCR,Website,1,COD
2024-09-10,TS-WHT-M,Delhi NCR,Website,2,Prepaid
2024-09-10,TS-WHT-M,Delhi NCR,Marketplace,2,COD
2024-09-10,TS-WHT-M,Delhi NCR,Website,1,Prepaid
2024-09-10,TS-WHT-M,Delhi NCR,Marketplace,2,Prepaid
2024-09-10,TS-WHT-M,Delhi NCR,Website,2,COD
2024-09-10,TS-WHT-M,Delhi NCR,Website,2,COD
2024-09-10,TS-WHT-M,Delhi NCR,Website,2,COD
2024-09-10,TS-WHT-M,Delhi NCR,Marketplace,2,Prepaid
2024-09-10,TS-WHT-M,Delhi NCR,Marketplace,1,COD
2024-09-10,TS-WHT-M,Mumbai,Marketplace,1,COD
2024-09-10,TS-WHT-M,Mumbai,Website,1,Prepaid
2024-09-10,TS-WHT-M,Mumbai,Website,1,COD
2024-09-10,TS-WHT-M,Mumbai,Website,1,Prepaid
2024-09-10,TS-WHT-M,Mumbai,Website,2,COD
2024-09-10,TS-WHT-M,Mumbai,Marketplace,2,Prepaid
2024-09-10,TS-WHT-M,Bangalore,Marketplace,1,COD
2024-09-10,TS-WHT-M,Bangalore,Website,1,COD
2024-09-10,TS-WHT-M,Bangalore,Marketplace,2,COD
2024-09-10,TS-WHT-M,Bangalore,Website,2,COD
2024-09-10,TS-WHT-M,Bangalore,Marketplace,2,Prepaid
2024-09-10,TS-WHT-M,Bangalore,Marketplace,1,COD
2024-09-10,TS-WHT-M,Bangalore,Website,1,COD
2024-09-10,TS-WHT-M,Bangalore,Website,2,Prepaid
2024-09-10,HD-BLK-M,Delhi NCR,Website,2,COD
2024-09-10,HD-BLK-M,Delhi NCR,Marketplace,1,Prepaid
2024-09-10,HD-BLK-M,Delhi NCR,Website,2,COD
2024-09-10,HD-BLK-M,Delhi NCR,Website,2,COD
2024-09-10,HD-BLK-M,Delhi NCR,Marketplace,1,COD
2024-09-10,HD-BLK-M,Delhi NCR,Marketplace,1,Prepaid
2024-09-10,HD-BLK-M,Delhi NCR,Marketplace,2,COD
2024-09-10,HD-BLK-M,Mumbai,Marketplace,1,COD
2024-09-10,HD-BLK-M,Mumbai,Marketplace,2,COD
2024-09-10,HD-BLK-M,Mumbai,Website,1,COD
2024-09-10,HD-BLK-M,Mumbai,Website,2,Prepaid
2024-09-10,HD-BLK-M,Mumbai,Website,1,COD
2024-09-10,HD-BLK-M,Mumbai,Marketplace,1,Prepaid
2024-09-10,HD-BLK-M,Mumbai,Website,1,COD
2024-09-10,HD-BLK-M,Mumbai,Website,2,COD
2024-09-10,HD-BLK-M,Mumbai,Website,1,COD
2024-09-10,HD-BLK-M,Mumbai,Website,2,Prepaid
2024-09-10,HD-BLK-M,Mumbai,Marketplace,1,COD
2024-09-10,HD-BLK-M,Bangalore,Website,1,COD
2024-09-10,HD-BLK-M,Bangalore,Website,2,COD
2024-09-10,HD-BLK-M,Bangalore,Website,1,Prepaid
2024-09-10,HD-BLK-M,Bangalore,Website,2,COD
2024-09-10,HD-BLK-M,Bangalore,Website,2,Prepaid
2024-09-10,HD-BLK-M,Bangalore,Website,2,COD
2024-09-10,HD-BLK-M,Bangalore,Marketplace,1,Prepaid
2024-09-10,HD-GRY-L,Delhi NCR,Marketplace,1,COD
2024-09-10,HD-GRY-L,Delhi NCR,Website,1,Prepaid
2024-09-10,HD-GRY-L,Delhi NCR,Marketplace,1,Prepaid
2024-09-10,HD-GRY-L,Delhi NCR,Marketplace,2,COD
2024-09-10,HD-GRY-L,Delhi NCR,Marketplace,1,COD
2024-09-10,HD-GRY-L,Delhi NCR,Marketplace,2,COD
2024-09-10,HD-GRY-L,Delhi NCR,Marketplace,1,COD
2024-09-10,HD-GRY-L,Delhi NCR,Marketplace,1,Prepaid
2024-09-10,HD-GRY-L,Mumbai,Marketplace,2,COD
2024-09-10,HD-GRY-L,Mumbai,Website,1,Prepaid
2024-09-10,HD-GRY-L,Mumbai,Website,1,Prepaid
2024-09-10,HD-GRY-L,Mumbai,Marketplace,2,Prepaid
2024-09-10,HD-GRY-L,Mumbai,Website,1,COD
2024-09-10,HD-GRY-L,Mumbai,Marketplace,1,Prepaid
2024-09-10,HD-GRY-L,Mumbai,Website,1,COD
2024-09-10,HD-GRY-L,Mumbai,Marketplace,2,COD
2024-09-10,HD-GRY-L,Bangalore,Marketplace,1,COD
2024-09-10,HD-GRY-L,Bangalore,Marketplace,2,COD
2024-09-10,HD-GRY-L,Bangalore,Website,2,COD
2024-09-10,HD-GRY-L,Bangalore,Marketplace,1,Prepaid
2024-09-10,HD-GRY-L,Bangalore,Website,1,Prepaid
2024-09-10,JK-DNM-M,Delhi NCR,Website,1,Prepaid
2024-09-10,JK-DNM-M,Delhi NCR,Marketplace,2,COD
2024-09-10,JK-DNM-M,Delhi NCR,Website,1,Prepaid
2024-09-10,JK-DNM-M,Delhi NCR,Marketplace,1,Prepaid
2024-09-10,JK-DNM-M,Delhi NCR,Website,2,COD
2024-09-10,JK-DNM-M,Delhi NCR,Website,2,Prepaid
2024-09-10,JK-DNM-M,Delhi NCR,Website,2,Prepaid
2024-09-10,JK-DNM-M,Delhi NCR,Marketplace,2,COD
2024-09-10,JK-DNM-M,Delhi NCR,Website,1,COD
2024-09-10,JK-DNM-M,Delhi NCR,Website,1,COD
2024-09-10,JK-DNM-M,Mumbai,Website,1,COD
2024-09-10,JK-DNM-M,Mumbai,Marketplace,1,Prepaid
2024-09-10,JK-DNM-M,Mumbai,Website,2,COD
2024-09-10,JK-DNM-M,Mumbai,Website,2,Prepaid
2024-09-10,JK-DNM-M,Mumbai,Website,1,COD
2024-09-10,JK-DNM-M,Mumbai,Website,2,Prepaid
2024-09-10,JK-DNM-M,Mumbai,Marketplace,1,COD
2024-09-10,JK-DNM-M,Mumbai,Website,1,COD
2024-09-10,JK-DNM-M,Bangalore,Marketplace,1,Prepaid
2024-09-10,JK-DNM-M,Bangalore,Marketplace,1,COD
2024-09-10,JK-DNM-M,Bangalore,Marketplace,2,COD
2024-09-10,JK-DNM-M,Bangalore,Website,2,Prepaid
2024-09-10,JK-DNM-M,Bangalore,Website,2,Prepaid
2024-09-10,JK-DNM-M,Bangalore,Website,2,COD
2024-09-10,JK-DNM-M,Bangalore,Website,2,Prepaid
2024-09-10,JK-DNM-M,Bangalore,Website,1,COD
2024-09-10,CP-BLK,Delhi NCR,Marketplace,1,Prepaid
2024-09-10,CP-BLK,Delhi NCR,Marketplace,1,Prepaid
2024-09-10,CP-BLK,Delhi NCR,Marketplace,1,Prepaid
2024-09-10,CP-BLK,Delhi NCR,Marketplace,2,Prepaid
2024-09-10,CP-BLK,Delhi NCR,Website,1,COD
2024-09-10,CP-BLK,Delhi NCR,Website,2,COD
2024-09-10,CP-BLK,Delhi NCR,Website,1,Prepaid
2024-09-10,CP-BLK,Delhi NCR,Website,1,COD
2024-09-10,CP-BLK,Delhi NCR,Website,1,COD
2024-09-10,CP-BLK,Mumbai,Website,2,COD
2024-09-10,CP-BLK,Mumbai,Marketplace,2,COD
2024-09-10,CP-BLK,Mumbai,Website,1,Prepaid
2024-09-10,CP-BLK,Mumbai,Marketplace,1,Prepaid
2024-09-10,CP-BLK,Mumbai,Website,1,Prepaid
2024-09-10,CP-BLK,Mumbai,Marketplace,2,COD
2024-09-10,CP-BLK,Mumbai,Marketplace,1,Prepaid
2024-09-10,CP-BLK,Bangalore,Marketplace,2,Prepaid
2024-09-10,CP-BLK,Bangalore,Website,1,COD
2024-09-10,CP-BLK,Bangalore,Marketplace,1,Prepaid
2024-09-10,CP-BLK,Bangalore,Marketplace,2,Prepaid
2024-09-10,CP-BLK,Bangalore,Website,2,COD
2024-09-10,CP-BLK,Bangalore,Marketplace,1,Prepaid
2024-09-10,CP-BLK,Bangalore,Marketplace,2,COD
2024-09-11,TS-BLK-S,Delhi NCR,Website,2,COD
2024-09-11,TS-BLK-S,Delhi NCR,Website,1,COD
2024-09-11,TS-BLK-S,Delhi NCR,Marketplace,2,Prepaid
2024-09-11,TS-BLK-S,Delhi NCR,Website,2,Prepaid
2024-09-11,TS-BLK-S,Mumbai,Website,2,COD
2024-09-11,TS-BLK-S,Mumbai,Website,2,Prepaid
2024-09-11,TS-BLK-S,Mumbai,Website,2,COD
2024-09-11,TS-BLK-S,Bangalore,Marketplace,1,COD
2024-09-11,TS-BLK-S,Bangalore,Marketplace,1,COD
2024-09-11,TS-BLK-M,Delhi NCR,Marketplace,1,COD
2024-09-11,TS-BLK-M,Delhi NCR,Website,2,Prepaid
2024-09-11,TS-BLK-M,Delhi NCR,Marketplace,2,COD
2024-09-11,TS-BLK-M,Mumbai,Marketplace,1,Prepaid
2024-09-11,TS-BLK-M,Mumbai,Website,2,Prepaid
2024-09-11,TS-BLK-M,Mumbai,Website,2,COD
2024-09-11,TS-BLK-M,Mumbai,Marketplace,2,COD
2024-09-11,TS-BLK-M,Mumbai,Marketplace,2,Prepaid
2024-09-11,TS-BLK-M,Bangalore,Website,2,Prepaid
2024-09-11,TS-BLK-M,Bangalore,Marketplace,2,COD
2024-09-11,TS-BLK-L,Delhi NCR,Marketplace,2,Prepaid
2024-09-11,TS-BLK-L,Delhi NCR,Website,1,COD
2024-09-11,TS-BLK-L,Mumbai,Website,1,Prepaid
2024-09-11,TS-BLK-L,Mumbai,Marketplace,2,Prepaid
2024-09-11,TS-BLK-L,Bangalore,Marketplace,1,COD
2024-09-11,TS-BLK-L,Bangalore,Website,1,COD
2024-09-11,TS-BLK-L,Bangalore,Marketplace,1,Prepaid
2024-09-11,TS-BLK-L,Bangalore,Website,2,Prepaid
2024-09-11,TS-BLK-L,Bangalore,Website,1,Prepaid
2024-09-11,TS-WHT-M,Delhi NCR,Website,2,COD
2024-09-11,TS-WHT-M,Delhi NCR,Marketplace,2,COD
2024-09-11,TS-WHT-M,Delhi NCR,Website,2,COD
2024-09-11,TS-WHT-M,Mumbai,Marketplace,1,COD
2024-09-11,TS-WHT-M,Bangalore,Website,2,COD
2024-09-11,TS-WHT-M,Bangalore,Website,2,COD
2024-09-11,HD-BLK-M,Delhi NCR,Website,1,COD
2024-09-11,HD-BLK-M,Delhi NCR,Marketplace,1,COD
2024-09-11,HD-BLK-M,Delhi NCR,Website,2,COD
2024-09-11,HD-BLK-M,Delhi NCR,Marketplace,2,Prepaid
2024-09-11,HD-BLK-M,Delhi NCR,Marketplace,1,COD
2024-09-11,HD-BLK-M,Mumbai,Website,2,COD
2024-09-11,HD-BLK-M,Mumbai,Marketplace,2,Prepaid
2024-09-11,HD-BLK-M,Mumbai,Website,1,COD
2024-09-11,HD-BLK-M,Mumbai,Website,2,COD
2024-09-11,HD-BLK-M,Mumbai,Marketplace,2,COD
2024-09-11,HD-BLK-M,Bangalore,Website,2,COD
2024-09-11,HD-GRY-L,Delhi NCR,Website,1,Prepaid
2024-09-11,HD-GRY-L,Mumbai,Marketplace,1,Prepaid
2024-09-11,HD-GRY-L,Mumbai,Website,2,COD
2024-09-11,HD-GRY-L,Mumbai,Marketplace,1,COD
2024-09-11,HD-GRY-L,Mumbai,Marketplace,2,COD
2024-09-11,HD-GRY-L,Mumbai,Marketplace,2,Prepaid
2024-09-11,HD-GRY-L,Bangalore,Website,2,Prepaid
2024-09-11,HD-GRY-L,Bangalore,Marketplace,2,COD
2024-09-11,HD-GRY-L,Bangalore,Marketplace,1,COD
2024-09-11,HD-GRY-L,Bangalore,Website,1,COD
2024-09-11,HD-GRY-L,Bangalore,Website,2,Prepaid
2024-09-11,JK-DNM-M,Delhi NCR,Website,1,COD
2024-09-11,JK-DNM-M,Delhi NCR,Marketplace,1,COD
2024-09-11,JK-DNM-M,Delhi NCR,Website,2,Prepaid
2024-09-11,JK-DNM-M,Delhi NCR,Marketplace,1,COD
2024-09-11,JK-DNM-M,Delhi NCR,Website,2,Prepaid
2024-09-11,JK-DNM-M,Delhi NCR,Website,2,COD
2024-09-11,JK-DNM-M,Delhi NCR,Website,1,COD
2024-09-11,JK-DNM-M,Mumbai,Marketplace,1,COD
2024-09-11,JK-DNM-M,Mumbai,Website,1,Prepaid
2024-09-11,JK-DNM-M,Mumbai,Marketplace,2,COD
2024-09-11,JK-DNM-M,Mumbai,Marketplace,2,Prepaid
2024-09-11,JK-DNM-M,Mumbai,Marketplace,2,COD
2024-09-11,JK-DNM-M,Mumbai,Website,1,COD
2024-09-11,JK-DNM-M,Bangalore,Marketplace,1,Prepaid
2024-09-11,JK-DNM-M,Bangalore,Marketplace,2,Prepaid
2024-09-11,JK-DNM-M,Bangalore,Website,2,Prepaid
2024-09-11,CP-BLK,Delhi NCR,Website,2,COD
2024-09-11,CP-BLK,Delhi NCR,Website,2,COD
2024-09-11,CP-BLK,Delhi NCR,Website,1,Prepaid
2024-09-11,CP-BLK,Delhi NCR,Website,2,COD
2024-09-11,CP-BLK,Mumbai,Website,1,Prepaid
2024-09-11,CP-BLK,Mumbai,Marketplace,2,Prepaid
2024-09-11,CP-BLK,Mumbai,Marketplace,1,COD
2024-09-11,CP-BLK,Bangalore,Website,1,Prepaid
2024-09-11,CP-BLK,Bangalore,Marketplace,2,COD
2024-09-11,CP-BLK,Bangalore,Website,2,COD
2024-09-11,CP-BLK,Bangalore,Website,1,COD
2024-09-12,TS-BLK-S,Delhi NCR,Marketplace,1,COD
2024-09-12,TS-BLK-S,Delhi NCR,Marketplace,2,Prepaid
2024-09-12,TS-BLK-S,Delhi NCR,Website,2,COD
2024-09-12,TS-BLK-S,Delhi NCR,Marketplace,2,Prepaid
2024-09-12,TS-BLK-S,Delhi NCR,Marketplace,1,Prepaid
2024-09-12,TS-BLK-S,Mumbai,Marketplace,1,COD
2024-09-12,TS-BLK-S,Bangalore,Marketplace,1,COD
2024-09-12,TS-BLK-S,Bangalore,Website,1,COD
2024-09-12,TS-BLK-S,Bangalore,Website,2,COD
2024-09-12,TS-BLK-S,Bangalore,Marketplace,1,Prepaid
2024-09-12,TS-BLK-S,Bangalore,Website,1,COD
2024-09-12,TS-BLK-M,Delhi NCR,Website,2,COD
2024-09-12,TS-BLK-M,Delhi NCR,Marketplace,1,COD
2024-09-12,TS-BLK-M,Delhi NCR,Marketplace,2,COD
2024-09-12,TS-BLK-M,Delhi NCR,Website,2,COD
2024-09-12,TS-BLK-M,Mumbai,Marketplace,2,Prepaid
2024-09-12,TS-BLK-M,Mumbai,Marketplace,1,COD
2024-09-12,TS-BLK-M,Mumbai,Marketplace,2,COD
2024-09-12,TS-BLK-M,Mumbai,Marketplace,1,Prepaid
2024-09-12,TS-BLK-M,Mumbai,Marketplace,1,COD
2024-09-12,TS-BLK-M,Bangalore,Marketplace,1,Prepaid
2024-09-12,TS-BLK-M,Bangalore,Website,1,COD
2024-09-12,TS-BLK-M,Bangalore,Marketplace,1,COD
2024-09-12,TS-BLK-M,Bangalore,Marketplace,2,COD
2024-09-12,TS-BLK-M,Bangalore,Marketplace,2,Prepaid
2024-09-12,TS-BLK-L,Delhi NCR,Marketplace,2,Prepaid
2024-09-12,TS-BLK-L,Delhi NCR,Marketplace,2,COD
2024-09-12,TS-BLK-L,Mumbai,Website,1,COD
2024-09-12,TS-BLK-L,Mumbai,Website,2,Prepaid
2024-09-12,TS-BLK-L,Mumbai,Marketplace,1,COD
2024-09-12,TS-BLK-L,Bangalore,Website,2,COD
2024-09-12,TS-WHT-M,Delhi NCR,Website,1,COD
2024-09-12,TS-WHT-M,Delhi NCR,Website,2,Prepaid
2024-09-12,TS-WHT-M,Delhi NCR,Marketplace,1,COD
2024-09-12,TS-WHT-M,Delhi NCR,Website,2,Prepaid
2024-09-12,TS-WHT-M,Delhi NCR,Marketplace,2,COD
2024-09-12,TS-WHT-M,Mumbai,Website,2,Prepaid
2024-09-12,TS-WHT-M,Bangalore,Website,2,Prepaid
2024-09-12,HD-BLK-M,Delhi NCR,Marketplace,2,COD
2024-09-12,HD-BLK-M,Delhi NCR,Website,2,COD
2024-09-12,HD-BLK-M,Delhi NCR,Website,2,Prepaid
2024-09-12,HD-BLK-M,Delhi NCR,Marketplace,1,Prepaid
2024-09-12,HD-BLK-M,Delhi NCR,Marketplace,1,Prepaid
2024-09-12,HD-BLK-M,Mumbai,Marketplace,2,Prepaid
2024-09-12,HD-BLK-M,Mumbai,Website,2,COD
2024-09-12,HD-BLK-M,Mumbai,Marketplace,2,COD
2024-09-12,HD-BLK-M,Mumbai,Marketplace,2,Prepaid
2024-09-12,HD-BLK-M,Bangalore,Website,1,COD
2024-09-12,HD-BLK-M,Bangalore,Marketplace,2,COD
2024-09-12,HD-BLK-M,Bangalore,Website,1,Prepaid
2024-09-12,HD-BLK-M,Bangalore,Website,1,COD
2024-09-12,HD-GRY-L,Delhi NCR,Website,2,COD
2024-09-12,HD-GRY-L,Delhi NCR,Website,1,COD
2024-09-12,HD-GRY-L,Delhi NCR,Marketplace,2,COD
2024-09-12,HD-GRY-L,Delhi NCR,Website,1,COD
2024-09-12,HD-GRY-L,Mumbai,Website,2,COD
2024-09-12,HD-GRY-L,Mumbai,Website,2,COD
2024-09-12,HD-GRY-L,Bangalore,Website,1,Prepaid
2024-09-12,JK-DNM-M,Delhi NCR,Marketplace,1,COD
2024-09-12,JK-DNM-M,Delhi NCR,Website,2,COD
2024-09-12,JK-DNM-M,Mumbai,Marketplace,1,COD
2024-09-12,JK-DNM-M,Mumbai,Marketplace,2,COD
2024-09-12,JK-DNM-M,Mumbai,Website,2,Prepaid
2024-09-12,JK-DNM-M,Mumbai,Marketplace,2,COD
2024-09-12,JK-DNM-M,Mumbai,Marketplace,1,COD
2024-09-12,JK-DNM-M,Mumbai,Website,2,Prepaid
2024-09-12,JK-DNM-M,Bangalore,Website,1,Prepaid
2024-09-12,JK-DNM-M,Bangalore,Website,1,COD
2024-09-12,JK-DNM-M,Bangalore,Website,1,COD
2024-09-12,JK-DNM-M,Bangalore,Marketplace,2,COD
2024-09-12,CP-BLK,Delhi NCR,Website,2,COD
2024-09-12,CP-BLK,Delhi NCR,Website,1,Prepaid
2024-09-12,CP-BLK,Mumbai,Website,2,COD
2024-09-12,CP-BLK,Mumbai,Marketplace,1,COD
2024-09-12,CP-BLK,Bangalore,Website,1,COD
2024-09-13,TS-BLK-S,Delhi NCR,Marketplace,1,COD
2024-09-13,TS-BLK-S,Delhi NCR,Marketplace,1,Prepaid
2024-09-13,TS-BLK-S,Mumbai,Marketplace,2,Prepaid
2024-09-13,TS-BLK-S,Bangalore,Marketplace,2,COD
2024-09-13,TS-BLK-M,Delhi NCR,Website,2,COD
2024-09-13,TS-BLK-M,Delhi NCR,Website,1,Prepaid
2024-09-13,TS-BLK-M,Delhi NCR,Website,1,Prepaid
2024-09-13,TS-BLK-M,Mumbai,Marketplace,1,COD
2024-09-13,TS-BLK-M,Mumbai,Website,1,COD
2024-09-13,TS-BLK-M,Bangalore,Marketplace,2,COD
2024-09-13,TS-BLK-M,Bangalore,Marketplace,2,COD
2024-09-13,TS-BLK-M,Bangalore,Marketplace,2,COD
2024-09-13,TS-BLK-M,Bangalore,Website,2,COD
2024-09-13,TS-BLK-L,Delhi NCR,Marketplace,2,Prepaid
2024-09-13,TS-BLK-L,Delhi NCR,Marketplace,2,COD
2024-09-13,TS-BLK-L,Delhi NCR,Marketplace,2,COD
2024-09-13,TS-BLK-L,Delhi NCR,Marketplace,2,Prepaid
2024-09-13,TS-BLK-L,Mumbai,Website,2,COD
2024-09-13,TS-BLK-L,Mumbai,Website,1,Prepaid
2024-09-13,TS-BLK-L,Mumbai,Marketplace,1,Prepaid
2024-09-13,TS-BLK-L,Mumbai,Website,2,COD
2024-09-13,TS-BLK-L,Bangalore,Marketplace,1,COD
2024-09-13,TS-WHT-M,Delhi NCR,Website,1,COD
2024-09-13,TS-WHT-M,Delhi NCR,Website,1,Prepaid
2024-09-13,TS-WHT-M,Delhi NCR,Marketplace,1,COD
2024-09-13,TS-WHT-M,Mumbai,Marketplace,2,COD
2024-09-13,TS-WHT-M,Mumbai,Marketplace,1,COD
2024-09-13,TS-WHT-M,Mumbai,Marketplace,1,COD
2024-09-13,TS-WHT-M,Bangalore,Website,2,COD
2024-09-13,TS-WHT-M,Bangalore,Marketplace,1,COD
2024-09-13,TS-WHT-M,Bangalore,Marketplace,2,COD
2024-09-13,TS-WHT-M,Bangalore,Marketplace,1,Prepaid
2024-09-13,HD-BLK-M,Delhi NCR,Website,1,COD
2024-09-13,HD-BLK-M,Delhi NCR,Website,2,COD
2024-09-13,HD-BLK-M,Delhi NCR,Website,2,Prepaid
2024-09-13,HD-BLK-M,Delhi NCR,Website,1,COD
2024-09-13,HD-BLK-M,Mumbai,Website,2,COD
2024-09-13,HD-BLK-M,Mumbai,Marketplace,1,Prepaid
2024-09-13,HD-BLK-M,Mumbai,Marketplace,1,COD
2024-09-13,HD-BLK-M,Mumbai,Marketplace,1,COD
2024-09-13,HD-BLK-M,Mumbai,Website,1,Prepaid
2024-09-13,HD-BLK-M,Bangalore,Marketplace,2,Prepaid
2024-09-13,HD-BLK-M,Bangalore,Website,1,COD
2024-09-13,HD-BLK-M,Bangalore,Website,1,COD
2024-09-13,HD-GRY-L,Delhi NCR,Website,1,Prepaid
2024-09-13,HD-GRY-L,Delhi NCR,Website,2,Prepaid
2024-09-13,HD-GRY-L,Delhi NCR,Marketplace,2,Prepaid
2024-09-13,HD-GRY-L,Delhi NCR,Website,2,Prepaid
2024-09-13,HD-GRY-L,Delhi NCR,Marketplace,2,COD
2024-09-13,HD-GRY-L,Mumbai,Marketplace,2,Prepaid
2024-09-13,HD-GRY-L,Mumbai,Website,2,Prepaid
2024-09-13,HD-GRY-L,Mumbai,Website,2,Prepaid
2024-09-13,HD-GRY-L,Mumbai,Website,2,Prepaid
2024-09-13,HD-GRY-L,Mumbai,Website,2,COD
2024-09-13,HD-GRY-L,Bangalore,Website,2,COD
2024-09-13,HD-GRY-L,Bangalore,Marketplace,2,COD
2024-09-13,HD-GRY-L,Bangalore,Marketplace,2,Prepaid
2024-09-13,JK-DNM-M,Delhi NCR,Website,2,COD
2024-09-13,JK-DNM-M,Mumbai,Website,2,Prepaid
2024-09-13,JK-DNM-M,Mumbai,Marketplace,2,Prepaid
2024-09-13,JK-DNM-M,Mumbai,Website,2,Prepaid
2024-09-13,JK-DNM-M,Mumbai,Marketplace,1,Prepaid
2024-09-13,JK-DNM-M,Bangalore,Marketplace,1,COD
2024-09-13,JK-DNM-M,Bangalore,Website,2,COD
2024-09-13,JK-DNM-M,Bangalore,Marketplace,1,COD
2024-09-13,JK-DNM-M,Bangalore,Website,2,COD
2024-09-13,CP-BLK,Delhi NCR,Website,2,COD
2024-09-13,CP-BLK,Delhi NCR,Marketplace,2,Prepaid
2024-09-13,CP-BLK,Delhi NCR,Website,2,COD
2024-09-13,CP-BLK,Delhi NCR,Marketplace,2,COD
2024-09-13,CP-BLK,Mumbai,Website,1,Prepaid
2024-09-13,CP-BLK,Mumbai,Website,1,Prepaid
2024-09-13,CP-BLK,Mumbai,Marketplace,1,COD
2024-09-13,CP-BLK,Mumbai,Marketplace,1,Prepaid
2024-09-13,CP-BLK,Bangalore,Marketplace,1,COD
2024-09-13,CP-BLK,Bangalore,Marketplace,2,Prepaid
2024-09-13,CP-BLK,Bangalore,Marketplace,1,COD
2024-09-13,CP-BLK,Bangalore,Website,2,Prepaid
2024-09-13,CP-BLK,Bangalore,Website,1,COD
2024-09-14,TS-BLK-S,Delhi NCR,Website,1,COD
2024-09-14,TS-BLK-S,Delhi NCR,Website,1,COD
2024-09-14,TS-BLK-S,Delhi NCR,Marketplace,1,COD
2024-09-14,TS-BLK-S,Delhi NCR,Website,1,Prepaid
2024-09-14,TS-BLK-S,Mumbai,Marketplace,2,COD
2024-09-14,TS-BLK-S,Mumbai,Marketplace,2,COD
2024-09-14,TS-BLK-S,Mumbai,Marketplace,1,COD
2024-09-14,TS-BLK-S,Bangalore,Marketplace,2,Prepaid
2024-09-14,TS-BLK-S,Bangalore,Marketplace,1,COD
2024-09-14,TS-BLK-S,Bangalore,Website,1,COD
2024-09-14,TS-BLK-M,Delhi NCR,Website,2,Prepaid
2024-09-14,TS-BLK-M,Delhi NCR,Marketplace,1,COD
2024-09-14,TS-BLK-M,Delhi NCR,Marketplace,1,Prepaid
2024-09-14,TS-BLK-M,Delhi NCR,Marketplace,1,COD
2024-09-14,TS-BLK-M,Mumbai,Website,1,COD
2024-09-14,TS-BLK-M,Mumbai,Website,1,Prepaid
2024-09-14,TS-BLK-M,Bangalore,Website,2,Prepaid
2024-09-14,TS-BLK-M,Bangalore,Website,1,COD
2024-09-14,TS-BLK-M,Bangalore,Marketplace,2,Prepaid
2024-09-14,TS-BLK-M,Bangalore,Website,2,COD
2024-09-14,TS-BLK-L,Delhi NCR,Marketplace,2,COD
2024-09-14,TS-BLK-L,Mumbai,Marketplace,2,COD
2024-09-14,TS-BLK-L,Mumbai,Marketplace,2,Prepaid
2024-09-14,TS-BLK-L,Mumbai,Website,1,COD
2024-09-14,TS-BLK-L,Mumbai,Marketplace,2,COD
2024-09-14,TS-BLK-L,Bangalore,Marketplace,1,COD
2024-09-14,TS-BLK-L,Bangalore,Marketplace,1,Prepaid
2024-09-14,TS-WHT-M,Delhi NCR,Marketplace,1,COD
2024-09-14,TS-WHT-M,Delhi NCR,Marketplace,2,COD
2024-09-14,TS-WHT-M,Delhi NCR,Marketplace,2,COD
2024-09-14,TS-WHT-M,Delhi NCR,Website,2,COD
2024-09-14,TS-WHT-M,Delhi NCR,Website,1,COD
2024-09-14,TS-WHT-M,Mumbai,Website,2,Prepaid
2024-09-14,TS-WHT-M,Mumbai,Website,1,Prepaid
2024-09-14,TS-WHT-M,Bangalore,Marketplace,2,COD
2024-09-14,TS-WHT-M,Bangalore,Marketplace,1,Prepaid
2024-09-14,HD-BLK-M,Delhi NCR,Website,1,Prepaid
2024-09-14,HD-BLK-M,Delhi NCR,Marketplace,1,Prepaid
2024-09-14,HD-BLK-M,Mumbai,Website,1,COD
2024-09-14,HD-BLK-M,Bangalore,Marketplace,1,COD
2024-09-14,HD-BLK-M,Bangalore,Marketplace,2,Prepaid
2024-09-14,HD-BLK-M,Bangalore,Website,1,Prepaid
2024-09-14,HD-GRY-L,Delhi NCR,Marketplace,2,Prepaid
2024-09-14,HD-GRY-L,Delhi NCR,Website,2,Prepaid
2024-09-14,HD-GRY-L,Delhi NCR,Website,2,Prepaid
2024-09-14,HD-GRY-L,Delhi NCR,Marketplace,2,Prepaid
2024-09-14,HD-GRY-L,Mumbai,Website,1,Prepaid
2024-09-14,HD-GRY-L,Mumbai,Marketplace,2,Prepaid
2024-09-14,HD-GRY-L,Mumbai,Marketplace,2,COD
2024-09-14,HD-GRY-L,Mumbai,Website,1,Prepaid
2024-09-14,HD-GRY-L,Bangalore,Website,1,COD
2024-09-14,HD-GRY-L,Bangalore,Website,2,COD
2024-09-14,HD-GRY-L,Bangalore,Marketplace,2,COD
2024-09-14,JK-DNM-M,Delhi NCR,Website,1,COD
2024-09-14,JK-DNM-M,Delhi NCR,Website,1,COD
2024-09-14,JK-DNM-M,Delhi NCR,Marketplace,2,COD
2024-09-14,JK-DNM-M,Delhi NCR,Marketplace,2,COD
2024-09-14,JK-DNM-M,Mumbai,Marketplace,2,COD
2024-09-14,JK-DNM-M,Mumbai,Website,1,Prepaid
2024-09-14,JK-DNM-M,Mumbai,Website,2,Prepaid
2024-09-14,JK-DNM-M,Mumbai,Marketplace,2,COD
2024-09-14,JK-DNM-M,Bangalore,Marketplace,2,Prepaid
2024-09-14,JK-DNM-M,Bangalore,Marketplace,2,Prepaid
2024-09-14,JK-DNM-M,Bangalore,Marketplace,2,Prepaid
2024-09-14,JK-DNM-M,Bangalore,Marketplace,1,Prepaid
2024-09-14,JK-DNM-M,Bangalore,Marketplace,1,COD
2024-09-14,CP-BLK,Delhi NCR,Marketplace,1,COD
2024-09-14,CP-BLK,Delhi NCR,Website,1,COD
2024-09-14,CP-BLK,Delhi NCR,Marketplace,2,Prepaid
2024-09-14,CP-BLK,Delhi NCR,Website,2,Prepaid
2024-09-14,CP-BLK,Delhi NCR,Marketplace,2,Prepaid
2024-09-14,CP-BLK,Mumbai,Website,1,COD
2024-09-14,CP-BLK,Mumbai,Marketplace,1,COD
2024-09-14,CP-BLK,Mumbai,Website,2,Prepaid
2024-09-14,CP-BLK,Mumbai,Marketplace,2,Prepaid
2024-09-14,CP-BLK,Bangalore,Website,2,Prepaid
2024-09-14,CP-BLK,Bangalore,Marketplace,2,Prepaid
2024-09-14,CP-BLK,Bangalore,Marketplace,2,Prepaid
2024-09-14,CP-BLK,Bangalore,Website,1,Prepaid
2024-09-14,CP-BLK,Bangalore,Website,1,Prepaid
2024-09-15,TS-BLK-S,Delhi NCR,Marketplace,1,Prepaid
2024-09-15,TS-BLK-S,Mumbai,Marketplace,1,Prepaid
2024-09-15,TS-BLK-S,Mumbai,Website,1,Prepaid
2024-09-15,TS-BLK-S,Mumbai,Website,2,COD
2024-09-15,TS-BLK-S,Bangalore,Website,2,Prepaid
2024-09-15,TS-BLK-S,Bangalore,Marketplace,1,Prepaid
2024-09-15,TS-BLK-M,Delhi NCR,Website,1,Prepaid
2024-09-15,TS-BLK-M,Delhi NCR,Website,1,Prepaid
2024-09-15,TS-BLK-M,Delhi NCR,Marketplace,2,COD
2024-09-15,TS-BLK-M,Delhi NCR,Marketplace,2,COD
2024-09-15,TS-BLK-M,Delhi NCR,Website,2,COD
2024-09-15,TS-BLK-M,Mumbai,Marketplace,1,COD
2024-09-15,TS-BLK-M,Mumbai,Marketplace,1,COD
2024-09-15,TS-BLK-M,Mumbai,Website,1,Prepaid
2024-09-15,TS-BLK-M,Mumbai,Marketplace,2,COD
2024-09-15,TS-BLK-M,Mumbai,Marketplace,1,COD
2024-09-15,TS-BLK-M,Bangalore,Website,1,Prepaid
2024-09-15,TS-BLK-M,Bangalore,Website,1,Prepaid
2024-09-15,TS-BLK-L,Delhi NCR,Website,1,COD
2024-09-15,TS-BLK-L,Delhi NCR,Website,1,COD
2024-09-15,TS-BLK-L,Delhi NCR,Website,1,Prepaid
2024-09-15,TS-BLK-L,Delhi NCR,Website,1,COD
2024-09-15,TS-BLK-L,Delhi NCR,Marketplace,1,Prepaid
2024-09-15,TS-BLK-L,Mumbai,Website,1,COD
2024-09-15,TS-BLK-L,Mumbai,Website,2,Prepaid
2024-09-15,TS-BLK-L,Mumbai,Marketplace,2,COD
2024-09-15,TS-BLK-L,Mumbai,Website,2,COD
2024-09-15,TS-BLK-L,Bangalore,Marketplace,2,COD
2024-09-15,TS-BLK-L,Bangalore,Marketplace,2,COD
2024-09-15,TS-BLK-L,Bangalore,Marketplace,1,COD
2024-09-15,TS-BLK-L,Bangalore,Website,1,COD
2024-09-15,TS-WHT-M,Delhi NCR,Marketplace,2,Prepaid
2024-09-15,TS-WHT-M,Mumbai,Marketplace,1,Prepaid
2024-09-15,TS-WHT-M,Mumbai,Marketplace,1,Prepaid
2024-09-15,TS-WHT-M,Mumbai,Marketplace,1,Prepaid
2024-09-15,TS-WHT-M,Mumbai,Website,2,Prepaid
2024-09-15,TS-WHT-M,Mumbai,Website,2,Prepaid
2024-09-15,TS-WHT-M,Bangalore,Marketplace,2,COD
2024-09-15,TS-WHT-M,Bangalore,Marketplace,2,COD
2024-09-15,TS-WHT-M,Bangalore,Marketplace,2,COD
2024-09-15,TS-WHT-M,Bangalore,Website,1,Prepaid
2024-09-15,TS-WHT-M,Bangalore,Marketplace,2,COD
2024-09-15,HD-BLK-M,Delhi NCR,Marketplace,1,COD
2024-09-15,HD-BLK-M,Mumbai,Marketplace,2,COD
2024-09-15,HD-BLK-M,Mumbai,Website,2,Prepaid
2024-09-15,HD-BLK-M,Bangalore,Website,2,COD
2024-09-15,HD-GRY-L,Delhi NCR,Marketplace,1,COD
2024-09-15,HD-GRY-L,Delhi NCR,Marketplace,2,Prepaid
2024-09-15,HD-GRY-L,Mumbai,Website,1,COD
2024-09-15,HD-GRY-L,Mumbai,Marketplace,1,Prepaid
2024-09-15,HD-GRY-L,Mumbai,Marketplace,2,COD
2024-09-15,HD-GRY-L,Mumbai,Website,2,COD
2024-09-15,HD-GRY-L,Mumbai,Marketplace,2,COD
2024-09-15,HD-GRY-L,Bangalore,Marketplace,2,COD
2024-09-15,JK-DNM-M,Delhi NCR,Website,2,COD
2024-09-15,JK-DNM-M,Delhi NCR,Website,2,COD
2024-09-15,JK-DNM-M,Mumbai,Marketplace,2,Prepaid
2024-09-15,JK-DNM-M,Mumbai,Marketplace,2,Prepaid
2024-09-15,JK-DNM-M,Mumbai,Marketplace,1,Prepaid
2024-09-15,JK-DNM-M,Mumbai,Marketplace,1,Prepaid
2024-09-15,JK-DNM-M,Bangalore,Marketplace,1,Prepaid
2024-09-15,JK-DNM-M,Bangalore,Website,2,COD
2024-09-15,JK-DNM-M,Bangalore,Marketplace,1,COD
2024-09-15,CP-BLK,Delhi NCR,Website,1,Prepaid
2024-09-15,CP-BLK,Delhi NCR,Website,2,COD
2024-09-15,CP-BLK,Delhi NCR,Marketplace,2,Prepaid
2024-09-15,CP-BLK,Delhi NCR,Marketplace,2,COD
2024-09-15,CP-BLK,Mumbai,Website,2,Prepaid
2024-09-15,CP-BLK,Mumbai,Website,2,COD
2024-09-15,CP-BLK,Mumbai,Website,2,Prepaid
2024-09-15,CP-BLK,Bangalore,Website,2,COD
2024-09-15,CP-BLK,Bangalore,Marketplace,2,COD
2024-09-15,CP-BLK,Bangalore,Website,1,Prepaid
2024-09-15,CP-BLK,Bangalore,Website,2,COD
2024-09-16,TS-BLK-S,Delhi NCR,Website,2,COD
2024-09-16,TS-BLK-S,Delhi NCR,Website,2,COD
2024-09-16,TS-BLK-S,Delhi NCR,Marketplace,1,Prepaid
2024-09-16,TS-BLK-S,Delhi NCR,Marketplace,2,COD
2024-09-16,TS-BLK-S,Mumbai,Website,1,COD
2024-09-16,TS-BLK-S,Mumbai,Website,1,COD
2024-09-16,TS-BLK-S,Mumbai,Marketplace,1,Prepaid
2024-09-16,TS-BLK-S,Bangalore,Marketplace,2,COD
2024-09-16,TS-BLK-S,Bangalore,Marketplace,1,COD
2024-09-16,TS-BLK-S,Bangalore,Website,1,COD
2024-09-16,TS-BLK-M,Delhi NCR,Marketplace,1,Prepaid
2024-09-16,TS-BLK-M,Delhi NCR,Website,1,COD
2024-09-16,TS-BLK-M,Mumbai,Marketplace,2,Prepaid
2024-09-16,TS-BLK-M,Mumbai,Website,1,Prepaid
2024-09-16,TS-BLK-M,Bangalore,Website,1,Prepaid
2024-09-16,TS-BLK-L,Delhi NCR,Marketplace,1,COD
2024-09-16,TS-BLK-L,Delhi NCR,Marketplace,1,COD
2024-09-16,TS-BLK-L,Delhi NCR,Website,1,COD
2024-09-16,TS-BLK-L,Mumbai,Website,1,COD
2024-09-16,TS-BLK-L,Bangalore,Website,1,COD
2024-09-16,TS-WHT-M,Delhi NCR,Website,2,COD
2024-09-16,TS-WHT-M,Delhi NCR,Marketplace,2,COD
2024-09-16,TS-WHT-M,Delhi NCR,Website,1,Prepaid
2024-09-16,TS-WHT-M,Mumbai,Website,1,Prepaid
2024-09-16,TS-WHT-M,Mumbai,Website,2,COD
2024-09-16,TS-WHT-M,Mumbai,Marketplace,2,COD
2024-09-16,TS-WHT-M,Mumbai,Website,1,COD
2024-09-16,TS-WHT-M,Bangalore,Website,2,COD
2024-09-16,TS-WHT-M,Bangalore,Website,2,Prepaid
2024-09-16,TS-WHT-M,Bangalore,Website,1,COD
2024-09-16,TS-WHT-M,Bangalore,Website,2,Prepaid
2024-09-16,TS-WHT-M,Bangalore,Marketplace,2,COD
2024-09-16,HD-BLK-M,Delhi NCR,Website,1,Prepaid
2024-09-16,HD-BLK-M,Delhi NCR,Website,2,Prepaid
2024-09-16,HD-BLK-M,Delhi NCR,Website,2,COD
2024-09-16,HD-BLK-M,Mumbai,Marketplace,2,COD
2024-09-16,HD-BLK-M,Mumbai,Website,1,COD
2024-09-16,HD-BLK-M,Bangalore,Marketplace,2,Prepaid
2024-09-16,HD-BLK-M,Bangalore,Marketplace,1,COD
2024-09-16,HD-BLK-M,Bangalore,Marketplace,2,Prepaid
2024-09-16,HD-BLK-M,Bangalore,Website,1,COD
2024-09-16,HD-GRY-L,Delhi NCR,Marketplace,2,COD
2024-09-16,HD-GRY-L,Delhi NCR,Marketplace,1,COD
2024-09-16,HD-GRY-L,Delhi NCR,Website,1,COD
2024-09-16,HD-GRY-L,Delhi NCR,Website,2,COD
2024-09-16,HD-GRY-L,Delhi NCR,Website,1,COD
2024-09-16,HD-GRY-L,Mumbai,Marketplace,1,COD
2024-09-16,HD-GRY-L,Mumbai,Marketplace,2,Prepaid
2024-09-16,HD-GRY-L,Bangalore,Website,1,COD
2024-09-16,HD-GRY-L,Bangalore,Marketplace,2,COD
2024-09-16,HD-GRY-L,Bangalore,Website,2,Prepaid
2024-09-16,HD-GRY-L,Bangalore,Website,2,COD
2024-09-16,HD-GRY-L,Bangalore,Marketplace,2,COD
2024-09-16,JK-DNM-M,Delhi NCR,Marketplace,2,COD
2024-09-16,JK-DNM-M,Delhi NCR,Marketplace,1,Prepaid
2024-09-16,JK-DNM-M,Delhi NCR,Marketplace,2,COD
2024-09-16,JK-DNM-M,Delhi NCR,Website,2,Prepaid
2024-09-16,JK-DNM-M,Mumbai,Marketplace,2,COD
2024-09-16,JK-DNM-M,Mumbai,Website,2,Prepaid
2024-09-16,JK-DNM-M,Mumbai,Website,1,COD
2024-09-16,JK-DNM-M,Mumbai,Website,1,COD
2024-09-16,JK-DNM-M,Mumbai,Marketplace,1,COD
2024-09-16,JK-DNM-M,Bangalore,Website,2,Prepaid
2024-09-16,JK-DNM-M,Bangalore,Marketplace,1,Prepaid
2024-09-16,JK-DNM-M,Bangalore,Website,1,COD
2024-09-16,CP-BLK,Delhi NCR,Website,2,COD
2024-09-16,CP-BLK,Delhi NCR,Website,2,COD
2024-09-16,CP-BLK,Mumbai,Marketplace,1,Prepaid
2024-09-16,CP-BLK,Mumbai,Marketplace,1,Prepaid
2024-09-16,CP-BLK,Mumbai,Marketplace,2,COD
2024-09-16,CP-BLK,Bangalore,Website,1,COD
2024-09-16,CP-BLK,Bangalore,Website,1,Prepaid
2024-09-16,CP-BLK,Bangalore,Marketplace,2,COD
2024-09-16,CP-BLK,Bangalore,Marketplace,2,Prepaid
2024-09-16,CP-BLK,Bangalore,Website,2,Prepaid
2024-09-17,TS-BLK-S,Delhi NCR,Marketplace,1,COD
2024-09-17,TS-BLK-S,Mumbai,Website,1,COD
2024-09-17,TS-BLK-S,Mumbai,Marketplace,1,COD
2024-09-17,TS-BLK-S,Mumbai,Marketplace,2,COD
2024-09-17,TS-BLK-S,Bangalore,Website,1,COD
2024-09-17,TS-BLK-S,Bangalore,Marketplace,2,Prepaid
2024-09-17,TS-BLK-M,Delhi NCR,Marketplace,1,COD
2024-09-17,TS-BLK-M,Delhi NCR,Marketplace,1,COD
2024-09-17,TS-BLK-M,Delhi NCR,Marketplace,1,COD
2024-09-17,TS-BLK-M,Delhi NCR,Marketplace,1,Prepaid
2024-09-17,TS-BLK-M,Delhi NCR,Marketplace,1,COD
2024-09-17,TS-BLK-M,Mumbai,Marketplace,1,Prepaid
2024-09-17,TS-BLK-M,Bangalore,Marketplace,2,Prepaid
2024-09-17,TS-BLK-M,Bangalore,Marketplace,1,COD
2024-09-17,TS-BLK-M,Bangalore,Marketplace,1,COD
2024-09-17,TS-BLK-M,Bangalore,Website,1,COD
2024-09-17,TS-BLK-M,Bangalore,Website,1,COD
2024-09-17,TS-BLK-L,Delhi NCR,Website,1,COD
2024-09-17,TS-BLK-L,Mumbai,Website,1,Prepaid
2024-09-17,TS-BLK-L,Mumbai,Marketplace,1,Prepaid
2024-09-17,TS-BLK-L,Mumbai,Website,2,COD
2024-09-17,TS-BLK-L,Mumbai,Marketplace,2,COD
2024-09-17,TS-BLK-L,Bangalore,Marketplace,2,COD
2024-09-17,TS-BLK-L,Bangalore,Website,2,COD
2024-09-17,TS-WHT-M,Delhi NCR,Marketplace,1,Prepaid
2024-09-17,TS-WHT-M,Delhi NCR,Marketplace,1,COD
2024-09-17,TS-WHT-M,Delhi NCR,Website,1,Prepaid
2024-09-17,TS-WHT-M,Delhi NCR,Marketplace,1,COD
2024-09-17,TS-WHT-M,Delhi NCR,Website,2,COD
2024-09-17,TS-WHT-M,Mumbai,Website,2,COD
2024-09-17,TS-WHT-M,Mumbai,Website,2,Prepaid
2024-09-17,TS-WHT-M,Mumbai,Website,1,COD
2024-09-17,TS-WHT-M,Bangalore,Website,2,Prepaid
2024-09-17,TS-WHT-M,Bangalore,Website,2,Prepaid
2024-09-17,TS-WHT-M,Bangalore,Website,1,COD
2024-09-17,TS-WHT-M,Bangalore,Website,2,COD
2024-09-17,TS-WHT-M,Bangalore,Website,1,COD
2024-09-17,HD-BLK-M,Delhi NCR,Website,2,COD
2024-09-17,HD-BLK-M,Delhi NCR,Marketplace,1,COD
2024-09-17,HD-BLK-M,Delhi NCR,Marketplace,2,COD
2024-09-17,HD-BLK-M,Mumbai,Website,1,COD
2024-09-17,HD-BLK-M,Mumbai,Website,1,Prepaid
2024-09-17,HD-BLK-M,Mumbai,Marketplace,2,Prepaid
2024-09-17,HD-BLK-M,Bangalore,Marketplace,1,COD
2024-09-17,HD-BLK-M,Bangalore,Website,2,COD
2024-09-17,HD-BLK-M,Bangalore,Website,1,Prepaid
2024-09-17,HD-BLK-M,Bangalore,Website,2,Prepaid
2024-09-17,HD-GRY-L,Delhi NCR,Marketplace,2,COD
2024-09-17,HD-GRY-L,Delhi NCR,Marketplace,2,COD
2024-09-17,HD-GRY-L,Delhi NCR,Marketplace,1,COD
2024-09-17,HD-GRY-L,Mumbai,Website,1,COD
2024-09-17,HD-GRY-L,Bangalore,Marketplace,2,COD
2024-09-17,JK-DNM-M,Delhi NCR,Website,2,Prepaid
2024-09-17,JK-DNM-M,Delhi NCR,Website,2,COD
2024-09-17,JK-DNM-M,Delhi NCR,Website,1,COD
2024-09-17,JK-DNM-M,Mumbai,Website,1,Prepaid
2024-09-17,JK-DNM-M,Mumbai,Marketplace,1,COD
2024-09-17,JK-DNM-M,Mumbai,Website,2,COD
2024-09-17,JK-DNM-M,Mumbai,Website,1,COD
2024-09-17,JK-DNM-M,Bangalore,Website,2,COD
2024-09-17,JK-DNM-M,Bangalore,Marketplace,1,COD
2024-09-17,JK-DNM-M,Bangalore,Marketplace,1,COD
2024-09-17,CP-BLK,Delhi NCR,Website,2,COD
2024-09-17,CP-BLK,Delhi NCR,Website,2,COD
2024-09-17,CP-BLK,Delhi NCR,Marketplace,1,Prepaid
2024-09-17,CP-BLK,Mumbai,Website,2,Prepaid
2024-09-17,CP-BLK,Mumbai,Marketplace,1,COD
2024-09-17,CP-BLK,Mumbai,Website,1,Prepaid
2024-09-17,CP-BLK,Mumbai,Marketplace,1,Prepaid
2024-09-17,CP-BLK,Mumbai,Website,1,Prepaid
2024-09-17,CP-BLK,Bangalore,Marketplace,2,COD
2024-09-17,CP-BLK,Bangalore,Website,2,Prepaid
2024-09-17,CP-BLK,Bangalore,Marketplace,2,Prepaid
2024-09-17,CP-BLK,Bangalore,Marketplace,2,COD
2024-09-18,TS-BLK-S,Delhi NCR,Website,2,Prepaid
2024-09-18,TS-BLK-S,Delhi NCR,Website,2,COD
2024-09-18,TS-BLK-S,Delhi NCR,Website,1,COD
2024-09-18,TS-BLK-S,Delhi NCR,Website,1,Prepaid
2024-09-18,TS-BLK-S,Mumbai,Marketplace,1,Prepaid
2024-09-18,TS-BLK-S,Mumbai,Website,2,Prepaid
2024-09-18,TS-BLK-S,Bangalore,Website,2,COD
2024-09-18,TS-BLK-S,Bangalore,Website,1,COD
2024-09-18,TS-BLK-S,Bangalore,Website,2,COD
2024-09-18,TS-BLK-S,Bangalore,Marketplace,1,COD
2024-09-18,TS-BLK-S,Bangalore,Website,2,Prepaid
2024-09-18,TS-BLK-M,Delhi NCR,Website,2,Prepaid
2024-09-18,TS-BLK-M,Delhi NCR,Marketplace,2,COD
2024-09-18,TS-BLK-M,Delhi NCR,Marketplace,2,Prepaid
2024-09-18,TS-BLK-M,Delhi NCR,Marketplace,1,Prepaid
2024-09-18,TS-BLK-M,Delhi NCR,Website,1,Prepaid
2024-09-18,TS-BLK-M,Mumbai,Marketplace,2,Prepaid
2024-09-18,TS-BLK-M,Mumbai,Website,2,COD
2024-09-18,TS-BLK-M,Mumbai,Marketplace,2,Prepaid
2024-09-18,TS-BLK-M,Mumbai,Website,1,Prepaid
2024-09-18,TS-BLK-M,Mumbai,Website,2,COD
2024-09-18,TS-BLK-M,Bangalore,Website,2,COD
2024-09-18,TS-BLK-M,Bangalore,Marketplace,1,COD
2024-09-18,TS-BLK-M,Bangalore,Marketplace,2,Prepaid
2024-09-18,TS-BLK-L,Delhi NCR,Marketplace,1,COD
2024-09-18,TS-BLK-L,Mumbai,Website,2,COD
2024-09-18,TS-BLK-L,Bangalore,Marketplace,1,Prepaid
2024-09-18,TS-BLK-L,Bangalore,Website,1,COD
2024-09-18,TS-BLK-L,Bangalore,Website,1,Prepaid
2024-09-18,TS-BLK-L,Bangalore,Marketplace,1,Prepaid
2024-09-18,TS-BLK-L,Bangalore,Website,1,COD
2024-09-18,TS-WHT-M,Delhi NCR,Marketplace,1,COD
2024-09-18,TS-WHT-M,Delhi NCR,Marketplace,2,COD
2024-09-18,TS-WHT-M,Mumbai,Website,2,Prepaid
2024-09-18,TS-WHT-M,Mumbai,Marketplace,1,COD
2024-09-18,TS-WHT-M,Mumbai,Website,1,Prepaid
2024-09-18,TS-WHT-M,Mumbai,Marketplace,1,Prepaid
2024-09-18,TS-WHT-M,Mumbai,Website,1,COD
2024-09-18,TS-WHT-M,Bangalore,Marketplace,2,COD
2024-09-18,TS-WHT-M,Bangalore,Marketplace,1,Prepaid
2024-09-18,TS-WHT-M,Bangalore,Website,1,COD
2024-09-18,TS-WHT-M,Bangalore,Website,2,Prepaid
2024-09-18,TS-WHT-M,Bangalore,Website,2,COD
2024-09-18,HD-BLK-M,Delhi NCR,Marketplace,2,Prepaid
2024-09-18,HD-BLK-M,Delhi NCR,Website,2,COD
2024-09-18,HD-BLK-M,Delhi NCR,Website,1,Prepaid
2024-09-18,HD-BLK-M,Mumbai,Marketplace,2,COD
2024-09-18,HD-BLK-M,Mumbai,Website,2,COD
2024-09-18,HD-BLK-M,Mumbai,Marketplace,2,COD
2024-09-18,HD-BLK-M,Bangalore,Website,1,COD
2024-09-18,HD-BLK-M,Bangalore,Website,2,COD
2024-09-18,HD-GRY-L,Delhi NCR,Website,1,COD
2024-09-18,HD-GRY-L,Delhi NCR,Website,1,COD
2024-09-18,HD-GRY-L,Delhi NCR,Website,2,COD
2024-09-18,HD-GRY-L,Delhi NCR,Website,1,Prepaid
2024-09-18,HD-GRY-L,Mumbai,Marketplace,2,COD
2024-09-18,HD-GRY-L,Mumbai,Marketplace,1,COD
2024-09-18,HD-GRY-L,Mumbai,Marketplace,1,COD
2024-09-18,HD-GRY-L,Mumbai,Marketplace,1,COD
2024-09-18,HD-GRY-L,Bangalore,Website,1,COD
2024-09-18,HD-GRY-L,Bangalore,Marketplace,1,COD
2024-09-18,HD-GRY-L,Bangalore,Marketplace,2,COD
2024-09-18,JK-DNM-M,Delhi NCR,Website,1,Prepaid
2024-09-18,JK-DNM-M,Delhi NCR,Website,2,Prepaid
2024-09-18,JK-DNM-M,Delhi NCR,Marketplace,1,COD
2024-09-18,JK-DNM-M,Delhi NCR,Marketplace,1,COD
2024-09-18,JK-DNM-M,Delhi NCR,Marketplace,1,COD
2024-09-18,JK-DNM-M,Mumbai,Marketplace,1,COD
2024-09-18,JK-DNM-M,Mumbai,Marketplace,1,COD
2024-09-18,JK-DNM-M,Mumbai,Website,2,COD
2024-09-18,JK-DNM-M,Bangalore,Marketplace,2,COD
2024-09-18,JK-DNM-M,Bangalore,Website,2,Prepaid
2024-09-18,JK-DNM-M,Bangalore,Marketplace,2,COD
2024-09-18,JK-DNM-M,Bangalore,Website,1,COD
2024-09-18,JK-DNM-M,Bangalore,Website,2,Prepaid
2024-09-18,JK-DNM-M,Bangalore,Marketplace,2,COD
2024-09-18,CP-BLK,Delhi NCR,Website,1,COD
2024-09-18,CP-BLK,Delhi NCR,Marketplace,2,COD
2024-09-18,CP-BLK,Delhi NCR,Website,2,COD
2024-09-18,CP-BLK,Mumbai,Marketplace,1,COD
2024-09-18,CP-BLK,Mumbai,Marketplace,1,COD
2024-09-18,CP-BLK,Mumbai,Website,1,COD
2024-09-18,CP-BLK,Mumbai,Marketplace,2,COD
2024-09-18,CP-BLK,Bangalore,Website,2,Prepaid
2024-09-18,CP-BLK,Bangalore,Website,1,COD
2024-09-18,CP-BLK,Bangalore,Website,1,COD
2024-09-18,CP-BLK,Bangalore,Website,2,COD
2024-09-19,TS-BLK-S,Delhi NCR,Website,2,Prepaid
2024-09-19,TS-BLK-S,Mumbai,Marketplace,1,COD
2024-09-19,TS-BLK-S,Mumbai,Website,1,Prepaid
2024-09-19,TS-BLK-S,Mumbai,Website,1,COD
2024-09-19,TS-BLK-S,Mumbai,Marketplace,1,COD
2024-09-19,TS-BLK-S,Bangalore,Marketplace,1,Prepaid
2024-09-19,TS-BLK-S,Bangalore,Website,1,Prepaid
2024-09-19,TS-BLK-S,Bangalore,Website,1,Prepaid
2024-09-19,TS-BLK-S,Bangalore,Marketplace,1,COD
2024-09-19,TS-BLK-S,Bangalore,Marketplace,2,COD
2024-09-19,TS-BLK-M,Delhi NCR,Marketplace,2,Prepaid
2024-09-19,TS-BLK-M,Delhi NCR,Website,1,Prepaid
2024-09-19,TS-BLK-M,Mumbai,Website,2,COD
2024-09-19,TS-BLK-M,Mumbai,Marketplace,1,COD
2024-09-19,TS-BLK-M,Mumbai,Marketplace,2,COD
2024-09-19,TS-BLK-M,Mumbai,Website,1,COD
2024-09-19,TS-BLK-M,Mumbai,Website,2,COD
2024-09-19,TS-BLK-M,Bangalore,Marketplace,1,COD
2024-09-19,TS-BLK-M,Bangalore,Website,2,Prepaid
2024-09-19,TS-BLK-L,Delhi NCR,Marketplace,2,Prepaid
2024-09-19,TS-BLK-L,Delhi NCR,Marketplace,2,COD
2024-09-19,TS-BLK-L,Delhi NCR,Marketplace,1,Prepaid
2024-09-19,TS-BLK-L,Delhi NCR,Website,2,Prepaid
2024-09-19,TS-BLK-L,Delhi NCR,Marketplace,1,Prepaid
2024-09-19,TS-BLK-L,Mumbai,Website,2,Prepaid
2024-09-19,TS-BLK-L,Mumbai,Website,2,COD
2024-09-19,TS-BLK-L,Mumbai,Marketplace,2,COD
2024-09-19,TS-BLK-L,Bangalore,Website,2,COD
2024-09-19,TS-BLK-L,Bangalore,Marketplace,1,Prepaid
2024-09-19,TS-WHT-M,Delhi NCR,Website,2,COD
2024-09-19,TS-WHT-M,Delhi NCR,Marketplace,1,COD
2024-09-19,TS-WHT-M,Mumbai,Marketplace,1,COD
2024-09-19,TS-WHT-M,Mumbai,Marketplace,1,COD
2024-09-19,TS-WHT-M,Bangalore,Website,2,COD
2024-09-19,TS-WHT-M,Bangalore,Marketplace,2,Prepaid
2024-09-19,HD-BLK-M,Delhi NCR,Marketplace,2,Prepaid
2024-09-19,HD-BLK-M,Delhi NCR,Website,1,COD
2024-09-19,HD-BLK-M,Delhi NCR,Website,1,Prepaid
2024-09-19,HD-BLK-M,Mumbai,Website,2,COD
2024-09-19,HD-BLK-M,Mumbai,Marketplace,2,Prepaid
2024-09-19,HD-BLK-M,Bangalore,Website,1,COD
2024-09-19,HD-BLK-M,Bangalore,Marketplace,1,COD
2024-09-19,HD-GRY-L,Delhi NCR,Website,2,Prepaid
2024-09-19,HD-GRY-L,Delhi NCR,Website,2,COD
2024-09-19,HD-GRY-L,Delhi NCR,Website,2,Prepaid
2024-09-19,HD-GRY-L,Mumbai,Marketplace,1,COD
2024-09-19,HD-GRY-L,Mumbai,Marketplace,2,COD
2024-09-19,HD-GRY-L,Mumbai,Website,2,COD
2024-09-19,HD-GRY-L,Mumbai,Website,1,Prepaid
2024-09-19,HD-GRY-L,Bangalore,Website,1,Prepaid
2024-09-19,HD-GRY-L,Bangalore,Website,2,COD
2024-09-19,HD-GRY-L,Bangalore,Marketplace,2,COD
2024-09-19,HD-GRY-L,Bangalore,Website,2,COD
2024-09-19,JK-DNM-M,Delhi NCR,Website,2,Prepaid
2024-09-19,JK-DNM-M,Delhi NCR,Marketplace,2,COD
2024-09-19,JK-DNM-M,Delhi NCR,Marketplace,2,COD
2024-09-19,JK-DNM-M,Delhi NCR,Website,2,COD
2024-09-19,JK-DNM-M,Delhi NCR,Marketplace,1,Prepaid
2024-09-19,JK-DNM-M,Delhi NCR,Website,2,Prepaid
2024-09-19,JK-DNM-M,Mumbai,Website,2,Prepaid
2024-09-19,JK-DNM-M,Mumbai,Website,1,COD
2024-09-19,JK-DNM-M,Mumbai,Marketplace,1,Prepaid
2024-09-19,JK-DNM-M,Bangalore,Marketplace,1,COD
2024-09-19,JK-DNM-M,Bangalore,Marketplace,2,COD
2024-09-19,JK-DNM-M,Bangalore,Website,2,Prepaid
2024-09-19,JK-DNM-M,Bangalore,Website,1,COD
2024-09-19,JK-DNM-M,Bangalore,Website,1,COD
2024-09-19,CP-BLK,Delhi NCR,Website,1,COD
2024-09-19,CP-BLK,Mumbai,Website,1,Prepaid
2024-09-19,CP-BLK,Bangalore,Website,2,Prepaid
2024-09-19,CP-BLK,Bangalore,Marketplace,2,Prepaid
2024-09-19,CP-BLK,Bangalore,Marketplace,1,COD
2024-09-20,TS-BLK-S,Delhi NCR,Website,1,COD
2024-09-20,TS-BLK-S,Delhi NCR,Marketplace,2,COD
2024-09-20,TS-BLK-S,Delhi NCR,Website,2,Prepaid
2024-09-20,TS-BLK-S,Delhi NCR,Marketplace,2,Prepaid
2024-09-20,TS-BLK-S,Mumbai,Marketplace,1,Prepaid
2024-09-20,TS-BLK-S,Mumbai,Marketplace,2,Prepaid
2024-09-20,TS-BLK-S,Mumbai,Marketplace,2,COD
2024-09-20,TS-BLK-S,Mumbai,Website,1,COD
2024-09-20,TS-BLK-S,Bangalore,Marketplace,1,Prepaid
2024-09-20,TS-BLK-S,Bangalore,Website,2,Prepaid
2024-09-20,TS-BLK-S,Bangalore,Marketplace,2,COD
2024-09-20,TS-BLK-S,Bangalore,Marketplace,2,COD
2024-09-20,TS-BLK-M,Delhi NCR,Marketplace,2,Prepaid
2024-09-20,TS-BLK-M,Mumbai,Website,2,Prepaid
2024-09-20,TS-BLK-M,Mumbai,Website,1,COD
2024-09-20,TS-BLK-M,Mumbai,Website,2,Prepaid
2024-09-20,TS-BLK-M,Mumbai,Website,2,Prepaid
2024-09-20,TS-BLK-M,Mumbai,Website,2,COD
2024-09-20,TS-BLK-M,Bangalore,Marketplace,2,COD
2024-09-20,TS-BLK-M,Bangalore,Marketplace,1,Prepaid
2024-09-20,TS-BLK-L,Delhi NCR,Website,1,COD
2024-09-20,TS-BLK-L,Mumbai,Marketplace,1,Prepaid
2024-09-20,TS-BLK-L,Mumbai,Marketplace,2,Prepaid
2024-09-20,TS-BLK-L,Mumbai,Marketplace,1,COD
2024-09-20,TS-BLK-L,Mumbai,Marketplace,2,Prepaid
2024-09-20,TS-BLK-L,Mumbai,Marketplace,1,COD
2024-09-20,TS-BLK-L,Bangalore,Marketplace,1,COD
2024-09-20,TS-BLK-L,Bangalore,Website,1,Prepaid
2024-09-20,TS-BLK-L,Bangalore,Marketplace,1,COD
2024-09-20,TS-BLK-L,Bangalore,Website,2,COD
2024-09-20,TS-BLK-L,Bangalore,Website,1,Prepaid
2024-09-20,TS-WHT-M,Delhi NCR,Marketplace,1,Prepaid
2024-09-20,TS-WHT-M,Delhi NCR,Marketplace,2,COD
2024-09-20,TS-WHT-M,Mumbai,Marketplace,1,COD
2024-09-20,TS-WHT-M,Mumbai,Marketplace,2,Prepaid
2024-09-20,TS-WHT-M,Bangalore,Marketplace,1,COD
2024-09-20,TS-WHT-M,Bangalore,Marketplace,1,COD
2024-09-20,HD-BLK-M,Delhi NCR,Marketplace,2,COD
2024-09-20,HD-BLK-M,Mumbai,Website,2,COD
2024-09-20,HD-BLK-M,Bangalore,Website,1,COD
2024-09-20,HD-BLK-M,Bangalore,Marketplace,2,COD
2024-09-20,HD-BLK-M,Bangalore,Marketplace,1,Prepaid
2024-09-20,HD-GRY-L,Delhi NCR,Marketplace,2,Prepaid
2024-09-20,HD-GRY-L,Delhi NCR,Website,2,COD
2024-09-20,HD-GRY-L,Delhi NCR,Marketplace,2,Prepaid
2024-09-20,HD-GRY-L,Delhi NCR,Marketplace,2,Prepaid
2024-09-20,HD-GRY-L,Mumbai,Website,1,COD
2024-09-20,HD-GRY-L,Mumbai,Marketplace,2,COD
2024-09-20,HD-GRY-L,Bangalore,Marketplace,1,Prepaid
2024-09-20,HD-GRY-L,Bangalore,Website,1,Prepaid
2024-09-20,JK-DNM-M,Delhi NCR,Marketplace,1,Prepaid
2024-09-20,JK-DNM-M,Delhi NCR,Website,2,COD
2024-09-20,JK-DNM-M,Delhi NCR,Website,1,COD
2024-09-20,JK-DNM-M,Mumbai,Marketplace,2,COD
2024-09-20,JK-DNM-M,Mumbai,Website,2,Prepaid
2024-09-20,JK-DNM-M,Mumbai,Website,1,COD
2024-09-20,JK-DNM-M,Bangalore,Website,1,Prepaid
2024-09-20,JK-DNM-M,Bangalore,Marketplace,2,Prepaid
2024-09-20,JK-DNM-M,Bangalore,Website,2,Prepaid
2024-09-20,JK-DNM-M,Bangalore,Marketplace,1,COD
2024-09-20,CP-BLK,Delhi NCR,Website,1,Prepaid
2024-09-20,CP-BLK,Delhi NCR,Marketplace,1,Prepaid
2024-09-20,CP-BLK,Delhi NCR,Website,2,COD
2024-09-20,CP-BLK,Delhi NCR,Website,1,Prepaid
2024-09-20,CP-BLK,Delhi NCR,Website,1,Prepaid
2024-09-20,CP-BLK,Mumbai,Website,1,Prepaid
2024-09-20,CP-BLK,Bangalore,Website,2,Prepaid
2024-09-20,CP-BLK,Bangalore,Marketplace,1,Prepaid
2024-09-20,CP-BLK,Bangalore,Website,2,COD
2024-09-21,TS-BLK-S,Delhi NCR,Website,2,Prepaid
2024-09-21,TS-BLK-S,Delhi NCR,Website,2,COD
2024-09-21,TS-BLK-S,Delhi NCR,Marketplace,1,COD
2024-09-21,TS-BLK-S,Delhi NCR,Marketplace,2,COD
2024-09-21,TS-BLK-S,Delhi NCR,Marketplace,1,Prepaid
2024-09-21,TS-BLK-S,Mumbai,Website,2,COD
2024-09-21,TS-BLK-S,Mumbai,Marketplace,2,Prepaid
2024-09-21,TS-BLK-S,Mumbai,Website,1,Prepaid
2024-09-21,TS-BLK-S,Mumbai,Website,2,COD
2024-09-21,TS-BLK-S,Bangalore,Marketplace,2,Prepaid
2024-09-21,TS-BLK-M,Delhi NCR,Marketplace,2,Prepaid
2024-09-21,TS-BLK-M,Delhi NCR,Marketplace,1,Prepaid
2024-09-21,TS-BLK-M,Mumbai,Marketplace,2,COD
2024-09-21,TS-BLK-M,Mumbai,Website,2,Prepaid
2024-09-21,TS-BLK-M,Mumbai,Website,1,COD
2024-09-21,TS-BLK-M,Mumbai,Marketplace,2,COD
2024-09-21,TS-BLK-M,Bangalore,Website,1,COD
2024-09-21,TS-BLK-M,Bangalore,Marketplace,1,COD
2024-09-21,TS-BLK-L,Delhi NCR,Marketplace,2,Prepaid
2024-09-21,TS-BLK-L,Delhi NCR,Marketplace,1,Prepaid
2024-09-21,TS-BLK-L,Mumbai,Website,1,COD
2024-09-21,TS-BLK-L,Mumbai,Marketplace,1,COD
2024-09-21,TS-BLK-L,Mumbai,Website,2,COD
2024-09-21,TS-BLK-L,Bangalore,Marketplace,1,COD
2024-09-21,TS-BLK-L,Bangalore,Website,2,Prepaid
2024-09-21,TS-BLK-L,Bangalore,Website,2,Prepaid
2024-09-21,TS-BLK-L,Bangalore,Website,2,COD
2024-09-21,TS-WHT-M,Delhi NCR,Marketplace,2,COD
2024-09-21,TS-WHT-M,Delhi NCR,Marketplace,2,COD
2024-09-21,TS-WHT-M,Mumbai,Marketplace,2,Prepaid
2024-09-21,TS-WHT-M,Mumbai,Marketplace,1,COD
2024-09-21,TS-WHT-M,Bangalore,Marketplace,1,Prepaid
2024-09-21,TS-WHT-M,Bangalore,Marketplace,1,COD
2024-09-21,HD-BLK-M,Delhi NCR,Website,2,Prepaid
2024-09-21,HD-BLK-M,Delhi NCR,Website,1,COD
2024-09-21,HD-BLK-M,Delhi NCR,Marketplace,1,COD
2024-09-21,HD-BLK-M,Delhi NCR,Website,1,COD
2024-09-21,HD-BLK-M,Mumbai,Website,2,Prepaid
2024-09-21,HD-BLK-M,Mumbai,Marketplace,1,Prepaid
2024-09-21,HD-BLK-M,Mumbai,Marketplace,1,COD
2024-09-21,HD-BLK-M,Bangalore,Marketplace,1,COD
2024-09-21,HD-BLK-M,Bangalore,Marketplace,2,COD
2024-09-21,HD-GRY-L,Delhi NCR,Marketplace,1,COD
2024-09-21,HD-GRY-L,Delhi NCR,Marketplace,1,COD
2024-09-21,HD-GRY-L,Delhi NCR,Website,1,COD
2024-09-21,HD-GRY-L,Delhi NCR,Website,1,Prepaid
2024-09-21,HD-GRY-L,Mumbai,Website,2,COD
2024-09-21,HD-GRY-L,Bangalore,Marketplace,1,Prepaid
2024-09-21,HD-GRY-L,Bangalore,Marketplace,1,COD
2024-09-21,HD-GRY-L,Bangalore,Marketplace,2,Prepaid
2024-09-21,JK-DNM-M,Delhi NCR,Website,1,COD
2024-09-21,JK-DNM-M,Mumbai,Marketplace,1,COD
2024-09-21,JK-DNM-M,Mumbai,Website,1,COD
2024-09-21,JK-DNM-M,Mumbai,Website,2,COD
2024-09-21,JK-DNM-M,Mumbai,Website,2,Prepaid
2024-09-21,JK-DNM-M,Bangalore,Website,1,Prepaid
2024-09-21,JK-DNM-M,Bangalore,Website,2,Prepaid
2024-09-21,JK-DNM-M,Bangalore,Marketplace,2,COD
2024-09-21,JK-DNM-M,Bangalore,Website,1,COD
2024-09-21,JK-DNM-M,Bangalore,Website,2,COD
2024-09-21,CP-BLK,Delhi NCR,Website,2,Prepaid
2024-09-21,CP-BLK,Delhi NCR,Marketplace,1,COD
2024-09-21,CP-BLK,Mumbai,Marketplace,1,COD
2024-09-21,CP-BLK,Mumbai,Marketplace,1,COD
2024-09-21,CP-BLK,Mumbai,Website,1,Prepaid
2024-09-21,CP-BLK,Mumbai,Website,2,COD
2024-09-21,CP-BLK,Mumbai,Marketplace,2,Prepaid
2024-09-21,CP-BLK,Bangalore,Marketplace,1,COD
2024-09-21,CP-BLK,Bangalore,Marketplace,1,Prepaid
2024-09-21,CP-BLK,Bangalore,Marketplace,2,COD
2024-09-21,CP-BLK,Bangalore,Marketplace,2,Prepaid
2024-09-22,TS-BLK-S,Delhi NCR,Website,1,Prepaid
2024-09-22,TS-BLK-S,Delhi NCR,Marketplace,1,COD
2024-09-22,TS-BLK-S,Mumbai,Marketplace,1,Prepaid
2024-09-22,TS-BLK-S,Bangalore,Marketplace,2,COD
2024-09-22,TS-BLK-S,Bangalore,Marketplace,2,Prepaid
2024-09-22,TS-BLK-S,Bangalore,Website,2,COD
2024-09-22,TS-BLK-S,Bangalore,Marketplace,1,Prepaid
2024-09-22,TS-BLK-S,Bangalore,Website,1,Prepaid
2024-09-22,TS-BLK-M,Delhi NCR,Marketplace,2,COD
2024-09-22,TS-BLK-M,Mumbai,Website,1,Prepaid
2024-09-22,TS-BLK-M,Mumbai,Marketplace,1,COD
2024-09-22,TS-BLK-M,Mumbai,Marketplace,2,Prepaid
2024-09-22,TS-BLK-M,Mumbai,Website,2,COD
2024-09-22,TS-BLK-M,Bangalore,Website,2,COD
2024-09-22,TS-BLK-M,Bangalore,Marketplace,1,COD
2024-09-22,TS-BLK-L,Delhi NCR,Marketplace,1,COD
2024-09-22,TS-BLK-L,Delhi NCR,Marketplace,2,COD
2024-09-22,TS-BLK-L,Delhi NCR,Website,1,Prepaid
2024-09-22,TS-BLK-L,Mumbai,Website,2,Prepaid
2024-09-22,TS-BLK-L,Mumbai,Marketplace,2,Prepaid
2024-09-22,TS-BLK-L,Mumbai,Marketplace,2,Prepaid
2024-09-22,TS-BLK-L,Mumbai,Website,2,COD
2024-09-22,TS-BLK-L,Bangalore,Marketplace,2,Prepaid
2024-09-22,TS-BLK-L,Bangalore,Website,1,COD
2024-09-22,TS-BLK-L,Bangalore,Marketplace,2,COD
2024-09-22,TS-BLK-L,Bangalore,Website,1,Prepaid
2024-09-22,TS-WHT-M,Delhi NCR,Marketplace,1,COD
2024-09-22,TS-WHT-M,Mumbai,Website,1,COD
2024-09-22,TS-WHT-M,Mumbai,Website,2,COD
2024-09-22,TS-WHT-M,Mumbai,Marketplace,1,COD
2024-09-22,TS-WHT-M,Mumbai,Website,1,COD
2024-09-22,TS-WHT-M,Bangalore,Website,1,COD
2024-09-22,TS-WHT-M,Bangalore,Marketplace,1,Prepaid
2024-09-22,TS-WHT-M,Bangalore,Website,2,COD
2024-09-22,TS-WHT-M,Bangalore,Marketplace,1,Prepaid
2024-09-22,TS-WHT-M,Bangalore,Website,2,Prepaid
2024-09-22,HD-BLK-M,Delhi NCR,Marketplace,2,COD
2024-09-22,HD-BLK-M,Mumbai,Marketplace,2,Prepaid
2024-09-22,HD-BLK-M,Bangalore,Website,1,Prepaid
2024-09-22,HD-BLK-M,Bangalore,Website,2,COD
2024-09-22,HD-BLK-M,Bangalore,Marketplace,1,Prepaid
2024-09-22,HD-BLK-M,Bangalore,Marketplace,2,COD
2024-09-22,HD-GRY-L,Delhi NCR,Website,1,Prepaid
2024-09-22,HD-GRY-L,Delhi NCR,Website,1,Prepaid
2024-09-22,HD-GRY-L,Delhi NCR,Website,1,COD
2024-09-22,HD-GRY-L,Delhi NCR,Marketplace,1,COD
2024-09-22,HD-GRY-L,Mumbai,Marketplace,1,COD
2024-09-22,HD-GRY-L,Mumbai,Website,2,COD
2024-09-22,HD-GRY-L,Mumbai,Marketplace,2,COD
2024-09-22,HD-GRY-L,Mumbai,Website,1,Prepaid
2024-09-22,HD-GRY-L,Bangalore,Website,2,Prepaid
2024-09-22,HD-GRY-L,Bangalore,Marketplace,2,Prepaid
2024-09-22,JK-DNM-M,Delhi NCR,Website,2,Prepaid
2024-09-22,JK-DNM-M,Delhi NCR,Marketplace,2,COD
2024-09-22,JK-DNM-M,Delhi NCR,Marketplace,1,COD
2024-09-22,JK-DNM-M,Delhi NCR,Marketplace,2,COD
2024-09-22,JK-DNM-M,Delhi NCR,Website,1,COD
2024-09-22,JK-DNM-M,Delhi NCR,Website,2,COD
2024-09-22,JK-DNM-M,Mumbai,Website,2,COD
2024-09-22,JK-DNM-M,Mumbai,Marketplace,1,COD
2024-09-22,JK-DNM-M,Mumbai,Website,2,Prepaid
2024-09-22,JK-DNM-M,Mumbai,Marketplace,2,Prepaid
2024-09-22,JK-DNM-M,Mumbai,Marketplace,1,COD
2024-09-22,JK-DNM-M,Mumbai,Website,2,COD
2024-09-22,JK-DNM-M,Bangalore,Marketplace,1,COD
2024-09-22,JK-DNM-M,Bangalore,Website,1,Prepaid
2024-09-22,CP-BLK,Delhi NCR,Marketplace,2,COD
2024-09-22,CP-BLK,Mumbai,Website,2,Prepaid
2024-09-22,CP-BLK,Bangalore,Marketplace,2,COD
2024-09-22,CP-BLK,Bangalore,Website,2,Prepaid
2024-09-23,TS-BLK-S,Delhi NCR,Website,2,Prepaid
2024-09-23,TS-BLK-S,Delhi NCR,Website,2,COD
2024-09-23,TS-BLK-S,Delhi NCR,Marketplace,2,COD
2024-09-23,TS-BLK-S,Delhi NCR,Website,2,COD
2024-09-23,TS-BLK-S,Mumbai,Website,2,Prepaid
2024-09-23,TS-BLK-S,Mumbai,Marketplace,2,COD
2024-09-23,TS-BLK-S,Mumbai,Website,2,Prepaid
2024-09-23,TS-BLK-S,Bangalore,Marketplace,2,COD
2024-09-23,TS-BLK-S,Bangalore,Marketplace,2,Prepaid
2024-09-23,TS-BLK-S,Bangalore,Website,2,COD
2024-09-23,TS-BLK-S,Bangalore,Marketplace,2,COD
2024-09-23,TS-BLK-M,Delhi NCR,Website,1,COD
2024-09-23,TS-BLK-M,Mumbai,Website,1,COD
2024-09-23,TS-BLK-M,Bangalore,Website,2,COD
2024-09-23,TS-BLK-M,Bangalore,Website,1,COD
2024-09-23,TS-BLK-M,Bangalore,Marketplace,2,Prepaid
2024-09-23,TS-BLK-M,Bangalore,Website,2,Prepaid
2024-09-23,TS-BLK-M,Bangalore,Website,2,Prepaid
2024-09-23,TS-BLK-L,Delhi NCR,Website,1,COD
2024-09-23,TS-BLK-L,Delhi NCR,Marketplace,2,Prepaid
2024-09-23,TS-BLK-L,Delhi NCR,Website,1,COD
2024-09-23,TS-BLK-L,Mumbai,Website,1,COD
2024-09-23,TS-BLK-L,Mumbai,Website,1,Prepaid
2024-09-23,TS-BLK-L,Mumbai,Marketplace,2,COD
2024-09-23,TS-BLK-L,Mumbai,Marketplace,2,COD
2024-09-23,TS-BLK-L,Bangalore,Website,2,COD
2024-09-23,TS-BLK-L,Bangalore,Marketplace,1,Prepaid
2024-09-23,TS-WHT-M,Delhi NCR,Marketplace,2,Prepaid
2024-09-23,TS-WHT-M,Delhi NCR,Website,2,Prepaid
2024-09-23,TS-WHT-M,Mumbai,Website,2,COD
2024-09-23,TS-WHT-M,Mumbai,Website,1,COD
2024-09-23,TS-WHT-M,Bangalore,Website,1,COD
2024-09-23,HD-BLK-M,Delhi NCR,Marketplace,1,COD
2024-09-23,HD-BLK-M,Mumbai,Website,1,COD
2024-09-23,HD-BLK-M,Bangalore,Marketplace,1,COD
2024-09-23,HD-BLK-M,Bangalore,Marketplace,2,COD
2024-09-23,HD-BLK-M,Bangalore,Marketplace,1,COD
2024-09-23,HD-BLK-M,Bangalore,Website,1,Prepaid
2024-09-23,HD-BLK-M,Bangalore,Website,2,COD
2024-09-23,HD-GRY-L,Delhi NCR,Marketplace,1,Prepaid
2024-09-23,HD-GRY-L,Delhi NCR,Marketplace,1,COD
2024-09-23,HD-GRY-L,Delhi NCR,Website,1,COD
2024-09-23,HD-GRY-L,Delhi NCR,Website,2,Prepaid
2024-09-23,HD-GRY-L,Mumbai,Marketplace,2,COD
2024-09-23,HD-GRY-L,Mumbai,Marketplace,2,COD
2024-09-23,HD-GRY-L,Mumbai,Marketplace,1,COD
2024-09-23,HD-GRY-L,Mumbai,Website,2,COD
2024-09-23,HD-GRY-L,Bangalore,Website,1,COD
2024-09-23,HD-GRY-L,Bangalore,Website,1,Prepaid
2024-09-23,HD-GRY-L,Bangalore,Website,1,Prepaid
2024-09-23,JK-DNM-M,Delhi NCR,Marketplace,2,COD
2024-09-23,JK-DNM-M,Delhi NCR,Marketplace,2,COD
2024-09-23,JK-DNM-M,Delhi NCR,Website,1,COD
2024-09-23,JK-DNM-M,Mumbai,Website,2,COD
2024-09-23,JK-DNM-M,Mumbai,Marketplace,1,Prepaid
2024-09-23,JK-DNM-M,Mumbai,Marketplace,1,COD
2024-09-23,JK-DNM-M,Mumbai,Website,1,COD
2024-09-23,JK-DNM-M,Bangalore,Website,1,Prepaid
2024-09-23,JK-DNM-M,Bangalore,Website,1,Prepaid
2024-09-23,JK-DNM-M,Bangalore,Website,2,COD
2024-09-23,JK-DNM-M,Bangalore,Marketplace,1,Prepaid
2024-09-23,JK-DNM-M,Bangalore,Website,1,COD
2024-09-23,CP-BLK,Delhi NCR,Website,2,COD
2024-09-23,CP-BLK,Delhi NCR,Marketplace,2,COD
2024-09-23,CP-BLK,Delhi NCR,Marketplace,1,Prepaid
2024-09-23,CP-BLK,Delhi NCR,Website,2,COD
2024-09-23,CP-BLK,Mumbai,Website,1,COD
2024-09-23,CP-BLK,Mumbai,Website,2,Prepaid
2024-09-23,CP-BLK,Mumbai,Marketplace,2,Prepaid
2024-09-23,CP-BLK,Bangalore,Website,1,Prepaid
2024-09-23,CP-BLK,Bangalore,Website,2,Prepaid
2024-09-24,TS-BLK-S,Delhi NCR,Website,2,Prepaid
2024-09-24,TS-BLK-S,Delhi NCR,Website,2,Prepaid
2024-09-24,TS-BLK-S,Mumbai,Marketplace,1,COD
2024-09-24,TS-BLK-S,Mumbai,Marketplace,1,Prepaid
2024-09-24,TS-BLK-S,Bangalore,Website,2,Prepaid
2024-09-24,TS-BLK-S,Bangalore,Website,2,COD
2024-09-24,TS-BLK-S,Bangalore,Marketplace,2,COD
2024-09-24,TS-BLK-M,Delhi NCR,Marketplace,2,Prepaid
2024-09-24,TS-BLK-M,Delhi NCR,Website,1,Prepaid
2024-09-24,TS-BLK-M,Delhi NCR,Website,1,COD
2024-09-24,TS-BLK-M,Delhi NCR,Website,1,Prepaid
2024-09-24,TS-BLK-M,Delhi NCR,Marketplace,2,Prepaid
2024-09-24,TS-BLK-M,Mumbai,Marketplace,2,COD
2024-09-24,TS-BLK-M,Mumbai,Website,2,Prepaid
2024-09-24,TS-BLK-M,Mumbai,Website,2,COD
2024-09-24,TS-BLK-M,Mumbai,Website,2,Prepaid
2024-09-24,TS-BLK-M,Bangalore,Website,1,Prepaid
2024-09-24,TS-BLK-M,Bangalore,Marketplace,2,COD
2024-09-24,TS-BLK-M,Bangalore,Marketplace,2,Prepaid
2024-09-24,TS-BLK-M,Bangalore,Marketplace,1,COD
2024-09-24,TS-BLK-M,Bangalore,Marketplace,1,COD
2024-09-24,TS-BLK-L,Delhi NCR,Website,1,COD
2024-09-24,TS-BLK-L,Delhi NCR,Website,1,COD
2024-09-24,TS-BLK-L,Delhi NCR,Website,2,COD
2024-09-24,TS-BLK-L,Delhi NCR,Website,1,COD
2024-09-24,TS-BLK-L,Mumbai,Marketplace,2,Prepaid
2024-09-24,TS-BLK-L,Mumbai,Website,1,COD
2024-09-24,TS-BLK-L,Bangalore,Website,1,Prepaid
2024-09-24,TS-BLK-L,Bangalore,Marketplace,2,COD
2024-09-24,TS-BLK-L,Bangalore,Website,1,COD
2024-09-24,TS-BLK-L,Bangalore,Marketplace,1,Prepaid
2024-09-24,TS-BLK-L,Bangalore,Website,1,Prepaid
2024-09-24,TS-WHT-M,Delhi NCR,Marketplace,1,COD
2024-09-24,TS-WHT-M,Delhi NCR,Website,1,Prepaid
2024-09-24,TS-WHT-M,Delhi NCR,Marketplace,2,COD
2024-09-24,TS-WHT-M,Delhi NCR,Marketplace,1,Prepaid
2024-09-24,TS-WHT-M,Mumbai,Website,1,Prepaid
2024-09-24,TS-WHT-M,Mumbai,Website,2,Prepaid
2024-09-24,TS-WHT-M,Bangalore,Marketplace,1,COD
2024-09-24,TS-WHT-M,Bangalore,Website,2,COD
2024-09-24,HD-BLK-M,Delhi NCR,Website,1,Prepaid
2024-09-24,HD-BLK-M,Mumbai,Website,2,COD
2024-09-24,HD-BLK-M,Mumbai,Marketplace,2,COD
2024-09-24,HD-BLK-M,Mumbai,Website,2,COD
2024-09-24,HD-BLK-M,Mumbai,Website,2,Prepaid
2024-09-24,HD-BLK-M,Bangalore,Website,1,COD
2024-09-24,HD-BLK-M,Bangalore,Website,2,Prepaid
2024-09-24,HD-BLK-M,Bangalore,Marketplace,1,Prepaid
2024-09-24,HD-BLK-M,Bangalore,Marketplace,1,COD
2024-09-24,HD-GRY-L,Delhi NCR,Website,1,COD
2024-09-24,HD-GRY-L,Delhi NCR,Marketplace,1,COD
2024-09-24,HD-GRY-L,Delhi NCR,Website,1,Prepaid
2024-09-24,HD-GRY-L,Delhi NCR,Website,1,Prepaid
2024-09-24,HD-GRY-L,Mumbai,Marketplace,2,COD
2024-09-24,HD-GRY-L,Mumbai,Marketplace,2,Prepaid
2024-09-24,HD-GRY-L,Bangalore,Website,1,COD
2024-09-24,HD-GRY-L,Bangalore,Marketplace,1,COD
2024-09-24,HD-GRY-L,Bangalore,Website,2,Prepaid
2024-09-24,HD-GRY-L,Bangalore,Website,1,COD
2024-09-24,JK-DNM-M,Delhi NCR,Marketplace,1,COD
2024-09-24,JK-DNM-M,Mumbai,Marketplace,1,Prepaid
2024-09-24,JK-DNM-M,Mumbai,Marketplace,1,COD
2024-09-24,JK-DNM-M,Mumbai,Website,2,COD
2024-09-24,JK-DNM-M,Bangalore,Marketplace,2,COD
2024-09-24,JK-DNM-M,Bangalore,Website,2,COD
2024-09-24,JK-DNM-M,Bangalore,Marketplace,1,COD
2024-09-24,JK-DNM-M,Bangalore,Website,2,Prepaid
2024-09-24,JK-DNM-M,Bangalore,Marketplace,2,COD
2024-09-24,CP-BLK,Delhi NCR,Marketplace,1,Prepaid
2024-09-24,CP-BLK,Delhi NCR,Website,1,Prepaid
2024-09-24,CP-BLK,Delhi NCR,Website,1,COD
2024-09-24,CP-BLK,Mumbai,Marketplace,2,COD
2024-09-24,CP-BLK,Bangalore,Marketplace,1,COD
2024-09-24,CP-BLK,Bangalore,Website,1,COD
2024-09-25,TS-BLK-S,Delhi NCR,Website,1,COD
2024-09-25,TS-BLK-S,Delhi NCR,Marketplace,2,COD
2024-09-25,TS-BLK-S,Delhi NCR,Marketplace,2,COD
2024-09-25,TS-BLK-S,Delhi NCR,Website,2,Prepaid
2024-09-25,TS-BLK-S,Delhi NCR,Marketplace,2,Prepaid
2024-09-25,TS-BLK-S,Mumbai,Website,1,Prepaid
2024-09-25,TS-BLK-S,Mumbai,Website,1,Prepaid
2024-09-25,TS-BLK-S,Mumbai,Marketplace,2,COD
2024-09-25,TS-BLK-S,Bangalore,Marketplace,1,COD
2024-09-25,TS-BLK-S,Bangalore,Marketplace,2,COD
2024-09-25,TS-BLK-M,Delhi NCR,Marketplace,2,Prepaid
2024-09-25,TS-BLK-M,Delhi NCR,Marketplace,1,COD
2024-09-25,TS-BLK-M,Delhi NCR,Marketplace,2,Prepaid
2024-09-25,TS-BLK-M,Delhi NCR,Website,1,COD
2024-09-25,TS-BLK-M,Delhi NCR,Website,2,Prepaid
2024-09-25,TS-BLK-M,Mumbai,Website,2,COD
2024-09-25,TS-BLK-M,Mumbai,Website,2,COD
2024-09-25,TS-BLK-M,Mumbai,Website,2,COD
2024-09-25,TS-BLK-M,Mumbai,Marketplace,1,Prepaid
2024-09-25,TS-BLK-M,Mumbai,Marketplace,1,COD
2024-09-25,TS-BLK-M,Bangalore,Website,1,Prepaid
2024-09-25,TS-BLK-M,Bangalore,Website,2,Prepaid
2024-09-25,TS-BLK-M,Bangalore,Website,2,COD
2024-09-25,TS-BLK-M,Bangalore,Marketplace,2,Prepaid
2024-09-25,TS-BLK-M,Bangalore,Marketplace,1,COD
2024-09-25,TS-BLK-L,Delhi NCR,Website,2,COD
2024-09-25,TS-BLK-L,Delhi NCR,Website,1,Prepaid
2024-09-25,TS-BLK-L,Delhi NCR,Website,2,COD
2024-09-25,TS-BLK-L,Delhi NCR,Website,1,COD
2024-09-25,TS-BLK-L,Delhi NCR,Marketplace,1,Prepaid
2024-09-25,TS-BLK-L,Mumbai,Marketplace,1,Prepaid
2024-09-25,TS-BLK-L,Mumbai,Marketplace,1,COD
2024-09-25,TS-BLK-L,Bangalore,Marketplace,1,COD
2024-09-25,TS-BLK-L,Bangalore,Website,2,COD
2024-09-25,TS-BLK-L,Bangalore,Marketplace,2,Prepaid
2024-09-25,TS-BLK-L,Bangalore,Website,2,Prepaid
2024-09-25,TS-WHT-M,Delhi NCR,Website,2,COD
2024-09-25,TS-WHT-M,Delhi NCR,Marketplace,2,Prepaid
2024-09-25,TS-WHT-M,Delhi NCR,Website,2,COD
2024-09-25,TS-WHT-M,Delhi NCR,Website,2,Prepaid
2024-09-25,TS-WHT-M,Mumbai,Marketplace,2,Prepaid
2024-09-25,TS-WHT-M,Mumbai,Website,1,COD
2024-09-25,TS-WHT-M,Mumbai,Website,2,COD
2024-09-25,TS-WHT-M,Mumbai,Website,2,COD
2024-09-25,TS-WHT-M,Bangalore,Website,1,COD
2024-09-25,TS-WHT-M,Bangalore,Website,1,COD
2024-09-25,HD-BLK-M,Delhi NCR,Website,2,Prepaid
2024-09-25,HD-BLK-M,Delhi NCR,Marketplace,2,COD
2024-09-25,HD-BLK-M,Mumbai,Website,1,Prepaid
2024-09-25,HD-BLK-M,Mumbai,Marketplace,1,Prepaid
2024-09-25,HD-BLK-M,Bangalore,Marketplace,2,Prepaid
2024-09-25,HD-BLK-M,Bangalore,Website,1,COD
2024-09-25,HD-GRY-L,Delhi NCR,Marketplace,1,COD
2024-09-25,HD-GRY-L,Delhi NCR,Marketplace,2,COD
2024-09-25,HD-GRY-L,Delhi NCR,Marketplace,2,COD
2024-09-25,HD-GRY-L,Delhi NCR,Website,1,COD
2024-09-25,HD-GRY-L,Mumbai,Website,2,COD
2024-09-25,HD-GRY-L,Mumbai,Marketplace,1,COD
2024-09-25,HD-GRY-L,Bangalore,Marketplace,1,COD
2024-09-25,HD-GRY-L,Bangalore,Website,2,Prepaid
2024-09-25,HD-GRY-L,Bangalore,Marketplace,2,Prepaid
2024-09-25,HD-GRY-L,Bangalore,Website,1,Prepaid
2024-09-25,JK-DNM-M,Delhi NCR,Website,2,Prepaid
2024-09-25,JK-DNM-M,Delhi NCR,Marketplace,1,COD
2024-09-25,JK-DNM-M,Mumbai,Website,2,Prepaid
2024-09-25,JK-DNM-M,Mumbai,Website,1,COD
2024-09-25,JK-DNM-M,Mumbai,Marketplace,1,COD
2024-09-25,JK-DNM-M,Bangalore,Website,1,Prepaid
2024-09-25,JK-DNM-M,Bangalore,Marketplace,2,COD
2024-09-25,JK-DNM-M,Bangalore,Marketplace,1,COD
2024-09-25,JK-DNM-M,Bangalore,Marketplace,1,COD
2024-09-25,JK-DNM-M,Bangalore,Website,2,COD
2024-09-25,CP-BLK,Delhi NCR,Website,2,COD
2024-09-25,CP-BLK,Delhi NCR,Marketplace,2,COD
2024-09-25,CP-BLK,Delhi NCR,Marketplace,1,COD
2024-09-25,CP-BLK,Delhi NCR,Website,2,COD
2024-09-25,CP-BLK,Mumbai,Marketplace,1,COD
2024-09-25,CP-BLK,Mumbai,Marketplace,2,Prepaid
2024-09-25,CP-BLK,Mumbai,Website,1,Prepaid
2024-09-25,CP-BLK,Mumbai,Marketplace,2,COD
2024-09-25,CP-BLK,Mumbai,Website,1,COD
2024-09-25,CP-BLK,Bangalore,Website,1,COD
2024-09-25,CP-BLK,Bangalore,Website,1,COD
2024-09-25,CP-BLK,Bangalore,Website,2,COD
2024-09-25,CP-BLK,Bangalore,Marketplace,1,Prepaid
2024-09-25,CP-BLK,Bangalore,Website,2,COD
2024-09-26,TS-BLK-S,Delhi NCR,Marketplace,2,Prepaid
2024-09-26,TS-BLK-S,Delhi NCR,Website,1,COD
2024-09-26,TS-BLK-S,Delhi NCR,Marketplace,1,COD
2024-09-26,TS-BLK-S,Mumbai,Marketplace,1,COD
2024-09-26,TS-BLK-S,Mumbai,Website,1,COD
2024-09-26,TS-BLK-S,Bangalore,Marketplace,1,Prepaid
2024-09-26,TS-BLK-M,Delhi NCR,Website,2,COD
2024-09-26,TS-BLK-M,Mumbai,Marketplace,1,COD
2024-09-26,TS-BLK-M,Mumbai,Marketplace,2,COD
2024-09-26,TS-BLK-M,Mumbai,Website,1,Prepaid
2024-09-26,TS-BLK-M,Mumbai,Website,2,Prepaid
2024-09-26,TS-BLK-M,Bangalore,Marketplace,1,COD
2024-09-26,TS-BLK-M,Bangalore,Marketplace,1,COD
2024-09-26,TS-BLK-L,Delhi NCR,Marketplace,1,Prepaid
2024-09-26,TS-BLK-L,Delhi NCR,Marketplace,2,Prepaid
2024-09-26,TS-BLK-L,Delhi NCR,Website,2,COD
2024-09-26,TS-BLK-L,Mumbai,Website,2,COD
2024-09-26,TS-BLK-L,Mumbai,Website,1,COD
2024-09-26,TS-BLK-L,Bangalore,Marketplace,1,COD
2024-09-26,TS-BLK-L,Bangalore,Marketplace,2,COD
2024-09-26,TS-BLK-L,Bangalore,Marketplace,1,COD
2024-09-26,TS-BLK-L,Bangalore,Marketplace,2,COD
2024-09-26,TS-WHT-M,Delhi NCR,Website,2,COD
2024-09-26,TS-WHT-M,Delhi NCR,Website,2,Prepaid
2024-09-26,TS-WHT-M,Delhi NCR,Website,1,COD
2024-09-26,TS-WHT-M,Delhi NCR,Marketplace,2,Prepaid
2024-09-26,TS-WHT-M,Mumbai,Marketplace,1,Prepaid
2024-09-26,TS-WHT-M,Mumbai,Website,2,COD
2024-09-26,TS-WHT-M,Mumbai,Marketplace,1,Prepaid
2024-09-26,TS-WHT-M,Bangalore,Website,1,Prepaid
2024-09-26,TS-WHT-M,Bangalore,Website,2,Prepaid
2024-09-26,TS-WHT-M,Bangalore,Website,1,COD
2024-09-26,TS-WHT-M,Bangalore,Website,2,COD
2024-09-26,HD-BLK-M,Delhi NCR,Marketplace,1,COD
2024-09-26,HD-BLK-M,Delhi NCR,Website,2,Prepaid
2024-09-26,HD-BLK-M,Mumbai,Marketplace,2,Prepaid
2024-09-26,HD-BLK-M,Mumbai,Marketplace,1,COD
2024-09-26,HD-BLK-M,Mumbai,Marketplace,2,Prepaid
2024-09-26,HD-BLK-M,Mumbai,Marketplace,2,Prepaid
2024-09-26,HD-BLK-M,Bangalore,Marketplace,1,COD
2024-09-26,HD-GRY-L,Delhi NCR,Website,2,Prepaid
2024-09-26,HD-GRY-L,Mumbai,Website,2,Prepaid
2024-09-26,HD-GRY-L,Mumbai,Marketplace,1,COD
2024-09-26,HD-GRY-L,Mumbai,Marketplace,2,COD
2024-09-26,HD-GRY-L,Mumbai,Marketplace,1,COD
2024-09-26,HD-GRY-L,Mumbai,Website,2,Prepaid
2024-09-26,HD-GRY-L,Bangalore,Marketplace,1,Prepaid
2024-09-26,HD-GRY-L,Bangalore,Website,1,COD
2024-09-26,HD-GRY-L,Bangalore,Website,1,COD
2024-09-26,HD-GRY-L,Bangalore,Website,1,COD
2024-09-26,JK-DNM-M,Delhi NCR,Website,2,COD
2024-09-26,JK-DNM-M,Delhi NCR,Website,2,COD
2024-09-26,JK-DNM-M,Delhi NCR,Marketplace,1,COD
2024-09-26,JK-DNM-M,Delhi NCR,Marketplace,1,COD
2024-09-26,JK-DNM-M,Delhi NCR,Marketplace,2,Prepaid
2024-09-26,JK-DNM-M,Delhi NCR,Website,2,Prepaid
2024-09-26,JK-DNM-M,Mumbai,Marketplace,2,Prepaid
2024-09-26,JK-DNM-M,Mumbai,Website,1,Prepaid
2024-09-26,JK-DNM-M,Mumbai,Marketplace,1,Prepaid
2024-09-26,JK-DNM-M,Mumbai,Website,1,COD
2024-09-26,JK-DNM-M,Bangalore,Marketplace,1,COD
2024-09-26,JK-DNM-M,Bangalore,Marketplace,2,Prepaid
2024-09-26,JK-DNM-M,Bangalore,Website,2,COD
2024-09-26,JK-DNM-M,Bangalore,Website,1,Prepaid
2024-09-26,CP-BLK,Delhi NCR,Marketplace,2,Prepaid
2024-09-26,CP-BLK,Mumbai,Marketplace,1,Prepaid
2024-09-26,CP-BLK,Bangalore,Marketplace,1,Prepaid
2024-09-26,CP-BLK,Bangalore,Marketplace,2,Prepaid
2024-09-26,CP-BLK,Bangalore,Marketplace,1,COD
2024-09-27,TS-BLK-S,Delhi NCR,Marketplace,1,COD
2024-09-27,TS-BLK-S,Delhi NCR,Website,1,COD
2024-09-27,TS-BLK-S,Delhi NCR,Marketplace,1,COD
2024-09-27,TS-BLK-S,Delhi NCR,Marketplace,2,COD
2024-09-27,TS-BLK-S,Delhi NCR,Website,2,Prepaid
2024-09-27,TS-BLK-S,Mumbai,Website,2,Prepaid
2024-09-27,TS-BLK-S,Mumbai,Marketplace,2,Prepaid
2024-09-27,TS-BLK-S,Mumbai,Website,1,COD
2024-09-27,TS-BLK-S,Mumbai,Website,1,Prepaid
2024-09-27,TS-BLK-S,Bangalore,Marketplace,1,COD
2024-09-27,TS-BLK-S,Bangalore,Marketplace,1,Prepaid
2024-09-27,TS-BLK-S,Bangalore,Marketplace,1,COD
2024-09-27,TS-BLK-S,Bangalore,Website,2,COD
2024-09-27,TS-BLK-S,Bangalore,Website,2,COD
2024-09-27,TS-BLK-M,Delhi NCR,Marketplace,2,COD
2024-09-27,TS-BLK-M,Delhi NCR,Marketplace,2,COD
2024-09-27,TS-BLK-M,Delhi NCR,Website,2,COD
2024-09-27,TS-BLK-M,Delhi NCR,Website,2,Prepaid
2024-09-27,TS-BLK-M,Mumbai,Website,2,COD
2024-09-27,TS-BLK-M,Mumbai,Marketplace,1,Prepaid
2024-09-27,TS-BLK-M,Mumbai,Marketplace,1,COD
2024-09-27,TS-BLK-M,Bangalore,Website,2,COD
2024-09-27,TS-BLK-M,Bangalore,Website,2,COD
2024-09-27,TS-BLK-M,Bangalore,Marketplace,1,COD
2024-09-27,TS-BLK-M,Bangalore,Marketplace,2,Prepaid
2024-09-27,TS-BLK-L,Delhi NCR,Website,2,Prepaid
2024-09-27,TS-BLK-L,Delhi NCR,Website,2,COD
2024-09-27,TS-BLK-L,Delhi NCR,Website,2,COD
2024-09-27,TS-BLK-L,Delhi NCR,Marketplace,1,Prepaid
2024-09-27,TS-BLK-L,Mumbai,Marketplace,2,COD
2024-09-27,TS-BLK-L,Bangalore,Marketplace,2,Prepaid
2024-09-27,TS-BLK-L,Bangalore,Marketplace,2,COD
2024-09-27,TS-WHT-M,Delhi NCR,Website,1,Prepaid
2024-09-27,TS-WHT-M,Delhi NCR,Marketplace,1,Prepaid
2024-09-27,TS-WHT-M,Delhi NCR,Website,1,Prepaid
2024-09-27,TS-WHT-M,Delhi NCR,Website,2,Prepaid
2024-09-27,TS-WHT-M,Delhi NCR,Marketplace,1,COD
2024-09-27,TS-WHT-M,Mumbai,Website,1,Prepaid
2024-09-27,TS-WHT-M,Bangalore,Marketplace,2,Prepaid
2024-09-27,TS-WHT-M,Bangalore,Marketplace,2,Prepaid
2024-09-27,HD-BLK-M,Delhi NCR,Website,1,COD
2024-09-27,HD-BLK-M,Mumbai,Website,1,COD
2024-09-27,HD-BLK-M,Mumbai,Website,2,COD
2024-09-27,HD-BLK-M,Mumbai,Marketplace,2,COD
2024-09-27,HD-BLK-M,Bangalore,Marketplace,1,Prepaid
2024-09-27,HD-BLK-M,Bangalore,Website,1,Prepaid
2024-09-27,HD-BLK-M,Bangalore,Marketplace,1,COD
2024-09-27,HD-GRY-L,Delhi NCR,Marketplace,1,COD
2024-09-27,HD-GRY-L,Delhi NCR,Marketplace,1,Prepaid
2024-09-27,HD-GRY-L,Delhi NCR,Website,1,Prepaid
2024-09-27,HD-GRY-L,Mumbai,Marketplace,1,COD
2024-09-27,HD-GRY-L,Mumbai,Marketplace,2,COD
2024-09-27,HD-GRY-L,Mumbai,Website,1,COD
2024-09-27,HD-GRY-L,Mumbai,Marketplace,1,COD
2024-09-27,HD-GRY-L,Bangalore,Website,1,Prepaid
2024-09-27,HD-GRY-L,Bangalore,Marketplace,2,Prepaid
2024-09-27,HD-GRY-L,Bangalore,Marketplace,1,COD
2024-09-27,JK-DNM-M,Delhi NCR,Marketplace,2,COD
2024-09-27,JK-DNM-M,Delhi NCR,Website,1,COD
2024-09-27,JK-DNM-M,Mumbai,Marketplace,2,Prepaid
2024-09-27,JK-DNM-M,Mumbai,Marketplace,2,COD
2024-09-27,JK-DNM-M,Mumbai,Website,2,Prepaid
2024-09-27,JK-DNM-M,Mumbai,Marketplace,1,Prepaid
2024-09-27,JK-DNM-M,Bangalore,Website,2,COD
2024-09-27,JK-DNM-M,Bangalore,Marketplace,1,Prepaid
2024-09-27,JK-DNM-M,Bangalore,Marketplace,1,COD
2024-09-27,JK-DNM-M,Bangalore,Website,1,Prepaid
2024-09-27,CP-BLK,Delhi NCR,Website,1,Prepaid
2024-09-27,CP-BLK,Mumbai,Marketplace,2,COD
2024-09-27,CP-BLK,Mumbai,Marketplace,2,COD
2024-09-27,CP-BLK,Bangalore,Marketplace,2,COD
2024-09-28,TS-BLK-S,Delhi NCR,Website,1,Prepaid
2024-09-28,TS-BLK-S,Delhi NCR,Website,2,COD
2024-09-28,TS-BLK-S,Mumbai,Website,1,COD
2024-09-28,TS-BLK-S,Mumbai,Website,2,Prepaid
2024-09-28,TS-BLK-S,Bangalore,Marketplace,1,COD
2024-09-28,TS-BLK-S,Bangalore,Website,1,Prepaid
2024-09-28,TS-BLK-S,Bangalore,Marketplace,1,COD
2024-09-28,TS-BLK-S,Bangalore,Website,2,COD
2024-09-28,TS-BLK-S,Bangalore,Website,2,COD
2024-09-28,TS-BLK-M,Delhi NCR,Marketplace,1,COD
2024-09-28,TS-BLK-M,Mumbai,Website,1,Prepaid
2024-09-28,TS-BLK-M,Bangalore,Marketplace,1,COD
2024-09-28,TS-BLK-M,Bangalore,Marketplace,2,Prepaid
2024-09-28,TS-BLK-L,Delhi NCR,Marketplace,1,Prepaid
2024-09-28,TS-BLK-L,Mumbai,Marketplace,2,COD
2024-09-28,TS-BLK-L,Bangalore,Website,2,COD
2024-09-28,TS-BLK-L,Bangalore,Marketplace,2,COD
2024-09-28,TS-BLK-L,Bangalore,Website,1,Prepaid
2024-09-28,TS-BLK-L,Bangalore,Marketplace,2,Prepaid
2024-09-28,TS-WHT-M,Delhi NCR,Website,2,COD
2024-09-28,TS-WHT-M,Mumbai,Marketplace,1,Prepaid
2024-09-28,TS-WHT-M,Bangalore,Website,1,Prepaid
2024-09-28,HD-BLK-M,Delhi NCR,Marketplace,2,COD
2024-09-28,HD-BLK-M,Delhi NCR,Website,2,Prepaid
2024-09-28,HD-BLK-M,Mumbai,Website,2,COD
2024-09-28,HD-BLK-M,Mumbai,Marketplace,2,COD
2024-09-28,HD-BLK-M,Bangalore,Website,2,COD
2024-09-28,HD-BLK-M,Bangalore,Website,1,COD
2024-09-28,HD-BLK-M,Bangalore,Marketplace,2,COD
2024-09-28,HD-GRY-L,Delhi NCR,Marketplace,1,COD
2024-09-28,HD-GRY-L,Delhi NCR,Marketplace,2,COD
2024-09-28,HD-GRY-L,Delhi NCR,Marketplace,1,COD
2024-09-28,HD-GRY-L,Delhi NCR,Marketplace,2,COD
2024-09-28,HD-GRY-L,Mumbai,Marketplace,2,Prepaid
2024-09-28,HD-GRY-L,Mumbai,Marketplace,2,COD
2024-09-28,HD-GRY-L,Mumbai,Website,1,COD
2024-09-28,HD-GRY-L,Mumbai,Marketplace,1,COD
2024-09-28,HD-GRY-L,Bangalore,Marketplace,2,COD
2024-09-28,HD-GRY-L,Bangalore,Website,2,COD
2024-09-28,HD-GRY-L,Bangalore,Website,1,COD
2024-09-28,HD-GRY-L,Bangalore,Marketplace,2,COD
2024-09-28,JK-DNM-M,Delhi NCR,Website,1,COD
2024-09-28,JK-DNM-M,Delhi NCR,Website,1,COD
2024-09-28,JK-DNM-M,Delhi NCR,Marketplace,2,COD
2024-09-28,JK-DNM-M,Delhi NCR,Marketplace,1,COD
2024-09-28,JK-DNM-M,Delhi NCR,Marketplace,1,COD
2024-09-28,JK-DNM-M,Mumbai,Website,1,Prepaid
2024-09-28,JK-DNM-M,Mumbai,Website,2,Prepaid
2024-09-28,JK-DNM-M,Mumbai,Marketplace,2,COD
2024-09-28,JK-DNM-M,Mumbai,Website,1,COD
2024-09-28,JK-DNM-M,Mumbai,Website,2,COD
2024-09-28,JK-DNM-M,Bangalore,Website,1,Prepaid
2024-09-28,CP-BLK,Delhi NCR,Marketplace,2,Prepaid
2024-09-28,CP-BLK,Mumbai,Marketplace,1,COD
2024-09-28,CP-BLK,Mumbai,Marketplace,1,Prepaid
2024-09-28,CP-BLK,Mumbai,Marketplace,1,COD
2024-09-28,CP-BLK,Bangalore,Website,1,COD
2024-09-28,CP-BLK,Bangalore,Website,1,COD
2024-09-29,TS-BLK-S,Delhi NCR,Website,2,Prepaid
2024-09-29,TS-BLK-S,Delhi NCR,Marketplace,2,Prepaid
2024-09-29,TS-BLK-S,Delhi NCR,Marketplace,1,COD
2024-09-29,TS-BLK-S,Delhi NCR,Marketplace,2,COD
2024-09-29,TS-BLK-S,Mumbai,Marketplace,1,Prepaid
2024-09-29,TS-BLK-S,Mumbai,Website,2,Prepaid
2024-09-29,TS-BLK-S,Mumbai,Website,2,COD
2024-09-29,TS-BLK-S,Mumbai,Website,1,COD
2024-09-29,TS-BLK-S,Bangalore,Website,2,COD
2024-09-29,TS-BLK-S,Bangalore,Website,2,COD
2024-09-29,TS-BLK-S,Bangalore,Website,2,Prepaid
2024-09-29,TS-BLK-S,Bangalore,Marketplace,2,Prepaid
2024-09-29,TS-BLK-M,Delhi NCR,Website,1,Prepaid
2024-09-29,TS-BLK-M,Delhi NCR,Marketplace,2,Prepaid
2024-09-29,TS-BLK-M,Delhi NCR,Website,2,COD
2024-09-29,TS-BLK-M,Delhi NCR,Website,1,COD
2024-09-29,TS-BLK-M,Delhi NCR,Marketplace,1,COD
2024-09-29,TS-BLK-M,Mumbai,Website,2,COD
2024-09-29,TS-BLK-M,Mumbai,Marketplace,2,Prepaid
2024-09-29,TS-BLK-M,Mumbai,Marketplace,2,Prepaid
2024-09-29,TS-BLK-M,Bangalore,Marketplace,1,COD
2024-09-29,TS-BLK-L,Delhi NCR,Marketplace,1,COD
2024-09-29,TS-BLK-L,Delhi NCR,Website,1,Prepaid
2024-09-29,TS-BLK-L,Delhi NCR,Website,1,COD
2024-09-29,TS-BLK-L,Delhi NCR,Marketplace,2,COD
2024-09-29,TS-BLK-L,Mumbai,Website,2,Prepaid
2024-09-29,TS-BLK-L,Mumbai,Marketplace,2,COD
2024-09-29,TS-BLK-L,Mumbai,Website,1,COD
2024-09-29,TS-BLK-L,Mumbai,Marketplace,2,COD
2024-09-29,TS-BLK-L,Bangalore,Website,1,COD
2024-09-29,TS-BLK-L,Bangalore,Marketplace,2,Prepaid
2024-09-29,TS-BLK-L,Bangalore,Marketplace,2,Prepaid
2024-09-29,TS-BLK-L,Bangalore,Marketplace,1,COD
2024-09-29,TS-WHT-M,Delhi NCR,Website,1,COD
2024-09-29,TS-WHT-M,Delhi NCR,Marketplace,1,Prepaid
2024-09-29,TS-WHT-M,Mumbai,Marketplace,1,Prepaid
2024-09-29,TS-WHT-M,Mumbai,Website,2,COD
2024-09-29,TS-WHT-M,Mumbai,Marketplace,2,COD
2024-09-29,TS-WHT-M,Mumbai,Marketplace,2,COD
2024-09-29,TS-WHT-M,Mumbai,Website,2,COD
2024-09-29,TS-WHT-M,Bangalore,Marketplace,2,COD
2024-09-29,TS-WHT-M,Bangalore,Website,2,Prepaid
2024-09-29,TS-WHT-M,Bangalore,Marketplace,1,Prepaid
2024-09-29,TS-WHT-M,Bangalore,Marketplace,1,COD
2024-09-29,HD-BLK-M,Delhi NCR,Website,1,Prepaid
2024-09-29,HD-BLK-M,Delhi NCR,Marketplace,1,COD
2024-09-29,HD-BLK-M,Mumbai,Marketplace,2,COD
2024-09-29,HD-BLK-M,Mumbai,Website,1,COD
2024-09-29,HD-BLK-M,Mumbai,Marketplace,2,Prepaid
2024-09-29,HD-BLK-M,Mumbai,Website,2,COD
2024-09-29,HD-BLK-M,Bangalore,Website,1,COD
2024-09-29,HD-BLK-M,Bangalore,Marketplace,1,Prepaid
2024-09-29,HD-GRY-L,Delhi NCR,Marketplace,1,COD
2024-09-29,HD-GRY-L,Delhi NCR,Website,1,COD
2024-09-29,HD-GRY-L,Mumbai,Website,1,COD
2024-09-29,HD-GRY-L,Mumbai,Marketplace,2,COD
2024-09-29,HD-GRY-L,Mumbai,Marketplace,2,Prepaid
2024-09-29,HD-GRY-L,Mumbai,Website,2,COD
2024-09-29,HD-GRY-L,Bangalore,Marketplace,1,COD
2024-09-29,JK-DNM-M,Delhi NCR,Website,1,COD
2024-09-29,JK-DNM-M,Delhi NCR,Marketplace,1,Prepaid
2024-09-29,JK-DNM-M,Mumbai,Website,1,COD
2024-09-29,JK-DNM-M,Mumbai,Website,1,COD
2024-09-29,JK-DNM-M,Mumbai,Marketplace,2,COD
2024-09-29,JK-DNM-M,Mumbai,Website,1,Prepaid
2024-09-29,JK-DNM-M,Bangalore,Marketplace,2,COD
2024-09-29,JK-DNM-M,Bangalore,Website,2,Prepaid
2024-09-29,JK-DNM-M,Bangalore,Marketplace,1,Prepaid
2024-09-29,CP-BLK,Delhi NCR,Marketplace,1,Prepaid
2024-09-29,CP-BLK,Mumbai,Website,2,COD
2024-09-29,CP-BLK,Mumbai,Marketplace,1,COD
2024-09-29,CP-BLK,Bangalore,Website,1,COD
2024-09-29,CP-BLK,Bangalore,Website,2,COD
2024-09-29,CP-BLK,Bangalore,Marketplace,1,COD
2024-09-30,TS-BLK-S,Delhi NCR,Website,2,Prepaid
2024-09-30,TS-BLK-S,Delhi NCR,Marketplace,2,Prepaid
2024-09-30,TS-BLK-S,Delhi NCR,Website,2,COD
2024-09-30,TS-BLK-S,Delhi NCR,Website,1,COD
2024-09-30,TS-BLK-S,Delhi NCR,Marketplace,2,Prepaid
2024-09-30,TS-BLK-S,Mumbai,Website,1,COD
2024-09-30,TS-BLK-S,Bangalore,Website,1,COD
2024-09-30,TS-BLK-S,Bangalore,Marketplace,2,COD
2024-09-30,TS-BLK-S,Bangalore,Marketplace,1,COD
2024-09-30,TS-BLK-S,Bangalore,Website,2,Prepaid
2024-09-30,TS-BLK-S,Bangalore,Website,1,COD
2024-09-30,TS-BLK-M,Delhi NCR,Website,1,Prepaid
2024-09-30,TS-BLK-M,Delhi NCR,Marketplace,1,COD
2024-09-30,TS-BLK-M,Mumbai,Marketplace,2,Prepaid
2024-09-30,TS-BLK-M,Mumbai,Marketplace,1,COD
2024-09-30,TS-BLK-M,Bangalore,Marketplace,2,Prepaid
2024-09-30,TS-BLK-M,Bangalore,Marketplace,2,COD
2024-09-30,TS-BLK-M,Bangalore,Marketplace,2,Prepaid
2024-09-30,TS-BLK-M,Bangalore,Website,1,Prepaid
2024-09-30,TS-BLK-M,Bangalore,Marketplace,2,Prepaid
2024-09-30,TS-BLK-L,Delhi NCR,Marketplace,1,COD
2024-09-30,TS-BLK-L,Delhi NCR,Website,1,COD
2024-09-30,TS-BLK-L,Delhi NCR,Marketplace,2,Prepaid
2024-09-30,TS-BLK-L,Delhi NCR,Website,1,COD
2024-09-30,TS-BLK-L,Mumbai,Marketplace,1,COD
2024-09-30,TS-BLK-L,Mumbai,Website,2,Prepaid
2024-09-30,TS-BLK-L,Mumbai,Website,2,COD
2024-09-30,TS-BLK-L,Mumbai,Website,1,COD
2024-09-30,TS-BLK-L,Mumbai,Marketplace,2,COD
2024-09-30,TS-BLK-L,Bangalore,Website,2,Prepaid
2024-09-30,TS-WHT-M,Delhi NCR,Website,1,COD
2024-09-30,TS-WHT-M,Mumbai,Website,2,COD
2024-09-30,TS-WHT-M,Mumbai,Marketplace,2,COD
2024-09-30,TS-WHT-M,Mumbai,Website,1,Prepaid
2024-09-30,TS-WHT-M,Mumbai,Marketplace,2,COD
2024-09-30,TS-WHT-M,Bangalore,Marketplace,2,COD
2024-09-30,TS-WHT-M,Bangalore,Website,1,COD
2024-09-30,TS-WHT-M,Bangalore,Marketplace,2,COD
2024-09-30,TS-WHT-M,Bangalore,Website,1,Prepaid
2024-09-30,HD-BLK-M,Delhi NCR,Website,2,Prepaid
2024-09-30,HD-BLK-M,Delhi NCR,Marketplace,2,Prepaid
2024-09-30,HD-BLK-M,Mumbai,Marketplace,2,COD
2024-09-30,HD-BLK-M,Mumbai,Website,1,COD
2024-09-30,HD-BLK-M,Mumbai,Website,1,COD
2024-09-30,HD-BLK-M,Mumbai,Marketplace,2,COD
2024-09-30,HD-BLK-M,Mumbai,Website,2,COD
2024-09-30,HD-BLK-M,Bangalore,Marketplace,2,Prepaid
2024-09-30,HD-GRY-L,Delhi NCR,Website,2,COD
2024-09-30,HD-GRY-L,Delhi NCR,Marketplace,2,COD
2024-09-30,HD-GRY-L,Delhi NCR,Website,2,COD
2024-09-30,HD-GRY-L,Delhi NCR,Marketplace,2,Prepaid
2024-09-30,HD-GRY-L,Delhi NCR,Website,1,COD
2024-09-30,HD-GRY-L,Mumbai,Website,2,Prepaid
2024-09-30,HD-GRY-L,Mumbai,Website,1,COD
2024-09-30,HD-GRY-L,Bangalore,Marketplace,2,COD
2024-09-30,HD-GRY-L,Bangalore,Website,1,COD
2024-09-30,HD-GRY-L,Bangalore,Marketplace,2,Prepaid
2024-09-30,JK-DNM-M,Delhi NCR,Marketplace,2,Prepaid
2024-09-30,JK-DNM-M,Delhi NCR,Marketplace,1,COD
2024-09-30,JK-DNM-M,Delhi NCR,Marketplace,2,COD
2024-09-30,JK-DNM-M,Delhi NCR,Website,2,COD
2024-09-30,JK-DNM-M,Delhi NCR,Marketplace,2,Prepaid
2024-09-30,JK-DNM-M,Delhi NCR,Marketplace,1,Prepaid
2024-09-30,JK-DNM-M,Mumbai,Website,1,Prepaid
2024-09-30,JK-DNM-M,Mumbai,Website,2,Prepaid
2024-09-30,JK-DNM-M,Mumbai,Website,2,COD
2024-09-30,JK-DNM-M,Bangalore,Website,2,COD
2024-09-30,CP-BLK,Delhi NCR,Marketplace,2,COD
2024-09-30,CP-BLK,Delhi NCR,Marketplace,2,COD
2024-09-30,CP-BLK,Delhi NCR,Marketplace,1,COD
2024-09-30,CP-BLK,Mumbai,Marketplace,2,COD
2024-09-30,CP-BLK,Mumbai,Website,1,Prepaid
2024-09-30,CP-BLK,Mumbai,Website,1,COD
2024-09-30,CP-BLK,Bangalore,Website,2,Prepaid
2024-09-30,CP-BLK,Bangalore,Website,2,Prepaid
2024-09-30,CP-BLK,Bangalore,Website,1,COD
2024-09-30,CP-BLK,Bangalore,Website,1,COD
2024-09-30,CP-BLK,Bangalore,Marketplace,2,Prepaid
2024-10-01,TS-BLK-S,Delhi NCR,Marketplace,1,COD
2024-10-01,TS-BLK-S,Delhi NCR,Marketplace,2,Prepaid
2024-10-01,TS-BLK-S,Delhi NCR,Marketplace,2,Prepaid
2024-10-01,TS-BLK-S,Delhi NCR,Marketplace,1,COD
2024-10-01,TS-BLK-S,Delhi NCR,Website,1,COD
2024-10-01,TS-BLK-S,Mumbai,Website,1,COD
2024-10-01,TS-BLK-S,Mumbai,Website,2,Prepaid
2024-10-01,TS-BLK-S,Mumbai,Marketplace,2,COD
2024-10-01,TS-BLK-S,Mumbai,Website,2,COD
2024-10-01,TS-BLK-S,Bangalore,Marketplace,1,Prepaid
2024-10-01,TS-BLK-S,Bangalore,Marketplace,1,Prepaid
2024-10-01,TS-BLK-S,Bangalore,Website,1,Prepaid
2024-10-01,TS-BLK-M,Delhi NCR,Marketplace,2,COD
2024-10-01,TS-BLK-M,Delhi NCR,Website,1,COD
2024-10-01,TS-BLK-M,Delhi NCR,Website,2,COD
2024-10-01,TS-BLK-M,Delhi NCR,Website,1,COD
2024-10-01,TS-BLK-M,Mumbai,Marketplace,2,Prepaid
2024-10-01,TS-BLK-M,Bangalore,Marketplace,2,COD
2024-10-01,TS-BLK-L,Delhi NCR,Marketplace,1,Prepaid
2024-10-01,TS-BLK-L,Delhi NCR,Marketplace,1,Prepaid
2024-10-01,TS-BLK-L,Mumbai,Website,1,COD
2024-10-01,TS-BLK-L,Bangalore,Website,2,COD
2024-10-01,TS-BLK-L,Bangalore,Marketplace,2,COD
2024-10-01,TS-WHT-M,Delhi NCR,Marketplace,1,Prepaid
2024-10-01,TS-WHT-M,Mumbai,Marketplace,2,Prepaid
2024-10-01,TS-WHT-M,Mumbai,Website,1,COD
2024-10-01,TS-WHT-M,Mumbai,Marketplace,2,Prepaid
2024-10-01,TS-WHT-M,Bangalore,Website,2,Prepaid
2024-10-01,TS-WHT-M,Bangalore,Marketplace,1,COD
2024-10-01,TS-WHT-M,Bangalore,Website,1,Prepaid
2024-10-01,TS-WHT-M,Bangalore,Website,1,COD
2024-10-01,TS-WHT-M,Bangalore,Marketplace,2,COD
2024-10-01,HD-BLK-M,Delhi NCR,Website,1,COD
2024-10-01,HD-BLK-M,Delhi NCR,Marketplace,1,Prepaid
2024-10-01,HD-BLK-M,Delhi NCR,Marketplace,2,COD
2024-10-01,HD-BLK-M,Delhi NCR,Marketplace,1,COD
2024-10-01,HD-BLK-M,Delhi NCR,Website,1,COD
2024-10-01,HD-BLK-M,Mumbai,Website,2,COD
2024-10-01,HD-BLK-M,Mumbai,Marketplace,1,COD
2024-10-01,HD-BLK-M,Mumbai,Website,2,COD
2024-10-01,HD-BLK-M,Mumbai,Marketplace,1,Prepaid
2024-10-01,HD-BLK-M,Mumbai,Marketplace,1,COD
2024-10-01,HD-BLK-M,Bangalore,Marketplace,2,COD
2024-10-01,HD-BLK-M,Bangalore,Marketplace,2,COD
2024-10-01,HD-BLK-M,Bangalore,Marketplace,1,COD
2024-10-01,HD-GRY-L,Delhi NCR,Marketplace,2,COD
2024-10-01,HD-GRY-L,Delhi NCR,Marketplace,2,COD
2024-10-01,HD-GRY-L,Delhi NCR,Marketplace,1,COD
2024-10-01,HD-GRY-L,Delhi NCR,Marketplace,2,COD
2024-10-01,HD-GRY-L,Delhi NCR,Marketplace,2,COD
2024-10-01,HD-GRY-L,Mumbai,Marketplace,2,COD
2024-10-01,HD-GRY-L,Mumbai,Website,2,COD
2024-10-01,HD-GRY-L,Mumbai,Website,2,COD
2024-10-01,HD-GRY-L,Bangalore,Marketplace,2,COD
2024-10-01,HD-GRY-L,Bangalore,Marketplace,1,Prepaid
2024-10-01,JK-DNM-M,Delhi NCR,Website,2,COD
2024-10-01,JK-DNM-M,Delhi NCR,Website,1,COD
2024-10-01,JK-DNM-M,Delhi NCR,Website,2,Prepaid
2024-10-01,JK-DNM-M,Delhi NCR,Website,1,COD
2024-10-01,JK-DNM-M,Delhi NCR,Marketplace,1,COD
2024-10-01,JK-DNM-M,Mumbai,Marketplace,1,COD
2024-10-01,JK-DNM-M,Mumbai,Marketplace,2,COD
2024-10-01,JK-DNM-M,Mumbai,Marketplace,1,COD
2024-10-01,JK-DNM-M,Mumbai,Website,2,COD
2024-10-01,JK-DNM-M,Bangalore,Website,1,COD
2024-10-01,JK-DNM-M,Bangalore,Marketplace,1,Prepaid
2024-10-01,JK-DNM-M,Bangalore,Marketplace,2,COD
2024-10-01,CP-BLK,Delhi NCR,Marketplace,1,COD
2024-10-01,CP-BLK,Mumbai,Marketplace,2,Prepaid
2024-10-01,CP-BLK,Mumbai,Website,2,Prepaid
2024-10-01,CP-BLK,Mumbai,Website,2,Prepaid
2024-10-01,CP-BLK,Mumbai,Website,2,COD
2024-10-01,CP-BLK,Mumbai,Marketplace,2,Prepaid
2024-10-01,CP-BLK,Bangalore,Website,1,COD
2024-10-01,CP-BLK,Bangalore,Website,1,COD
2024-10-02,TS-BLK-S,Delhi NCR,Website,1,Prepaid
2024-10-02,TS-BLK-S,Delhi NCR,Marketplace,1,COD
2024-10-02,TS-BLK-S,Mumbai,Marketplace,1,COD
2024-10-02,TS-BLK-S,Mumbai,Marketplace,2,COD
2024-10-02,TS-BLK-S,Bangalore,Marketplace,2,COD
2024-10-02,TS-BLK-S,Bangalore,Marketplace,2,COD
2024-10-02,TS-BLK-S,Bangalore,Marketplace,1,Prepaid
2024-10-02,TS-BLK-S,Bangalore,Marketplace,2,COD
2024-10-02,TS-BLK-S,Bangalore,Website,2,Prepaid
2024-10-02,TS-BLK-M,Delhi NCR,Website,2,Prepaid
2024-10-02,TS-BLK-M,Delhi NCR,Website,1,COD
2024-10-02,TS-BLK-M,Delhi NCR,Marketplace,2,Prepaid
2024-10-02,TS-BLK-M,Mumbai,Website,1,COD
2024-10-02,TS-BLK-M,Mumbai,Marketplace,2,COD
2024-10-02,TS-BLK-M,Mumbai,Website,1,Prepaid
2024-10-02,TS-BLK-M,Bangalore,Marketplace,2,Prepaid
2024-10-02,TS-BLK-L,Delhi NCR,Website,2,COD
2024-10-02,TS-BLK-L,Delhi NCR,Website,2,COD
2024-10-02,TS-BLK-L,Delhi NCR,Website,1,COD
2024-10-02,TS-BLK-L,Delhi NCR,Website,2,COD
2024-10-02,TS-BLK-L,Mumbai,Website,2,Prepaid
2024-10-02,TS-BLK-L,Mumbai,Website,1,COD
2024-10-02,TS-BLK-L,Bangalore,Marketplace,2,Prepaid
2024-10-02,TS-BLK-L,Bangalore,Website,2,COD
2024-10-02,TS-WHT-M,Delhi NCR,Website,2,COD
2024-10-02,TS-WHT-M,Mumbai,Website,1,COD
2024-10-02,TS-WHT-M,Mumbai,Marketplace,2,COD
2024-10-02,TS-WHT-M,Mumbai,Website,2,Prepaid
2024-10-02,TS-WHT-M,Mumbai,Marketplace,1,COD
2024-10-02,TS-WHT-M,Bangalore,Website,2,COD
2024-10-02,TS-WHT-M,Bangalore,Marketplace,2,Prepaid
2024-10-02,TS-WHT-M,Bangalore,Website,2,COD
2024-10-02,TS-WHT-M,Bangalore,Marketplace,2,COD
2024-10-02,HD-BLK-M,Delhi NCR,Marketplace,2,COD
2024-10-02,HD-BLK-M,Delhi NCR,Website,1,COD
2024-10-02,HD-BLK-M,Delhi NCR,Website,2,COD
2024-10-02,HD-BLK-M,Delhi NCR,Website,2,COD
2024-10-02,HD-BLK-M,Delhi NCR,Marketplace,2,Prepaid
2024-10-02,HD-BLK-M,Mumbai,Website,1,Prepaid
2024-10-02,HD-BLK-M,Mumbai,Website,2,Prepaid
2024-10-02,HD-BLK-M,Bangalore,Website,2,Prepaid
2024-10-02,HD-BLK-M,Bangalore,Marketplace,1,Prepaid
2024-10-02,HD-BLK-M,Bangalore,Website,2,COD
2024-10-02,HD-BLK-M,Bangalore,Website,2,COD
2024-10-02,HD-BLK-M,Bangalore,Website,1,COD
2024-10-02,HD-GRY-L,Delhi NCR,Marketplace,2,COD
2024-10-02,HD-GRY-L,Delhi NCR,Marketplace,1,COD
2024-10-02,HD-GRY-L,Delhi NCR,Website,2,Prepaid
2024-10-02,HD-GRY-L,Delhi NCR,Marketplace,2,COD
2024-10-02,HD-GRY-L,Mumbai,Website,2,COD
2024-10-02,HD-GRY-L,Mumbai,Website,2,COD
2024-10-02,HD-GRY-L,Bangalore,Marketplace,1,COD
2024-10-02,HD-GRY-L,Bangalore,Website,2,Prepaid
2024-10-02,HD-GRY-L,Bangalore,Marketplace,2,COD
2024-10-02,HD-GRY-L,Bangalore,Website,1,Prepaid
2024-10-02,HD-GRY-L,Bangalore,Marketplace,2,Prepaid
2024-10-02,JK-DNM-M,Delhi NCR,Website,2,COD
2024-10-02,JK-DNM-M,Delhi NCR,Marketplace,2,COD
2024-10-02,JK-DNM-M,Delhi NCR,Website,2,COD
2024-10-02,JK-DNM-M,Delhi NCR,Website,2,COD
2024-10-02,JK-DNM-M,Delhi NCR,Marketplace,1,COD
2024-10-02,JK-DNM-M,Delhi NCR,Marketplace,1,COD
2024-10-02,JK-DNM-M,Mumbai,Marketplace,1,COD
2024-10-02,JK-DNM-M,Mumbai,Marketplace,2,Prepaid
2024-10-02,JK-DNM-M,Mumbai,Marketplace,1,Prepaid
2024-10-02,JK-DNM-M,Mumbai,Marketplace,2,Prepaid
2024-10-02,JK-DNM-M,Mumbai,Marketplace,1,Prepaid
2024-10-02,JK-DNM-M,Mumbai,Marketplace,2,COD
2024-10-02,JK-DNM-M,Mumbai,Marketplace,1,Prepaid
2024-10-02,JK-DNM-M,Bangalore,Website,1,Prepaid
2024-10-02,JK-DNM-M,Bangalore,Marketplace,1,Prepaid
2024-10-02,JK-DNM-M,Bangalore,Website,1,COD
2024-10-02,JK-DNM-M,Bangalore,Website,1,COD
2024-10-02,CP-BLK,Delhi NCR,Website,1,Prepaid
2024-10-02,CP-BLK,Mumbai,Website,2,Prepaid
2024-10-02,CP-BLK,Bangalore,Marketplace,1,COD
2024-10-02,CP-BLK,Bangalore,Marketplace,2,Prepaid
2024-10-03,TS-BLK-S,Delhi NCR,Website,2,COD
2024-10-03,TS-BLK-S,Delhi NCR,Marketplace,2,COD
2024-10-03,TS-BLK-S,Delhi NCR,Website,1,Prepaid
2024-10-03,TS-BLK-S,Delhi NCR,Website,1,Prepaid
2024-10-03,TS-BLK-S,Delhi NCR,Marketplace,1,COD
2024-10-03,TS-BLK-S,Mumbai,Marketplace,2,COD
2024-10-03,TS-BLK-S,Mumbai,Website,1,COD
2024-10-03,TS-BLK-S,Mumbai,Website,2,Prepaid
2024-10-03,TS-BLK-S,Mumbai,Website,2,COD
2024-10-03,TS-BLK-S,Mumbai,Marketplace,2,COD
2024-10-03,TS-BLK-S,Bangalore,Website,1,COD
2024-10-03,TS-BLK-S,Bangalore,Website,2,COD
2024-10-03,TS-BLK-S,Bangalore,Website,1,COD
2024-10-03,TS-BLK-S,Bangalore,Marketplace,2,COD
2024-10-03,TS-BLK-M,Delhi NCR,Marketplace,1,COD
2024-10-03,TS-BLK-M,Delhi NCR,Marketplace,2,Prepaid
2024-10-03,TS-BLK-M,Delhi NCR,Website,2,Prepaid
2024-10-03,TS-BLK-M,Delhi NCR,Website,2,COD
2024-10-03,TS-BLK-M,Mumbai,Marketplace,1,COD
2024-10-03,TS-BLK-M,Mumbai,Website,2,COD
2024-10-03,TS-BLK-M,Bangalore,Website,1,Prepaid
2024-10-03,TS-BLK-M,Bangalore,Website,2,COD
2024-10-03,TS-BLK-M,Bangalore,Marketplace,2,Prepaid
2024-10-03,TS-BLK-M,Bangalore,Marketplace,1,COD
2024-10-03,TS-BLK-M,Bangalore,Website,1,COD
2024-10-03,TS-BLK-L,Delhi NCR,Website,1,COD
2024-10-03,TS-BLK-L,Mumbai,Website,2,COD
2024-10-03,TS-BLK-L,Mumbai,Website,2,COD
2024-10-03,TS-BLK-L,Mumbai,Website,1,COD
2024-10-03,TS-BLK-L,Mumbai,Marketplace,2,Prepaid
2024-10-03,TS-BLK-L,Bangalore,Website,2,COD
2024-10-03,TS-BLK-L,Bangalore,Marketplace,1,COD
2024-10-03,TS-BLK-L,Bangalore,Marketplace,2,COD
2024-10-03,TS-WHT-M,Delhi NCR,Website,1,COD
2024-10-03,TS-WHT-M,Delhi NCR,Website,1,COD
2024-10-03,TS-WHT-M,Delhi NCR,Marketplace,1,COD
2024-10-03,TS-WHT-M,Delhi NCR,Website,1,Prepaid
2024-10-03,TS-WHT-M,Mumbai,Website,2,COD
2024-10-03,TS-WHT-M,Mumbai,Marketplace,1,COD
2024-10-03,TS-WHT-M,Bangalore,Website,2,COD
2024-10-03,TS-WHT-M,Bangalore,Marketplace,1,COD
2024-10-03,HD-BLK-M,Delhi NCR,Website,1,Prepaid
2024-10-03,HD-BLK-M,Delhi NCR,Website,1,COD
2024-10-03,HD-BLK-M,Delhi NCR,Marketplace,2,Prepaid
2024-10-03,HD-BLK-M,Delhi NCR,Marketplace,2,COD
2024-10-03,HD-BLK-M,Delhi NCR,Marketplace,2,COD
2024-10-03,HD-BLK-M,Mumbai,Website,1,COD
2024-10-03,HD-BLK-M,Mumbai,Website,1,COD
2024-10-03,HD-BLK-M,Mumbai,Website,2,Prepaid
2024-10-03,HD-BLK-M,Bangalore,Website,2,COD
2024-10-03,HD-BLK-M,Bangalore,Website,1,COD
2024-10-03,HD-BLK-M,Bangalore,Website,1,COD
2024-10-03,HD-BLK-M,Bangalore,Website,1,Prepaid
2024-10-03,HD-GRY-L,Delhi NCR,Marketplace,2,COD
2024-10-03,HD-GRY-L,Delhi NCR,Website,1,COD
2024-10-03,HD-GRY-L,Delhi NCR,Marketplace,2,COD
2024-10-03,HD-GRY-L,Delhi NCR,Website,1,Prepaid
2024-10-03,HD-GRY-L,Mumbai,Marketplace,1,COD
2024-10-03,HD-GRY-L,Mumbai,Website,1,COD
2024-10-03,HD-GRY-L,Mumbai,Marketplace,2,COD
2024-10-03,HD-GRY-L,Mumbai,Marketplace,1,COD
2024-10-03,HD-GRY-L,Bangalore,Marketplace,2,Prepaid
2024-10-03,JK-DNM-M,Delhi NCR,Website,2,COD
2024-10-03,JK-DNM-M,Delhi NCR,Marketplace,2,COD
2024-10-03,JK-DNM-M,Delhi NCR,Marketplace,1,COD
2024-10-03,JK-DNM-M,Delhi NCR,Marketplace,1,COD
2024-10-03,JK-DNM-M,Mumbai,Marketplace,1,COD
2024-10-03,JK-DNM-M,Mumbai,Marketplace,2,COD
2024-10-03,JK-DNM-M,Mumbai,Marketplace,1,COD
2024-10-03,JK-DNM-M,Mumbai,Website,1,COD
2024-10-03,JK-DNM-M,Bangalore,Marketplace,2,COD
2024-10-03,CP-BLK,Delhi NCR,Website,2,COD
2024-10-03,CP-BLK,Delhi NCR,Marketplace,1,COD
2024-10-03,CP-BLK,Delhi NCR,Website,2,COD
2024-10-03,CP-BLK,Delhi NCR,Marketplace,2,COD
2024-10-03,CP-BLK,Mumbai,Website,2,COD
2024-10-03,CP-BLK,Mumbai,Website,1,COD
2024-10-03,CP-BLK,Mumbai,Marketplace,2,Prepaid
2024-10-03,CP-BLK,Bangalore,Website,1,COD
2024-10-03,CP-BLK,Bangalore,Website,2,COD
2024-10-03,CP-BLK,Bangalore,Marketplace,2,COD
2024-10-03,CP-BLK,Bangalore,Marketplace,2,COD
2024-10-04,TS-BLK-S,Delhi NCR,Marketplace,1,Prepaid
2024-10-04,TS-BLK-S,Delhi NCR,Marketplace,2,COD
2024-10-04,TS-BLK-S,Delhi NCR,Website,1,Prepaid
2024-10-04,TS-BLK-S,Mumbai,Marketplace,1,COD
2024-10-04,TS-BLK-S,Mumbai,Website,2,COD
2024-10-04,TS-BLK-S,Mumbai,Website,1,Prepaid
2024-10-04,TS-BLK-S,Mumbai,Website,2,COD
2024-10-04,TS-BLK-S,Bangalore,Website,2,Prepaid
2024-10-04,TS-BLK-S,Bangalore,Website,1,COD
2024-10-04,TS-BLK-M,Delhi NCR,Website,1,Prepaid
2024-10-04,TS-BLK-M,Delhi NCR,Marketplace,1,Prepaid
2024-10-04,TS-BLK-M,Delhi NCR,Marketplace,1,COD
2024-10-04,TS-BLK-M,Mumbai,Website,2,COD
2024-10-04,TS-BLK-M,Mumbai,Website,1,COD
2024-10-04,TS-BLK-M,Bangalore,Marketplace,2,Prepaid
2024-10-04,TS-BLK-M,Bangalore,Marketplace,2,Prepaid
2024-10-04,TS-BLK-L,Delhi NCR,Website,2,Prepaid
2024-10-04,TS-BLK-L,Delhi NCR,Marketplace,1,COD
2024-10-04,TS-BLK-L,Delhi NCR,Marketplace,2,COD
2024-10-04,TS-BLK-L,Delhi NCR,Marketplace,1,COD
2024-10-04,TS-BLK-L,Mumbai,Marketplace,2,COD
2024-10-04,TS-BLK-L,Mumbai,Marketplace,2,COD
2024-10-04,TS-BLK-L,Mumbai,Marketplace,1,COD
2024-10-04,TS-BLK-L,Mumbai,Marketplace,1,Prepaid
2024-10-04,TS-BLK-L,Bangalore,Marketplace,1,COD
2024-10-04,TS-BLK-L,Bangalore,Website,1,Prepaid
2024-10-04,TS-BLK-L,Bangalore,Marketplace,2,COD
2024-10-04,TS-WHT-M,Delhi NCR,Website,1,Prepaid
2024-10-04,TS-WHT-M,Delhi NCR,Website,1,COD
2024-10-04,TS-WHT-M,Delhi NCR,Website,2,COD
2024-10-04,TS-WHT-M,Delhi NCR,Marketplace,1,COD
2024-10-04,TS-WHT-M,Delhi NCR,Marketplace,1,COD
2024-10-04,TS-WHT-M,Mumbai,Marketplace,1,Prepaid
2024-10-04,TS-WHT-M,Bangalore,Marketplace,2,COD
2024-10-04,TS-WHT-M,Bangalore,Website,1,Prepaid
2024-10-04,HD-BLK-M,Delhi NCR,Marketplace,2,COD
2024-10-04,HD-BLK-M,Delhi NCR,Marketplace,2,Prepaid
2024-10-04,HD-BLK-M,Delhi NCR,Marketplace,1,Prepaid
2024-10-04,HD-BLK-M,Delhi NCR,Website,2,Prepaid
2024-10-04,HD-BLK-M,Mumbai,Marketplace,1,COD
2024-10-04,HD-BLK-M,Mumbai,Marketplace,2,COD
2024-10-04,HD-BLK-M,Bangalore,Website,1,Prepaid
2024-10-04,HD-GRY-L,Delhi NCR,Marketplace,1,Prepaid
2024-10-04,HD-GRY-L,Mumbai,Website,2,COD
2024-10-04,HD-GRY-L,Mumbai,Website,1,COD
2024-10-04,HD-GRY-L,Bangalore,Website,1,Prepaid
2024-10-04,HD-GRY-L,Bangalore,Marketplace,2,COD
2024-10-04,JK-DNM-M,Delhi NCR,Website,2,COD
2024-10-04,JK-DNM-M,Delhi NCR,Website,1,Prepaid
2024-10-04,JK-DNM-M,Delhi NCR,Website,1,Prepaid
2024-10-04,JK-DNM-M,Delhi NCR,Marketplace,1,COD
2024-10-04,JK-DNM-M,Delhi NCR,Website,1,COD
2024-10-04,JK-DNM-M,Mumbai,Marketplace,1,COD
2024-10-04,JK-DNM-M,Mumbai,Website,1,COD
2024-10-04,JK-DNM-M,Mumbai,Website,2,Prepaid
2024-10-04,JK-DNM-M,Mumbai,Marketplace,1,COD
2024-10-04,JK-DNM-M,Mumbai,Website,2,COD
2024-10-04,JK-DNM-M,Mumbai,Marketplace,2,Prepaid
2024-10-04,JK-DNM-M,Mumbai,Website,2,COD
2024-10-04,JK-DNM-M,Bangalore,Website,2,Prepaid
2024-10-04,JK-DNM-M,Bangalore,Marketplace,2,COD
2024-10-04,JK-DNM-M,Bangalore,Website,1,COD
2024-10-04,CP-BLK,Delhi NCR,Marketplace,1,Prepaid
2024-10-04,CP-BLK,Delhi NCR,Website,2,Prepaid
2024-10-04,CP-BLK,Delhi NCR,Marketplace,1,Prepaid
2024-10-04,CP-BLK,Delhi NCR,Website,2,Prepaid
2024-10-04,CP-BLK,Mumbai,Website,2,Prepaid
2024-10-04,CP-BLK,Mumbai,Marketplace,2,COD
2024-10-04,CP-BLK,Mumbai,Marketplace,1,Prepaid
2024-10-04,CP-BLK,Mumbai,Website,1,COD
2024-10-04,CP-BLK,Bangalore,Marketplace,2,COD
2024-10-04,CP-BLK,Bangalore,Marketplace,1,Prepaid
2024-10-04,CP-BLK,Bangalore,Website,1,COD
2024-10-05,TS-BLK-S,Delhi NCR,Marketplace,2,COD
2024-10-05,TS-BLK-S,Mumbai,Website,1,COD
2024-10-05,TS-BLK-S,Bangalore,Marketplace,2,COD
2024-10-05,TS-BLK-S,Bangalore,Website,1,COD
2024-10-05,TS-BLK-S,Bangalore,Website,1,Prepaid
2024-10-05,TS-BLK-M,Delhi NCR,Website,2,Prepaid
2024-10-05,TS-BLK-M,Delhi NCR,Website,2,Prepaid
2024-10-05,TS-BLK-M,Delhi NCR,Marketplace,2,COD
2024-10-05,TS-BLK-M,Mumbai,Marketplace,2,Prepaid
2024-10-05,TS-BLK-M,Mumbai,Marketplace,1,Prepaid
2024-10-05,TS-BLK-M,Bangalore,Website,2,COD
2024-10-05,TS-BLK-M,Bangalore,Marketplace,1,Prepaid
2024-10-05,TS-BLK-M,Bangalore,Website,1,Prepaid
2024-10-05,TS-BLK-M,Bangalore,Marketplace,2,COD
2024-10-05,TS-BLK-M,Bangalore,Marketplace,2,COD
2024-10-05,TS-BLK-L,Delhi NCR,Marketplace,1,COD
2024-10-05,TS-BLK-L,Mumbai,Website,1,COD
2024-10-05,TS-BLK-L,Mumbai,Website,1,COD
2024-10-05,TS-BLK-L,Mumbai,Marketplace,1,COD
2024-10-05,TS-BLK-L,Mumbai,Marketplace,1,Prepaid
2024-10-05,TS-BLK-L,Bangalore,Marketplace,2,COD
2024-10-05,TS-BLK-L,Bangalore,Marketplace,1,COD
2024-10-05,TS-BLK-L,Bangalore,Website,1,COD
2024-10-05,TS-BLK-L,Bangalore,Website,2,COD
2024-10-05,TS-BLK-L,Bangalore,Website,2,COD
2024-10-05,TS-WHT-M,Delhi NCR,Website,1,COD
2024-10-05,TS-WHT-M,Delhi NCR,Marketplace,2,COD
2024-10-05,TS-WHT-M,Mumbai,Marketplace,1,COD
2024-10-05,TS-WHT-M,Mumbai,Marketplace,1,Prepaid
2024-10-05,TS-WHT-M,Bangalore,Marketplace,1,COD
2024-10-05,TS-WHT-M,Bangalore,Marketplace,2,COD
2024-10-05,TS-WHT-M,Bangalore,Marketplace,1,Prepaid
2024-10-05,TS-WHT-M,Bangalore,Website,2,Prepaid
2024-10-05,HD-BLK-M,Delhi NCR,Website,1,COD
2024-10-05,HD-BLK-M,Delhi NCR,Marketplace,2,COD
2024-10-05,HD-BLK-M,Mumbai,Website,2,COD
2024-10-05,HD-BLK-M,Bangalore,Marketplace,2,COD
2024-10-05,HD-BLK-M,Bangalore,Website,2,COD
2024-10-05,HD-BLK-M,Bangalore,Website,1,COD
2024-10-05,HD-BLK-M,Bangalore,Marketplace,1,COD
2024-10-05,HD-BLK-M,Bangalore,Marketplace,1,Prepaid
2024-10-05,HD-GRY-L,Delhi NCR,Marketplace,1,Prepaid
2024-10-05,HD-GRY-L,Delhi NCR,Marketplace,2,Prepaid
2024-10-05,HD-GRY-L,Delhi NCR,Website,1,COD
2024-10-05,HD-GRY-L,Mumbai,Website,2,Prepaid
2024-10-05,HD-GRY-L,Mumbai,Website,1,Prepaid
2024-10-05,HD-GRY-L,Mumbai,Website,1,COD
2024-10-05,HD-GRY-L,Mumbai,Marketplace,2,COD
2024-10-05,HD-GRY-L,Mumbai,Website,2,COD
2024-10-05,HD-GRY-L,Bangalore,Marketplace,1,COD
2024-10-05,HD-GRY-L,Bangalore,Website,1,COD
2024-10-05,HD-GRY-L,Bangalore,Marketplace,1,COD
2024-10-05,HD-GRY-L,Bangalore,Website,1,COD
2024-10-05,HD-GRY-L,Bangalore,Website,2,COD
2024-10-05,JK-DNM-M,Delhi NCR,Marketplace,2,Prepaid
2024-10-05,JK-DNM-M,Delhi NCR,Marketplace,2,Prepaid
2024-10-05,JK-DNM-M,Mumbai,Marketplace,1,COD
2024-10-05,JK-DNM-M,Mumbai,Website,2,Prepaid
2024-10-05,JK-DNM-M,Mumbai,Marketplace,1,COD
2024-10-05,JK-DNM-M,Bangalore,Marketplace,1,COD
2024-10-05,JK-DNM-M,Bangalore,Website,1,COD
2024-10-05,JK-DNM-M,Bangalore,Marketplace,1,COD
2024-10-05,CP-BLK,Delhi NCR,Website,2,COD
2024-10-05,CP-BLK,Delhi NCR,Marketplace,1,COD
2024-10-05,CP-BLK,Delhi NCR,Website,1,COD
2024-10-05,CP-BLK,Delhi NCR,Website,1,COD
2024-10-05,CP-BLK,Mumbai,Marketplace,1,COD
2024-10-05,CP-BLK,Mumbai,Marketplace,2,COD
2024-10-05,CP-BLK,Mumbai,Website,1,Prepaid
2024-10-05,CP-BLK,Bangalore,Marketplace,2,Prepaid
2024-10-05,CP-BLK,Bangalore,Marketplace,2,Prepaid
2024-10-05,CP-BLK,Bangalore,Marketplace,2,Prepaid
2024-10-05,CP-BLK,Bangalore,Website,2,Prepaid
2024-10-05,CP-BLK,Bangalore,Website,2,Prepaid
2024-10-06,TS-BLK-S,Delhi NCR,Marketplace,2,COD
2024-10-06,TS-BLK-S,Mumbai,Website,2,COD
2024-10-06,TS-BLK-S,Mumbai,Website,1,COD
2024-10-06,TS-BLK-S,Mumbai,Marketplace,2,Prepaid
2024-10-06,TS-BLK-S,Bangalore,Marketplace,1,COD
2024-10-06,TS-BLK-M,Delhi NCR,Marketplace,2,COD
2024-10-06,TS-BLK-M,Delhi NCR,Marketplace,1,COD
2024-10-06,TS-BLK-M,Delhi NCR,Website,1,COD
2024-10-06,TS-BLK-M,Delhi NCR,Marketplace,1,Prepaid
2024-10-06,TS-BLK-M,Delhi NCR,Marketplace,2,COD
2024-10-06,TS-BLK-M,Mumbai,Marketplace,1,Prepaid
2024-10-06,TS-BLK-M,Mumbai,Website,1,Prepaid
2024-10-06,TS-BLK-M,Mumbai,Marketplace,1,COD
2024-10-06,TS-BLK-M,Bangalore,Marketplace,2,COD
2024-10-06,TS-BLK-L,Delhi NCR,Website,1,COD
2024-10-06,TS-BLK-L,Delhi NCR,Website,2,COD
2024-10-06,TS-BLK-L,Delhi NCR,Marketplace,2,Prepaid
2024-10-06,TS-BLK-L,Delhi NCR,Website,1,COD
2024-10-06,TS-BLK-L,Mumbai,Marketplace,1,COD
2024-10-06,TS-BLK-L,Mumbai,Marketplace,2,COD
2024-10-06,TS-BLK-L,Mumbai,Marketplace,2,COD
2024-10-06,TS-BLK-L,Bangalore,Marketplace,1,Prepaid
2024-10-06,TS-BLK-L,Bangalore,Marketplace,2,Prepaid
2024-10-06,TS-BLK-L,Bangalore,Website,2,COD
2024-10-06,TS-BLK-L,Bangalore,Website,1,Prepaid
2024-10-06,TS-WHT-M,Delhi NCR,Website,1,COD
2024-10-06,TS-WHT-M,Delhi NCR,Website,2,COD
2024-10-06,TS-WHT-M,Mumbai,Website,2,COD
2024-10-06,TS-WHT-M,Bangalore,Website,2,COD
2024-10-06,TS-WHT-M,Bangalore,Marketplace,2,Prepaid
2024-10-06,TS-WHT-M,Bangalore,Marketplace,2,COD
2024-10-06,TS-WHT-M,Bangalore,Marketplace,2,COD
2024-10-06,TS-WHT-M,Bangalore,Marketplace,2,COD
2024-10-06,HD-BLK-M,Delhi NCR,Marketplace,1,COD
2024-10-06,HD-BLK-M,Delhi NCR,Website,1,COD
2024-10-06,HD-BLK-M,Mumbai,Marketplace,2,COD
2024-10-06,HD-BLK-M,Mumbai,Marketplace,2,COD
2024-10-06,HD-BLK-M,Mumbai,Website,1,COD
2024-10-06,HD-BLK-M,Mumbai,Marketplace,2,COD
2024-10-06,HD-BLK-M,Mumbai,Website,2,Prepaid
2024-10-06,HD-BLK-M,Bangalore,Marketplace,1,Prepaid
2024-10-06,HD-BLK-M,Bangalore,Marketplace,1,Prepaid
2024-10-06,HD-BLK-M,Bangalore,Marketplace,1,Prepaid
2024-10-06,HD-BLK-M,Bangalore,Marketplace,1,COD
2024-10-06,HD-GRY-L,Delhi NCR,Website,2,COD
2024-10-06,HD-GRY-L,Delhi NCR,Marketplace,1,Prepaid
2024-10-06,HD-GRY-L,Delhi NCR,Website,2,COD
2024-10-06,HD-GRY-L,Delhi NCR,Marketplace,1,Prepaid
2024-10-06,HD-GRY-L,Mumbai,Marketplace,2,COD
2024-10-06,HD-GRY-L,Mumbai,Marketplace,1,COD
2024-10-06,HD-GRY-L,Mumbai,Marketplace,1,COD
2024-10-06,HD-GRY-L,Mumbai,Website,2,Prepaid
2024-10-06,HD-GRY-L,Mumbai,Website,2,Prepaid
2024-10-06,HD-GRY-L,Bangalore,Website,2,Prepaid
2024-10-06,HD-GRY-L,Bangalore,Website,1,COD
2024-10-06,HD-GRY-L,Bangalore,Marketplace,1,COD
2024-10-06,HD-GRY-L,Bangalore,Website,1,COD
2024-10-06,JK-DNM-M,Delhi NCR,Marketplace,1,COD
2024-10-06,JK-DNM-M,Delhi NCR,Website,2,COD
2024-10-06,JK-DNM-M,Delhi NCR,Website,1,Prepaid
2024-10-06,JK-DNM-M,Mumbai,Website,2,COD
2024-10-06,JK-DNM-M,Mumbai,Marketplace,1,COD
2024-10-06,JK-DNM-M,Mumbai,Website,1,COD
2024-10-06,JK-DNM-M,Mumbai,Website,2,Prepaid
2024-10-06,JK-DNM-M,Mumbai,Website,1,COD
2024-10-06,JK-DNM-M,Bangalore,Marketplace,1,COD
2024-10-06,JK-DNM-M,Bangalore,Marketplace,1,COD
2024-10-06,JK-DNM-M,Bangalore,Marketplace,1,Prepaid
2024-10-06,JK-DNM-M,Bangalore,Marketplace,2,COD
2024-10-06,JK-DNM-M,Bangalore,Marketplace,2,Prepaid
2024-10-06,CP-BLK,Delhi NCR,Website,1,Prepaid
2024-10-06,CP-BLK,Delhi NCR,Website,2,Prepaid
2024-10-06,CP-BLK,Mumbai,Website,1,Prepaid
2024-10-06,CP-BLK,Bangalore,Website,2,COD
2024-10-06,CP-BLK,Bangalore,Website,1,COD
2024-10-06,CP-BLK,Bangalore,Website,1,Prepaid
2024-10-07,TS-BLK-S,Delhi NCR,Website,2,Prepaid
2024-10-07,TS-BLK-S,Delhi NCR,Marketplace,1,COD
2024-10-07,TS-BLK-S,Delhi NCR,Marketplace,2,Prepaid
2024-10-07,TS-BLK-S,Mumbai,Marketplace,1,COD
2024-10-07,TS-BLK-S,Bangalore,Marketplace,2,COD
2024-10-07,TS-BLK-M,Delhi NCR,Website,2,Prepaid
2024-10-07,TS-BLK-M,Delhi NCR,Website,1,COD
2024-10-07,TS-BLK-M,Delhi NCR,Marketplace,2,Prepaid
2024-10-07,TS-BLK-M,Delhi NCR,Website,1,Prepaid
2024-10-07,TS-BLK-M,Mumbai,Website,1,COD
2024-10-07,TS-BLK-M,Mumbai,Marketplace,1,COD
2024-10-07,TS-BLK-M,Bangalore,Website,2,Prepaid
2024-10-07,TS-BLK-M,Bangalore,Marketplace,1,COD
2024-10-07,TS-BLK-M,Bangalore,Website,2,Prepaid
2024-10-07,TS-BLK-L,Delhi NCR,Marketplace,2,Prepaid
2024-10-07,TS-BLK-L,Delhi NCR,Website,2,Prepaid
2024-10-07,TS-BLK-L,Delhi NCR,Marketplace,2,COD
2024-10-07,TS-BLK-L,Delhi NCR,Marketplace,2,COD
2024-10-07,TS-BLK-L,Mumbai,Marketplace,1,Prepaid
2024-10-07,TS-BLK-L,Mumbai,Marketplace,2,COD
2024-10-07,TS-BLK-L,Bangalore,Marketplace,1,COD
2024-10-07,TS-BLK-L,Bangalore,Website,1,COD
2024-10-07,TS-BLK-L,Bangalore,Website,2,COD
2024-10-07,TS-BLK-L,Bangalore,Website,2,Prepaid
2024-10-07,TS-BLK-L,Bangalore,Website,1,Prepaid
2024-10-07,TS-WHT-M,Delhi NCR,Website,2,COD
2024-10-07,TS-WHT-M,Delhi NCR,Marketplace,2,COD
2024-10-07,TS-WHT-M,Delhi NCR,Marketplace,1,COD
2024-10-07,TS-WHT-M,Delhi NCR,Marketplace,1,COD
2024-10-07,TS-WHT-M,Delhi NCR,Website,1,COD
2024-10-07,TS-WHT-M,Mumbai,Website,1,COD
2024-10-07,TS-WHT-M,Mumbai,Marketplace,2,COD
2024-10-07,TS-WHT-M,Bangalore,Marketplace,2,Prepaid
2024-10-07,TS-WHT-M,Bangalore,Marketplace,2,Prepaid
2024-10-07,HD-BLK-M,Delhi NCR,Marketplace,1,COD
2024-10-07,HD-BLK-M,Mumbai,Website,1,Prepaid
2024-10-07,HD-BLK-M,Mumbai,Website,2,Prepaid
2024-10-07,HD-BLK-M,Bangalore,Marketplace,2,COD
2024-10-07,HD-BLK-M,Bangalore,Marketplace,2,COD
2024-10-07,HD-BLK-M,Bangalore,Website,2,Prepaid
2024-10-07,HD-GRY-L,Delhi NCR,Marketplace,2,COD
2024-10-07,HD-GRY-L,Delhi NCR,Marketplace,2,COD
2024-10-07,HD-GRY-L,Delhi NCR,Website,2,Prepaid
2024-10-07,HD-GRY-L,Delhi NCR,Marketplace,2,Prepaid
2024-10-07,HD-GRY-L,Mumbai,Marketplace,2,COD
2024-10-07,HD-GRY-L,Mumbai,Marketplace,1,COD
2024-10-07,HD-GRY-L,Mumbai,Marketplace,2,Prepaid
2024-10-07,HD-GRY-L,Mumbai,Marketplace,1,COD
2024-10-07,HD-GRY-L,Bangalore,Website,2,COD
2024-10-07,HD-GRY-L,Bangalore,Marketplace,2,Prepaid
2024-10-07,HD-GRY-L,Bangalore,Website,2,Prepaid
2024-10-07,HD-GRY-L,Bangalore,Website,1,Prepaid
2024-10-07,JK-DNM-M,Delhi NCR,Marketplace,1,COD
2024-10-07,JK-DNM-M,Delhi NCR,Marketplace,2,COD
2024-10-07,JK-DNM-M,Mumbai,Website,2,COD
2024-10-07,JK-DNM-M,Mumbai,Marketplace,2,COD
2024-10-07,JK-DNM-M,Mumbai,Marketplace,2,COD
2024-10-07,JK-DNM-M,Mumbai,Marketplace,2,COD
2024-10-07,JK-DNM-M,Mumbai,Marketplace,2,Prepaid
2024-10-07,JK-DNM-M,Mumbai,Marketplace,1,COD
2024-10-07,JK-DNM-M,Bangalore,Marketplace,1,COD
2024-10-07,JK-DNM-M,Bangalore,Website,1,COD
2024-10-07,JK-DNM-M,Bangalore,Website,1,COD
2024-10-07,JK-DNM-M,Bangalore,Website,2,Prepaid
2024-10-07,CP-BLK,Delhi NCR,Website,1,COD
2024-10-07,CP-BLK,Delhi NCR,Marketplace,2,COD
2024-10-07,CP-BLK,Delhi NCR,Website,1,COD
2024-10-07,CP-BLK,Delhi NCR,Website,1,COD
2024-10-07,CP-BLK,Mumbai,Marketplace,2,Prepaid
2024-10-07,CP-BLK,Mumbai,Marketplace,2,COD
2024-10-07,CP-BLK,Bangalore,Website,1,COD
2024-10-07,CP-BLK,Bangalore,Website,1,Prepaid
2024-10-07,CP-BLK,Bangalore,Marketplace,1,COD
2024-10-07,CP-BLK,Bangalore,Marketplace,1,COD
2024-10-07,CP-BLK,Bangalore,Marketplace,1,COD
2024-10-08,TS-BLK-S,Delhi NCR,Marketplace,1,Prepaid
2024-10-08,TS-BLK-S,Delhi NCR,Website,1,COD
2024-10-08,TS-BLK-S,Delhi NCR,Website,2,COD
2024-10-08,TS-BLK-S,Mumbai,Website,2,COD
2024-10-08,TS-BLK-S,Bangalore,Marketplace,1,Prepaid
2024-10-08,TS-BLK-M,Delhi NCR,Website,2,Prepaid
2024-10-08,TS-BLK-M,Delhi NCR,Marketplace,2,COD
2024-10-08,TS-BLK-M,Delhi NCR,Website,1,COD
2024-10-08,TS-BLK-M,Delhi NCR,Website,2,COD
2024-10-08,TS-BLK-M,Mumbai,Marketplace,2,COD
2024-10-08,TS-BLK-M,Mumbai,Website,1,Prepaid
2024-10-08,TS-BLK-M,Mumbai,Marketplace,1,Prepaid
2024-10-08,TS-BLK-M,Bangalore,Marketplace,2,COD
2024-10-08,TS-BLK-L,Delhi NCR,Website,1,COD
2024-10-08,TS-BLK-L,Delhi NCR,Marketplace,2,Prepaid
2024-10-08,TS-BLK-L,Delhi NCR,Website,1,COD
2024-10-08,TS-BLK-L,Mumbai,Marketplace,1,COD
2024-10-08,TS-BLK-L,Mumbai,Marketplace,2,COD
2024-10-08,TS-BLK-L,Mumbai,Marketplace,2,Prepaid
2024-10-08,TS-BLK-L,Bangalore,Marketplace,2,COD
2024-10-08,TS-BLK-L,Bangalore,Website,1,COD
2024-10-08,TS-WHT-M,Delhi NCR,Website,1,Prepaid
2024-10-08,TS-WHT-M,Delhi NCR,Marketplace,2,COD
2024-10-08,TS-WHT-M,Mumbai,Marketplace,1,COD
2024-10-08,TS-WHT-M,Mumbai,Marketplace,2,COD
2024-10-08,TS-WHT-M,Mumbai,Website,1,COD
2024-10-08,TS-WHT-M,Mumbai,Marketplace,2,Prepaid
2024-10-08,TS-WHT-M,Bangalore,Marketplace,2,COD
2024-10-08,TS-WHT-M,Bangalore,Marketplace,1,Prepaid
2024-10-08,HD-BLK-M,Delhi NCR,Marketplace,1,COD
2024-10-08,HD-BLK-M,Delhi NCR,Marketplace,1,COD
2024-10-08,HD-BLK-M,Mumbai,Marketplace,2,Prepaid
2024-10-08,HD-BLK-M,Mumbai,Marketplace,1,COD
2024-10-08,HD-BLK-M,Bangalore,Marketplace,1,Prepaid
2024-10-08,HD-GRY-L,Delhi NCR,Marketplace,2,Prepaid
2024-10-08,HD-GRY-L,Delhi NCR,Marketplace,2,COD
2024-10-08,HD-GRY-L,Delhi NCR,Marketplace,1,Prepaid
2024-10-08,HD-GRY-L,Delhi NCR,Website,1,COD
2024-10-08,HD-GRY-L,Mumbai,Marketplace,2,COD
2024-10-08,HD-GRY-L,Mumbai,Marketplace,2,Prepaid
2024-10-08,HD-GRY-L,Mumbai,Website,2,COD
2024-10-08,HD-GRY-L,Mumbai,Marketplace,2,COD
2024-10-08,HD-GRY-L,Mumbai,Website,2,Prepaid
2024-10-08,HD-GRY-L,Bangalore,Website,1,COD
2024-10-08,HD-GRY-L,Bangalore,Marketplace,1,COD
2024-10-08,HD-GRY-L,Bangalore,Website,1,COD
2024-10-08,JK-DNM-M,Delhi NCR,Marketplace,2,Prepaid
2024-10-08,JK-DNM-M,Delhi NCR,Website,2,Prepaid
2024-10-08,JK-DNM-M,Delhi NCR,Website,1,Prepaid
2024-10-08,JK-DNM-M,Mumbai,Website,1,Prepaid
2024-10-08,JK-DNM-M,Mumbai,Website,2,Prepaid
2024-10-08,JK-DNM-M,Mumbai,Marketplace,1,COD
2024-10-08,JK-DNM-M,Bangalore,Marketplace,1,COD
2024-10-08,JK-DNM-M,Bangalore,Website,1,Prepaid
2024-10-08,JK-DNM-M,Bangalore,Website,2,Prepaid
2024-10-08,JK-DNM-M,Bangalore,Marketplace,1,COD
2024-10-08,JK-DNM-M,Bangalore,Website,2,COD
2024-10-08,JK-DNM-M,Bangalore,Marketplace,1,COD
2024-10-08,CP-BLK,Delhi NCR,Website,1,Prepaid
2024-10-08,CP-BLK,Delhi NCR,Website,1,COD
2024-10-08,CP-BLK,Delhi NCR,Marketplace,2,Prepaid
2024-10-08,CP-BLK,Delhi NCR,Marketplace,2,Prepaid
2024-10-08,CP-BLK,Delhi NCR,Marketplace,1,COD
2024-10-08,CP-BLK,Mumbai,Marketplace,2,Prepaid
2024-10-08,CP-BLK,Mumbai,Marketplace,1,Prepaid
2024-10-08,CP-BLK,Mumbai,Marketplace,1,COD
2024-10-08,CP-BLK,Bangalore,Website,1,COD
2024-10-08,CP-BLK,Bangalore,Website,2,COD
2024-10-08,CP-BLK,Bangalore,Website,2,COD
2024-10-08,CP-BLK,Bangalore,Marketplace,1,Prepaid
2024-10-08,CP-BLK,Bangalore,Website,1,COD
2024-10-09,TS-BLK-S,Delhi NCR,Website,2,COD
2024-10-09,TS-BLK-S,Delhi NCR,Marketplace,2,Prepaid
2024-10-09,TS-BLK-S,Delhi NCR,Marketplace,2,Prepaid
2024-10-09,TS-BLK-S,Mumbai,Website,2,COD
2024-10-09,TS-BLK-S,Mumbai,Website,1,Prepaid
2024-10-09,TS-BLK-S,Mumbai,Website,1,COD
2024-10-09,TS-BLK-S,Mumbai,Website,1,COD
2024-10-09,TS-BLK-S,Bangalore,Marketplace,1,COD
2024-10-09,TS-BLK-S,Bangalore,Marketplace,1,COD
2024-10-09,TS-BLK-M,Delhi NCR,Website,1,COD
2024-10-09,TS-BLK-M,Delhi NCR,Marketplace,2,COD
2024-10-09,TS-BLK-M,Delhi NCR,Marketplace,1,Prepaid
2024-10-09,TS-BLK-M,Mumbai,Marketplace,2,COD
2024-10-09,TS-BLK-M,Mumbai,Website,1,COD
2024-10-09,TS-BLK-M,Mumbai,Marketplace,1,COD
2024-10-09,TS-BLK-M,Bangalore,Marketplace,1,COD
2024-10-09,TS-BLK-M,Bangalore,Website,1,Prepaid
2024-10-09,TS-BLK-L,Delhi NCR,Marketplace,2,COD
2024-10-09,TS-BLK-L,Delhi NCR,Marketplace,2,COD
2024-10-09,TS-BLK-L,Delhi NCR,Website,2,COD
2024-10-09,TS-BLK-L,Mumbai,Website,1,COD
2024-10-09,TS-BLK-L,Mumbai,Website,1,COD
2024-10-09,TS-BLK-L,Mumbai,Website,2,COD
2024-10-09,TS-BLK-L,Bangalore,Website,1,COD
2024-10-09,TS-BLK-L,Bangalore,Website,2,COD
2024-10-09,TS-BLK-L,Bangalore,Website,1,COD
2024-10-09,TS-WHT-M,Delhi NCR,Marketplace,2,COD
2024-10-09,TS-WHT-M,Delhi NCR,Website,2,COD
2024-10-09,TS-WHT-M,Mumbai,Website,1,Prepaid
2024-10-09,TS-WHT-M,Bangalore,Website,2,COD
2024-10-09,TS-WHT-M,Bangalore,Marketplace,2,Prepaid
2024-10-09,TS-WHT-M,Bangalore,Marketplace,2,COD
2024-10-09,HD-BLK-M,Delhi NCR,Marketplace,2,Prepaid
2024-10-09,HD-BLK-M,Delhi NCR,Marketplace,1,Prepaid
2024-10-09,HD-BLK-M,Delhi NCR,Marketplace,1,Prepaid
2024-10-09,HD-BLK-M,Mumbai,Marketplace,2,COD
2024-10-09,HD-BLK-M,Bangalore,Marketplace,1,COD
2024-10-09,HD-BLK-M,Bangalore,Website,1,Prepaid
2024-10-09,HD-BLK-M,Bangalore,Website,1,COD
2024-10-09,HD-GRY-L,Delhi NCR,Website,2,COD
2024-10-09,HD-GRY-L,Delhi NCR,Marketplace,1,COD
2024-10-09,HD-GRY-L,Delhi NCR,Marketplace,2,COD
2024-10-09,HD-GRY-L,Mumbai,Website,1,COD
2024-10-09,HD-GRY-L,Mumbai,Website,2,Prepaid
2024-10-09,HD-GRY-L,Mumbai,Website,2,COD
2024-10-09,HD-GRY-L,Mumbai,Marketplace,2,Prepaid
2024-10-09,HD-GRY-L,Bangalore,Website,1,COD
2024-10-09,JK-DNM-M,Delhi NCR,Marketplace,2,COD
2024-10-09,JK-DNM-M,Delhi NCR,Marketplace,1,COD
2024-10-09,JK-DNM-M,Delhi NCR,Marketplace,2,Prepaid
2024-10-09,JK-DNM-M,Delhi NCR,Marketplace,1,Prepaid
2024-10-09,JK-DNM-M,Mumbai,Website,1,Prepaid
2024-10-09,JK-DNM-M,Mumbai,Website,2,COD
2024-10-09,JK-DNM-M,Mumbai,Marketplace,1,Prepaid
2024-10-09,JK-DNM-M,Mumbai,Marketplace,1,COD
2024-10-09,JK-DNM-M,Mumbai,Website,1,Prepaid
2024-10-09,JK-DNM-M,Bangalore,Marketplace,1,COD
2024-10-09,JK-DNM-M,Bangalore,Marketplace,1,COD
2024-10-09,JK-DNM-M,Bangalore,Website,2,COD
2024-10-09,JK-DNM-M,Bangalore,Marketplace,1,COD
2024-10-09,JK-DNM-M,Bangalore,Marketplace,1,COD
2024-10-09,CP-BLK,Delhi NCR,Website,2,Prepaid
2024-10-09,CP-BLK,Delhi NCR,Website,2,COD
2024-10-09,CP-BLK,Mumbai,Marketplace,2,COD
2024-10-09,CP-BLK,Bangalore,Marketplace,1,Prepaid
2024-10-09,CP-BLK,Bangalore,Marketplace,1,Prepaid
2024-10-09,CP-BLK,Bangalore,Marketplace,1,Prepaid
2024-10-09,CP-BLK,Bangalore,Website,1,COD
2024-10-10,TS-BLK-S,Delhi NCR,Marketplace,2,COD
2024-10-10,TS-BLK-S,Delhi NCR,Marketplace,2,COD
2024-10-10,TS-BLK-S,Delhi NCR,Marketplace,1,COD
2024-10-10,TS-BLK-S,Mumbai,Marketplace,2,COD
2024-10-10,TS-BLK-S,Bangalore,Website,2,Prepaid
2024-10-10,TS-BLK-M,Delhi NCR,Marketplace,2,Prepaid
2024-10-10,TS-BLK-M,Delhi NCR,Marketplace,2,Prepaid
2024-10-10,TS-BLK-M,Delhi NCR,Website,1,Prepaid
2024-10-10,TS-BLK-M,Delhi NCR,Website,1,COD
2024-10-10,TS-BLK-M,Mumbai,Marketplace,2,COD
2024-10-10,TS-BLK-M,Mumbai,Website,2,COD
2024-10-10,TS-BLK-M,Mumbai,Marketplace,2,COD
2024-10-10,TS-BLK-M,Mumbai,Website,2,Prepaid
2024-10-10,TS-BLK-M,Mumbai,Marketplace,2,COD
2024-10-10,TS-BLK-M,Bangalore,Website,1,COD
2024-10-10,TS-BLK-M,Bangalore,Website,2,COD
2024-10-10,TS-BLK-M,Bangalore,Website,2,COD
2024-10-10,TS-BLK-L,Delhi NCR,Website,2,Prepaid
2024-10-10,TS-BLK-L,Delhi NCR,Marketplace,1,COD
2024-10-10,TS-BLK-L,Mumbai,Website,2,Prepaid
2024-10-10,TS-BLK-L,Mumbai,Marketplace,2,COD
2024-10-10,TS-BLK-L,Mumbai,Website,1,Prepaid
2024-10-10,TS-BLK-L,Bangalore,Website,1,COD
2024-10-10,TS-BLK-L,Bangalore,Marketplace,1,Prepaid
2024-10-10,TS-BLK-L,Bangalore,Website,2,COD
2024-10-10,TS-BLK-L,Bangalore,Marketplace,1,COD
2024-10-10,TS-WHT-M,Delhi NCR,Website,2,COD
2024-10-10,TS-WHT-M,Mumbai,Website,1,COD
2024-10-10,TS-WHT-M,Bangalore,Website,2,Prepaid
2024-10-10,HD-BLK-M,Delhi NCR,Website,1,COD
2024-10-10,HD-BLK-M,Delhi NCR,Marketplace,1,Prepaid
2024-10-10,HD-BLK-M,Delhi NCR,Marketplace,1,Prepaid
2024-10-10,HD-BLK-M,Delhi NCR,Website,2,Prepaid
2024-10-10,HD-BLK-M,Mumbai,Marketplace,1,COD
2024-10-10,HD-BLK-M,Mumbai,Marketplace,1,COD
2024-10-10,HD-BLK-M,Mumbai,Website,2,COD
2024-10-10,HD-BLK-M,Mumbai,Website,1,COD
2024-10-10,HD-BLK-M,Bangalore,Website,2,COD
2024-10-10,HD-BLK-M,Bangalore,Marketplace,1,COD
2024-10-10,HD-BLK-M,Bangalore,Website,2,Prepaid
2024-10-10,HD-BLK-M,Bangalore,Marketplace,2,COD
2024-10-10,HD-BLK-M,Bangalore,Website,2,COD
2024-10-10,HD-GRY-L,Delhi NCR,Website,1,Prepaid
2024-10-10,HD-GRY-L,Delhi NCR,Marketplace,2,Prepaid
2024-10-10,HD-GRY-L,Delhi NCR,Website,1,Prepaid
2024-10-10,HD-GRY-L,Delhi NCR,Marketplace,1,COD
2024-10-10,HD-GRY-L,Delhi NCR,Marketplace,1,COD
2024-10-10,HD-GRY-L,Mumbai,Website,1,COD
2024-10-10,HD-GRY-L,Mumbai,Website,1,Prepaid
2024-10-10,HD-GRY-L,Mumbai,Website,1,Prepaid
2024-10-10,HD-GRY-L,Mumbai,Website,2,COD
2024-10-10,HD-GRY-L,Bangalore,Marketplace,1,Prepaid
2024-10-10,HD-GRY-L,Bangalore,Marketplace,2,Prepaid
2024-10-10,HD-GRY-L,Bangalore,Website,2,COD
2024-10-10,JK-DNM-M,Delhi NCR,Marketplace,1,Prepaid
2024-10-10,JK-DNM-M,Mumbai,Marketplace,2,Prepaid
2024-10-10,JK-DNM-M,Mumbai,Marketplace,1,COD
2024-10-10,JK-DNM-M,Mumbai,Website,2,COD
2024-10-10,JK-DNM-M,Mumbai,Website,2,Prepaid
2024-10-10,JK-DNM-M,Mumbai,Website,1,Prepaid
2024-10-10,JK-DNM-M,Bangalore,Marketplace,1,Prepaid
2024-10-10,JK-DNM-M,Bangalore,Website,1,COD
2024-10-10,JK-DNM-M,Bangalore,Website,2,COD
2024-10-10,JK-DNM-M,Bangalore,Website,2,COD
2024-10-10,JK-DNM-M,Bangalore,Marketplace,2,COD
2024-10-10,CP-BLK,Delhi NCR,Marketplace,2,COD
2024-10-10,CP-BLK,Delhi NCR,Website,1,Prepaid
2024-10-10,CP-BLK,Delhi NCR,Website,1,Prepaid
2024-10-10,CP-BLK,Mumbai,Marketplace,1,Prepaid
2024-10-10,CP-BLK,Mumbai,Website,2,COD
2024-10-10,CP-BLK,Mumbai,Website,2,COD
2024-10-10,CP-BLK,Mumbai,Website,2,Prepaid
2024-10-10,CP-BLK,Mumbai,Marketplace,1,COD
2024-10-10,CP-BLK,Bangalore,Marketplace,1,Prepaid
2024-10-10,CP-BLK,Bangalore,Website,1,COD
2024-10-11,TS-BLK-S,Delhi NCR,Website,1,Prepaid
2024-10-11,TS-BLK-S,Delhi NCR,Website,2,COD
2024-10-11,TS-BLK-S,Delhi NCR,Website,1,Prepaid
2024-10-11,TS-BLK-S,Delhi NCR,Website,2,Prepaid
2024-10-11,TS-BLK-S,Delhi NCR,Marketplace,1,COD
2024-10-11,TS-BLK-S,Mumbai,Website,1,COD
2024-10-11,TS-BLK-S,Bangalore,Marketplace,1,COD
2024-10-11,TS-BLK-S,Bangalore,Website,1,Prepaid
2024-10-11,TS-BLK-S,Bangalore,Website,2,COD
2024-10-11,TS-BLK-S,Bangalore,Website,2,Prepaid
2024-10-11,TS-BLK-M,Delhi NCR,Marketplace,2,COD
2024-10-11,TS-BLK-M,Delhi NCR,Website,2,COD
2024-10-11,TS-BLK-M,Delhi NCR,Marketplace,2,COD
2024-10-11,TS-BLK-M,Delhi NCR,Marketplace,1,COD
2024-10-11,TS-BLK-M,Delhi NCR,Website,2,Prepaid
2024-10-11,TS-BLK-M,Mumbai,Marketplace,2,Prepaid
2024-10-11,TS-BLK-M,Mumbai,Website,2,COD
2024-10-11,TS-BLK-M,Mumbai,Website,1,COD
2024-10-11,TS-BLK-M,Mumbai,Marketplace,1,Prepaid
2024-10-11,TS-BLK-M,Mumbai,Website,1,Prepaid
2024-10-11,TS-BLK-M,Bangalore,Website,1,COD
2024-10-11,TS-BLK-M,Bangalore,Website,1,COD
2024-10-11,TS-BLK-M,Bangalore,Website,1,Prepaid
2024-10-11,TS-BLK-M,Bangalore,Marketplace,1,COD
2024-10-11,TS-BLK-M,Bangalore,Marketplace,2,COD
2024-10-11,TS-BLK-L,Delhi NCR,Website,1,COD
2024-10-11,TS-BLK-L,Delhi NCR,Marketplace,2,Prepaid
2024-10-11,TS-BLK-L,Delhi NCR,Marketplace,1,COD
2024-10-11,TS-BLK-L,Delhi NCR,Marketplace,2,COD
2024-10-11,TS-BLK-L,Mumbai,Website,2,COD
2024-10-11,TS-BLK-L,Bangalore,Website,1,COD
2024-10-11,TS-BLK-L,Bangalore,Website,2,Prepaid
2024-10-11,TS-WHT-M,Delhi NCR,Marketplace,2,Prepaid
2024-10-11,TS-WHT-M,Mumbai,Marketplace,1,COD
2024-10-11,TS-WHT-M,Bangalore,Website,2,Prepaid
2024-10-11,TS-WHT-M,Bangalore,Website,2,COD
2024-10-11,HD-BLK-M,Delhi NCR,Marketplace,2,COD
2024-10-11,HD-BLK-M,Delhi NCR,Website,2,Prepaid
2024-10-11,HD-BLK-M,Delhi NCR,Marketplace,1,COD
2024-10-11,HD-BLK-M,Mumbai,Marketplace,2,Prepaid
2024-10-11,HD-BLK-M,Bangalore,Website,2,COD
2024-10-11,HD-BLK-M,Bangalore,Website,1,COD
2024-10-11,HD-BLK-M,Bangalore,Marketplace,1,COD
2024-10-11,HD-GRY-L,Delhi NCR,Marketplace,1,Prepaid
2024-10-11,HD-GRY-L,Delhi NCR,Marketplace,1,COD
2024-10-11,HD-GRY-L,Delhi NCR,Website,2,Prepaid
2024-10-11,HD-GRY-L,Delhi NCR,Website,2,COD
2024-10-11,HD-GRY-L,Delhi NCR,Marketplace,1,Prepaid
2024-10-11,HD-GRY-L,Mumbai,Marketplace,1,Prepaid
2024-10-11,HD-GRY-L,Mumbai,Marketplace,1,Prepaid
2024-10-11,HD-GRY-L,Mumbai,Marketplace,1,Prepaid
2024-10-11,HD-GRY-L,Mumbai,Marketplace,1,COD
2024-10-11,HD-GRY-L,Bangalore,Marketplace,2,COD
2024-10-11,HD-GRY-L,Bangalore,Marketplace,1,COD
2024-10-11,HD-GRY-L,Bangalore,Website,2,COD
2024-10-11,JK-DNM-M,Delhi NCR,Website,2,COD
2024-10-11,JK-DNM-M,Delhi NCR,Website,2,COD
2024-10-11,JK-DNM-M,Delhi NCR,Marketplace,1,COD
2024-10-11,JK-DNM-M,Mumbai,Marketplace,1,COD
2024-10-11,JK-DNM-M,Mumbai,Marketplace,1,COD
2024-10-11,JK-DNM-M,Mumbai,Website,2,COD
2024-10-11,JK-DNM-M,Bangalore,Marketplace,1,Prepaid
2024-10-11,JK-DNM-M,Bangalore,Marketplace,2,COD
2024-10-11,JK-DNM-M,Bangalore,Marketplace,1,COD
2024-10-11,JK-DNM-M,Bangalore,Marketplace,1,COD
2024-10-11,JK-DNM-M,Bangalore,Website,2,COD
2024-10-11,JK-DNM-M,Bangalore,Website,2,COD
2024-10-11,CP-BLK,Delhi NCR,Website,2,Prepaid
2024-10-11,CP-BLK,Delhi NCR,Website,2,COD
2024-10-11,CP-BLK,Delhi NCR,Website,2,Prepaid
2024-10-11,CP-BLK,Delhi NCR,Marketplace,2,COD
2024-10-11,CP-BLK,Mumbai,Marketplace,1,Prepaid
2024-10-11,CP-BLK,Mumbai,Website,2,COD
2024-10-11,CP-BLK,Bangalore,Marketplace,2,COD
2024-10-11,CP-BLK,Bangalore,Marketplace,2,COD
2024-10-11,CP-BLK,Bangalore,Marketplace,1,COD
2024-10-11,CP-BLK,Bangalore,Marketplace,1,COD
2024-10-11,CP-BLK,Bangalore,Marketplace,1,Prepaid
2024-10-12,TS-BLK-S,Delhi NCR,Website,2,Prepaid
2024-10-12,TS-BLK-S,Mumbai,Marketplace,1,COD
2024-10-12,TS-BLK-S,Bangalore,Website,2,Prepaid
2024-10-12,TS-BLK-M,Delhi NCR,Marketplace,1,COD
2024-10-12,TS-BLK-M,Mumbai,Marketplace,2,COD
2024-10-12,TS-BLK-M,Mumbai,Website,1,Prepaid
2024-10-12,TS-BLK-M,Mumbai,Website,1,COD
2024-10-12,TS-BLK-M,Mumbai,Marketplace,1,Prepaid
2024-10-12,TS-BLK-M,Mumbai,Website,1,Prepaid
2024-10-12,TS-BLK-M,Bangalore,Marketplace,1,COD
2024-10-12,TS-BLK-L,Delhi NCR,Website,2,COD
2024-10-12,TS-BLK-L,Delhi NCR,Website,1,COD
2024-10-12,TS-BLK-L,Mumbai,Website,1,COD
2024-10-12,TS-BLK-L,Mumbai,Marketplace,1,COD
2024-10-12,TS-BLK-L,Mumbai,Marketplace,1,COD
2024-10-12,TS-BLK-L,Bangalore,Website,2,Prepaid
2024-10-12,TS-BLK-L,Bangalore,Website,1,Prepaid
2024-10-12,TS-BLK-L,Bangalore,Website,2,Prepaid
2024-10-12,TS-WHT-M,Delhi NCR,Marketplace,2,COD
2024-10-12,TS-WHT-M,Delhi NCR,Website,1,COD
2024-10-12,TS-WHT-M,Delhi NCR,Website,2,Prepaid
2024-10-12,TS-WHT-M,Delhi NCR,Website,1,COD
2024-10-12,TS-WHT-M,Mumbai,Website,2,COD
2024-10-12,TS-WHT-M,Bangalore,Marketplace,2,COD
2024-10-12,HD-BLK-M,Delhi NCR,Marketplace,1,Prepaid
2024-10-12,HD-BLK-M,Delhi NCR,Marketplace,1,COD
2024-10-12,HD-BLK-M,Mumbai,Website,2,COD
2024-10-12,HD-BLK-M,Mumbai,Website,1,COD
2024-10-12,HD-BLK-M,Mumbai,Marketplace,2,COD
2024-10-12,HD-BLK-M,Mumbai,Marketplace,1,COD
2024-10-12,HD-BLK-M,Mumbai,Marketplace,1,COD
2024-10-12,HD-BLK-M,Bangalore,Website,2,COD
2024-10-12,HD-BLK-M,Bangalore,Website,1,Prepaid
2024-10-12,HD-BLK-M,Bangalore,Website,2,Prepaid
2024-10-12,HD-BLK-M,Bangalore,Marketplace,2,COD
2024-10-12,HD-BLK-M,Bangalore,Marketplace,2,Prepaid
2024-10-12,HD-GRY-L,Delhi NCR,Website,2,Prepaid
2024-10-12,HD-GRY-L,Delhi NCR,Website,2,Prepaid
2024-10-12,HD-GRY-L,Mumbai,Marketplace,2,Prepaid
2024-10-12,HD-GRY-L,Mumbai,Marketplace,2,Prepaid
2024-10-12,HD-GRY-L,Mumbai,Website,1,COD
2024-10-12,HD-GRY-L,Mumbai,Marketplace,2,COD
2024-10-12,HD-GRY-L,Mumbai,Marketplace,2,Prepaid
2024-10-12,HD-GRY-L,Bangalore,Marketplace,1,Prepaid
2024-10-12,JK-DNM-M,Delhi NCR,Website,2,COD
2024-10-12,JK-DNM-M,Delhi NCR,Marketplace,1,Prepaid
2024-10-12,JK-DNM-M,Delhi NCR,Website,1,COD
2024-10-12,JK-DNM-M,Delhi NCR,Website,2,COD
2024-10-12,JK-DNM-M,Mumbai,Marketplace,1,Prepaid
2024-10-12,JK-DNM-M,Mumbai,Website,1,COD
2024-10-12,JK-DNM-M,Mumbai,Marketplace,2,COD
2024-10-12,JK-DNM-M,Bangalore,Marketplace,2,Prepaid
2024-10-12,JK-DNM-M,Bangalore,Website,2,Prepaid
2024-10-12,JK-DNM-M,Bangalore,Website,1,Prepaid
2024-10-12,JK-DNM-M,Bangalore,Marketplace,2,COD
2024-10-12,JK-DNM-M,Bangalore,Website,2,COD
2024-10-12,CP-BLK,Delhi NCR,Website,2,COD
2024-10-12,CP-BLK,Mumbai,Marketplace,1,COD
2024-10-12,CP-BLK,Bangalore,Marketplace,2,Prepaid
2024-10-12,CP-BLK,Bangalore,Marketplace,1,COD
2024-10-12,CP-BLK,Bangalore,Website,1,COD
2024-10-12,CP-BLK,Bangalore,Marketplace,1,Prepaid
2024-10-13,TS-BLK-S,Delhi NCR,Marketplace,2,COD
2024-10-13,TS-BLK-S,Delhi NCR,Website,2,COD
2024-10-13,TS-BLK-S,Mumbai,Marketplace,2,COD
2024-10-13,TS-BLK-S,Mumbai,Website,2,Prepaid
2024-10-13,TS-BLK-S,Mumbai,Marketplace,2,COD
2024-10-13,TS-BLK-S,Bangalore,Marketplace,1,COD
2024-10-13,TS-BLK-M,Delhi NCR,Marketplace,1,COD
2024-10-13,TS-BLK-M,Delhi NCR,Website,2,Prepaid
2024-10-13,TS-BLK-M,Mumbai,Website,2,Prepaid
2024-10-13,TS-BLK-M,Mumbai,Marketplace,1,COD
2024-10-13,TS-BLK-M,Mumbai,Marketplace,1,Prepaid
2024-10-13,TS-BLK-M,Mumbai,Marketplace,1,Prepaid
2024-10-13,TS-BLK-M,Mumbai,Website,2,COD
2024-10-13,TS-BLK-M,Bangalore,Marketplace,2,Prepaid
2024-10-13,TS-BLK-M,Bangalore,Marketplace,1,Prepaid
2024-10-13,TS-BLK-L,Delhi NCR,Marketplace,1,COD
2024-10-13,TS-BLK-L,Delhi NCR,Marketplace,2,COD
2024-10-13,TS-BLK-L,Delhi NCR,Website,1,Prepaid
2024-10-13,TS-BLK-L,Delhi NCR,Website,1,COD
2024-10-13,TS-BLK-L,Mumbai,Marketplace,1,COD
2024-10-13,TS-BLK-L,Mumbai,Website,1,COD
2024-10-13,TS-BLK-L,Bangalore,Marketplace,2,COD
2024-10-13,TS-WHT-M,Delhi NCR,Marketplace,1,COD
2024-10-13,TS-WHT-M,Delhi NCR,Marketplace,2,COD
2024-10-13,TS-WHT-M,Mumbai,Marketplace,2,COD
2024-10-13,TS-WHT-M,Mumbai,Marketplace,2,COD
2024-10-13,TS-WHT-M,Mumbai,Website,2,COD
2024-10-13,TS-WHT-M,Bangalore,Website,2,COD
2024-10-13,TS-WHT-M,Bangalore,Website,2,Prepaid
2024-10-13,TS-WHT-M,Bangalore,Marketplace,2,Prepaid
2024-10-13,TS-WHT-M,Bangalore,Website,1,COD
2024-10-13,HD-BLK-M,Delhi NCR,Marketplace,1,COD
2024-10-13,HD-BLK-M,Delhi NCR,Website,1,Prepaid
2024-10-13,HD-BLK-M,Mumbai,Marketplace,2,COD
2024-10-13,HD-BLK-M,Mumbai,Website,2,COD
2024-10-13,HD-BLK-M,Bangalore,Website,2,COD
2024-10-13,HD-BLK-M,Bangalore,Marketplace,1,COD
2024-10-13,HD-BLK-M,Bangalore,Website,1,Prepaid
2024-10-13,HD-BLK-M,Bangalore,Marketplace,2,Prepaid
2024-10-13,HD-BLK-M,Bangalore,Marketplace,1,Prepaid
2024-10-13,HD-GRY-L,Delhi NCR,Website,2,Prepaid
2024-10-13,HD-GRY-L,Delhi NCR,Website,2,COD
2024-10-13,HD-GRY-L,Delhi NCR,Website,1,COD
2024-10-13,HD-GRY-L,Delhi NCR,Website,1,Prepaid
2024-10-13,HD-GRY-L,Delhi NCR,Marketplace,2,Prepaid
2024-10-13,HD-GRY-L,Mumbai,Website,1,COD
2024-10-13,HD-GRY-L,Mumbai,Marketplace,2,COD
2024-10-13,HD-GRY-L,Mumbai,Marketplace,1,Prepaid
2024-10-13,HD-GRY-L,Mumbai,Marketplace,2,COD
2024-10-13,HD-GRY-L,Mumbai,Marketplace,1,Prepaid
2024-10-13,HD-GRY-L,Bangalore,Marketplace,2,COD
2024-10-13,HD-GRY-L,Bangalore,Marketplace,1,Prepaid
2024-10-13,HD-GRY-L,Bangalore,Marketplace,2,COD
2024-10-13,JK-DNM-M,Delhi NCR,Marketplace,1,COD
2024-10-13,JK-DNM-M,Delhi NCR,Marketplace,1,COD
2024-10-13,JK-DNM-M,Delhi NCR,Marketplace,1,Prepaid
2024-10-13,JK-DNM-M,Mumbai,Marketplace,2,COD
2024-10-13,JK-DNM-M,Mumbai,Website,1,COD
2024-10-13,JK-DNM-M,Bangalore,Website,2,COD
2024-10-13,JK-DNM-M,Bangalore,Marketplace,2,COD
2024-10-13,JK-DNM-M,Bangalore,Marketplace,2,COD
2024-10-13,JK-DNM-M,Bangalore,Website,2,COD
2024-10-13,CP-BLK,Delhi NCR,Marketplace,2,COD
2024-10-13,CP-BLK,Delhi NCR,Website,2,COD
2024-10-13,CP-BLK,Delhi NCR,Website,2,COD
2024-10-13,CP-BLK,Delhi NCR,Website,2,Prepaid
2024-10-13,CP-BLK,Delhi NCR,Marketplace,2,COD
2024-10-13,CP-BLK,Mumbai,Website,1,Prepaid
2024-10-13,CP-BLK,Bangalore,Website,1,COD
2024-10-14,TS-BLK-S,Delhi NCR,Website,2,COD
2024-10-14,TS-BLK-S,Delhi NCR,Website,1,Prepaid
2024-10-14,TS-BLK-S,Delhi NCR,Website,2,COD
2024-10-14,TS-BLK-S,Delhi NCR,Website,1,COD
2024-10-14,TS-BLK-S,Mumbai,Marketplace,1,COD
2024-10-14,TS-BLK-S,Mumbai,Marketplace,2,Prepaid
2024-10-14,TS-BLK-S,Bangalore,Website,1,Prepaid
2024-10-14,TS-BLK-S,Bangalore,Website,1,COD
2024-10-14,TS-BLK-S,Bangalore,Marketplace,2,COD
2024-10-14,TS-BLK-M,Delhi NCR,Marketplace,2,COD
2024-10-14,TS-BLK-M,Delhi NCR,Website,1,Prepaid
2024-10-14,TS-BLK-M,Delhi NCR,Website,2,COD
2024-10-14,TS-BLK-M,Delhi NCR,Website,1,Prepaid
2024-10-14,TS-BLK-M,Mumbai,Website,2,COD
2024-10-14,TS-BLK-M,Bangalore,Website,1,COD
2024-10-14,TS-BLK-M,Bangalore,Marketplace,1,COD
2024-10-14,TS-BLK-M,Bangalore,Website,1,COD
2024-10-14,TS-BLK-M,Bangalore,Website,1,COD
2024-10-14,TS-BLK-M,Bangalore,Website,2,COD
2024-10-14,TS-BLK-L,Delhi NCR,Website,1,Prepaid
2024-10-14,TS-BLK-L,Delhi NCR,Website,1,COD
2024-10-14,TS-BLK-L,Mumbai,Marketplace,2,Prepaid
2024-10-14,TS-BLK-L,Mumbai,Website,1,Prepaid
2024-10-14,TS-BLK-L,Bangalore,Marketplace,2,COD
2024-10-14,TS-BLK-L,Bangalore,Website,2,COD
2024-10-14,TS-BLK-L,Bangalore,Marketplace,2,COD
2024-10-14,TS-WHT-M,Delhi NCR,Website,1,COD
2024-10-14,TS-WHT-M,Delhi NCR,Website,2,COD
2024-10-14,TS-WHT-M,Mumbai,Website,1,COD
2024-10-14,TS-WHT-M,Mumbai,Marketplace,1,COD
2024-10-14,TS-WHT-M,Bangalore,Website,1,COD
2024-10-14,TS-WHT-M,Bangalore,Website,1,COD
2024-10-14,TS-WHT-M,Bangalore,Website,2,COD
2024-10-14,HD-BLK-M,Delhi NCR,Marketplace,1,COD
2024-10-14,HD-BLK-M,Mumbai,Website,2,Prepaid
2024-10-14,HD-BLK-M,Mumbai,Marketplace,2,Prepaid
2024-10-14,HD-BLK-M,Mumbai,Website,1,COD
2024-10-14,HD-BLK-M,Mumbai,Marketplace,2,Prepaid
2024-10-14,HD-BLK-M,Mumbai,Marketplace,2,COD
2024-10-14,HD-BLK-M,Bangalore,Marketplace,1,Prepaid
2024-10-14,HD-BLK-M,Bangalore,Marketplace,1,Prepaid
2024-10-14,HD-GRY-L,Delhi NCR,Marketplace,1,COD
2024-10-14,HD-GRY-L,Delhi NCR,Website,1,COD
2024-10-14,HD-GRY-L,Delhi NCR,Website,1,COD
2024-10-14,HD-GRY-L,Delhi NCR,Marketplace,1,Prepaid
2024-10-14,HD-GRY-L,Mumbai,Marketplace,1,Prepaid
2024-10-14,HD-GRY-L,Bangalore,Website,1,Prepaid
2024-10-14,HD-GRY-L,Bangalore,Marketplace,1,Prepaid
2024-10-14,HD-GRY-L,Bangalore,Marketplace,2,Prepaid
2024-10-14,HD-GRY-L,Bangalore,Marketplace,1,Prepaid
2024-10-14,JK-DNM-M,Delhi NCR,Website,1,Prepaid
2024-10-14,JK-DNM-M,Delhi NCR,Marketplace,1,Prepaid
2024-10-14,JK-DNM-M,Delhi NCR,Website,2,Prepaid
2024-10-14,JK-DNM-M,Delhi NCR,Marketplace,2,COD
2024-10-14,JK-DNM-M,Delhi NCR,Marketplace,2,COD
2024-10-14,JK-DNM-M,Mumbai,Website,1,Prepaid
2024-10-14,JK-DNM-M,Mumbai,Marketplace,2,Prepaid
2024-10-14,JK-DNM-M,Mumbai,Marketplace,2,COD
2024-10-14,JK-DNM-M,Mumbai,Website,2,Prepaid
2024-10-14,JK-DNM-M,Mumbai,Website,1,COD
2024-10-14,JK-DNM-M,Bangalore,Marketplace,2,Prepaid
2024-10-14,JK-DNM-M,Bangalore,Marketplace,2,COD
2024-10-14,JK-DNM-M,Bangalore,Marketplace,1,COD
2024-10-14,JK-DNM-M,Bangalore,Marketplace,2,COD
2024-10-14,CP-BLK,Delhi NCR,Website,1,COD
2024-10-14,CP-BLK,Delhi NCR,Website,1,COD
2024-10-14,CP-BLK,Delhi NCR,Website,2,COD
2024-10-14,CP-BLK,Delhi NCR,Website,2,COD
2024-10-14,CP-BLK,Mumbai,Website,2,Prepaid
2024-10-14,CP-BLK,Mumbai,Marketplace,2,COD
2024-10-14,CP-BLK,Mumbai,Marketplace,2,Prepaid
2024-10-14,CP-BLK,Bangalore,Website,1,Prepaid
2024-10-14,CP-BLK,Bangalore,Website,2,COD
2024-10-15,TS-BLK-S,Delhi NCR,Website,1,Prepaid
2024-10-15,TS-BLK-S,Mumbai,Marketplace,1,COD
2024-10-15,TS-BLK-S,Mumbai,Website,2,COD
2024-10-15,TS-BLK-S,Mumbai,Website,1,Prepaid
2024-10-15,TS-BLK-S,Mumbai,Website,1,COD
2024-10-15,TS-BLK-S,Mumbai,Marketplace,1,COD
2024-10-15,TS-BLK-S,Bangalore,Website,2,COD
2024-10-15,TS-BLK-S,Bangalore,Marketplace,2,COD
2024-10-15,TS-BLK-S,Bangalore,Website,2,COD
2024-10-15,TS-BLK-S,Bangalore,Marketplace,1,Prepaid
2024-10-15,TS-BLK-M,Delhi NCR,Marketplace,1,COD
2024-10-15,TS-BLK-M,Mumbai,Marketplace,1,COD
2024-10-15,TS-BLK-M,Mumbai,Marketplace,1,COD
2024-10-15,TS-BLK-M,Mumbai,Marketplace,2,Prepaid
2024-10-15,TS-BLK-M,Bangalore,Marketplace,1,COD
2024-10-15,TS-BLK-M,Bangalore,Website,2,Prepaid
2024-10-15,TS-BLK-M,Bangalore,Website,2,Prepaid
2024-10-15,TS-BLK-L,Delhi NCR,Website,1,Prepaid
2024-10-15,TS-BLK-L,Delhi NCR,Marketplace,2,Prepaid
2024-10-15,TS-BLK-L,Delhi NCR,Website,2,COD
2024-10-15,TS-BLK-L,Delhi NCR,Website,1,Prepaid
2024-10-15,TS-BLK-L,Delhi NCR,Website,1,COD
2024-10-15,TS-BLK-L,Mumbai,Website,1,Prepaid
2024-10-15,TS-BLK-L,Mumbai,Website,2,COD
2024-10-15,TS-BLK-L,Mumbai,Marketplace,1,Prepaid
2024-10-15,TS-BLK-L,Bangalore,Marketplace,1,COD
2024-10-15,TS-BLK-L,Bangalore,Marketplace,1,Prepaid
2024-10-15,TS-WHT-M,Delhi NCR,Marketplace,2,COD
2024-10-15,TS-WHT-M,Mumbai,Marketplace,1,COD
2024-10-15,TS-WHT-M,Mumbai,Website,1,COD
2024-10-15,TS-WHT-M,Mumbai,Marketplace,2,Prepaid
2024-10-15,TS-WHT-M,Mumbai,Marketplace,1,Prepaid
2024-10-15,TS-WHT-M,Mumbai,Website,2,COD
2024-10-15,TS-WHT-M,Bangalore,Marketplace,2,COD
2024-10-15,TS-WHT-M,Bangalore,Website,2,Prepaid
2024-10-15,TS-WHT-M,Bangalore,Website,2,COD
2024-10-15,TS-WHT-M,Bangalore,Website,2,COD
2024-10-15,HD-BLK-M,Delhi NCR,Marketplace,2,COD
2024-10-15,HD-BLK-M,Delhi NCR,Marketplace,2,Prepaid
2024-10-15,HD-BLK-M,Mumbai,Website,2,COD
2024-10-15,HD-BLK-M,Mumbai,Marketplace,1,COD
2024-10-15,HD-BLK-M,Bangalore,Website,1,COD
2024-10-15,HD-BLK-M,Bangalore,Marketplace,2,COD
2024-10-15,HD-GRY-L,Delhi NCR,Marketplace,2,COD
2024-10-15,HD-GRY-L,Delhi NCR,Website,2,COD
2024-10-15,HD-GRY-L,Delhi NCR,Website,2,Prepaid
2024-10-15,HD-GRY-L,Delhi NCR,Website,2,COD
2024-10-15,HD-GRY-L,Delhi NCR,Website,2,Prepaid
2024-10-15,HD-GRY-L,Mumbai,Website,2,Prepaid
2024-10-15,HD-GRY-L,Mumbai,Marketplace,1,COD
2024-10-15,HD-GRY-L,Mumbai,Marketplace,2,COD
2024-10-15,HD-GRY-L,Mumbai,Marketplace,1,COD
2024-10-15,HD-GRY-L,Mumbai,Website,2,Prepaid
2024-10-15,HD-GRY-L,Bangalore,Website,2,Prepaid
2024-10-15,JK-DNM-M,Delhi NCR,Marketplace,2,Prepaid
2024-10-15,JK-DNM-M,Mumbai,Marketplace,1,COD
2024-10-15,JK-DNM-M,Mumbai,Marketplace,1,COD
2024-10-15,JK-DNM-M,Mumbai,Website,1,COD
2024-10-15,JK-DNM-M,Mumbai,Marketplace,1,COD
2024-10-15,JK-DNM-M,Bangalore,Marketplace,1,COD
2024-10-15,JK-DNM-M,Bangalore,Website,2,Prepaid
2024-10-15,JK-DNM-M,Bangalore,Website,1,COD
2024-10-15,JK-DNM-M,Bangalore,Marketplace,2,COD
2024-10-15,JK-DNM-M,Bangalore,Marketplace,2,COD
2024-10-15,JK-DNM-M,Bangalore,Website,2,Prepaid
2024-10-15,JK-DNM-M,Bangalore,Website,1,Prepaid
2024-10-15,CP-BLK,Delhi NCR,Marketplace,2,COD
2024-10-15,CP-BLK,Delhi NCR,Marketplace,2,COD
2024-10-15,CP-BLK,Delhi NCR,Website,1,COD
2024-10-15,CP-BLK,Delhi NCR,Website,1,COD
2024-10-15,CP-BLK,Mumbai,Marketplace,2,COD
2024-10-15,CP-BLK,Mumbai,Website,2,COD
2024-10-15,CP-BLK,Mumbai,Marketplace,1,COD
2024-10-15,CP-BLK,Mumbai,Website,1,COD
2024-10-15,CP-BLK,Bangalore,Marketplace,2,COD
2024-10-15,CP-BLK,Bangalore,Marketplace,2,Prepaid
2024-10-15,CP-BLK,Bangalore,Website,1,Prepaid
2024-10-15,CP-BLK,Bangalore,Marketplace,2,Prepaid
2024-10-15,CP-BLK,Bangalore,Website,2,Prepaid
2024-10-16,TS-BLK-S,Delhi NCR,Website,1,COD
2024-10-16,TS-BLK-S,Delhi NCR,Website,1,COD
2024-10-16,TS-BLK-S,Delhi NCR,Website,1,COD
2024-10-16,TS-BLK-S,Mumbai,Marketplace,2,Prepaid
2024-10-16,TS-BLK-S,Mumbai,Marketplace,2,COD
2024-10-16,TS-BLK-S,Mumbai,Website,1,COD
2024-10-16,TS-BLK-S,Bangalore,Marketplace,2,COD
2024-10-16,TS-BLK-S,Bangalore,Marketplace,2,COD
2024-10-16,TS-BLK-M,Delhi NCR,Website,1,Prepaid
2024-10-16,TS-BLK-M,Delhi NCR,Website,2,Prepaid
2024-10-16,TS-BLK-M,Delhi NCR,Marketplace,1,COD
2024-10-16,TS-BLK-M,Delhi NCR,Website,2,Prepaid
2024-10-16,TS-BLK-M,Mumbai,Website,2,COD
2024-10-16,TS-BLK-M,Mumbai,Marketplace,2,Prepaid
2024-10-16,TS-BLK-M,Mumbai,Website,2,Prepaid
2024-10-16,TS-BLK-M,Bangalore,Website,2,COD
2024-10-16,TS-BLK-L,Delhi NCR,Marketplace,1,COD
2024-10-16,TS-BLK-L,Delhi NCR,Marketplace,1,COD
2024-10-16,TS-BLK-L,Delhi NCR,Marketplace,1,COD
2024-10-16,TS-BLK-L,Delhi NCR,Website,1,Prepaid
2024-10-16,TS-BLK-L,Mumbai,Website,2,COD
2024-10-16,TS-BLK-L,Mumbai,Marketplace,1,COD
2024-10-16,TS-BLK-L,Bangalore,Marketplace,2,Prepaid
2024-10-16,TS-BLK-L,Bangalore,Marketplace,2,Prepaid
2024-10-16,TS-BLK-L,Bangalore,Website,2,Prepaid
2024-10-16,TS-BLK-L,Bangalore,Website,1,COD
2024-10-16,TS-WHT-M,Delhi NCR,Website,1,Prepaid
2024-10-16,TS-WHT-M,Delhi NCR,Marketplace,2,Prepaid
2024-10-16,TS-WHT-M,Delhi NCR,Website,1,COD
2024-10-16,TS-WHT-M,Delhi NCR,Website,2,Prepaid
2024-10-16,TS-WHT-M,Delhi NCR,Marketplace,2,Prepaid
2024-10-16,TS-WHT-M,Mumbai,Website,2,COD
2024-10-16,TS-WHT-M,Mumbai,Marketplace,2,COD
2024-10-16,TS-WHT-M,Mumbai,Marketplace,2,Prepaid
2024-10-16,TS-WHT-M,Bangalore,Website,2,Prepaid
2024-10-16,TS-WHT-M,Bangalore,Website,1,COD
2024-10-16,TS-WHT-M,Bangalore,Website,1,COD
2024-10-16,HD-BLK-M,Delhi NCR,Marketplace,1,COD
2024-10-16,HD-BLK-M,Delhi NCR,Website,2,COD
2024-10-16,HD-BLK-M,Mumbai,Website,2,Prepaid
2024-10-16,HD-BLK-M,Bangalore,Marketplace,1,Prepaid
2024-10-16,HD-BLK-M,Bangalore,Marketplace,2,COD
2024-10-16,HD-BLK-M,Bangalore,Website,1,COD
2024-10-16,HD-BLK-M,Bangalore,Marketplace,1,COD
2024-10-16,HD-BLK-M,Bangalore,Marketplace,1,Prepaid
2024-10-16,HD-GRY-L,Delhi NCR,Marketplace,2,COD
2024-10-16,HD-GRY-L,Delhi NCR,Website,2,COD
2024-10-16,HD-GRY-L,Delhi NCR,Marketplace,1,COD
2024-10-16,HD-GRY-L,Delhi NCR,Website,1,Prepaid
2024-10-16,HD-GRY-L,Mumbai,Marketplace,2,Prepaid
2024-10-16,HD-GRY-L,Mumbai,Website,2,Prepaid
2024-10-16,HD-GRY-L,Mumbai,Marketplace,2,COD
2024-10-16,HD-GRY-L,Mumbai,Website,1,COD
2024-10-16,HD-GRY-L,Bangalore,Website,2,Prepaid
2024-10-16,HD-GRY-L,Bangalore,Marketplace,1,Prepaid
2024-10-16,HD-GRY-L,Bangalore,Marketplace,2,COD
2024-10-16,JK-DNM-M,Delhi NCR,Website,1,Prepaid
2024-10-16,JK-DNM-M,Delhi NCR,Website,1,COD
2024-10-16,JK-DNM-M,Delhi NCR,Marketplace,2,Prepaid
2024-10-16,JK-DNM-M,Mumbai,Marketplace,1,Prepaid
2024-10-16,JK-DNM-M,Mumbai,Website,1,COD
2024-10-16,JK-DNM-M,Mumbai,Website,1,COD
2024-10-16,JK-DNM-M,Mumbai,Marketplace,1,COD
2024-10-16,JK-DNM-M,Mumbai,Website,1,COD
2024-10-16,JK-DNM-M,Bangalore,Website,1,COD
2024-10-16,JK-DNM-M,Bangalore,Marketplace,1,COD
2024-10-16,JK-DNM-M,Bangalore,Marketplace,2,COD
2024-10-16,JK-DNM-M,Bangalore,Marketplace,2,COD
2024-10-16,CP-BLK,Delhi NCR,Website,1,Prepaid
2024-10-16,CP-BLK,Mumbai,Marketplace,1,COD
2024-10-16,CP-BLK,Bangalore,Website,1,COD
2024-10-16,CP-BLK,Bangalore,Marketplace,1,COD
2024-10-16,CP-BLK,Bangalore,Website,1,Prepaid
2024-10-17,TS-BLK-S,Delhi NCR,Website,1,Prepaid
2024-10-17,TS-BLK-S,Delhi NCR,Marketplace,2,Prepaid
2024-10-17,TS-BLK-S,Mumbai,Website,1,COD
2024-10-17,TS-BLK-S,Mumbai,Website,1,COD
2024-10-17,TS-BLK-S,Mumbai,Marketplace,1,Prepaid
2024-10-17,TS-BLK-S,Bangalore,Marketplace,2,Prepaid
2024-10-17,TS-BLK-S,Bangalore,Website,2,COD
2024-10-17,TS-BLK-S,Bangalore,Marketplace,2,COD
2024-10-17,TS-BLK-S,Bangalore,Website,2,COD
2024-10-17,TS-BLK-S,Bangalore,Website,1,Prepaid
2024-10-17,TS-BLK-M,Delhi NCR,Website,1,COD
2024-10-17,TS-BLK-M,Delhi NCR,Marketplace,2,COD
2024-10-17,TS-BLK-M,Delhi NCR,Website,2,COD
2024-10-17,TS-BLK-M,Delhi NCR,Marketplace,2,Prepaid
2024-10-17,TS-BLK-M,Mumbai,Website,2,COD
2024-10-17,TS-BLK-M,Mumbai,Website,1,COD
2024-10-17,TS-BLK-M,Mumbai,Marketplace,1,COD
2024-10-17,TS-BLK-M,Mumbai,Website,2,Prepaid
2024-10-17,TS-BLK-M,Mumbai,Website,2,COD
2024-10-17,TS-BLK-M,Bangalore,Website,1,COD
2024-10-17,TS-BLK-M,Bangalore,Marketplace,2,COD
2024-10-17,TS-BLK-M,Bangalore,Website,1,COD
2024-10-17,TS-BLK-M,Bangalore,Marketplace,2,COD
2024-10-17,TS-BLK-L,Delhi NCR,Website,2,Prepaid
2024-10-17,TS-BLK-L,Delhi NCR,Website,2,COD
2024-10-17,TS-BLK-L,Delhi NCR,Website,2,COD
2024-10-17,TS-BLK-L,Delhi NCR,Marketplace,2,Prepaid
2024-10-17,TS-BLK-L,Mumbai,Marketplace,1,COD
2024-10-17,TS-BLK-L,Mumbai,Marketplace,1,COD
2024-10-17,TS-BLK-L,Bangalore,Website,1,Prepaid
2024-10-17,TS-BLK-L,Bangalore,Marketplace,1,Prepaid
2024-10-17,TS-BLK-L,Bangalore,Website,2,COD
2024-10-17,TS-WHT-M,Delhi NCR,Marketplace,1,Prepaid
2024-10-17,TS-WHT-M,Delhi NCR,Website,2,Prepaid
2024-10-17,TS-WHT-M,Delhi NCR,Marketplace,1,Prepaid
2024-10-17,TS-WHT-M,Mumbai,Marketplace,2,COD
2024-10-17,TS-WHT-M,Mumbai,Website,1,COD
2024-10-17,TS-WHT-M,Mumbai,Marketplace,2,COD
2024-10-17,TS-WHT-M,Bangalore,Marketplace,1,Prepaid
2024-10-17,HD-BLK-M,Delhi NCR,Marketplace,2,Prepaid
2024-10-17,HD-BLK-M,Mumbai,Marketplace,2,Prepaid
2024-10-17,HD-BLK-M,Bangalore,Marketplace,1,Prepaid
2024-10-17,HD-GRY-L,Delhi NCR,Marketplace,1,COD
2024-10-17,HD-GRY-L,Delhi NCR,Marketplace,1,COD
2024-10-17,HD-GRY-L,Delhi NCR,Marketplace,2,Prepaid
2024-10-17,HD-GRY-L,Delhi NCR,Marketplace,2,Prepaid
2024-10-17,HD-GRY-L,Delhi NCR,Website,2,Prepaid
2024-10-17,HD-GRY-L,Mumbai,Marketplace,2,COD
2024-10-17,HD-GRY-L,Mumbai,Website,2,Prepaid
2024-10-17,HD-GRY-L,Mumbai,Website,2,Prepaid
2024-10-17,HD-GRY-L,Mumbai,Website,1,Prepaid
2024-10-17,HD-GRY-L,Mumbai,Website,1,Prepaid
2024-10-17,HD-GRY-L,Bangalore,Marketplace,2,Prepaid
2024-10-17,HD-GRY-L,Bangalore,Website,1,Prepaid
2024-10-17,JK-DNM-M,Delhi NCR,Marketplace,1,COD
2024-10-17,JK-DNM-M,Mumbai,Website,1,COD
2024-10-17,JK-DNM-M,Mumbai,Marketplace,2,COD
2024-10-17,JK-DNM-M,Mumbai,Website,2,COD
2024-10-17,JK-DNM-M,Mumbai,Marketplace,1,COD
2024-10-17,JK-DNM-M,Bangalore,Marketplace,2,Prepaid
2024-10-17,JK-DNM-M,Bangalore,Marketplace,2,COD
2024-10-17,CP-BLK,Delhi NCR,Marketplace,1,COD
2024-10-17,CP-BLK,Mumbai,Marketplace,1,Prepaid
2024-10-17,CP-BLK,Bangalore,Marketplace,1,Prepaid
2024-10-17,CP-BLK,Bangalore,Website,2,COD
2024-10-17,CP-BLK,Bangalore,Marketplace,2,COD
2024-10-18,TS-BLK-S,Delhi NCR,Website,1,COD
2024-10-18,TS-BLK-S,Mumbai,Marketplace,1,Prepaid
2024-10-18,TS-BLK-S,Bangalore,Website,1,Prepaid
2024-10-18,TS-BLK-M,Delhi NCR,Website,2,COD
2024-10-18,TS-BLK-M,Delhi NCR,Marketplace,1,Prepaid
2024-10-18,TS-BLK-M,Delhi NCR,Marketplace,2,Prepaid
2024-10-18,TS-BLK-M,Delhi NCR,Website,1,Prepaid
2024-10-18,TS-BLK-M,Mumbai,Website,2,COD
2024-10-18,TS-BLK-M,Mumbai,Website,2,Prepaid
2024-10-18,TS-BLK-M,Mumbai,Marketplace,1,COD
2024-10-18,TS-BLK-M,Mumbai,Website,2,COD
2024-10-18,TS-BLK-M,Mumbai,Marketplace,2,Prepaid
2024-10-18,TS-BLK-M,Bangalore,Website,2,COD
2024-10-18,TS-BLK-M,Bangalore,Marketplace,1,Prepaid
2024-10-18,TS-BLK-M,Bangalore,Marketplace,2,COD
2024-10-18,TS-BLK-M,Bangalore,Marketplace,1,Prepaid
2024-10-18,TS-BLK-L,Delhi NCR,Website,1,Prepaid
2024-10-18,TS-BLK-L,Delhi NCR,Website,2,COD
2024-10-18,TS-BLK-L,Delhi NCR,Marketplace,2,COD
2024-10-18,TS-BLK-L,Mumbai,Marketplace,1,COD
2024-10-18,TS-BLK-L,Bangalore,Marketplace,2,Prepaid
2024-10-18,TS-BLK-L,Bangalore,Marketplace,2,COD
2024-10-18,TS-BLK-L,Bangalore,Marketplace,1,COD
2024-10-18,TS-WHT-M,Delhi NCR,Marketplace,2,Prepaid
2024-10-18,TS-WHT-M,Delhi NCR,Marketplace,2,COD
2024-10-18,TS-WHT-M,Delhi NCR,Marketplace,2,COD
2024-10-18,TS-WHT-M,Delhi NCR,Website,1,COD
2024-10-18,TS-WHT-M,Delhi NCR,Website,1,Prepaid
2024-10-18,TS-WHT-M,Mumbai,Website,2,Prepaid
2024-10-18,TS-WHT-M,Mumbai,Marketplace,1,COD
2024-10-18,TS-WHT-M,Mumbai,Website,1,COD
2024-10-18,TS-WHT-M,Bangalore,Marketplace,1,Prepaid
2024-10-18,TS-WHT-M,Bangalore,Website,2,COD
2024-10-18,TS-WHT-M,Bangalore,Website,2,COD
2024-10-18,TS-WHT-M,Bangalore,Marketplace,1,COD
2024-10-18,TS-WHT-M,Bangalore,Website,2,Prepaid
2024-10-18,HD-BLK-M,Delhi NCR,Website,1,COD
2024-10-18,HD-BLK-M,Delhi NCR,Marketplace,1,COD
2024-10-18,HD-BLK-M,Mumbai,Website,1,COD
2024-10-18,HD-BLK-M,Mumbai,Marketplace,1,Prepaid
2024-10-18,HD-BLK-M,Mumbai,Website,1,COD
2024-10-18,HD-BLK-M,Mumbai,Website,2,COD
2024-10-18,HD-BLK-M,Mumbai,Website,1,Prepaid
2024-10-18,HD-BLK-M,Bangalore,Website,2,Prepaid
2024-10-18,HD-BLK-M,Bangalore,Marketplace,2,Prepaid
2024-10-18,HD-GRY-L,Delhi NCR,Website,2,Prepaid
2024-10-18,HD-GRY-L,Delhi NCR,Website,2,COD
2024-10-18,HD-GRY-L,Delhi NCR,Website,2,COD
2024-10-18,HD-GRY-L,Delhi NCR,Marketplace,1,Prepaid
2024-10-18,HD-GRY-L,Delhi NCR,Website,2,Prepaid
2024-10-18,HD-GRY-L,Mumbai,Website,1,COD
2024-10-18,HD-GRY-L,Mumbai,Marketplace,2,COD
2024-10-18,HD-GRY-L,Bangalore,Marketplace,2,Prepaid
2024-10-18,HD-GRY-L,Bangalore,Marketplace,1,Prepaid
2024-10-18,HD-GRY-L,Bangalore,Website,1,Prepaid
2024-10-18,JK-DNM-M,Delhi NCR,Marketplace,1,COD
2024-10-18,JK-DNM-M,Delhi NCR,Marketplace,1,COD
2024-10-18,JK-DNM-M,Delhi NCR,Marketplace,1,Prepaid
2024-10-18,JK-DNM-M,Delhi NCR,Marketplace,1,Prepaid
2024-10-18,JK-DNM-M,Delhi NCR,Marketplace,1,COD
2024-10-18,JK-DNM-M,Mumbai,Marketplace,2,Prepaid
2024-10-18,JK-DNM-M,Mumbai,Website,2,Prepaid
2024-10-18,JK-DNM-M,Mumbai,Marketplace,2,COD
2024-10-18,JK-DNM-M,Mumbai,Website,2,COD
2024-10-18,JK-DNM-M,Bangalore,Marketplace,1,Prepaid
2024-10-18,JK-DNM-M,Bangalore,Marketplace,1,Prepaid
2024-10-18,JK-DNM-M,Bangalore,Website,2,Prepaid
2024-10-18,CP-BLK,Delhi NCR,Website,2,Prepaid
2024-10-18,CP-BLK,Mumbai,Website,1,COD
2024-10-18,CP-BLK,Mumbai,Website,1,COD
2024-10-18,CP-BLK,Mumbai,Website,2,COD
2024-10-18,CP-BLK,Bangalore,Website,2,COD
2024-10-18,CP-BLK,Bangalore,Marketplace,1,COD
2024-10-18,CP-BLK,Bangalore,Marketplace,2,COD
2024-10-18,CP-BLK,Bangalore,Website,2,Prepaid
2024-10-18,CP-BLK,Bangalore,Website,2,COD
2024-10-19,TS-BLK-S,Delhi NCR,Marketplace,1,COD
2024-10-19,TS-BLK-S,Delhi NCR,Marketplace,2,COD
2024-10-19,TS-BLK-S,Delhi NCR,Marketplace,2,Prepaid
2024-10-19,TS-BLK-S,Delhi NCR,Marketplace,1,Prepaid
2024-10-19,TS-BLK-S,Delhi NCR,Marketplace,1,COD
2024-10-19,TS-BLK-S,Mumbai,Website,1,COD
2024-10-19,TS-BLK-S,Mumbai,Website,1,COD
2024-10-19,TS-BLK-S,Mumbai,Marketplace,1,COD
2024-10-19,TS-BLK-S,Mumbai,Website,2,Prepaid
2024-10-19,TS-BLK-S,Bangalore,Website,1,COD
2024-10-19,TS-BLK-S,Bangalore,Website,1,COD
2024-10-19,TS-BLK-S,Bangalore,Marketplace,2,Prepaid
2024-10-19,TS-BLK-M,Delhi NCR,Marketplace,1,Prepaid
2024-10-19,TS-BLK-M,Delhi NCR,Website,2,Prepaid
2024-10-19,TS-BLK-M,Delhi NCR,Marketplace,2,COD
2024-10-19,TS-BLK-M,Delhi NCR,Marketplace,1,COD
2024-10-19,TS-BLK-M,Mumbai,Website,1,COD
2024-10-19,TS-BLK-M,Mumbai,Marketplace,2,COD
2024-10-19,TS-BLK-M,Bangalore,Marketplace,2,COD
2024-10-19,TS-BLK-M,Bangalore,Website,1,COD
2024-10-19,TS-BLK-M,Bangalore,Website,1,Prepaid
2024-10-19,TS-BLK-M,Bangalore,Website,2,COD
2024-10-19,TS-BLK-L,Delhi NCR,Website,2,Prepaid
2024-10-19,TS-BLK-L,Mumbai,Marketplace,2,Prepaid
2024-10-19,TS-BLK-L,Mumbai,Website,2,Prepaid
2024-10-19,TS-BLK-L,Mumbai,Marketplace,2,COD
2024-10-19,TS-BLK-L,Bangalore,Marketplace,2,Prepaid
2024-10-19,TS-WHT-M,Delhi NCR,Website,1,COD
2024-10-19,TS-WHT-M,Delhi NCR,Website,1,COD
2024-10-19,TS-WHT-M,Delhi NCR,Website,1,COD
2024-10-19,TS-WHT-M,Delhi NCR,Marketplace,1,COD
2024-10-19,TS-WHT-M,Delhi NCR,Marketplace,1,Prepaid
2024-10-19,TS-WHT-M,Mumbai,Marketplace,1,Prepaid
2024-10-19,TS-WHT-M,Bangalore,Website,1,COD
2024-10-19,TS-WHT-M,Bangalore,Website,1,Prepaid
2024-10-19,TS-WHT-M,Bangalore,Website,1,Prepaid
2024-10-19,TS-WHT-M,Bangalore,Marketplace,1,Prepaid
2024-10-19,TS-WHT-M,Bangalore,Website,2,COD
2024-10-19,HD-BLK-M,Delhi NCR,Marketplace,1,COD
2024-10-19,HD-BLK-M,Delhi NCR,Website,2,COD
2024-10-19,HD-BLK-M,Mumbai,Website,2,Prepaid
2024-10-19,HD-BLK-M,Mumbai,Website,2,COD
2024-10-19,HD-BLK-M,Bangalore,Marketplace,2,COD
2024-10-19,HD-BLK-M,Bangalore,Website,2,COD
2024-10-19,HD-BLK-M,Bangalore,Website,1,Prepaid
2024-10-19,HD-BLK-M,Bangalore,Website,1,Prepaid
2024-10-19,HD-GRY-L,Delhi NCR,Website,1,COD
2024-10-19,HD-GRY-L,Delhi NCR,Website,2,Prepaid
2024-10-19,HD-GRY-L,Mumbai,Marketplace,1,Prepaid
2024-10-19,HD-GRY-L,Mumbai,Marketplace,2,COD
2024-10-19,HD-GRY-L,Bangalore,Website,2,COD
2024-10-19,HD-GRY-L,Bangalore,Website,2,Prepaid
2024-10-19,JK-DNM-M,Delhi NCR,Marketplace,1,COD
2024-10-19,JK-DNM-M,Delhi NCR,Website,1,Prepaid
2024-10-19,JK-DNM-M,Delhi NCR,Marketplace,1,COD
2024-10-19,JK-DNM-M,Delhi NCR,Website,2,Prepaid
2024-10-19,JK-DNM-M,Mumbai,Marketplace,1,COD
2024-10-19,JK-DNM-M,Mumbai,Website,2,COD
2024-10-19,JK-DNM-M,Mumbai,Marketplace,1,Prepaid
2024-10-19,JK-DNM-M,Bangalore,Website,1,COD
2024-10-19,JK-DNM-M,Bangalore,Marketplace,2,COD
2024-10-19,JK-DNM-M,Bangalore,Marketplace,2,Prepaid
2024-10-19,JK-DNM-M,Bangalore,Marketplace,2,COD
2024-10-19,JK-DNM-M,Bangalore,Website,2,Prepaid
2024-10-19,CP-BLK,Delhi NCR,Website,1,Prepaid
2024-10-19,CP-BLK,Delhi NCR,Marketplace,1,Prepaid
2024-10-19,CP-BLK,Delhi NCR,Website,2,COD
2024-10-19,CP-BLK,Delhi NCR,Marketplace,2,Prepaid
2024-10-19,CP-BLK,Mumbai,Website,2,Prepaid
2024-10-19,CP-BLK,Mumbai,Marketplace,2,COD
2024-10-19,CP-BLK,Mumbai,Marketplace,2,COD
2024-10-19,CP-BLK,Mumbai,Marketplace,2,Prepaid
2024-10-19,CP-BLK,Bangalore,Marketplace,2,Prepaid
2024-10-20,TS-BLK-S,Delhi NCR,Marketplace,1,COD
2024-10-20,TS-BLK-S,Delhi NCR,Marketplace,1,Prepaid
2024-10-20,TS-BLK-S,Delhi NCR,Marketplace,1,Prepaid
2024-10-20,TS-BLK-S,Mumbai,Marketplace,1,COD
2024-10-20,TS-BLK-S,Mumbai,Marketplace,2,COD
2024-10-20,TS-BLK-S,Mumbai,Website,1,COD
2024-10-20,TS-BLK-S,Mumbai,Marketplace,1,Prepaid
2024-10-20,TS-BLK-S,Bangalore,Marketplace,1,COD
2024-10-20,TS-BLK-S,Bangalore,Marketplace,1,COD
2024-10-20,TS-BLK-S,Bangalore,Marketplace,2,COD
2024-10-20,TS-BLK-M,Delhi NCR,Marketplace,1,Prepaid
2024-10-20,TS-BLK-M,Mumbai,Marketplace,2,COD
2024-10-20,TS-BLK-M,Mumbai,Marketplace,1,COD
2024-10-20,TS-BLK-M,Bangalore,Website,1,Prepaid
2024-10-20,TS-BLK-L,Delhi NCR,Marketplace,1,COD
2024-10-20,TS-BLK-L,Delhi NCR,Website,1,Prepaid
2024-10-20,TS-BLK-L,Delhi NCR,Marketplace,1,Prepaid
2024-10-20,TS-BLK-L,Delhi NCR,Marketplace,2,COD
2024-10-20,TS-BLK-L,Delhi NCR,Marketplace,1,COD
2024-10-20,TS-BLK-L,Mumbai,Website,2,Prepaid
2024-10-20,TS-BLK-L,Mumbai,Marketplace,2,COD
2024-10-20,TS-BLK-L,Bangalore,Website,2,COD
2024-10-20,TS-BLK-L,Bangalore,Website,1,COD
2024-10-20,TS-BLK-L,Bangalore,Website,2,Prepaid
2024-10-20,TS-BLK-L,Bangalore,Marketplace,1,COD
2024-10-20,TS-BLK-L,Bangalore,Website,2,Prepaid
2024-10-20,TS-WHT-M,Delhi NCR,Website,2,COD
2024-10-20,TS-WHT-M,Mumbai,Website,2,Prepaid
2024-10-20,TS-WHT-M,Mumbai,Website,1,COD
2024-10-20,TS-WHT-M,Mumbai,Website,1,Prepaid
2024-10-20,TS-WHT-M,Mumbai,Marketplace,2,Prepaid
2024-10-20,TS-WHT-M,Bangalore,Website,2,COD
2024-10-20,HD-BLK-M,Delhi NCR,Website,1,COD
2024-10-20,HD-BLK-M,Delhi NCR,Marketplace,2,Prepaid
2024-10-20,HD-BLK-M,Mumbai,Website,2,COD
2024-10-20,HD-BLK-M,Mumbai,Website,2,COD
2024-10-20,HD-BLK-M,Mumbai,Website,1,COD
2024-10-20,HD-BLK-M,Mumbai,Website,1,COD
2024-10-20,HD-BLK-M,Bangalore,Marketplace,1,COD
2024-10-20,HD-BLK-M,Bangalore,Marketplace,2,COD
2024-10-20,HD-BLK-M,Bangalore,Marketplace,2,Prepaid
2024-10-20,HD-BLK-M,Bangalore,Marketplace,1,Prepaid
2024-10-20,HD-BLK-M,Bangalore,Marketplace,2,COD
2024-10-20,HD-GRY-L,Delhi NCR,Marketplace,2,COD
2024-10-20,HD-GRY-L,Delhi NCR,Marketplace,2,Prepaid
2024-10-20,HD-GRY-L,Delhi NCR,Website,1,COD
2024-10-20,HD-GRY-L,Delhi NCR,Website,2,COD
2024-10-20,HD-GRY-L,Delhi NCR,Website,1,COD
2024-10-20,HD-GRY-L,Mumbai,Marketplace,1,COD
2024-10-20,HD-GRY-L,Mumbai,Website,2,COD
2024-10-20,HD-GRY-L,Bangalore,Website,1,COD
2024-10-20,HD-GRY-L,Bangalore,Website,2,Prepaid
2024-10-20,JK-DNM-M,Delhi NCR,Website,2,Prepaid
2024-10-20,JK-DNM-M,Delhi NCR,Website,1,COD
2024-10-20,JK-DNM-M,Delhi NCR,Marketplace,2,COD
2024-10-20,JK-DNM-M,Delhi NCR,Website,2,Prepaid
2024-10-20,JK-DNM-M,Delhi NCR,Marketplace,1,Prepaid
2024-10-20,JK-DNM-M,Delhi NCR,Marketplace,1,Prepaid
2024-10-20,JK-DNM-M,Mumbai,Website,1,COD
2024-10-20,JK-DNM-M,Mumbai,Website,2,Prepaid
2024-10-20,JK-DNM-M,Mumbai,Website,2,COD
2024-10-20,JK-DNM-M,Mumbai,Website,1,COD
2024-10-20,JK-DNM-M,Bangalore,Website,1,Prepaid
2024-10-20,JK-DNM-M,Bangalore,Website,1,COD
2024-10-20,JK-DNM-M,Bangalore,Website,2,COD
2024-10-20,JK-DNM-M,Bangalore,Marketplace,2,Prepaid
2024-10-20,CP-BLK,Delhi NCR,Website,1,Prepaid
2024-10-20,CP-BLK,Delhi NCR,Marketplace,2,Prepaid
2024-10-20,CP-BLK,Delhi NCR,Marketplace,1,COD
2024-10-20,CP-BLK,Delhi NCR,Website,2,COD
2024-10-20,CP-BLK,Mumbai,Website,1,COD
2024-10-20,CP-BLK,Mumbai,Marketplace,1,COD
2024-10-20,CP-BLK,Bangalore,Website,2,COD
2024-10-21,TS-BLK-S,Delhi NCR,Website,2,COD
2024-10-21,TS-BLK-S,Delhi NCR,Website,2,COD
2024-10-21,TS-BLK-S,Delhi NCR,Marketplace,1,COD
2024-10-21,TS-BLK-S,Delhi NCR,Marketplace,2,Prepaid
2024-10-21,TS-BLK-S,Delhi NCR,Website,2,COD
2024-10-21,TS-BLK-S,Mumbai,Website,2,Prepaid
2024-10-21,TS-BLK-S,Bangalore,Marketplace,2,Prepaid
2024-10-21,TS-BLK-S,Bangalore,Website,2,COD
2024-10-21,TS-BLK-S,Bangalore,Marketplace,2,COD
2024-10-21,TS-BLK-S,Bangalore,Website,2,Prepaid
2024-10-21,TS-BLK-M,Delhi NCR,Marketplace,1,COD
2024-10-21,TS-BLK-M,Mumbai,Marketplace,1,COD
2024-10-21,TS-BLK-M,Mumbai,Marketplace,2,Prepaid
2024-10-21,TS-BLK-M,Mumbai,Website,1,COD
2024-10-21,TS-BLK-M,Bangalore,Marketplace,1,COD
2024-10-21,TS-BLK-M,Bangalore,Website,1,COD
2024-10-21,TS-BLK-M,Bangalore,Website,2,COD
2024-10-21,TS-BLK-M,Bangalore,Marketplace,1,Prepaid
2024-10-21,TS-BLK-M,Bangalore,Website,1,Prepaid
2024-10-21,TS-BLK-L,Delhi NCR,Website,1,COD
2024-10-21,TS-BLK-L,Delhi NCR,Website,1,COD
2024-10-21,TS-BLK-L,Delhi NCR,Website,2,COD
2024-10-21,TS-BLK-L,Delhi NCR,Marketplace,1,COD
2024-10-21,TS-BLK-L,Delhi NCR,Marketplace,1,COD
2024-10-21,TS-BLK-L,Mumbai,Website,2,COD
2024-10-21,TS-BLK-L,Mumbai,Website,1,Prepaid
2024-10-21,TS-BLK-L,Bangalore,Marketplace,2,Prepaid
2024-10-21,TS-BLK-L,Bangalore,Website,1,COD
2024-10-21,TS-WHT-M,Delhi NCR,Marketplace,2,COD
2024-10-21,TS-WHT-M,Mumbai,Marketplace,2,COD
2024-10-21,TS-WHT-M,Bangalore,Marketplace,1,Prepaid
2024-10-21,TS-WHT-M,Bangalore,Marketplace,2,COD
2024-10-21,TS-WHT-M,Bangalore,Website,2,Prepaid
2024-10-21,TS-WHT-M,Bangalore,Marketplace,2,Prepaid
2024-10-21,HD-BLK-M,Delhi NCR,Marketplace,1,COD
2024-10-21,HD-BLK-M,Delhi NCR,Marketplace,2,COD
2024-10-21,HD-BLK-M,Delhi NCR,Marketplace,2,Prepaid
2024-10-21,HD-BLK-M,Mumbai,Website,1,COD
2024-10-21,HD-BLK-M,Mumbai,Website,2,COD
2024-10-21,HD-BLK-M,Mumbai,Website,1,Prepaid
2024-10-21,HD-BLK-M,Mumbai,Marketplace,2,Prepaid
2024-10-21,HD-BLK-M,Bangalore,Website,2,COD
2024-10-21,HD-BLK-M,Bangalore,Marketplace,2,COD
2024-10-21,HD-GRY-L,Delhi NCR,Website,1,COD
2024-10-21,HD-GRY-L,Delhi NCR,Website,1,Prepaid
2024-10-21,HD-GRY-L,Delhi NCR,Marketplace,2,Prepaid
2024-10-21,HD-GRY-L,Delhi NCR,Marketplace,1,Prepaid
2024-10-21,HD-GRY-L,Delhi NCR,Marketplace,1,COD
2024-10-21,HD-GRY-L,Mumbai,Marketplace,2,COD
2024-10-21,HD-GRY-L,Mumbai,Website,2,COD
2024-10-21,HD-GRY-L,Mumbai,Marketplace,2,Prepaid
2024-10-21,HD-GRY-L,Mumbai,Marketplace,2,Prepaid
2024-10-21,HD-GRY-L,Mumbai,Marketplace,1,Prepaid
2024-10-21,HD-GRY-L,Bangalore,Website,1,COD
2024-10-21,HD-GRY-L,Bangalore,Website,1,Prepaid
2024-10-21,HD-GRY-L,Bangalore,Marketplace,1,COD
2024-10-21,HD-GRY-L,Bangalore,Marketplace,1,Prepaid
2024-10-21,JK-DNM-M,Delhi NCR,Marketplace,1,Prepaid
2024-10-21,JK-DNM-M,Delhi NCR,Marketplace,1,COD
2024-10-21,JK-DNM-M,Mumbai,Website,1,COD
2024-10-21,JK-DNM-M,Mumbai,Marketplace,1,Prepaid
2024-10-21,JK-DNM-M,Bangalore,Website,1,Prepaid
2024-10-21,JK-DNM-M,Bangalore,Marketplace,1,COD
2024-10-21,JK-DNM-M,Bangalore,Website,2,Prepaid
2024-10-21,JK-DNM-M,Bangalore,Website,1,Prepaid
2024-10-21,JK-DNM-M,Bangalore,Website,2,Prepaid
2024-10-21,JK-DNM-M,Bangalore,Website,2,COD
2024-10-21,CP-BLK,Delhi NCR,Marketplace,1,Prepaid
2024-10-21,CP-BLK,Delhi NCR,Marketplace,2,COD
2024-10-21,CP-BLK,Mumbai,Marketplace,1,Prepaid
2024-10-21,CP-BLK,Mumbai,Website,2,COD
2024-10-21,CP-BLK,Mumbai,Marketplace,2,Prepaid
2024-10-21,CP-BLK,Mumbai,Marketplace,2,COD
2024-10-21,CP-BLK,Bangalore,Marketplace,2,COD
2024-10-21,CP-BLK,Bangalore,Marketplace,1,COD
2024-10-21,CP-BLK,Bangalore,Website,1,Prepaid
2024-10-22,TS-BLK-S,Delhi NCR,Website,2,Prepaid
2024-10-22,TS-BLK-S,Delhi NCR,Website,1,COD
2024-10-22,TS-BLK-S,Mumbai,Marketplace,2,COD
2024-10-22,TS-BLK-S,Mumbai,Website,2,Prepaid
2024-10-22,TS-BLK-S,Mumbai,Marketplace,1,COD
2024-10-22,TS-BLK-S,Mumbai,Website,2,COD
2024-10-22,TS-BLK-S,Bangalore,Website,2,COD
2024-10-22,TS-BLK-S,Bangalore,Marketplace,2,COD
2024-10-22,TS-BLK-S,Bangalore,Website,2,COD
2024-10-22,TS-BLK-M,Delhi NCR,Marketplace,2,Prepaid
2024-10-22,TS-BLK-M,Mumbai,Marketplace,2,COD
2024-10-22,TS-BLK-M,Bangalore,Marketplace,1,COD
2024-10-22,TS-BLK-L,Delhi NCR,Website,1,COD
2024-10-22,TS-BLK-L,Delhi NCR,Website,1,COD
2024-10-22,TS-BLK-L,Delhi NCR,Marketplace,1,Prepaid
2024-10-22,TS-BLK-L,Mumbai,Website,2,Prepaid
2024-10-22,TS-BLK-L,Mumbai,Website,2,Prepaid
2024-10-22,TS-BLK-L,Bangalore,Marketplace,1,COD
2024-10-22,TS-BLK-L,Bangalore,Website,2,COD
2024-10-22,TS-BLK-L,Bangalore,Marketplace,2,COD
2024-10-22,TS-BLK-L,Bangalore,Marketplace,1,COD
2024-10-22,TS-BLK-L,Bangalore,Website,1,Prepaid
2024-10-22,TS-WHT-M,Delhi NCR,Website,1,Prepaid
2024-10-22,TS-WHT-M,Mumbai,Website,1,COD
2024-10-22,TS-WHT-M,Mumbai,Website,2,Prepaid
2024-10-22,TS-WHT-M,Mumbai,Website,2,COD
2024-10-22,TS-WHT-M,Mumbai,Website,1,COD
2024-10-22,TS-WHT-M,Bangalore,Website,2,COD
2024-10-22,TS-WHT-M,Bangalore,Marketplace,2,COD
2024-10-22,HD-BLK-M,Delhi NCR,Marketplace,1,Prepaid
2024-10-22,HD-BLK-M,Delhi NCR,Marketplace,2,Prepaid
2024-10-22,HD-BLK-M,Delhi NCR,Marketplace,2,COD
2024-10-22,HD-BLK-M,Delhi NCR,Website,1,COD
2024-10-22,HD-BLK-M,Mumbai,Marketplace,2,COD
2024-10-22,HD-BLK-M,Mumbai,Website,1,COD
2024-10-22,HD-BLK-M,Mumbai,Marketplace,2,Prepaid
2024-10-22,HD-BLK-M,Mumbai,Marketplace,2,COD
2024-10-22,HD-BLK-M,Mumbai,Marketplace,2,COD
2024-10-22,HD-BLK-M,Bangalore,Website,2,COD
2024-10-22,HD-BLK-M,Bangalore,Website,1,Prepaid
2024-10-22,HD-GRY-L,Delhi NCR,Website,1,COD
2024-10-22,HD-GRY-L,Delhi NCR,Marketplace,2,Prepaid
2024-10-22,HD-GRY-L,Delhi NCR,Website,1,COD
2024-10-22,HD-GRY-L,Mumbai,Website,2,COD
2024-10-22,HD-GRY-L,Mumbai,Website,1,COD
2024-10-22,HD-GRY-L,Mumbai,Website,1,COD
2024-10-22,HD-GRY-L,Mumbai,Website,1,COD
2024-10-22,HD-GRY-L,Mumbai,Website,1,Prepaid
2024-10-22,HD-GRY-L,Bangalore,Marketplace,1,COD
2024-10-22,JK-DNM-M,Delhi NCR,Marketplace,2,Prepaid
2024-10-22,JK-DNM-M,Delhi NCR,Marketplace,1,Prepaid
2024-10-22,JK-DNM-M,Delhi NCR,Website,2,COD
2024-10-22,JK-DNM-M,Delhi NCR,Marketplace,1,COD
2024-10-22,JK-DNM-M,Delhi NCR,Website,2,Prepaid
2024-10-22,JK-DNM-M,Mumbai,Website,2,Prepaid
2024-10-22,JK-DNM-M,Mumbai,Website,1,COD
2024-10-22,JK-DNM-M,Mumbai,Website,1,COD
2024-10-22,JK-DNM-M,Mumbai,Website,1,COD
2024-10-22,JK-DNM-M,Bangalore,Website,2,COD
2024-10-22,JK-DNM-M,Bangalore,Marketplace,2,COD
2024-10-22,JK-DNM-M,Bangalore,Website,2,Prepaid
2024-10-22,JK-DNM-M,Bangalore,Marketplace,2,COD
2024-10-22,JK-DNM-M,Bangalore,Website,2,COD
2024-10-22,CP-BLK,Delhi NCR,Marketplace,1,Prepaid
2024-10-22,CP-BLK,Delhi NCR,Website,1,Prepaid
2024-10-22,CP-BLK,Delhi NCR,Marketplace,2,Prepaid
2024-10-22,CP-BLK,Mumbai,Marketplace,1,COD
2024-10-22,CP-BLK,Mumbai,Marketplace,2,COD
2024-10-22,CP-BLK,Mumbai,Website,1,COD
2024-10-22,CP-BLK,Mumbai,Website,1,COD
2024-10-22,CP-BLK,Bangalore,Marketplace,1,COD
2024-10-22,CP-BLK,Bangalore,Marketplace,2,COD
2024-10-22,CP-BLK,Bangalore,Marketplace,2,Prepaid
2024-10-22,CP-BLK,Bangalore,Website,1,Prepaid
2024-10-22,CP-BLK,Bangalore,Marketplace,1,COD
2024-10-23,TS-BLK-S,Delhi NCR,Marketplace,2,COD
2024-10-23,TS-BLK-S,Delhi NCR,Website,1,Prepaid
2024-10-23,TS-BLK-S,Delhi NCR,Website,1,Prepaid
2024-10-23,TS-BLK-S,Mumbai,Website,1,COD
2024-10-23,TS-BLK-S,Mumbai,Website,2,COD
2024-10-23,TS-BLK-S,Mumbai,Marketplace,2,COD
2024-10-23,TS-BLK-S,Mumbai,Website,1,Prepaid
2024-10-23,TS-BLK-S,Mumbai,Website,1,COD
2024-10-23,TS-BLK-S,Bangalore,Website,2,COD
2024-10-23,TS-BLK-M,Delhi NCR,Website,2,Prepaid
2024-10-23,TS-BLK-M,Delhi NCR,Website,2,COD
2024-10-23,TS-BLK-M,Delhi NCR,Website,1,Prepaid
2024-10-23,TS-BLK-M,Mumbai,Marketplace,2,Prepaid
2024-10-23,TS-BLK-M,Mumbai,Marketplace,1,COD
2024-10-23,TS-BLK-M,Mumbai,Marketplace,2,COD
2024-10-23,TS-BLK-M,Mumbai,Website,1,COD
2024-10-23,TS-BLK-M,Bangalore,Marketplace,2,COD
2024-10-23,TS-BLK-M,Bangalore,Website,1,COD
2024-10-23,TS-BLK-M,Bangalore,Website,2,COD
2024-10-23,TS-BLK-M,Bangalore,Website,2,COD
2024-10-23,TS-BLK-L,Delhi NCR,Marketplace,1,COD
2024-10-23,TS-BLK-L,Delhi NCR,Marketplace,2,COD
2024-10-23,TS-BLK-L,Mumbai,Website,2,Prepaid
2024-10-23,TS-BLK-L,Bangalore,Marketplace,2,COD
2024-10-23,TS-BLK-L,Bangalore,Marketplace,1,Prepaid
2024-10-23,TS-BLK-L,Bangalore,Marketplace,2,COD
2024-10-23,TS-BLK-L,Bangalore,Website,2,COD
2024-10-23,TS-WHT-M,Delhi NCR,Marketplace,2,COD
2024-10-23,TS-WHT-M,Delhi NCR,Website,1,COD
2024-10-23,TS-WHT-M,Delhi NCR,Marketplace,1,COD
2024-10-23,TS-WHT-M,Delhi NCR,Website,2,COD
2024-10-23,TS-WHT-M,Delhi NCR,Website,2,COD
2024-10-23,TS-WHT-M,Mumbai,Website,1,Prepaid
2024-10-23,TS-WHT-M,Mumbai,Marketplace,1,COD
2024-10-23,TS-WHT-M,Mumbai,Marketplace,1,COD
2024-10-23,TS-WHT-M,Mumbai,Marketplace,1,COD
2024-10-23,TS-WHT-M,Mumbai,Website,2,COD
2024-10-23,TS-WHT-M,Bangalore,Marketplace,1,COD
2024-10-23,HD-BLK-M,Delhi NCR,Website,1,Prepaid
2024-10-23,HD-BLK-M,Delhi NCR,Marketplace,1,COD
2024-10-23,HD-BLK-M,Delhi NCR,Website,2,Prepaid
2024-10-23,HD-BLK-M,Mumbai,Website,1,Prepaid
2024-10-23,HD-BLK-M,Mumbai,Marketplace,2,COD
2024-10-23,HD-BLK-M,Mumbai,Marketplace,2,COD
2024-10-23,HD-BLK-M,Mumbai,Marketplace,2,COD
2024-10-23,HD-BLK-M,Bangalore,Marketplace,1,COD
2024-10-23,HD-BLK-M,Bangalore,Website,2,Prepaid
2024-10-23,HD-BLK-M,Bangalore,Website,1,COD
2024-10-23,HD-GRY-L,Delhi NCR,Website,2,Prepaid
2024-10-23,HD-GRY-L,Mumbai,Marketplace,2,COD
2024-10-23,HD-GRY-L,Mumbai,Website,2,COD
2024-10-23,HD-GRY-L,Mumbai,Marketplace,1,Prepaid
2024-10-23,HD-GRY-L,Bangalore,Marketplace,2,Prepaid
2024-10-23,JK-DNM-M,Delhi NCR,Website,2,Prepaid
2024-10-23,JK-DNM-M,Delhi NCR,Website,1,Prepaid
2024-10-23,JK-DNM-M,Delhi NCR,Website,2,COD
2024-10-23,JK-DNM-M,Delhi NCR,Marketplace,2,Prepaid
2024-10-23,JK-DNM-M,Mumbai,Marketplace,1,Prepaid
2024-10-23,JK-DNM-M,Mumbai,Marketplace,2,COD
2024-10-23,JK-DNM-M,Mumbai,Marketplace,2,Prepaid
2024-10-23,JK-DNM-M,Mumbai,Website,1,COD
2024-10-23,JK-DNM-M,Mumbai,Website,1,Prepaid
2024-10-23,JK-DNM-M,Bangalore,Marketplace,1,Prepaid
2024-10-23,JK-DNM-M,Bangalore,Marketplace,2,COD
2024-10-23,JK-DNM-M,Bangalore,Website,2,COD
2024-10-23,JK-DNM-M,Bangalore,Website,2,Prepaid
2024-10-23,JK-DNM-M,Bangalore,Website,2,COD
2024-10-23,JK-DNM-M,Bangalore,Marketplace,1,COD
2024-10-23,CP-BLK,Delhi NCR,Website,1,Prepaid
2024-10-23,CP-BLK,Delhi NCR,Website,1,COD
2024-10-23,CP-BLK,Delhi NCR,Marketplace,1,Prepaid
2024-10-23,CP-BLK,Delhi NCR,Marketplace,2,Prepaid
2024-10-23,CP-BLK,Mumbai,Website,2,Prepaid
2024-10-23,CP-BLK,Mumbai,Marketplace,1,Prepaid
2024-10-23,CP-BLK,Bangalore,Website,1,COD
2024-10-24,TS-BLK-S,Delhi NCR,Website,1,COD
2024-10-24,TS-BLK-S,Mumbai,Marketplace,1,Prepaid
2024-10-24,TS-BLK-S,Bangalore,Website,2,Prepaid
2024-10-24,TS-BLK-S,Bangalore,Website,2,COD
2024-10-24,TS-BLK-S,Bangalore,Marketplace,2,Prepaid
2024-10-24,TS-BLK-M,Delhi NCR,Website,2,COD
2024-10-24,TS-BLK-M,Mumbai,Marketplace,1,Prepaid
2024-10-24,TS-BLK-M,Bangalore,Marketplace,2,Prepaid
2024-10-24,TS-BLK-M,Bangalore,Marketplace,1,Prepaid
2024-10-24,TS-BLK-L,Delhi NCR,Website,2,Prepaid
2024-10-24,TS-BLK-L,Delhi NCR,Website,1,Prepaid
2024-10-24,TS-BLK-L,Delhi NCR,Website,2,COD
2024-10-24,TS-BLK-L,Delhi NCR,Marketplace,2,COD
2024-10-24,TS-BLK-L,Mumbai,Marketplace,1,COD
2024-10-24,TS-BLK-L,Mumbai,Marketplace,2,Prepaid
2024-10-24,TS-BLK-L,Mumbai,Marketplace,2,Prepaid
2024-10-24,TS-BLK-L,Bangalore,Marketplace,2,COD
2024-10-24,TS-BLK-L,Bangalore,Website,1,COD
2024-10-24,TS-BLK-L,Bangalore,Website,1,Prepaid
2024-10-24,TS-BLK-L,Bangalore,Website,2,Prepaid
2024-10-24,TS-BLK-L,Bangalore,Marketplace,2,Prepaid
2024-10-24,TS-WHT-M,Delhi NCR,Marketplace,2,COD
2024-10-24,TS-WHT-M,Mumbai,Marketplace,1,COD
2024-10-24,TS-WHT-M,Bangalore,Marketplace,2,Prepaid
2024-10-24,TS-WHT-M,Bangalore,Marketplace,2,Prepaid
2024-10-24,HD-BLK-M,Delhi NCR,Website,1,COD
2024-10-24,HD-BLK-M,Delhi NCR,Website,1,Prepaid
2024-10-24,HD-BLK-M,Delhi NCR,Marketplace,2,Prepaid
2024-10-24,HD-BLK-M,Delhi NCR,Website,1,COD
2024-10-24,HD-BLK-M,Delhi NCR,Website,1,Prepaid
2024-10-24,HD-BLK-M,Mumbai,Website,1,COD
2024-10-24,HD-BLK-M,Mumbai,Marketplace,1,COD
2024-10-24,HD-BLK-M,Mumbai,Website,2,Prepaid
2024-10-24,HD-BLK-M,Mumbai,Website,1,Prepaid
2024-10-24,HD-BLK-M,Mumbai,Marketplace,1,COD
2024-10-24,HD-BLK-M,Bangalore,Marketplace,2,Prepaid
2024-10-24,HD-BLK-M,Bangalore,Marketplace,1,COD
2024-10-24,HD-BLK-M,Bangalore,Website,1,COD
2024-10-24,HD-BLK-M,Bangalore,Website,2,Prepaid
2024-10-24,HD-BLK-M,Bangalore,Marketplace,2,Prepaid
2024-10-24,HD-GRY-L,Delhi NCR,Marketplace,1,COD
2024-10-24,HD-GRY-L,Delhi NCR,Website,2,Prepaid
2024-10-24,HD-GRY-L,Delhi NCR,Marketplace,1,Prepaid
2024-10-24,HD-GRY-L,Mumbai,Website,1,COD
2024-10-24,HD-GRY-L,Mumbai,Website,2,COD
2024-10-24,HD-GRY-L,Bangalore,Marketplace,1,Prepaid
2024-10-24,HD-GRY-L,Bangalore,Marketplace,1,COD
2024-10-24,HD-GRY-L,Bangalore,Website,2,COD
2024-10-24,JK-DNM-M,Delhi NCR,Website,2,COD
2024-10-24,JK-DNM-M,Delhi NCR,Marketplace,2,Prepaid
2024-10-24,JK-DNM-M,Delhi NCR,Marketplace,2,Prepaid
2024-10-24,JK-DNM-M,Delhi NCR,Marketplace,1,COD
2024-10-24,JK-DNM-M,Delhi NCR,Marketplace,1,COD
2024-10-24,JK-DNM-M,Mumbai,Marketplace,2,Prepaid
2024-10-24,JK-DNM-M,Mumbai,Marketplace,2,COD
2024-10-24,JK-DNM-M,Mumbai,Website,2,COD
2024-10-24,JK-DNM-M,Mumbai,Marketplace,1,Prepaid
2024-10-24,JK-DNM-M,Bangalore,Marketplace,2,Prepaid
2024-10-24,JK-DNM-M,Bangalore,Website,2,COD
2024-10-24,JK-DNM-M,Bangalore,Marketplace,1,COD
2024-10-24,CP-BLK,Delhi NCR,Website,2,COD
2024-10-24,CP-BLK,Delhi NCR,Website,2,COD
2024-10-24,CP-BLK,Delhi NCR,Website,2,Prepaid
2024-10-24,CP-BLK,Mumbai,Website,2,Prepaid
2024-10-24,CP-BLK,Mumbai,Website,1,COD
2024-10-24,CP-BLK,Mumbai,Marketplace,1,COD
2024-10-24,CP-BLK,Mumbai,Marketplace,2,COD
2024-10-24,CP-BLK,Mumbai,Marketplace,1,Prepaid
2024-10-24,CP-BLK,Bangalore,Marketplace,1,COD
2024-10-24,CP-BLK,Bangalore,Website,1,COD
2024-10-24,CP-BLK,Bangalore,Website,1,COD
2024-10-24,CP-BLK,Bangalore,Marketplace,2,Prepaid
2024-10-24,CP-BLK,Bangalore,Marketplace,2,COD
2024-10-25,TS-BLK-S,Delhi NCR,Website,1,Prepaid
2024-10-25,TS-BLK-S,Mumbai,Website,1,Prepaid
2024-10-25,TS-BLK-S,Mumbai,Marketplace,1,COD
2024-10-25,TS-BLK-S,Mumbai,Website,2,COD
2024-10-25,TS-BLK-S,Mumbai,Website,1,Prepaid
2024-10-25,TS-BLK-S,Bangalore,Marketplace,1,COD
2024-10-25,TS-BLK-S,Bangalore,Website,2,Prepaid
2024-10-25,TS-BLK-M,Delhi NCR,Website,2,Prepaid
2024-10-25,TS-BLK-M,Delhi NCR,Marketplace,2,COD
2024-10-25,TS-BLK-M,Delhi NCR,Marketplace,1,COD
2024-10-25,TS-BLK-M,Delhi NCR,Website,2,Prepaid
2024-10-25,TS-BLK-M,Mumbai,Marketplace,1,COD
2024-10-25,TS-BLK-M,Bangalore,Website,2,COD
2024-10-25,TS-BLK-M,Bangalore,Website,2,COD
2024-10-25,TS-BLK-L,Delhi NCR,Website,1,Prepaid
2024-10-25,TS-BLK-L,Delhi NCR,Website,1,COD
2024-10-25,TS-BLK-L,Mumbai,Marketplace,1,Prepaid
2024-10-25,TS-BLK-L,Mumbai,Website,2,Prepaid
2024-10-25,TS-BLK-L,Mumbai,Marketplace,1,Prepaid
2024-10-25,TS-BLK-L,Mumbai,Marketplace,2,Prepaid
2024-10-25,TS-BLK-L,Bangalore,Marketplace,2,Prepaid
2024-10-25,TS-BLK-L,Bangalore,Website,1,COD
2024-10-25,TS-WHT-M,Delhi NCR,Marketplace,2,Prepaid
2024-10-25,TS-WHT-M,Delhi NCR,Website,1,Prepaid
2024-10-25,TS-WHT-M,Mumbai,Marketplace,1,COD
2024-10-25,TS-WHT-M,Bangalore,Website,1,COD
2024-10-25,TS-WHT-M,Bangalore,Website,2,COD
2024-10-25,TS-WHT-M,Bangalore,Website,2,Prepaid
2024-10-25,HD-BLK-M,Delhi NCR,Website,1,COD
2024-10-25,HD-BLK-M,Mumbai,Website,1,Prepaid
2024-10-25,HD-BLK-M,Mumbai,Marketplace,1,COD
2024-10-25,HD-BLK-M,Bangalore,Marketplace,1,COD
2024-10-25,HD-BLK-M,Bangalore,Website,1,Prepaid
2024-10-25,HD-BLK-M,Bangalore,Marketplace,1,Prepaid
2024-10-25,HD-BLK-M,Bangalore,Website,1,Prepaid
2024-10-25,HD-BLK-M,Bangalore,Website,2,Prepaid
2024-10-25,HD-GRY-L,Delhi NCR,Website,1,COD
2024-10-25,HD-GRY-L,Mumbai,Marketplace,2,COD
2024-10-25,HD-GRY-L,Mumbai,Marketplace,1,COD
2024-10-25,HD-GRY-L,Bangalore,Marketplace,1,COD
2024-10-25,HD-GRY-L,Bangalore,Website,1,COD
2024-10-25,HD-GRY-L,Bangalore,Website,2,COD
2024-10-25,HD-GRY-L,Bangalore,Marketplace,2,COD
2024-10-25,HD-GRY-L,Bangalore,Website,2,COD
2024-10-25,JK-DNM-M,Delhi NCR,Marketplace,1,COD
2024-10-25,JK-DNM-M,Delhi NCR,Marketplace,1,Prepaid
2024-10-25,JK-DNM-M,Delhi NCR,Website,1,COD
2024-10-25,JK-DNM-M,Mumbai,Website,2,COD
2024-10-25,JK-DNM-M,Mumbai,Website,2,Prepaid
2024-10-25,JK-DNM-M,Mumbai,Website,2,COD
2024-10-25,JK-DNM-M,Mumbai,Website,2,COD
2024-10-25,JK-DNM-M,Mumbai,Marketplace,1,COD
2024-10-25,JK-DNM-M,Bangalore,Website,1,COD
2024-10-25,JK-DNM-M,Bangalore,Website,1,COD
2024-10-25,JK-DNM-M,Bangalore,Marketplace,2,Prepaid
2024-10-25,CP-BLK,Delhi NCR,Website,1,COD
2024-10-25,CP-BLK,Delhi NCR,Website,2,COD
2024-10-25,CP-BLK,Delhi NCR,Marketplace,1,Prepaid
2024-10-25,CP-BLK,Mumbai,Marketplace,1,COD
2024-10-25,CP-BLK,Bangalore,Marketplace,2,COD
2024-10-25,CP-BLK,Bangalore,Marketplace,2,COD
2024-10-25,CP-BLK,Bangalore,Website,1,Prepaid
2024-10-25,CP-BLK,Bangalore,Marketplace,2,COD
2024-10-26,TS-BLK-S,Delhi NCR,Marketplace,1,COD
2024-10-26,TS-BLK-S,Delhi NCR,Marketplace,1,COD
2024-10-26,TS-BLK-S,Delhi NCR,Marketplace,1,Prepaid
2024-10-26,TS-BLK-S,Delhi NCR,Marketplace,1,Prepaid
2024-10-26,TS-BLK-S,Delhi NCR,Website,1,COD
2024-10-26,TS-BLK-S,Mumbai,Marketplace,1,Prepaid
2024-10-26,TS-BLK-S,Mumbai,Website,2,COD
2024-10-26,TS-BLK-S,Bangalore,Marketplace,1,Prepaid
2024-10-26,TS-BLK-M,Delhi NCR,Marketplace,2,Prepaid
2024-10-26,TS-BLK-M,Mumbai,Website,1,COD
2024-10-26,TS-BLK-M,Mumbai,Marketplace,1,COD
2024-10-26,TS-BLK-M,Mumbai,Marketplace,1,COD
2024-10-26,TS-BLK-M,Mumbai,Website,2,COD
2024-10-26,TS-BLK-M,Mumbai,Website,1,COD
2024-10-26,TS-BLK-M,Bangalore,Website,1,COD
2024-10-26,TS-BLK-M,Bangalore,Website,2,COD
2024-10-26,TS-BLK-M,Bangalore,Website,1,COD
2024-10-26,TS-BLK-M,Bangalore,Marketplace,2,COD
2024-10-26,TS-BLK-M,Bangalore,Marketplace,2,COD
2024-10-26,TS-BLK-L,Delhi NCR,Website,2,Prepaid
2024-10-26,TS-BLK-L,Delhi NCR,Website,1,Prepaid
2024-10-26,TS-BLK-L,Delhi NCR,Website,2,Prepaid
2024-10-26,TS-BLK-L,Delhi NCR,Website,1,COD
2024-10-26,TS-BLK-L,Delhi NCR,Website,2,Prepaid
2024-10-26,TS-BLK-L,Mumbai,Marketplace,1,COD
2024-10-26,TS-BLK-L,Mumbai,Marketplace,1,Prepaid
2024-10-26,TS-BLK-L,Mumbai,Marketplace,2,Prepaid
2024-10-26,TS-BLK-L,Mumbai,Website,2,Prepaid
2024-10-26,TS-BLK-L,Bangalore,Marketplace,1,COD
2024-10-26,TS-BLK-L,Bangalore,Website,1,COD
2024-10-26,TS-BLK-L,Bangalore,Marketplace,1,COD
2024-10-26,TS-WHT-M,Delhi NCR,Website,1,COD
2024-10-26,TS-WHT-M,Delhi NCR,Website,2,COD
2024-10-26,TS-WHT-M,Delhi NCR,Website,1,Prepaid
2024-10-26,TS-WHT-M,Mumbai,Website,2,COD
2024-10-26,TS-WHT-M,Mumbai,Website,2,Prepaid
2024-10-26,TS-WHT-M,Mumbai,Marketplace,2,COD
2024-10-26,TS-WHT-M,Bangalore,Marketplace,1,Prepaid
2024-10-26,TS-WHT-M,Bangalore,Marketplace,1,Prepaid
2024-10-26,TS-WHT-M,Bangalore,Marketplace,1,COD
2024-10-26,TS-WHT-M,Bangalore,Marketplace,2,Prepaid
2024-10-26,TS-WHT-M,Bangalore,Website,1,Prepaid
2024-10-26,HD-BLK-M,Delhi NCR,Marketplace,1,Prepaid
2024-10-26,HD-BLK-M,Mumbai,Website,1,COD
2024-10-26,HD-BLK-M,Mumbai,Marketplace,1,COD
2024-10-26,HD-BLK-M,Mumbai,Marketplace,1,Prepaid
2024-10-26,HD-BLK-M,Mumbai,Marketplace,1,Prepaid
2024-10-26,HD-BLK-M,Mumbai,Website,2,Prepaid
2024-10-26,HD-BLK-M,Bangalore,Website,2,COD
2024-10-26,HD-BLK-M,Bangalore,Website,1,Prepaid
2024-10-26,HD-BLK-M,Bangalore,Marketplace,2,Prepaid
2024-10-26,HD-BLK-M,Bangalore,Marketplace,1,COD
2024-10-26,HD-GRY-L,Delhi NCR,Website,1,COD
2024-10-26,HD-GRY-L,Mumbai,Website,2,Prepaid
2024-10-26,HD-GRY-L,Bangalore,Marketplace,1,Prepaid
2024-10-26,HD-GRY-L,Bangalore,Website,2,COD
2024-10-26,HD-GRY-L,Bangalore,Website,1,COD
2024-10-26,JK-DNM-M,Delhi NCR,Marketplace,1,COD
2024-10-26,JK-DNM-M,Delhi NCR,Website,2,COD
2024-10-26,JK-DNM-M,Delhi NCR,Marketplace,2,Prepaid
2024-10-26,JK-DNM-M,Mumbai,Website,2,COD
2024-10-26,JK-DNM-M,Mumbai,Website,1,Prepaid
2024-10-26,JK-DNM-M,Mumbai,Website,1,COD
2024-10-26,JK-DNM-M,Mumbai,Marketplace,1,COD
2024-10-26,JK-DNM-M,Mumbai,Website,2,COD
2024-10-26,JK-DNM-M,Bangalore,Website,1,COD
2024-10-26,JK-DNM-M,Bangalore,Website,2,COD
2024-10-26,JK-DNM-M,Bangalore,Website,2,COD
2024-10-26,CP-BLK,Delhi NCR,Website,2,Prepaid
2024-10-26,CP-BLK,Mumbai,Marketplace,1,COD
2024-10-26,CP-BLK,Bangalore,Website,2,COD
2024-10-27,TS-BLK-S,Delhi NCR,Website,1,Prepaid
2024-10-27,TS-BLK-S,Delhi NCR,Website,1,COD
2024-10-27,TS-BLK-S,Mumbai,Marketplace,1,COD
2024-10-27,TS-BLK-S,Mumbai,Website,2,Prepaid
2024-10-27,TS-BLK-S,Bangalore,Website,1,COD
2024-10-27,TS-BLK-S,Bangalore,Marketplace,2,COD
2024-10-27,TS-BLK-S,Bangalore,Website,2,Prepaid
2024-10-27,TS-BLK-S,Bangalore,Website,2,COD
2024-10-27,TS-BLK-S,Bangalore,Marketplace,1,COD
2024-10-27,TS-BLK-M,Delhi NCR,Website,1,COD
2024-10-27,TS-BLK-M,Mumbai,Website,1,Prepaid
2024-10-27,TS-BLK-M,Mumbai,Website,1,COD
2024-10-27,TS-BLK-M,Mumbai,Website,2,Prepaid
2024-10-27,TS-BLK-M,Mumbai,Marketplace,2,COD
2024-10-27,TS-BLK-M,Bangalore,Marketplace,2,COD
2024-10-27,TS-BLK-M,Bangalore,Website,2,Prepaid
2024-10-27,TS-BLK-M,Bangalore,Website,2,COD
2024-10-27,TS-BLK-L,Delhi NCR,Marketplace,1,COD
2024-10-27,TS-BLK-L,Mumbai,Website,2,COD
2024-10-27,TS-BLK-L,Mumbai,Website,2,COD
2024-10-27,TS-BLK-L,Mumbai,Marketplace,2,COD
2024-10-27,TS-BLK-L,Mumbai,Marketplace,1,Prepaid
2024-10-27,TS-BLK-L,Bangalore,Website,1,Prepaid
2024-10-27,TS-BLK-L,Bangalore,Website,2,COD
2024-10-27,TS-BLK-L,Bangalore,Website,1,COD
2024-10-27,TS-BLK-L,Bangalore,Marketplace,1,Prepaid
2024-10-27,TS-BLK-L,Bangalore,Marketplace,1,COD
2024-10-27,TS-WHT-M,Delhi NCR,Website,2,Prepaid
2024-10-27,TS-WHT-M,Delhi NCR,Marketplace,2,COD
2024-10-27,TS-WHT-M,Delhi NCR,Marketplace,2,Prepaid
2024-10-27,TS-WHT-M,Delhi NCR,Marketplace,2,COD
2024-10-27,TS-WHT-M,Delhi NCR,Marketplace,2,COD
2024-10-27,TS-WHT-M,Mumbai,Website,1,COD
2024-10-27,TS-WHT-M,Mumbai,Marketplace,2,COD
2024-10-27,TS-WHT-M,Mumbai,Website,2,COD
2024-10-27,TS-WHT-M,Mumbai,Marketplace,1,COD
2024-10-27,TS-WHT-M,Bangalore,Website,2,Prepaid
2024-10-27,TS-WHT-M,Bangalore,Website,2,Prepaid
2024-10-27,TS-WHT-M,Bangalore,Marketplace,1,Prepaid
2024-10-27,TS-WHT-M,Bangalore,Website,1,COD
2024-10-27,TS-WHT-M,Bangalore,Marketplace,1,Prepaid
2024-10-27,HD-BLK-M,Delhi NCR,Website,1,COD
2024-10-27,HD-BLK-M,Delhi NCR,Marketplace,2,Prepaid
2024-10-27,HD-BLK-M,Mumbai,Website,2,COD
2024-10-27,HD-BLK-M,Mumbai,Website,1,Prepaid
2024-10-27,HD-BLK-M,Mumbai,Website,1,Prepaid
2024-10-27,HD-BLK-M,Mumbai,Website,1,COD
2024-10-27,HD-BLK-M,Mumbai,Website,2,COD
2024-10-27,HD-BLK-M,Bangalore,Marketplace,1,COD
2024-10-27,HD-GRY-L,Delhi NCR,Website,1,COD
2024-10-27,HD-GRY-L,Mumbai,Website,2,Prepaid
2024-10-27,HD-GRY-L,Mumbai,Website,1,COD
2024-10-27,HD-GRY-L,Mumbai,Website,2,Prepaid
2024-10-27,HD-GRY-L,Mumbai,Marketplace,1,COD
2024-10-27,HD-GRY-L,Mumbai,Website,1,Prepaid
2024-10-27,HD-GRY-L,Bangalore,Website,2,COD
2024-10-27,JK-DNM-M,Delhi NCR,Website,2,Prepaid
2024-10-27,JK-DNM-M,Delhi NCR,Website,2,COD
2024-10-27,JK-DNM-M,Delhi NCR,Website,1,COD
2024-10-27,JK-DNM-M,Delhi NCR,Website,2,COD
2024-10-27,JK-DNM-M,Delhi NCR,Website,1,COD
2024-10-27,JK-DNM-M,Mumbai,Website,2,COD
2024-10-27,JK-DNM-M,Mumbai,Website,2,COD
2024-10-27,JK-DNM-M,Mumbai,Website,1,COD
2024-10-27,JK-DNM-M,Mumbai,Website,1,Prepaid
2024-10-27,JK-DNM-M,Mumbai,Marketplace,1,COD
2024-10-27,JK-DNM-M,Mumbai,Marketplace,1,Prepaid
2024-10-27,JK-DNM-M,Mumbai,Marketplace,1,COD
2024-10-27,JK-DNM-M,Bangalore,Website,1,Prepaid
2024-10-27,JK-DNM-M,Bangalore,Website,2,COD
2024-10-27,JK-DNM-M,Bangalore,Marketplace,2,COD
2024-10-27,JK-DNM-M,Bangalore,Marketplace,2,COD
2024-10-27,JK-DNM-M,Bangalore,Website,2,COD
2024-10-27,CP-BLK,Delhi NCR,Marketplace,2,COD
2024-10-27,CP-BLK,Mumbai,Marketplace,1,COD
2024-10-27,CP-BLK,Mumbai,Marketplace,2,Prepaid
2024-10-27,CP-BLK,Mumbai,Marketplace,2,COD
2024-10-27,CP-BLK,Mumbai,Marketplace,2,COD
2024-10-27,CP-BLK,Mumbai,Marketplace,1,COD
2024-10-27,CP-BLK,Bangalore,Marketplace,1,Prepaid
2024-10-27,CP-BLK,Bangalore,Marketplace,2,COD
2024-10-27,CP-BLK,Bangalore,Website,1,Prepaid
2024-10-28,TS-BLK-S,Delhi NCR,Marketplace,2,COD
2024-10-28,TS-BLK-S,Delhi NCR,Website,1,Prepaid
2024-10-28,TS-BLK-S,Mumbai,Website,1,COD
2024-10-28,TS-BLK-S,Mumbai,Website,2,COD
2024-10-28,TS-BLK-S,Mumbai,Marketplace,2,COD
2024-10-28,TS-BLK-S,Mumbai,Marketplace,1,Prepaid
2024-10-28,TS-BLK-S,Bangalore,Website,2,Prepaid
2024-10-28,TS-BLK-S,Bangalore,Website,2,COD
2024-10-28,TS-BLK-M,Delhi NCR,Website,1,Prepaid
2024-10-28,TS-BLK-M,Delhi NCR,Marketplace,1,Prepaid
2024-10-28,TS-BLK-M,Delhi NCR,Marketplace,2,COD
2024-10-28,TS-BLK-M,Delhi NCR,Website,1,COD
2024-10-28,TS-BLK-M,Delhi NCR,Website,1,COD
2024-10-28,TS-BLK-M,Mumbai,Website,1,Prepaid
2024-10-28,TS-BLK-M,Mumbai,Website,2,Prepaid
2024-10-28,TS-BLK-M,Mumbai,Website,1,COD
2024-10-28,TS-BLK-M,Mumbai,Marketplace,2,COD
2024-10-28,TS-BLK-M,Bangalore,Website,1,Prepaid
2024-10-28,TS-BLK-M,Bangalore,Website,2,Prepaid
2024-10-28,TS-BLK-M,Bangalore,Marketplace,2,COD
2024-10-28,TS-BLK-M,Bangalore,Website,2,COD
2024-10-28,TS-BLK-L,Delhi NCR,Website,2,COD
2024-10-28,TS-BLK-L,Delhi NCR,Website,2,COD
2024-10-28,TS-BLK-L,Delhi NCR,Website,1,COD
2024-10-28,TS-BLK-L,Delhi NCR,Website,2,COD
2024-10-28,TS-BLK-L,Mumbai,Website,2,COD
2024-10-28,TS-BLK-L,Mumbai,Website,2,Prepaid
2024-10-28,TS-BLK-L,Mumbai,Marketplace,2,Prepaid
2024-10-28,TS-BLK-L,Mumbai,Marketplace,1,COD
2024-10-28,TS-BLK-L,Bangalore,Website,1,Prepaid
2024-10-28,TS-WHT-M,Delhi NCR,Website,1,COD
2024-10-28,TS-WHT-M,Delhi NCR,Website,2,COD
2024-10-28,TS-WHT-M,Mumbai,Marketplace,2,Prepaid
2024-10-28,TS-WHT-M,Mumbai,Website,1,Prepaid
2024-10-28,TS-WHT-M,Mumbai,Website,1,Prepaid
2024-10-28,TS-WHT-M,Mumbai,Marketplace,1,Prepaid
2024-10-28,TS-WHT-M,Mumbai,Marketplace,1,Prepaid
2024-10-28,TS-WHT-M,Bangalore,Website,1,COD
2024-10-28,TS-WHT-M,Bangalore,Marketplace,2,COD
2024-10-28,TS-WHT-M,Bangalore,Marketplace,2,COD
2024-10-28,TS-WHT-M,Bangalore,Marketplace,1,Prepaid
2024-10-28,TS-WHT-M,Bangalore,Marketplace,2,Prepaid
2024-10-28,HD-BLK-M,Delhi NCR,Marketplace,2,COD
2024-10-28,HD-BLK-M,Delhi NCR,Marketplace,1,COD
2024-10-28,HD-BLK-M,Delhi NCR,Marketplace,1,Prepaid
2024-10-28,HD-BLK-M,Delhi NCR,Marketplace,1,COD
2024-10-28,HD-BLK-M,Delhi NCR,Marketplace,1,COD
2024-10-28,HD-BLK-M,Mumbai,Marketplace,1,COD
2024-10-28,HD-BLK-M,Mumbai,Website,1,Prepaid
2024-10-28,HD-BLK-M,Mumbai,Marketplace,1,COD
2024-10-28,HD-BLK-M,Mumbai,Marketplace,1,COD
2024-10-28,HD-BLK-M,Mumbai,Website,1,Prepaid
2024-10-28,HD-BLK-M,Bangalore,Website,1,COD
2024-10-28,HD-BLK-M,Bangalore,Website,1,COD
2024-10-28,HD-BLK-M,Bangalore,Marketplace,2,COD
2024-10-28,HD-BLK-M,Bangalore,Marketplace,2,Prepaid
2024-10-28,HD-BLK-M,Bangalore,Marketplace,2,COD
2024-10-28,HD-GRY-L,Delhi NCR,Marketplace,2,Prepaid
2024-10-28,HD-GRY-L,Delhi NCR,Marketplace,2,COD
2024-10-28,HD-GRY-L,Delhi NCR,Marketplace,2,Prepaid
2024-10-28,HD-GRY-L,Delhi NCR,Marketplace,1,Prepaid
2024-10-28,HD-GRY-L,Mumbai,Marketplace,1,COD
2024-10-28,HD-GRY-L,Mumbai,Marketplace,1,COD
2024-10-28,HD-GRY-L,Mumbai,Marketplace,2,Prepaid
2024-10-28,HD-GRY-L,Mumbai,Marketplace,1,Prepaid
2024-10-28,HD-GRY-L,Mumbai,Marketplace,1,COD
2024-10-28,HD-GRY-L,Bangalore,Website,1,Prepaid
2024-10-28,HD-GRY-L,Bangalore,Marketplace,1,COD
2024-10-28,HD-GRY-L,Bangalore,Marketplace,2,Prepaid
2024-10-28,JK-DNM-M,Delhi NCR,Marketplace,2,COD
2024-10-28,JK-DNM-M,Mumbai,Website,1,Prepaid
2024-10-28,JK-DNM-M,Mumbai,Marketplace,2,COD
2024-10-28,JK-DNM-M,Mumbai,Website,1,Prepaid
2024-10-28,JK-DNM-M,Mumbai,Website,2,COD
2024-10-28,JK-DNM-M,Mumbai,Website,1,COD
2024-10-28,JK-DNM-M,Mumbai,Website,2,COD
2024-10-28,JK-DNM-M,Bangalore,Website,2,Prepaid
2024-10-28,JK-DNM-M,Bangalore,Marketplace,1,COD
2024-10-28,JK-DNM-M,Bangalore,Marketplace,2,Prepaid
2024-10-28,JK-DNM-M,Bangalore,Marketplace,1,Prepaid
2024-10-28,JK-DNM-M,Bangalore,Website,2,COD
2024-10-28,CP-BLK,Delhi NCR,Marketplace,2,COD
2024-10-28,CP-BLK,Delhi NCR,Marketplace,2,COD
2024-10-28,CP-BLK,Delhi NCR,Website,2,COD
2024-10-28,CP-BLK,Mumbai,Marketplace,2,Prepaid
2024-10-28,CP-BLK,Mumbai,Marketplace,1,COD
2024-10-28,CP-BLK,Mumbai,Website,1,COD
2024-10-28,CP-BLK,Mumbai,Marketplace,2,COD
2024-10-28,CP-BLK,Bangalore,Website,2,COD
2024-10-29,TS-BLK-S,Delhi NCR,Marketplace,2,Prepaid
2024-10-29,TS-BLK-S,Delhi NCR,Website,1,Prepaid
2024-10-29,TS-BLK-S,Mumbai,Marketplace,1,Prepaid
2024-10-29,TS-BLK-S,Mumbai,Marketplace,2,Prepaid
2024-10-29,TS-BLK-S,Mumbai,Website,2,COD
2024-10-29,TS-BLK-S,Mumbai,Marketplace,1,Prepaid
2024-10-29,TS-BLK-S,Bangalore,Marketplace,2,COD
2024-10-29,TS-BLK-S,Bangalore,Marketplace,2,COD
2024-10-29,TS-BLK-M,Delhi NCR,Website,2,Prepaid
2024-10-29,TS-BLK-M,Delhi NCR,Website,2,COD
2024-10-29,TS-BLK-M,Delhi NCR,Marketplace,1,COD
2024-10-29,TS-BLK-M,Delhi NCR,Website,2,COD
2024-10-29,TS-BLK-M,Delhi NCR,Marketplace,1,COD
2024-10-29,TS-BLK-M,Mumbai,Marketplace,1,COD
2024-10-29,TS-BLK-M,Mumbai,Marketplace,2,Prepaid
2024-10-29,TS-BLK-M,Bangalore,Website,1,Prepaid
2024-10-29,TS-BLK-M,Bangalore,Website,1,Prepaid
2024-10-29,TS-BLK-M,Bangalore,Marketplace,2,Prepaid
2024-10-29,TS-BLK-M,Bangalore,Website,1,Prepaid
2024-10-29,TS-BLK-M,Bangalore,Website,1,Prepaid
2024-10-29,TS-BLK-L,Delhi NCR,Website,2,Prepaid
2024-10-29,TS-BLK-L,Mumbai,Website,1,COD
2024-10-29,TS-BLK-L,Bangalore,Marketplace,2,COD
2024-10-29,TS-BLK-L,Bangalore,Marketplace,1,COD
2024-10-29,TS-BLK-L,Bangalore,Marketplace,2,COD
2024-10-29,TS-BLK-L,Bangalore,Marketplace,1,COD
2024-10-29,TS-BLK-L,Bangalore,Website,1,Prepaid
2024-10-29,TS-WHT-M,Delhi NCR,Marketplace,2,Prepaid
2024-10-29,TS-WHT-M,Delhi NCR,Website,1,COD
2024-10-29,TS-WHT-M,Delhi NCR,Website,1,COD
2024-10-29,TS-WHT-M,Mumbai,Website,1,COD
2024-10-29,TS-WHT-M,Mumbai,Website,2,COD
2024-10-29,TS-WHT-M,Bangalore,Website,1,COD
2024-10-29,TS-WHT-M,Bangalore,Website,2,Prepaid
2024-10-29,TS-WHT-M,Bangalore,Marketplace,2,COD
2024-10-29,HD-BLK-M,Delhi NCR,Marketplace,2,COD
2024-10-29,HD-BLK-M,Delhi NCR,Website,2,Prepaid
2024-10-29,HD-BLK-M,Delhi NCR,Marketplace,1,Prepaid
2024-10-29,HD-BLK-M,Mumbai,Marketplace,2,Prepaid
2024-10-29,HD-BLK-M,Mumbai,Website,1,COD
2024-10-29,HD-BLK-M,Bangalore,Website,1,COD
2024-10-29,HD-GRY-L,Delhi NCR,Marketplace,1,Prepaid
2024-10-29,HD-GRY-L,Delhi NCR,Website,1,Prepaid
2024-10-29,HD-GRY-L,Delhi NCR,Marketplace,1,Prepaid
2024-10-29,HD-GRY-L,Mumbai,Website,2,Prepaid
2024-10-29,HD-GRY-L,Mumbai,Website,1,COD
2024-10-29,HD-GRY-L,Bangalore,Marketplace,2,COD
2024-10-29,HD-GRY-L,Bangalore,Website,2,Prepaid
2024-10-29,HD-GRY-L,Bangalore,Website,2,COD
2024-10-29,HD-GRY-L,Bangalore,Marketplace,2,COD
2024-10-29,HD-GRY-L,Bangalore,Website,1,Prepaid
2024-10-29,JK-DNM-M,Delhi NCR,Website,2,COD
2024-10-29,JK-DNM-M,Delhi NCR,Website,1,Prepaid
2024-10-29,JK-DNM-M,Delhi NCR,Marketplace,1,COD
2024-10-29,JK-DNM-M,Mumbai,Marketplace,2,COD
2024-10-29,JK-DNM-M,Mumbai,Website,2,COD
2024-10-29,JK-DNM-M,Mumbai,Website,1,Prepaid
2024-10-29,JK-DNM-M,Bangalore,Website,1,Prepaid
2024-10-29,JK-DNM-M,Bangalore,Marketplace,1,COD
2024-10-29,JK-DNM-M,Bangalore,Website,2,COD
2024-10-29,JK-DNM-M,Bangalore,Website,1,COD
2024-10-29,JK-DNM-M,Bangalore,Marketplace,1,Prepaid
2024-10-29,CP-BLK,Delhi NCR,Marketplace,2,COD
2024-10-29,CP-BLK,Delhi NCR,Website,1,Prepaid
2024-10-29,CP-BLK,Delhi NCR,Website,1,Prepaid
2024-10-29,CP-BLK,Mumbai,Website,1,COD
2024-10-29,CP-BLK,Mumbai,Marketplace,1,COD
2024-10-29,CP-BLK,Mumbai,Website,1,Prepaid
2024-10-29,CP-BLK,Mumbai,Website,1,Prepaid
2024-10-29,CP-BLK,Bangalore,Marketplace,2,COD
