sku_id,warehouse_id,on_hand,p50,p90,demand_uncertainty,lead_time_weeks,lead_time_demand,safety_stock,reorder_point,recommended_reorder_qty,MOQ,demand_trend,run_date
SKU0022,south,101,134.1679888045336,207.89094372182345,73.72295491728985,3,402.5039664136008,221.16886475186956,623.6728311654704,522.6728311654704,200,DOWN,2025-12-26
SKU0022,south,101,139.916160910113,207.0985615132118,67.18240060309878,3,419.748482730339,201.54720180929635,621.2956845396353,520.2956845396353,200,DOWN,2025-12-26
SKU0022,south,101,135.96646280565977,202.52600556124364,66.55954275558386,3,407.8993884169793,199.6786282667516,607.5780166837309,506.5780166837309,200,DOWN,2025-12-26
SKU0022,south,101,130.24405859545672,202.0217133579916,71.77765476253487,3,390.73217578637014,215.3329642876046,606.0651400739747,505.0651400739747,200,DOWN,2025-12-26
SKU0022,south,101,128.89049802814736,201.08643113017075,72.19593310202339,3,386.6714940844421,216.58779930607017,603.2592933905123,502.2592933905123,200,DOWN,2025-12-26
SKU0024,north,267,110.79740908396236,141.07476790099065,30.277358817028286,2,221.59481816792473,60.55471763405657,282.1495358019813,500.0,500,DOWN,2025-12-26
SKU0024,south,100,110.79740908396236,141.07476790099065,30.277358817028286,2,221.59481816792473,60.55471763405657,282.1495358019813,500.0,500,DOWN,2025-12-26
SKU0024,east,253,110.79740908396236,141.07476790099065,30.277358817028286,2,221.59481816792473,60.55471763405657,282.1495358019813,500.0,500,DOWN,2025-12-26
SKU0024,north,267,134.75107661334016,165.02339419086786,30.2723175775277,2,269.5021532266803,60.5446351550554,330.0467883817357,500.0,500,DOWN,2025-12-26
SKU0024,south,100,134.75107661334016,165.02339419086786,30.2723175775277,2,269.5021532266803,60.5446351550554,330.0467883817357,500.0,500,DOWN,2025-12-26
SKU0024,east,253,134.75107661334016,165.02339419086786,30.2723175775277,2,269.5021532266803,60.5446351550554,330.0467883817357,500.0,500,DOWN,2025-12-26
SKU0024,north,267,116.09816666793806,146.36600967637125,30.26784300843319,2,232.19633333587612,60.53568601686638,292.7320193527425,500.0,500,DOWN,2025-12-26
SKU0024,south,100,116.09816666793806,146.36600967637125,30.26784300843319,2,232.19633333587612,60.53568601686638,292.7320193527425,500.0,500,DOWN,2025-12-26
SKU0024,east,253,116.09816666793806,146.36600967637125,30.26784300843319,2,232.19633333587612,60.53568601686638,292.7320193527425,500.0,500,DOWN,2025-12-26
SKU0024,north,267,131.08462652465064,161.3484979773189,30.26387145266827,2,262.1692530493013,60.52774290533654,322.6969959546378,500.0,500,DOWN,2025-12-26
SKU0024,south,100,131.08462652465064,161.3484979773189,30.26387145266827,2,262.1692530493013,60.52774290533654,322.6969959546378,500.0,500,DOWN,2025-12-26
SKU0024,east,253,131.08462652465064,161.3484979773189,30.26387145266827,2,262.1692530493013,60.52774290533654,322.6969959546378,500.0,500,DOWN,2025-12-26
SKU0024,north,267,132.4633634116107,162.72370985853937,30.26034644692868,2,264.9267268232214,60.52069289385736,325.44741971707873,500.0,500,DOWN,2025-12-26
SKU0024,south,100,132.4633634116107,162.72370985853937,30.26034644692868,2,264.9267268232214,60.52069289385736,325.44741971707873,500.0,500,DOWN,2025-12-26
SKU0024,east,253,132.4633634116107,162.72370985853937,30.26034644692868,2,264.9267268232214,60.52069289385736,325.44741971707873,500.0,500,DOWN,2025-12-26
SKU0024,north,267,150.06851190579223,180.3257297540452,30.257217848252964,2,300.13702381158447,60.51443569650593,360.6514595080904,500.0,500,DOWN,2025-12-26
SKU0024,south,100,150.06851190579223,180.3257297540452,30.257217848252964,2,300.13702381158447,60.51443569650593,360.6514595080904,500.0,500,DOWN,2025-12-26
SKU0024,east,253,150.06851190579223,180.3257297540452,30.257217848252964,2,300.13702381158447,60.51443569650593,360.6514595080904,500.0,500,DOWN,2025-12-26
SKU0024,north,267,133.75281200440958,164.00725313467186,30.25444113026228,2,267.50562400881915,60.50888226052456,328.0145062693437,500.0,500,DOWN,2025-12-26
SKU0024,south,100,133.75281200440958,164.00725313467186,30.25444113026228,2,267.50562400881915,60.50888226052456,328.0145062693437,500.0,500,DOWN,2025-12-26
SKU0024,east,253,133.75281200440958,164.00725313467186,30.25444113026228,2,267.50562400881915,60.50888226052456,328.0145062693437,500.0,500,DOWN,2025-12-26
SKU0024,north,267,150.64710494642333,180.8990817034213,30.251976756997976,2,301.29420989284665,60.50395351399595,361.7981634068426,500.0,500,DOWN,2025-12-26
SKU0024,south,100,150.64710494642333,180.8990817034213,30.251976756997976,2,301.29420989284665,60.50395351399595,361.7981634068426,500.0,500,DOWN,2025-12-26
SKU0024,east,253,150.64710494642333,180.8990817034213,30.251976756997976,2,301.29420989284665,60.50395351399595,361.7981634068426,500.0,500,DOWN,2025-12-26
SKU0024,north,267,119.52393921402091,149.7737288399595,30.249789625938575,2,239.04787842804183,60.49957925187715,299.547457679919,500.0,500,DOWN,2025-12-26
SKU0024,south,100,119.52393921402091,149.7737288399595,30.249789625938575,2,239.04787842804183,60.49957925187715,299.547457679919,500.0,500,DOWN,2025-12-26
SKU0024,east,253,119.52393921402091,149.7737288399595,30.249789625938575,2,239.04787842804183,60.49957925187715,299.547457679919,500.0,500,DOWN,2025-12-26
SKU0024,north,267,124.09000315285796,154.3378517255453,30.247848572687346,2,248.18000630571592,60.49569714537469,308.6757034510906,500.0,500,DOWN,2025-12-26
SKU0024,south,100,124.09000315285796,154.3378517255453,30.247848572687346,2,248.18000630571592,60.49569714537469,308.6757034510906,500.0,500,DOWN,2025-12-26
SKU0024,east,253,124.09000315285796,154.3378517255453,30.247848572687346,2,248.18000630571592,60.49569714537469,308.6757034510906,500.0,500,DOWN,2025-12-26
SKU0024,north,267,142.37828262832548,172.62440855893257,30.246125930607093,2,284.75656525665096,60.492251861214186,345.24881711786514,500.0,500,DOWN,2025-12-26
SKU0024,south,100,142.37828262832548,172.62440855893257,30.246125930607093,2,284.75656525665096,60.492251861214186,345.24881711786514,500.0,500,DOWN,2025-12-26
SKU0024,east,253,142.37828262832548,172.62440855893257,30.246125930607093,2,284.75656525665096,60.492251861214186,345.24881711786514,500.0,500,DOWN,2025-12-26
SKU0024,north,267,158.22494856135788,188.4695457007471,30.244597139389214,2,316.44989712271575,60.48919427877843,376.9390914014942,500.0,500,DOWN,2025-12-26
SKU0024,south,100,158.22494856135788,188.4695457007471,30.244597139389214,2,316.44989712271575,60.48919427877843,376.9390914014942,500.0,500,DOWN,2025-12-26
SKU0024,east,253,158.22494856135788,188.4695457007471,30.244597139389214,2,316.44989712271575,60.48919427877843,376.9390914014942,500.0,500,DOWN,2025-12-26
SKU0024,north,267,166.24064479504597,196.48388519223093,30.243240397184962,2,332.48128959009193,60.486480794369925,392.96777038446186,500.0,500,DOWN,2025-12-26
SKU0024,south,100,166.24064479504597,196.48388519223093,30.243240397184962,2,332.48128959009193,60.486480794369925,392.96777038446186,500.0,500,DOWN,2025-12-26
SKU0024,east,253,166.24064479504597,196.48388519223093,30.243240397184962,2,332.48128959009193,60.486480794369925,392.96777038446186,500.0,500,DOWN,2025-12-26
SKU0024,north,267,156.06305032516374,186.305086676666,30.242036351502264,2,312.1261006503275,60.48407270300453,372.610173353332,500.0,500,DOWN,2025-12-26
SKU0024,south,100,156.06305032516374,186.305086676666,30.242036351502264,2,312.1261006503275,60.48407270300453,372.610173353332,500.0,500,DOWN,2025-12-26
SKU0024,east,253,156.06305032516374,186.305086676666,30.242036351502264,2,312.1261006503275,60.48407270300453,372.610173353332,500.0,500,DOWN,2025-12-26
SKU0024,north,267,129.34669523583491,159.58766306042386,30.24096782458895,2,258.69339047166983,60.4819356491779,319.1753261208477,500.0,500,DOWN,2025-12-26
SKU0024,south,100,129.34669523583491,159.58766306042386,30.24096782458895,2,258.69339047166983,60.4819356491779,319.1753261208477,500.0,500,DOWN,2025-12-26
SKU0024,east,253,129.34669523583491,159.58766306042386,30.24096782458895,2,258.69339047166983,60.4819356491779,319.1753261208477,500.0,500,DOWN,2025-12-26
SKU0024,north,267,145.34892376250323,175.58894333198987,30.240019569486634,2,290.69784752500647,60.48003913897327,351.17788666397973,500.0,500,DOWN,2025-12-26
SKU0024,south,100,145.34892376250323,175.58894333198987,30.240019569486634,2,290.69784752500647,60.48003913897327,351.17788666397973,500.0,500,DOWN,2025-12-26
SKU0024,east,253,145.34892376250323,175.58894333198987,30.240019569486634,2,290.69784752500647,60.48003913897327,351.17788666397973,500.0,500,DOWN,2025-12-26
SKU0024,north,267,154.7538841701451,184.99306222350012,30.239178053355005,2,309.5077683402902,60.47835610671001,369.98612444700024,500.0,500,DOWN,2025-12-26
SKU0024,south,100,154.7538841701451,184.99306222350012,30.239178053355005,2,309.5077683402902,60.47835610671001,369.98612444700024,500.0,500,DOWN,2025-12-26
SKU0024,east,253,154.7538841701451,184.99306222350012,30.239178053355005,2,309.5077683402902,60.47835610671001,369.98612444700024,500.0,500,DOWN,2025-12-26
SKU0024,north,267,133.93904961452552,164.17748087956377,30.23843126503826,2,267.87809922905103,60.47686253007652,328.35496175912755,500.0,500,DOWN,2025-12-26
SKU0024,south,100,133.93904961452552,164.17748087956377,30.23843126503826,2,267.87809922905103,60.47686253007652,328.35496175912755,500.0,500,DOWN,2025-12-26
SKU0024,east,253,133.93904961452552,164.17748087956377,30.23843126503826,2,267.87809922905103,60.47686253007652,328.35496175912755,500.0,500,DOWN,2025-12-26
SKU0024,north,267,129.73015046072845,159.96791900490462,30.237768544176163,2,259.4603009214569,60.475537088352326,319.93583800980923,500.0,500,DOWN,2025-12-26
SKU0024,south,100,129.73015046072845,159.96791900490462,30.237768544176163,2,259.4603009214569,60.475537088352326,319.93583800980923,500.0,500,DOWN,2025-12-26
SKU0024,east,253,129.73015046072845,159.96791900490462,30.237768544176163,2,259.4603009214569,60.475537088352326,319.93583800980923,500.0,500,DOWN,2025-12-26
SKU0024,north,267,121.81900498319008,152.05618541265144,30.23718042946136,2,243.63800996638017,60.47436085892272,304.1123708253029,500.0,500,DOWN,2025-12-26
SKU0024,south,100,121.81900498319008,152.05618541265144,30.23718042946136,2,243.63800996638017,60.47436085892272,304.1123708253029,500.0,500,DOWN,2025-12-26
SKU0024,east,253,121.81900498319008,152.05618541265144,30.23718042946136,2,243.63800996638017,60.47436085892272,304.1123708253029,500.0,500,DOWN,2025-12-26
SKU0024,north,267,129.26685890887197,159.50351743277776,30.23665852390579,2,258.53371781774393,60.47331704781158,319.0070348655555,500.0,500,DOWN,2025-12-26
SKU0024,south,100,129.26685890887197,159.50351743277776,30.23665852390579,2,258.53371781774393,60.47331704781158,319.0070348655555,500.0,500,DOWN,2025-12-26
SKU0024,east,253,129.26685890887197,159.50351743277776,30.23665852390579,2,258.53371781774393,60.47331704781158,319.0070348655555,500.0,500,DOWN,2025-12-26
SKU0024,north,267,133.83910968907955,164.0753050634658,30.236195374386256,2,267.6782193781591,60.47239074877251,328.1506101269316,500.0,500,DOWN,2025-12-26
SKU0024,south,100,133.83910968907955,164.0753050634658,30.236195374386256,2,267.6782193781591,60.47239074877251,328.1506101269316,500.0,500,DOWN,2025-12-26
SKU0024,east,253,133.83910968907955,164.0753050634658,30.236195374386256,2,267.6782193781591,60.47239074877251,328.1506101269316,500.0,500,DOWN,2025-12-26
SKU0024,south,100,92.02111735656186,122.25690009059456,30.235782734032696,2,184.04223471312372,60.47156546806539,244.5138001811891,500.0,500,DOWN,2025-12-26
SKU0024,north,267,104.49736065189968,134.7262349231389,30.228874271239206,2,208.99472130379937,60.45774854247841,269.4524698462778,500.0,500,DOWN,2025-12-26
SKU0024,south,100,104.49736065189968,134.7262349231389,30.228874271239206,2,208.99472130379937,60.45774854247841,269.4524698462778,500.0,500,DOWN,2025-12-26
SKU0024,east,253,104.49736065189968,134.7262349231389,30.228874271239206,2,208.99472130379937,60.45774854247841,269.4524698462778,500.0,500,DOWN,2025-12-26
SKU0024,north,267,129.94852215632108,160.17740807819118,30.228885921870102,2,259.89704431264215,60.457771843740204,320.35481615638236,500.0,500,DOWN,2025-12-26
SKU0024,south,100,129.94852215632108,160.17740807819118,30.228885921870102,2,259.89704431264215,60.457771843740204,320.35481615638236,500.0,500,DOWN,2025-12-26
SKU0024,east,253,129.94852215632108,160.17740807819118,30.228885921870102,2,259.89704431264215,60.457771843740204,320.35481615638236,500.0,500,DOWN,2025-12-26
SKU0024,north,267,109.20441070261256,139.4333069627937,30.22889626018113,2,218.40882140522513,60.45779252036226,278.8666139255874,500.0,500,DOWN,2025-12-26
SKU0024,south,100,109.20441070261256,139.4333069627937,30.22889626018113,2,218.40882140522513,60.45779252036226,278.8666139255874,500.0,500,DOWN,2025-12-26
SKU0024,east,253,109.20441070261256,139.4333069627937,30.22889626018113,2,218.40882140522513,60.45779252036226,278.8666139255874,500.0,500,DOWN,2025-12-26
SKU0032,north,106,99.70732324136858,128.68001147031413,28.972688228945543,4,398.82929296547434,115.89075291578217,514.7200458812565,500.0,500,DOWN,2025-12-26
SKU0032,west,507,99.70732324136858,128.68001147031413,28.972688228945543,4,398.82929296547434,115.89075291578217,514.7200458812565,500.0,500,DOWN,2025-12-26
SKU0032,east,237,99.70732324136858,128.68001147031413,28.972688228945543,4,398.82929296547434,115.89075291578217,514.7200458812565,500.0,500,DOWN,2025-12-26
SKU0032,south,124,99.70732324136858,128.68001147031413,28.972688228945543,4,398.82929296547434,115.89075291578217,514.7200458812565,500.0,500,DOWN,2025-12-26
SKU0032,north,106,98.73519931792396,129.66068577212133,30.92548645419737,4,394.9407972716958,123.70194581678948,518.6427430884853,500.0,500,DOWN,2025-12-26
SKU0032,west,507,98.73519931792396,129.66068577212133,30.92548645419737,4,394.9407972716958,123.70194581678948,518.6427430884853,500.0,500,DOWN,2025-12-26
SKU0032,east,237,98.73519931792396,129.66068577212133,30.92548645419737,4,394.9407972716958,123.70194581678948,518.6427430884853,500.0,500,DOWN,2025-12-26
SKU0032,south,124,98.73519931792396,129.66068577212133,30.92548645419737,4,394.9407972716958,123.70194581678948,518.6427430884853,500.0,500,DOWN,2025-12-26
SKU0032,north,106,96.60177690525616,129.279080927155,32.67730402189885,4,386.40710762102464,130.7092160875954,517.11632370862,500.0,500,DOWN,2025-12-26
SKU0032,west,507,96.60177690525616,129.279080927155,32.67730402189885,4,386.40710762102464,130.7092160875954,517.11632370862,500.0,500,DOWN,2025-12-26
SKU0032,east,237,96.60177690525616,129.279080927155,32.67730402189885,4,386.40710762102464,130.7092160875954,517.11632370862,500.0,500,DOWN,2025-12-26
SKU0032,south,124,96.60177690525616,129.279080927155,32.67730402189885,4,386.40710762102464,130.7092160875954,517.11632370862,500.0,500,DOWN,2025-12-26
SKU0032,north,106,95.77850662073249,130.04736352290792,34.26885690217543,4,383.11402648292994,137.07542760870172,520.1894540916317,500.0,500,DOWN,2025-12-26
SKU0032,west,507,95.77850662073249,130.04736352290792,34.26885690217543,4,383.11402648292994,137.07542760870172,520.1894540916317,500.0,500,DOWN,2025-12-26
SKU0032,east,237,95.77850662073249,130.04736352290792,34.26885690217543,4,383.11402648292994,137.07542760870172,520.1894540916317,500.0,500,DOWN,2025-12-26
SKU0032,south,124,95.77850662073249,130.04736352290792,34.26885690217543,4,383.11402648292994,137.07542760870172,520.1894540916317,500.0,500,DOWN,2025-12-26
SKU0032,north,106,96.87297368896137,132.6014190408578,35.728445351896426,4,387.49189475584546,142.9137814075857,530.4056761634312,500.0,500,DOWN,2025-12-26
SKU0032,west,507,96.87297368896137,132.6014190408578,35.728445351896426,4,387.49189475584546,142.9137814075857,530.4056761634312,500.0,500,DOWN,2025-12-26
SKU0032,east,237,96.87297368896137,132.6014190408578,35.728445351896426,4,387.49189475584546,142.9137814075857,530.4056761634312,500.0,500,DOWN,2025-12-26
SKU0032,south,124,96.87297368896137,132.6014190408578,35.728445351896426,4,387.49189475584546,142.9137814075857,530.4056761634312,500.0,500,DOWN,2025-12-26
SKU0032,north,106,97.37280929536728,134.44954284030285,37.07673354493558,4,389.4912371814691,148.3069341797423,537.7981713612114,500.0,500,DOWN,2025-12-26
SKU0032,west,507,97.37280929536728,134.44954284030285,37.07673354493558,4,389.4912371814691,148.3069341797423,537.7981713612114,500.0,500,DOWN,2025-12-26
SKU0032,east,237,97.37280929536728,134.44954284030285,37.07673354493558,4,389.4912371814691,148.3069341797423,537.7981713612114,500.0,500,DOWN,2025-12-26
SKU0032,south,124,97.37280929536728,134.44954284030285,37.07673354493558,4,389.4912371814691,148.3069341797423,537.7981713612114,500.0,500,DOWN,2025-12-26
SKU0032,north,106,95.0029559904158,133.33234291740166,38.32938692698586,4,380.0118239616632,153.31754770794345,533.3293716696066,500.0,500,DOWN,2025-12-26
SKU0032,west,507,95.0029559904158,133.33234291740166,38.32938692698586,4,380.0118239616632,153.31754770794345,533.3293716696066,500.0,500,DOWN,2025-12-26
SKU0032,east,237,95.0029559904158,133.33234291740166,38.32938692698586,4,380.0118239616632,153.31754770794345,533.3293716696066,500.0,500,DOWN,2025-12-26
SKU0032,south,124,95.0029559904158,133.33234291740166,38.32938692698586,4,380.0118239616632,153.31754770794345,533.3293716696066,500.0,500,DOWN,2025-12-26
SKU0032,north,106,94.6461197037966,134.14476437034963,39.498644666553034,4,378.5844788151864,157.99457866621213,536.5790574813985,500.0,500,DOWN,2025-12-26
SKU0032,west,507,94.6461197037966,134.14476437034963,39.498644666553034,4,378.5844788151864,157.99457866621213,536.5790574813985,500.0,500,DOWN,2025-12-26
SKU0032,east,237,94.6461197037966,134.14476437034963,39.498644666553034,4,378.5844788151864,157.99457866621213,536.5790574813985,500.0,500,DOWN,2025-12-26
SKU0032,south,124,94.6461197037966,134.14476437034963,39.498644666553034,4,378.5844788151864,157.99457866621213,536.5790574813985,500.0,500,DOWN,2025-12-26
SKU0032,north,106,92.45082861939638,133.04512501567842,40.59429639628205,4,369.8033144775855,162.3771855851282,532.1805000627137,500.0,500,DOWN,2025-12-26
SKU0032,west,507,92.45082861939638,133.04512501567842,40.59429639628205,4,369.8033144775855,162.3771855851282,532.1805000627137,500.0,500,DOWN,2025-12-26
SKU0032,east,237,92.45082861939638,133.04512501567842,40.59429639628205,4,369.8033144775855,162.3771855851282,532.1805000627137,500.0,500,DOWN,2025-12-26
SKU0032,south,124,92.45082861939638,133.04512501567842,40.59429639628205,4,369.8033144775855,162.3771855851282,532.1805000627137,500.0,500,DOWN,2025-12-26
SKU0032,north,106,94.79232478376424,136.41665687089846,41.62433208713422,4,379.169299135057,166.49732834853688,545.6666274835939,500.0,500,DOWN,2025-12-26
SKU0032,west,507,94.79232478376424,136.41665687089846,41.62433208713422,4,379.169299135057,166.49732834853688,545.6666274835939,500.0,500,DOWN,2025-12-26
SKU0032,east,237,94.79232478376424,136.41665687089846,41.62433208713422,4,379.169299135057,166.49732834853688,545.6666274835939,500.0,500,DOWN,2025-12-26
SKU0032,south,124,94.79232478376424,136.41665687089846,41.62433208713422,4,379.169299135057,166.49732834853688,545.6666274835939,500.0,500,DOWN,2025-12-26
SKU0032,north,106,92.16914093007249,134.76452324506258,42.59538231499009,4,368.67656372028995,170.38152925996036,539.0580929802503,500.0,500,DOWN,2025-12-26
SKU0032,west,507,92.16914093007249,134.76452324506258,42.59538231499009,4,368.67656372028995,170.38152925996036,539.0580929802503,500.0,500,DOWN,2025-12-26
SKU0032,east,237,92.16914093007249,134.76452324506258,42.59538231499009,4,368.67656372028995,170.38152925996036,539.0580929802503,500.0,500,DOWN,2025-12-26
SKU0032,south,124,92.16914093007249,134.76452324506258,42.59538231499009,4,368.67656372028995,170.38152925996036,539.0580929802503,500.0,500,DOWN,2025-12-26
SKU0032,north,106,91.36787101921593,134.8808993411368,43.51302832192087,4,365.4714840768637,174.05211328768348,539.5235973645472,500.0,500,DOWN,2025-12-26
SKU0032,west,507,91.36787101921593,134.8808993411368,43.51302832192087,4,365.4714840768637,174.05211328768348,539.5235973645472,500.0,500,DOWN,2025-12-26
SKU0032,east,237,91.36787101921593,134.8808993411368,43.51302832192087,4,365.4714840768637,174.05211328768348,539.5235973645472,500.0,500,DOWN,2025-12-26
SKU0032,south,124,91.36787101921593,134.8808993411368,43.51302832192087,4,365.4714840768637,174.05211328768348,539.5235973645472,500.0,500,DOWN,2025-12-26
SKU0032,north,106,92.1413739675297,136.5233999232094,44.38202595567971,4,368.5654958701188,177.52810382271883,546.0935996928376,500.0,500,DOWN,2025-12-26
SKU0032,west,507,92.1413739675297,136.5233999232094,44.38202595567971,4,368.5654958701188,177.52810382271883,546.0935996928376,500.0,500,DOWN,2025-12-26
SKU0032,east,237,92.1413739675297,136.5233999232094,44.38202595567971,4,368.5654958701188,177.52810382271883,546.0935996928376,500.0,500,DOWN,2025-12-26
SKU0032,south,124,92.1413739675297,136.5233999232094,44.38202595567971,4,368.5654958701188,177.52810382271883,546.0935996928376,500.0,500,DOWN,2025-12-26
SKU0032,north,106,89.59494490220676,134.80141602805918,45.20647112585242,4,358.37977960882705,180.82588450340967,539.2056641122367,500.0,500,DOWN,2025-12-26
SKU0032,west,507,89.59494490220676,134.80141602805918,45.20647112585242,4,358.37977960882705,180.82588450340967,539.2056641122367,500.0,500,DOWN,2025-12-26
SKU0032,east,237,89.59494490220676,134.80141602805918,45.20647112585242,4,358.37977960882705,180.82588450340967,539.2056641122367,500.0,500,DOWN,2025-12-26
SKU0032,south,124,89.59494490220676,134.80141602805918,45.20647112585242,4,358.37977960882705,180.82588450340967,539.2056641122367,500.0,500,DOWN,2025-12-26
SKU0032,north,106,91.7075621131962,137.69748660446183,45.989924491265626,4,366.8302484527848,183.9596979650625,550.7899464178473,500.0,500,DOWN,2025-12-26
SKU0032,west,507,91.7075621131962,137.69748660446183,45.989924491265626,4,366.8302484527848,183.9596979650625,550.7899464178473,500.0,500,DOWN,2025-12-26
SKU0032,east,237,91.7075621131962,137.69748660446183,45.989924491265626,4,366.8302484527848,183.9596979650625,550.7899464178473,500.0,500,DOWN,2025-12-26
SKU0032,south,124,91.7075621131962,137.69748660446183,45.989924491265626,4,366.8302484527848,183.9596979650625,550.7899464178473,500.0,500,DOWN,2025-12-26
SKU0032,north,106,89.80039346429102,136.53590053466922,46.735507070378205,4,359.2015738571641,186.94202828151282,546.1436021386769,500.0,500,DOWN,2025-12-26
SKU0032,west,507,89.80039346429102,136.53590053466922,46.735507070378205,4,359.2015738571641,186.94202828151282,546.1436021386769,500.0,500,DOWN,2025-12-26
SKU0032,east,237,89.80039346429102,136.53590053466922,46.735507070378205,4,359.2015738571641,186.94202828151282,546.1436021386769,500.0,500,DOWN,2025-12-26
SKU0032,south,124,89.80039346429102,136.53590053466922,46.735507070378205,4,359.2015738571641,186.94202828151282,546.1436021386769,500.0,500,DOWN,2025-12-26
SKU0032,north,106,89.30385407529562,136.74982876702677,47.44597469173115,4,357.2154163011825,189.7838987669246,546.9993150681071,500.0,500,DOWN,2025-12-26
SKU0032,west,507,89.30385407529562,136.74982876702677,47.44597469173115,4,357.2154163011825,189.7838987669246,546.9993150681071,500.0,500,DOWN,2025-12-26
SKU0032,east,237,89.30385407529562,136.74982876702677,47.44597469173115,4,357.2154163011825,189.7838987669246,546.9993150681071,500.0,500,DOWN,2025-12-26
SKU0032,south,124,89.30385407529562,136.74982876702677,47.44597469173115,4,357.2154163011825,189.7838987669246,546.9993150681071,500.0,500,DOWN,2025-12-26
SKU0032,north,106,89.9691490209846,138.09292578926852,48.12377676828392,4,359.8765960839384,192.49510707313567,552.3717031570741,500.0,500,DOWN,2025-12-26
SKU0032,west,507,89.9691490209846,138.09292578926852,48.12377676828392,4,359.8765960839384,192.49510707313567,552.3717031570741,500.0,500,DOWN,2025-12-26
SKU0032,east,237,89.9691490209846,138.09292578926852,48.12377676828392,4,359.8765960839384,192.49510707313567,552.3717031570741,500.0,500,DOWN,2025-12-26
SKU0032,south,124,89.9691490209846,138.09292578926852,48.12377676828392,4,359.8765960839384,192.49510707313567,552.3717031570741,500.0,500,DOWN,2025-12-26
SKU0032,north,106,87.23152121752587,136.00262448885454,48.77110327132867,4,348.92608487010347,195.08441308531468,544.0104979554181,500.0,500,DOWN,2025-12-26
SKU0032,west,507,87.23152121752587,136.00262448885454,48.77110327132867,4,348.92608487010347,195.08441308531468,544.0104979554181,500.0,500,DOWN,2025-12-26
SKU0032,east,237,87.23152121752587,136.00262448885454,48.77110327132867,4,348.92608487010347,195.08441308531468,544.0104979554181,500.0,500,DOWN,2025-12-26
SKU0032,south,124,87.23152121752587,136.00262448885454,48.77110327132867,4,348.92608487010347,195.08441308531468,544.0104979554181,500.0,500,DOWN,2025-12-26
SKU0032,north,106,85.73834194571477,135.12826463869334,49.38992269297857,4,342.95336778285906,197.5596907719143,540.5130585547734,500.0,500,DOWN,2025-12-26
SKU0032,west,507,85.73834194571477,135.12826463869334,49.38992269297857,4,342.95336778285906,197.5596907719143,540.5130585547734,500.0,500,DOWN,2025-12-26
SKU0032,east,237,85.73834194571477,135.12826463869334,49.38992269297857,4,342.95336778285906,197.5596907719143,540.5130585547734,500.0,500,DOWN,2025-12-26
SKU0032,south,124,85.73834194571477,135.12826463869334,49.38992269297857,4,342.95336778285906,197.5596907719143,540.5130585547734,500.0,500,DOWN,2025-12-26
SKU0032,north,106,85.98373630183444,135.96574933893652,49.98201303710208,4,343.93494520733776,199.9280521484083,543.8629973557461,500.0,500,DOWN,2025-12-26
SKU0032,west,507,85.98373630183444,135.96574933893652,49.98201303710208,4,343.93494520733776,199.9280521484083,543.8629973557461,500.0,500,DOWN,2025-12-26
SKU0032,east,237,85.98373630183444,135.96574933893652,49.98201303710208,4,343.93494520733776,199.9280521484083,543.8629973557461,500.0,500,DOWN,2025-12-26
SKU0032,south,124,85.98373630183444,135.96574933893652,49.98201303710208,4,343.93494520733776,199.9280521484083,543.8629973557461,500.0,500,DOWN,2025-12-26
SKU0032,north,106,82.04360675689455,132.59259410968502,50.548987352790476,4,328.1744270275782,202.1959494111619,530.3703764387401,500.0,500,DOWN,2025-12-26
SKU0032,west,507,82.04360675689455,132.59259410968502,50.548987352790476,4,328.1744270275782,202.1959494111619,530.3703764387401,500.0,500,DOWN,2025-12-26
SKU0032,east,237,82.04360675689455,132.59259410968502,50.548987352790476,4,328.1744270275782,202.1959494111619,530.3703764387401,500.0,500,DOWN,2025-12-26
SKU0032,south,124,82.04360675689455,132.59259410968502,50.548987352790476,4,328.1744270275782,202.1959494111619,530.3703764387401,500.0,500,DOWN,2025-12-26
SKU0032,north,106,83.7075704076968,134.79988535703245,51.092314949335645,4,334.8302816307872,204.36925979734258,539.1995414281298,500.0,500,DOWN,2025-12-26
SKU0032,west,507,83.7075704076968,134.79988535703245,51.092314949335645,4,334.8302816307872,204.36925979734258,539.1995414281298,500.0,500,DOWN,2025-12-26
SKU0032,east,237,83.7075704076968,134.79988535703245,51.092314949335645,4,334.8302816307872,204.36925979734258,539.1995414281298,500.0,500,DOWN,2025-12-26
SKU0032,south,124,83.7075704076968,134.79988535703245,51.092314949335645,4,334.8302816307872,204.36925979734258,539.1995414281298,500.0,500,DOWN,2025-12-26
SKU0032,north,106,82.46194132890076,134.07528048897638,51.61333916007561,4,329.84776531560306,206.45335664030245,536.3011219559055,500.0,500,DOWN,2025-12-26
SKU0032,west,507,82.46194132890076,134.07528048897638,51.61333916007561,4,329.84776531560306,206.45335664030245,536.3011219559055,500.0,500,DOWN,2025-12-26
SKU0032,east,237,82.46194132890076,134.07528048897638,51.61333916007561,4,329.84776531560306,206.45335664030245,536.3011219559055,500.0,500,DOWN,2025-12-26
SKU0032,south,124,82.46194132890076,134.07528048897638,51.61333916007561,4,329.84776531560306,206.45335664030245,536.3011219559055,500.0,500,DOWN,2025-12-26
SKU0032,north,106,81.71910542000998,133.83239774309448,52.113292323084494,4,326.8764216800399,208.45316929233798,535.3295909723779,500.0,500,DOWN,2025-12-26
SKU0032,west,507,81.71910542000998,133.83239774309448,52.113292323084494,4,326.8764216800399,208.45316929233798,535.3295909723779,500.0,500,DOWN,2025-12-26
SKU0032,east,237,81.71910542000998,133.83239774309448,52.113292323084494,4,326.8764216800399,208.45316929233798,535.3295909723779,500.0,500,DOWN,2025-12-26
SKU0032,south,124,81.71910542000998,133.83239774309448,52.113292323084494,4,326.8764216800399,208.45316929233798,535.3295909723779,500.0,500,DOWN,2025-12-26
SKU0032,north,106,80.45120641178096,133.0445149102676,52.593308498486635,4,321.80482564712383,210.37323399394654,532.1780596410704,500.0,500,DOWN,2025-12-26
SKU0032,west,507,80.45120641178096,133.0445149102676,52.593308498486635,4,321.80482564712383,210.37323399394654,532.1780596410704,500.0,500,DOWN,2025-12-26
SKU0032,east,237,80.45120641178096,133.0445149102676,52.593308498486635,4,321.80482564712383,210.37323399394654,532.1780596410704,500.0,500,DOWN,2025-12-26
SKU0032,south,124,80.45120641178096,133.0445149102676,52.593308498486635,4,321.80482564712383,210.37323399394654,532.1780596410704,500.0,500,DOWN,2025-12-26
SKU0035,north,269,82.67114048447917,92.96409397805682,10.292953493577656,4,330.68456193791667,41.17181397431062,371.8563759122273,500.0,500,DOWN,2025-12-26
SKU0035,south,300,82.67114048447917,92.96409397805682,10.292953493577656,4,330.68456193791667,41.17181397431062,371.8563759122273,500.0,500,DOWN,2025-12-26
SKU0035,north,269,79.76049038634712,90.0501383061488,10.28964791980168,4,319.04196154538846,41.15859167920672,360.2005532245952,500.0,500,DOWN,2025-12-26
SKU0035,south,300,79.76049038634712,90.0501383061488,10.28964791980168,4,319.04196154538846,41.15859167920672,360.2005532245952,500.0,500,DOWN,2025-12-26
SKU0035,north,269,83.88621728696074,94.1729220746211,10.286704787660355,4,335.544869147843,41.14681915064142,376.6916882984844,500.0,500,DOWN,2025-12-26
SKU0035,west,372,83.88621728696074,94.1729220746211,10.286704787660355,4,335.544869147843,41.14681915064142,376.6916882984844,500.0,500,DOWN,2025-12-26
SKU0035,south,300,83.88621728696074,94.1729220746211,10.286704787660355,4,335.544869147843,41.14681915064142,376.6916882984844,500.0,500,DOWN,2025-12-26
SKU0035,north,269,83.14454138461974,93.42862589687591,10.284084512256172,4,332.57816553847897,41.13633804902469,373.71450358750366,500.0,500,DOWN,2025-12-26
SKU0035,west,372,83.14454138461974,93.42862589687591,10.284084512256172,4,332.57816553847897,41.13633804902469,373.71450358750366,500.0,500,DOWN,2025-12-26
SKU0035,south,300,83.14454138461974,93.42862589687591,10.284084512256172,4,332.57816553847897,41.13633804902469,373.71450358750366,500.0,500,DOWN,2025-12-26
SKU0035,north,269,72.81311691608853,83.09486871613743,10.281751800048895,4,291.2524676643541,41.12700720019558,332.3794748645497,500.0,500,DOWN,2025-12-26
SKU0035,south,300,72.81311691608853,83.09486871613743,10.281751800048895,4,291.2524676643541,41.12700720019558,332.3794748645497,500.0,500,DOWN,2025-12-26
SKU0035,north,269,80.793227123,91.072902313155,10.279675190155004,4,323.172908492,41.118700760620015,364.29160925262,500.0,500,DOWN,2025-12-26
SKU0035,south,300,80.793227123,91.072902313155,10.279675190155004,4,323.172908492,41.118700760620015,364.29160925262,500.0,500,DOWN,2025-12-26
SKU0035,north,269,76.71552528349993,86.99335192690938,10.277826643409455,4,306.8621011339997,41.11130657363782,347.97340770763753,500.0,500,DOWN,2025-12-26
SKU0035,south,300,76.71552528349993,86.99335192690938,10.277826643409455,4,306.8621011339997,41.11130657363782,347.97340770763753,500.0,500,DOWN,2025-12-26
SKU0035,north,269,80.06931891764762,90.34550009206502,10.276181174417403,4,320.2772756705905,41.10472469766961,361.3820003682601,500.0,500,DOWN,2025-12-26
SKU0035,south,300,80.06931891764762,90.34550009206502,10.276181174417403,4,320.2772756705905,41.10472469766961,361.3820003682601,500.0,500,DOWN,2025-12-26
SKU0035,north,269,70.53933337817239,80.81404990045696,10.274716522284578,4,282.15733351268955,41.09886608913831,323.25619960182786,500.0,500,DOWN,2025-12-26
SKU0035,south,300,70.53933337817239,80.81404990045696,10.274716522284578,4,282.15733351268955,41.09886608913831,323.25619960182786,500.0,500,DOWN,2025-12-26
SKU0035,north,269,72.33427080720058,82.60768366338202,10.273412856181437,4,289.3370832288023,41.09365142472575,330.4307346535281,500.0,500,DOWN,2025-12-26
SKU0035,south,300,72.33427080720058,82.60768366338202,10.273412856181437,4,289.3370832288023,41.09365142472575,330.4307346535281,500.0,500,DOWN,2025-12-26
SKU0035,north,269,69.03754170187823,79.30979421403701,10.272252512158786,4,276.1501668075129,41.089010048635146,317.23917685614805,500.0,500,DOWN,2025-12-26
SKU0035,south,300,69.03754170187823,79.30979421403701,10.272252512158786,4,276.1501668075129,41.089010048635146,317.23917685614805,500.0,500,DOWN,2025-12-26
SKU0035,north,269,68.44380573618066,78.7150254942328,10.27121975805214,4,273.77522294472266,41.08487903220856,314.8601019769312,500.0,500,DOWN,2025-12-26
SKU0035,south,300,68.44380573618066,78.7150254942328,10.27121975805214,4,273.77522294472266,41.08487903220856,314.8601019769312,500.0,500,DOWN,2025-12-26
SKU0035,north,269,70.14068343076167,80.41098401428879,10.270300583527117,4,280.5627337230467,41.08120233410847,321.64393605715514,500.0,500,DOWN,2025-12-26
SKU0035,south,300,70.14068343076167,80.41098401428879,10.270300583527117,4,280.5627337230467,41.08120233410847,321.64393605715514,500.0,500,DOWN,2025-12-26
SKU0035,north,269,67.35536784919874,77.62485036188826,10.269482512689521,4,269.42147139679497,41.077930050758084,310.49940144755305,500.0,500,DOWN,2025-12-26
SKU0035,south,300,67.35536784919874,77.62485036188826,10.269482512689521,4,269.42147139679497,41.077930050758084,310.49940144755305,500.0,500,DOWN,2025-12-26
SKU0035,north,269,66.65178423658045,76.92053867343223,10.26875443685178,4,266.6071369463218,41.07501774740712,307.68215469372893,500.0,500,DOWN,2025-12-26
SKU0035,south,300,66.65178423658045,76.92053867343223,10.26875443685178,4,266.6071369463218,41.07501774740712,307.68215469372893,500.0,500,DOWN,2025-12-26
SKU0035,north,269,65.7712639910685,76.03937045644136,10.268106465372867,4,263.085055964274,41.07242586149147,304.15748182576544,500.0,500,DOWN,2025-12-26
SKU0035,south,300,65.7712639910685,76.03937045644136,10.268106465372867,4,263.085055964274,41.07242586149147,304.15748182576544,500.0,500,DOWN,2025-12-26
SKU0035,north,269,66.14845918702989,76.41598897964445,10.267529792614567,4,264.59383674811954,41.07011917045827,305.6639559185778,500.0,500,DOWN,2025-12-26
SKU0035,south,300,66.14845918702989,76.41598897964445,10.267529792614567,4,264.59383674811954,41.07011917045827,305.6639559185778,500.0,500,DOWN,2025-12-26
SKU0035,north,269,67.37150105032502,77.63851762966613,10.267016579341103,4,269.4860042013001,41.06806631736441,310.5540705186645,500.0,500,DOWN,2025-12-26
SKU0035,south,300,67.37150105032502,77.63851762966613,10.267016579341103,4,269.4860042013001,41.06806631736441,310.5540705186645,500.0,500,DOWN,2025-12-26
SKU0035,north,269,69.84932810295402,80.11588794993068,10.266559846976662,4,279.3973124118161,41.06623938790665,320.4635517997227,500.0,500,DOWN,2025-12-26
SKU0035,south,300,69.84932810295402,80.11588794993068,10.266559846976662,4,279.3973124118161,41.06623938790665,320.4635517997227,500.0,500,DOWN,2025-12-26
SKU0035,north,269,67.42523596250713,77.69138934589206,10.266153383384932,4,269.7009438500285,41.06461353353973,310.76555738356825,500.0,500,DOWN,2025-12-26
SKU0035,south,300,67.42523596250713,77.69138934589206,10.266153383384932,4,269.7009438500285,41.06461353353973,310.76555738356825,500.0,500,DOWN,2025-12-26
SKU0035,north,269,61.73938636933804,72.00517802822732,10.265791658889277,4,246.95754547735217,41.06316663555711,288.0207121129093,500.0,500,DOWN,2025-12-26
SKU0035,north,269,58.740766639489934,69.00623639096176,10.265469751471826,4,234.96306655795973,41.061879005887306,276.02494556384704,500.0,500,DOWN,2025-12-26
SKU0035,north,269,59.774849378929886,70.03977772439004,10.264928345460149,4,239.09939751571955,41.059713381840595,280.15911089756014,500.0,500,DOWN,2025-12-26
SKU0041,east,226,72.05966319502494,94.36539003995262,22.305726844927676,4,288.23865278009976,89.2229073797107,377.46156015981046,500.0,500,DOWN,2025-12-26
SKU0041,south,216,72.05966319502494,94.36539003995262,22.305726844927676,4,288.23865278009976,89.2229073797107,377.46156015981046,500.0,500,DOWN,2025-12-26
SKU0041,east,226,72.16383263258581,94.46377634572129,22.299943713135477,4,288.65533053034324,89.1997748525419,377.85510538288514,500.0,500,DOWN,2025-12-26
SKU0041,south,216,72.16383263258581,94.46377634572129,22.299943713135477,4,288.65533053034324,89.1997748525419,377.85510538288514,500.0,500,DOWN,2025-12-26
SKU0041,east,226,71.58723786484745,93.88169308738152,22.29445522253407,4,286.3489514593898,89.17782089013627,375.5267723495261,500.0,500,DOWN,2025-12-26
SKU0041,south,216,71.58723786484745,93.88169308738152,22.29445522253407,4,286.3489514593898,89.17782089013627,375.5267723495261,500.0,500,DOWN,2025-12-26
SKU0041,east,226,70.32908783653428,92.61833430791054,22.28924647137626,4,281.31635134613714,89.15698588550504,370.4733372316422,500.0,500,DOWN,2025-12-26
SKU0041,south,216,70.32908783653428,92.61833430791054,22.28924647137626,4,281.31635134613714,89.15698588550504,370.4733372316422,500.0,500,DOWN,2025-12-26
SKU0041,east,226,67.41831999296727,89.70262329360921,22.284303300641938,4,269.6732799718691,89.13721320256775,358.81049317443683,500.0,500,DOWN,2025-12-26
SKU0041,south,216,67.41831999296727,89.70262329360921,22.284303300641938,4,269.6732799718691,89.13721320256775,358.81049317443683,500.0,500,DOWN,2025-12-26
SKU0041,east,226,67.10903134848591,89.3886436066951,22.279612258209184,4,268.43612539394366,89.11844903283674,357.5545744267804,500.0,500,DOWN,2025-12-26
SKU0041,south,216,67.10903134848591,89.3886436066951,22.279612258209184,4,268.43612539394366,89.11844903283674,357.5545744267804,500.0,500,DOWN,2025-12-26
SKU0041,east,226,67.12386245380092,89.39902301832467,22.275160564523745,4,268.4954498152037,89.10064225809498,357.5960920732987,500.0,500,DOWN,2025-12-26
SKU0041,south,216,67.12386245380092,89.39902301832467,22.275160564523745,4,268.4954498152037,89.10064225809498,357.5960920732987,500.0,500,DOWN,2025-12-26
SKU0041,east,226,65.78256785493488,88.05350393477528,22.270936079840396,4,263.13027141973953,89.08374431936159,352.2140157391011,500.0,500,DOWN,2025-12-26
SKU0041,south,216,65.78256785493488,88.05350393477528,22.270936079840396,4,263.13027141973953,89.08374431936159,352.2140157391011,500.0,500,DOWN,2025-12-26
SKU0041,east,226,62.48743846618584,84.7543657391605,22.266927272974662,4,249.94975386474337,89.06770909189865,339.017462956642,500.0,500,DOWN,2025-12-26
SKU0041,south,216,62.48743846618584,84.7543657391605,22.266927272974662,4,249.94975386474337,89.06770909189865,339.017462956642,500.0,500,DOWN,2025-12-26
SKU0041,east,226,66.82967114488814,89.0927943363917,22.263123191503567,4,267.31868457955255,89.05249276601427,356.3711773455668,500.0,500,DOWN,2025-12-26
SKU0041,south,216,66.82967114488814,89.0927943363917,22.263123191503567,4,267.31868457955255,89.05249276601427,356.3711773455668,500.0,500,DOWN,2025-12-26
SKU0041,east,226,62.759969775923416,85.0194832092787,22.259513433355288,4,251.03987910369366,89.03805373342115,340.0779328371148,500.0,500,DOWN,2025-12-26
SKU0041,south,216,62.759969775923416,85.0194832092787,22.259513433355288,4,251.03987910369366,89.03805373342115,340.0779328371148,500.0,500,DOWN,2025-12-26
SKU0041,east,226,61.101247417596255,83.35733553732686,22.256088119730606,4,244.40498967038502,89.02435247892242,333.42934214930744,500.0,500,DOWN,2025-12-26
SKU0041,south,216,61.101247417596255,83.35733553732686,22.256088119730606,4,244.40498967038502,89.02435247892242,333.42934214930744,500.0,500,DOWN,2025-12-26
SKU0041,east,226,62.67412418779561,84.92696205709547,22.252837869299853,4,250.69649675118245,89.01135147719941,339.70784822838186,500.0,500,DOWN,2025-12-26
SKU0041,south,216,62.67412418779561,84.92696205709547,22.252837869299853,4,250.69649675118245,89.01135147719941,339.70784822838186,500.0,500,DOWN,2025-12-26
SKU0041,east,226,63.40974356078996,85.65949733441047,22.24975377362051,4,253.63897424315985,88.99901509448205,342.6379893376419,500.0,500,DOWN,2025-12-26
SKU0041,south,216,63.40974356078996,85.65949733441047,22.24975377362051,4,253.63897424315985,88.99901509448205,342.6379893376419,500.0,500,DOWN,2025-12-26
SKU0041,east,226,57.74652666218756,79.9933540359109,22.246827373723335,4,230.98610664875025,88.98730949489334,319.9734161436436,500.0,500,DOWN,2025-12-26
SKU0041,south,216,57.74652666218756,79.9933540359109,22.246827373723335,4,230.98610664875025,88.98730949489334,319.9734161436436,500.0,500,DOWN,2025-12-26
SKU0041,east,226,58.8961463003395,81.14019693815538,22.24405063781588,4,235.584585201358,88.97620255126353,324.56078775262154,500.0,500,DOWN,2025-12-26
SKU0041,south,216,58.8961463003395,81.14019693815538,22.24405063781588,4,235.584585201358,88.97620255126353,324.56078775262154,500.0,500,DOWN,2025-12-26
SKU0041,east,226,58.46054328661676,80.70195922667098,22.241415940054218,4,233.84217314646705,88.96566376021687,322.8078369066839,500.0,500,DOWN,2025-12-26
SKU0041,south,216,58.46054328661676,80.70195922667098,22.241415940054218,4,233.84217314646705,88.96566376021687,322.8078369066839,500.0,500,DOWN,2025-12-26
SKU0041,east,226,56.17790600617795,78.41682204655456,22.23891604037661,4,224.7116240247118,88.95566416150643,313.66728818621823,500.0,500,DOWN,2025-12-26
SKU0041,south,216,56.17790600617795,78.41682204655456,22.23891604037661,4,224.7116240247118,88.95566416150643,313.66728818621823,500.0,500,DOWN,2025-12-26
SKU0041,east,226,57.57145651343248,79.80800076013594,22.23654424670346,4,230.28582605372992,88.94617698681384,319.23200304054376,500.0,500,DOWN,2025-12-26
SKU0041,south,216,57.57145651343248,79.80800076013594,22.23654424670346,4,230.28582605372992,88.94617698681384,319.23200304054376,500.0,500,DOWN,2025-12-26
SKU0041,east,226,55.11766074041745,77.35268428251604,22.235023542098588,4,220.4706429616698,88.94009416839435,309.41073713006415,500.0,500,DOWN,2025-12-26
SKU0041,south,216,55.11766074041745,77.35268428251604,22.235023542098588,4,220.4706429616698,88.94009416839435,309.41073713006415,500.0,500,DOWN,2025-12-26
SKU0041,east,226,53.71503887753353,75.9478859479552,22.23284707042167,4,214.86015551013412,88.93138828168668,303.7915437918208,500.0,500,DOWN,2025-12-26
SKU0041,south,216,53.71503887753353,75.9478859479552,22.23284707042167,4,214.86015551013412,88.93138828168668,303.7915437918208,500.0,500,DOWN,2025-12-26
SKU0041,east,226,52.39875784602642,74.62953986694487,22.230782020918447,4,209.59503138410568,88.92312808367379,298.51815946777947,500.0,500,DOWN,2025-12-26
SKU0041,south,216,52.39875784602642,74.62953986694487,22.230782020918447,4,209.59503138410568,88.92312808367379,298.51815946777947,500.0,500,DOWN,2025-12-26
SKU0041,east,226,52.78084277846092,75.00966548364855,22.228822705187625,4,211.1233711138437,88.9152908207505,300.0386619345942,500.0,500,DOWN,2025-12-26
SKU0041,south,216,52.78084277846092,75.00966548364855,22.228822705187625,4,211.1233711138437,88.9152908207505,300.0386619345942,500.0,500,DOWN,2025-12-26
SKU0041,east,226,52.44158265526048,74.66854637893161,22.226963723671126,4,209.76633062104193,88.9078548946845,298.67418551572644,500.0,500,DOWN,2025-12-26
SKU0041,south,216,52.44158265526048,74.66854637893161,22.226963723671126,4,209.76633062104193,88.9078548946845,298.67418551572644,500.0,500,DOWN,2025-12-26
SKU0041,east,226,51.0336749532752,73.25887490441653,22.225199951141327,4,204.1346998131008,88.90079980456531,293.0354996176661,500.0,500,DOWN,2025-12-26
SKU0041,south,216,51.0336749532752,73.25887490441653,22.225199951141327,4,204.1346998131008,88.90079980456531,293.0354996176661,500.0,500,DOWN,2025-12-26
SKU0041,east,226,50.31208245444516,72.53560897734886,22.223526522903697,4,201.24832981778064,88.89410609161479,290.14243590939543,500.0,500,DOWN,2025-12-26
SKU0041,south,216,50.31208245444516,72.53560897734886,22.223526522903697,4,201.24832981778064,88.89410609161479,290.14243590939543,500.0,500,DOWN,2025-12-26
SKU0047,south,151,103.01149938592346,132.74848781975825,29.736988433834796,3,309.0344981577704,89.21096530150439,398.2454634592748,500.0,500,DOWN,2025-12-26
SKU0047,west,172,103.01149938592346,132.74848781975825,29.736988433834796,3,309.0344981577704,89.21096530150439,398.2454634592748,500.0,500,DOWN,2025-12-26
SKU0047,east,406,106.09341391602656,135.82272172832296,29.729307812296398,3,318.2802417480797,89.18792343688919,407.4681651849689,500.0,500,DOWN,2025-12-26
SKU0047,south,151,106.09341391602656,135.82272172832296,29.729307812296398,3,318.2802417480797,89.18792343688919,407.4681651849689,500.0,500,DOWN,2025-12-26
SKU0047,west,172,106.09341391602656,135.82272172832296,29.729307812296398,3,318.2802417480797,89.18792343688919,407.4681651849689,500.0,500,DOWN,2025-12-26
SKU0047,east,406,114.09082931861096,143.8129132279219,29.722083909310953,3,342.27248795583284,89.16625172793286,431.4387396837657,500.0,500,DOWN,2025-12-26
SKU0047,south,151,114.09082931861096,143.8129132279219,29.722083909310953,3,342.27248795583284,89.16625172793286,431.4387396837657,500.0,500,DOWN,2025-12-26
SKU0047,west,172,114.09082931861096,143.8129132279219,29.722083909310953,3,342.27248795583284,89.16625172793286,431.4387396837657,500.0,500,DOWN,2025-12-26
SKU0047,east,406,113.69719124464652,143.41248097938012,29.715289734733602,3,341.0915737339395,89.1458692042008,430.23744293814036,500.0,500,DOWN,2025-12-26
SKU0047,south,151,113.69719124464652,143.41248097938012,29.715289734733602,3,341.0915737339395,89.1458692042008,430.23744293814036,500.0,500,DOWN,2025-12-26
SKU0047,west,172,113.69719124464652,143.41248097938012,29.715289734733602,3,341.0915737339395,89.1458692042008,430.23744293814036,500.0,500,DOWN,2025-12-26
SKU0047,east,406,112.78112910792504,142.49002898237086,29.70889987444582,3,338.3433873237751,89.12669962333746,427.4700869471126,500.0,500,DOWN,2025-12-26
SKU0047,south,151,112.78112910792504,142.49002898237086,29.70889987444582,3,338.3433873237751,89.12669962333746,427.4700869471126,500.0,500,DOWN,2025-12-26
SKU0047,west,172,112.78112910792504,142.49002898237086,29.70889987444582,3,338.3433873237751,89.12669962333746,427.4700869471126,500.0,500,DOWN,2025-12-26
SKU0047,south,151,101.97296567749436,131.6758560776805,29.702890400186135,3,305.9188970324831,89.1086712005584,395.0275682330415,500.0,500,DOWN,2025-12-26
SKU0047,west,172,101.97296567749436,131.6758560776805,29.702890400186135,3,305.9188970324831,89.1086712005584,395.0275682330415,500.0,500,DOWN,2025-12-26
SKU0047,east,406,113.31467840769172,143.011917192334,29.697238784642295,3,339.94403522307516,89.09171635392688,429.03575157700203,500.0,500,DOWN,2025-12-26
SKU0047,south,151,113.31467840769172,143.011917192334,29.697238784642295,3,339.94403522307516,89.09171635392688,429.03575157700203,500.0,500,DOWN,2025-12-26
SKU0047,west,172,113.31467840769172,143.011917192334,29.697238784642295,3,339.94403522307516,89.09171635392688,429.03575157700203,500.0,500,DOWN,2025-12-26
SKU0047,south,151,102.95651846678298,132.64844228795357,29.69192382117059,3,308.86955540034893,89.07577146351177,397.9453268638607,500.0,500,DOWN,2025-12-26
SKU0047,west,172,102.95651846678298,132.64844228795357,29.69192382117059,3,308.86955540034893,89.07577146351177,397.9453268638607,500.0,500,DOWN,2025-12-26
SKU0047,east,406,110.43594617872832,140.12287172664392,29.686925547915607,3,331.30783853618493,89.06077664374682,420.36861517993174,500.0,500,DOWN,2025-12-26
SKU0047,south,151,110.43594617872832,140.12287172664392,29.686925547915607,3,331.30783853618493,89.06077664374682,420.36861517993174,500.0,500,DOWN,2025-12-26
SKU0047,west,172,110.43594617872832,140.12287172664392,29.686925547915607,3,331.30783853618493,89.06077664374682,420.36861517993174,500.0,500,DOWN,2025-12-26
SKU0047,east,406,112.14102681339236,141.82325198950502,29.682225176112667,3,336.42308044017705,89.046675528338,425.4697559685151,500.0,500,DOWN,2025-12-26
SKU0047,south,151,112.14102681339236,141.82325198950502,29.682225176112667,3,336.42308044017705,89.046675528338,425.4697559685151,500.0,500,DOWN,2025-12-26
SKU0047,west,172,112.14102681339236,141.82325198950502,29.682225176112667,3,336.42308044017705,89.046675528338,425.4697559685151,500.0,500,DOWN,2025-12-26
SKU0047,south,151,105.25949484033588,134.93729986269793,29.67780502236205,3,315.7784845210076,89.03341506708615,404.81189958809375,500.0,500,DOWN,2025-12-26
SKU0047,west,172,105.25949484033588,134.93729986269793,29.67780502236205,3,315.7784845210076,89.03341506708615,404.81189958809375,500.0,500,DOWN,2025-12-26
SKU0047,east,406,107.03064012006068,136.70428856473524,29.673648444674555,3,321.09192036018203,89.02094533402366,410.1128656942057,500.0,500,DOWN,2025-12-26
SKU0047,south,151,107.03064012006068,136.70428856473524,29.673648444674555,3,321.09192036018203,89.02094533402366,410.1128656942057,500.0,500,DOWN,2025-12-26
SKU0047,west,172,107.03064012006068,136.70428856473524,29.673648444674555,3,321.09192036018203,89.02094533402366,410.1128656942057,500.0,500,DOWN,2025-12-26
SKU0047,east,406,110.89487963765612,140.56461941974902,29.669739782092904,3,332.68463891296835,89.00921934627871,421.69385825924707,500.0,500,DOWN,2025-12-26
SKU0047,south,151,110.89487963765612,140.56461941974902,29.669739782092904,3,332.68463891296835,89.00921934627871,421.69385825924707,500.0,500,DOWN,2025-12-26
SKU0047,west,172,110.89487963765612,140.56461941974902,29.669739782092904,3,332.68463891296835,89.00921934627871,421.69385825924707,500.0,500,DOWN,2025-12-26
SKU0047,east,406,109.16817240149386,138.83423669919853,29.666064297704665,3,327.5045172044816,88.998192893114,416.5027100975956,500.0,500,DOWN,2025-12-26
SKU0047,south,151,109.16817240149386,138.83423669919853,29.666064297704665,3,327.5045172044816,88.998192893114,416.5027100975956,500.0,500,DOWN,2025-12-26
SKU0047,west,172,109.16817240149386,138.83423669919853,29.666064297704665,3,327.5045172044816,88.998192893114,416.5027100975956,500.0,500,DOWN,2025-12-26
SKU0047,east,406,115.34091189825752,145.00352002312536,29.662608124867845,3,346.02273569477256,88.98782437460353,435.0105600693761,500.0,500,DOWN,2025-12-26
SKU0047,south,151,115.34091189825752,145.00352002312536,29.662608124867845,3,346.02273569477256,88.98782437460353,435.0105600693761,500.0,500,DOWN,2025-12-26
SKU0047,west,172,115.34091189825752,145.00352002312536,29.662608124867845,3,346.02273569477256,88.98782437460353,435.0105600693761,500.0,500,DOWN,2025-12-26
SKU0047,south,151,100.18030053956122,129.8396587560415,29.659358216480285,3,300.5409016186836,88.97807464944086,389.51897626812445,500.0,500,DOWN,2025-12-26
SKU0047,west,172,100.18030053956122,129.8396587560415,29.659358216480285,3,300.5409016186836,88.97807464944086,389.51897626812445,500.0,500,DOWN,2025-12-26
SKU0047,east,406,111.4691607262496,141.12546302337955,29.656302297129955,3,334.4074821787488,88.96890689138986,423.37638907013866,500.0,500,DOWN,2025-12-26
SKU0047,south,151,111.4691607262496,141.12546302337955,29.656302297129955,3,334.4074821787488,88.96890689138986,423.37638907013866,500.0,500,DOWN,2025-12-26
SKU0047,west,172,111.4691607262496,141.12546302337955,29.656302297129955,3,334.4074821787488,88.96890689138986,423.37638907013866,500.0,500,DOWN,2025-12-26
SKU0047,south,151,99.73694594704882,129.39037476618907,29.653428819140245,3,299.2108378411465,88.96028645742074,388.17112429856724,500.0,500,DOWN,2025-12-26
SKU0047,west,172,99.73694594704882,129.39037476618907,29.653428819140245,3,299.2108378411465,88.96028645742074,388.17112429856724,500.0,500,DOWN,2025-12-26
SKU0047,east,406,112.01606402042694,141.6667939194337,29.650729899006762,3,336.0481920612808,88.95218969702029,425.0003817583011,500.0,500,DOWN,2025-12-26
SKU0047,south,151,112.01606402042694,141.6667939194337,29.650729899006762,3,336.0481920612808,88.95218969702029,425.0003817583011,500.0,500,DOWN,2025-12-26
SKU0047,west,172,112.01606402042694,141.6667939194337,29.650729899006762,3,336.0481920612808,88.95218969702029,425.0003817583011,500.0,500,DOWN,2025-12-26
SKU0047,south,151,91.15814758299962,120.80825248217675,29.650104899177137,3,273.47444274899885,88.95031469753141,362.4247574465303,500.0,500,DOWN,2025-12-26
SKU0047,west,172,91.15814758299962,120.80825248217675,29.650104899177137,3,273.47444274899885,88.95031469753141,362.4247574465303,500.0,500,DOWN,2025-12-26
SKU0047,south,151,92.83089890290935,122.47814394461204,29.64724504170269,3,278.4926967087281,88.94173512510807,367.43443183383613,500.0,500,DOWN,2025-12-26
SKU0047,west,172,92.83089890290935,122.47814394461204,29.64724504170269,3,278.4926967087281,88.94173512510807,367.43443183383613,500.0,500,DOWN,2025-12-26
SKU0047,south,151,90.6098577825542,120.25441373273487,29.644555950180674,3,271.82957334766263,88.93366785054202,360.76324119820464,500.0,500,DOWN,2025-12-26
SKU0047,west,172,90.6098577825542,120.25441373273487,29.644555950180674,3,271.82957334766263,88.93366785054202,360.76324119820464,500.0,500,DOWN,2025-12-26
SKU0047,south,151,90.83257329026044,120.47460073988616,29.642027449625715,3,272.49771987078134,88.92608234887715,361.42380221965846,500.0,500,DOWN,2025-12-26
SKU0047,west,172,90.83257329026044,120.47460073988616,29.642027449625715,3,272.49771987078134,88.92608234887715,361.42380221965846,500.0,500,DOWN,2025-12-26
SKU0047,south,151,85.8160385567947,115.45568852733632,29.639649970541626,3,257.4481156703841,88.91894991162488,346.367065582009,500.0,500,DOWN,2025-12-26
SKU0047,west,172,85.8160385567947,115.45568852733632,29.639649970541626,3,257.4481156703841,88.91894991162488,346.367065582009,500.0,500,DOWN,2025-12-26
SKU0047,south,151,90.1252135045745,119.76262801582892,29.63741451125442,3,270.3756405137235,88.91224353376326,359.2878840474868,500.0,500,DOWN,2025-12-26
SKU0047,west,172,90.1252135045745,119.76262801582892,29.63741451125442,3,270.3756405137235,88.91224353376326,359.2878840474868,500.0,500,DOWN,2025-12-26
SKU0047,south,151,94.8308091880222,124.46612179252033,29.635312604498125,3,284.4924275640666,88.90593781349438,373.39836537756094,500.0,500,DOWN,2025-12-26
SKU0047,west,172,94.8308091880222,124.46612179252033,29.635312604498125,3,284.4924275640666,88.90593781349438,373.39836537756094,500.0,500,DOWN,2025-12-26
SKU0044,west,178,136.0128792094885,168.12177162113608,32.10889241164759,4,544.051516837954,128.43556964659035,672.4870864845443,494.4870864845443,100,DOWN,2025-12-26
SKU0022,south,101,126.30560932227758,197.64895597058185,71.34334664830428,3,378.9168279668327,214.03003994491283,592.9468679117456,491.9468679117456,200,DOWN,2025-12-26
SKU0022,south,101,123.19190916519489,194.0841211502517,70.8922119850568,3,369.57572749558466,212.6766359551704,582.2523634507551,481.25236345075507,200,DOWN,2025-12-26
SKU0022,south,101,124.58976546143892,194.0187475835978,69.42898212215887,3,373.76929638431676,208.28694636647663,582.0562427507934,481.05624275079344,200,DOWN,2025-12-26
SKU0022,south,101,120.51085645256222,193.49818812153944,72.98733166897722,3,361.53256935768667,218.96199500693166,580.4945643646183,479.4945643646183,200,DOWN,2025-12-26
SKU0022,south,101,128.9133263942303,193.43165465981184,64.51832826558154,3,386.7399791826909,193.55498479674463,580.2949639794356,479.2949639794356,200,DOWN,2025-12-26
SKU0022,south,101,122.59111963789005,192.5271022995313,69.93598266164125,3,367.7733589136701,209.80794798492374,577.5813068985939,476.5813068985939,200,DOWN,2025-12-26
SKU0022,south,101,127.616776380139,190.6099276952445,62.99315131510549,3,382.850329140417,188.9794539453165,571.8297830857334,470.8297830857334,200,DOWN,2025-12-26
SKU0022,south,101,124.82249957272732,190.0518961907221,65.22939661799477,3,374.46749871818196,195.68818985398428,570.1556885721662,469.15568857216624,200,DOWN,2025-12-26
SKU0022,south,101,115.4302045196113,188.79200760205475,73.36180308244346,3,346.2906135588339,220.08540924733038,566.3760228061643,465.3760228061643,200,DOWN,2025-12-26
SKU0044,south,217,136.0128792094885,168.12177162113608,32.10889241164759,4,544.051516837954,128.43556964659035,672.4870864845443,455.4870864845443,100,DOWN,2025-12-26
SKU0044,west,178,126.85863758541537,157.91706286667252,31.058425281257158,4,507.43455034166146,124.23370112502863,631.6682514666901,453.6682514666901,100,DOWN,2025-12-26
SKU0022,south,101,115.6222518154026,184.5235801604993,68.9013283450967,3,346.86675544620783,206.7039850352901,553.570740481498,452.570740481498,200,DOWN,2025-12-26
SKU0022,south,101,116.72125586504276,184.5006015323594,67.77934566731665,3,350.1637675951283,203.33803700194994,553.5018045970783,452.50180459707826,200,DOWN,2025-12-26
SKU0044,east,223,136.0128792094885,168.12177162113608,32.10889241164759,4,544.051516837954,128.43556964659035,672.4870864845443,449.4870864845443,100,DOWN,2025-12-26
SKU0022,south,101,121.941377666266,183.31946645458373,61.378088788317726,3,365.824132998798,184.1342663649532,549.9583993637511,448.95839936375114,200,DOWN,2025-12-26
SKU0044,west,178,124.76726897473996,156.49740659477155,31.730137620031584,4,499.06907589895985,126.92055048012634,625.9896263790862,447.9896263790862,100,DOWN,2025-12-26
SKU0022,south,101,123.55980482074848,182.03058229412312,58.47077747337464,3,370.67941446224546,175.4123324201239,546.0917468823693,445.0917468823693,200,DOWN,2025-12-26
SKU0022,south,101,116.10961428188108,182.0187543026743,65.90914002079322,3,348.32884284564324,197.72742006237965,546.0562629080229,445.05626290802286,200,DOWN,2025-12-26
SKU0022,south,101,109.09972953001196,181.6986558563936,72.59892632638164,3,327.2991885900359,217.79677897914493,545.0959675691809,444.09596756918086,200,DOWN,2025-12-26
SKU0022,south,101,110.77620864857413,181.1996052098853,70.42339656131118,3,332.32862594572237,211.27018968393355,543.598815629656,442.598815629656,200,DOWN,2025-12-26
SKU0022,south,101,117.29732233803318,181.0710545030663,63.773732165033124,3,351.8919670140996,191.32119649509937,543.2131635091989,442.2131635091989,200,DOWN,2025-12-26
SKU0022,south,101,118.27231254297932,180.5214713690267,62.24915882604738,3,354.816937628938,186.74747647814212,541.5644141070801,440.5644141070801,200,DOWN,2025-12-26
SKU0044,west,178,122.31874173850748,152.55192712588624,30.233185387378754,4,489.27496695402994,120.93274154951501,610.207708503545,432.20770850354495,100,DOWN,2025-12-26
SKU0044,west,178,120.02655808689644,152.30704072834382,32.28048264144738,4,480.1062323475858,129.1219305657895,609.2281629133753,431.2281629133753,100,DOWN,2025-12-26
SKU0022,south,101,108.6017634666464,176.95363053863872,68.35186707199232,3,325.8052903999392,205.05560121597694,530.8608916159162,429.8608916159162,200,DOWN,2025-12-26
SKU0044,west,178,119.66586435942014,151.18697912632,31.52111476689987,4,478.66345743768056,126.08445906759948,604.74791650528,426.74791650528005,100,DOWN,2025-12-26
SKU0044,west,178,119.58654233383488,150.11432041535312,30.527778081518235,4,478.34616933533954,122.11111232607294,600.4572816614125,422.4572816614125,100,DOWN,2025-12-26
SKU0044,west,178,118.71262241868288,149.5149015678908,30.80227914920792,4,474.85048967473153,123.20911659683168,598.0596062715632,420.0596062715632,100,DOWN,2025-12-26
SKU0022,south,101,113.90810693714276,173.40152697256462,59.49342003542186,3,341.7243208114283,178.48026010626558,520.2045809176939,419.2045809176939,200,DOWN,2025-12-26
SKU0044,south,217,126.85863758541537,157.91706286667252,31.058425281257158,4,507.43455034166146,124.23370112502863,631.6682514666901,414.6682514666901,100,DOWN,2025-12-26
SKU0044,west,178,116.5141001136879,147.81170319984807,31.297603086160166,4,466.0564004547516,125.19041234464066,591.2468127993923,413.2468127993923,100,DOWN,2025-12-26
SKU0044,west,178,115.07012555069016,147.66227714799828,32.59215159730812,4,460.28050220276066,130.36860638923247,590.6491085919931,412.6491085919931,100,DOWN,2025-12-26
SKU0044,west,178,117.63797313608744,147.2144457901277,29.576472654040273,4,470.55189254434976,118.3058906161611,588.8577831605108,410.85778316051085,100,DOWN,2025-12-26
SKU0044,west,178,115.22969555056773,147.15543514857848,31.92573959801075,4,460.9187822022709,127.702958392043,588.6217405943139,410.6217405943139,100,DOWN,2025-12-26
SKU0025,south,128,106.0829811359004,134.39998570586775,28.317004569967352,4,424.3319245436016,113.26801827986941,537.599942823471,409.599942823471,100,DOWN,2025-12-26
SKU0044,south,217,124.76726897473996,156.49740659477155,31.730137620031584,4,499.06907589895985,126.92055048012634,625.9896263790862,408.9896263790862,100,DOWN,2025-12-26
SKU0044,east,223,126.85863758541537,157.91706286667252,31.058425281257158,4,507.43455034166146,124.23370112502863,631.6682514666901,408.6682514666901,100,DOWN,2025-12-26
SKU0044,west,178,113.7905236092194,146.65698891794895,32.866465308729545,4,455.1620944368776,131.46586123491818,586.6279556717958,408.6279556717958,100,DOWN,2025-12-26
SKU0022,south,101,109.39324013956168,169.8541345589292,60.460894419367506,3,328.17972041868506,181.38268325810253,509.5624036767876,408.5624036767876,200,DOWN,2025-12-26
SKU0044,east,223,124.76726897473996,156.49740659477155,31.730137620031584,4,499.06907589895985,126.92055048012634,625.9896263790862,402.9896263790862,100,DOWN,2025-12-26
SKU0044,west,178,114.75153427147512,143.96155270368527,29.21001843221015,4,459.0061370859005,116.8400737288406,575.8462108147411,397.8462108147411,100,DOWN,2025-12-26
SKU0044,west,178,113.41340483142034,143.33016590050178,29.916761069081446,4,453.65361932568135,119.66704427632578,573.3206636020071,395.32066360200713,100,DOWN,2025-12-26
SKU0025,south,128,99.0408134187218,130.46995365741117,31.42914023868937,4,396.1632536748872,125.71656095475748,521.8798146296447,393.87981462964467,100,DOWN,2025-12-26
SKU0044,south,217,122.31874173850748,152.55192712588624,30.233185387378754,4,489.27496695402994,120.93274154951501,610.207708503545,393.20770850354495,100,DOWN,2025-12-26
SKU0044,south,217,120.02655808689644,152.30704072834382,32.28048264144738,4,480.1062323475858,129.1219305657895,609.2281629133753,392.2281629133753,100,DOWN,2025-12-26
SKU0025,south,128,98.763936537163,129.66733732669596,30.903400789532952,4,395.055746148652,123.61360315813181,518.6693493067838,390.66934930678383,100,DOWN,2025-12-26
SKU0044,west,178,109.59882346255182,142.04014468597853,32.44132122342671,4,438.3952938502073,129.76528489370685,568.1605787439141,390.16057874391413,100,DOWN,2025-12-26
SKU0025,south,128,100.18008310067827,129.24923873400263,29.069155633324357,4,400.7203324027131,116.27662253329743,516.9969549360105,388.9969549360105,100,DOWN,2025-12-26
SKU0044,south,217,119.66586435942014,151.18697912632,31.52111476689987,4,478.66345743768056,126.08445906759948,604.74791650528,387.74791650528005,100,DOWN,2025-12-26
SKU0044,west,178,112.61371955166008,141.4284939870265,28.81477443536643,4,450.45487820664033,115.25909774146572,565.713975948106,387.71397594810605,100,DOWN,2025-12-26
SKU0025,south,128,100.1399169226586,128.8493972107727,28.709480288114108,4,400.5596676906344,114.83792115245643,515.3975888430908,387.39758884309083,100,DOWN,2025-12-26
SKU0044,east,223,122.31874173850748,152.55192712588624,30.233185387378754,4,489.27496695402994,120.93274154951501,610.207708503545,387.20770850354495,100,DOWN,2025-12-26
SKU0025,south,128,98.9076656339195,128.6108351026821,29.703169468762596,4,395.630662535678,118.81267787505038,514.4433404107284,386.4433404107284,100,DOWN,2025-12-26
SKU0044,east,223,120.02655808689644,152.30704072834382,32.28048264144738,4,480.1062323475858,129.1219305657895,609.2281629133753,386.2281629133753,100,DOWN,2025-12-26
SKU0044,south,217,119.58654233383488,150.11432041535312,30.527778081518235,4,478.34616933533954,122.11111232607294,600.4572816614125,383.4572816614125,100,DOWN,2025-12-26
SKU0025,south,128,96.64654717740768,127.73865858946628,31.0921114120586,4,386.58618870963073,124.3684456482344,510.95463435786513,382.95463435786513,100,DOWN,2025-12-26
SKU0044,east,223,119.66586435942014,151.18697912632,31.52111476689987,4,478.66345743768056,126.08445906759948,604.74791650528,381.74791650528005,100,DOWN,2025-12-26
SKU0025,south,128,97.98703010557358,127.386442393574,29.39941228800042,4,391.9481204222943,117.59764915200168,509.545769574296,381.545769574296,100,DOWN,2025-12-26
SKU0044,south,217,118.71262241868288,149.5149015678908,30.80227914920792,4,474.85048967473153,123.20911659683168,598.0596062715632,381.0596062715632,100,DOWN,2025-12-26
SKU0044,west,178,106.29811356899756,139.7169918514821,33.41887828248454,4,425.19245427599026,133.67551312993817,558.8679674059284,380.8679674059284,100,DOWN,2025-12-26
SKU0044,west,178,106.3328408249072,139.3239977436017,32.9911569186945,4,425.3313632996288,131.964627674778,557.2959909744068,379.2959909744068,100,DOWN,2025-12-26
SKU0044,east,223,119.58654233383488,150.11432041535312,30.527778081518235,4,478.34616933533954,122.11111232607294,600.4572816614125,377.4572816614125,100,DOWN,2025-12-26
SKU0044,east,223,118.71262241868288,149.5149015678908,30.80227914920792,4,474.85048967473153,123.20911659683168,598.0596062715632,375.0596062715632,100,DOWN,2025-12-26
SKU0025,south,128,95.77630361773124,125.75927141192872,29.982967794197478,4,383.105214470925,119.93187117678991,503.0370856477149,375.0370856477149,100,DOWN,2025-12-26
SKU0025,south,128,95.00576740545029,125.70537135832096,30.699603952870675,4,380.02306962180114,122.7984158114827,502.82148543328384,374.82148543328384,100,DOWN,2025-12-26
SKU0044,south,217,116.5141001136879,147.81170319984807,31.297603086160166,4,466.0564004547516,125.19041234464066,591.2468127993923,374.2468127993923,100,DOWN,2025-12-26
SKU0025,south,128,93.24600225218296,125.43192131320151,32.18591906101855,4,372.98400900873185,128.7436762440742,501.72768525280605,373.72768525280605,100,DOWN,2025-12-26
SKU0044,south,217,115.07012555069016,147.66227714799828,32.59215159730812,4,460.28050220276066,130.36860638923247,590.6491085919931,373.6491085919931,100,DOWN,2025-12-26
SKU0044,west,178,104.67578608800072,137.78405296893771,33.108266880936995,4,418.7031443520029,132.43306752374798,551.1362118757509,373.13621187575086,100,DOWN,2025-12-26
SKU0044,south,217,117.63797313608744,147.2144457901277,29.576472654040273,4,470.55189254434976,118.3058906161611,588.8577831605108,371.85778316051085,100,DOWN,2025-12-26
SKU0044,south,217,115.22969555056773,147.15543514857848,31.92573959801075,4,460.9187822022709,127.702958392043,588.6217405943139,371.6217405943139,100,DOWN,2025-12-26
SKU0025,south,128,94.22660837480136,124.4676424725345,30.241034097733134,4,376.90643349920543,120.96413639093254,497.870569890138,369.870569890138,100,DOWN,2025-12-26
SKU0044,south,217,113.7905236092194,146.65698891794895,32.866465308729545,4,455.1620944368776,131.46586123491818,586.6279556717958,369.6279556717958,100,DOWN,2025-12-26
SKU0025,south,128,92.75599404127286,124.33559315581532,31.57959911454246,4,371.0239761650914,126.31839645816984,497.34237262326127,369.34237262326127,100,DOWN,2025-12-26
SKU0044,east,223,116.5141001136879,147.81170319984807,31.297603086160166,4,466.0564004547516,125.19041234464066,591.2468127993923,368.2468127993923,100,DOWN,2025-12-26
SKU0044,east,223,115.07012555069016,147.66227714799828,32.59215159730812,4,460.28050220276066,130.36860638923247,590.6491085919931,367.6491085919931,100,DOWN,2025-12-26
SKU0044,east,223,117.63797313608744,147.2144457901277,29.576472654040273,4,470.55189254434976,118.3058906161611,588.8577831605108,365.85778316051085,100,DOWN,2025-12-26
SKU0044,west,178,102.61218203066665,135.93386772303631,33.32168569236967,4,410.4487281226666,133.28674276947868,543.7354708921453,365.73547089214526,100,DOWN,2025-12-26
SKU0044,east,223,115.22969555056773,147.15543514857848,31.92573959801075,4,460.9187822022709,127.702958392043,588.6217405943139,365.6217405943139,100,DOWN,2025-12-26
SKU0025,south,128,92.53757282077169,123.0169051296232,30.47933230885151,4,370.15029128308674,121.91732923540604,492.0676205184928,364.0676205184928,100,DOWN,2025-12-26
SKU0044,east,223,113.7905236092194,146.65698891794895,32.866465308729545,4,455.1620944368776,131.46586123491818,586.6279556717958,363.6279556717958,100,DOWN,2025-12-26
SKU0044,south,217,114.75153427147512,143.96155270368527,29.21001843221015,4,459.0061370859005,116.8400737288406,575.8462108147411,358.8462108147411,100,DOWN,2025-12-26
SKU0044,west,178,100.62150450179392,134.1317673228619,33.51026282106797,4,402.4860180071757,134.04105128427187,536.5270692914476,358.52706929144756,100,DOWN,2025-12-26
SKU0007,west,187,121.16240731279731,136.2881791072997,15.125771794502384,4,484.64962925118925,60.50308717800954,545.1527164291988,358.1527164291988,100,DOWN,2025-12-26
SKU0007,west,187,120.81531927590147,135.96627419287012,15.150954916968644,4,483.2612771036059,60.603819667874575,543.8650967714805,356.86509677148047,100,DOWN,2025-12-26
SKU0044,south,217,113.41340483142034,143.33016590050178,29.916761069081446,4,453.65361932568135,119.66704427632578,573.3206636020071,356.32066360200713,100,DOWN,2025-12-26
SKU0025,south,128,88.9952005628692,120.71448180067529,31.719281237806086,4,355.9808022514768,126.87712495122435,482.85792720270115,354.85792720270115,100,DOWN,2025-12-26
SKU0025,south,128,89.4163574752768,120.68334062026776,31.26698314499096,4,357.6654299011072,125.06793257996384,482.733362481071,354.733362481071,100,DOWN,2025-12-26
SKU0025,south,128,88.35577071375546,120.43744723666026,32.0816765229048,4,353.42308285502185,128.3267060916192,481.74978894664105,353.74978894664105,100,DOWN,2025-12-26
SKU0044,east,223,114.75153427147512,143.96155270368527,29.21001843221015,4,459.0061370859005,116.8400737288406,575.8462108147411,352.8462108147411,100,DOWN,2025-12-26
SKU0044,south,217,109.59882346255182,142.04014468597853,32.44132122342671,4,438.3952938502073,129.76528489370685,568.1605787439141,351.16057874391413,100,DOWN,2025-12-26
SKU0044,east,223,113.41340483142034,143.33016590050178,29.916761069081446,4,453.65361932568135,119.66704427632578,573.3206636020071,350.32066360200713,100,DOWN,2025-12-26
SKU0044,south,217,112.61371955166008,141.4284939870265,28.81477443536643,4,450.45487820664033,115.25909774146572,565.713975948106,348.71397594810605,100,DOWN,2025-12-26
SKU0025,south,128,86.62672802849337,119.08390856995165,32.45718054145827,4,346.5069121139735,129.82872216583309,476.3356342798066,348.3356342798066,100,DOWN,2025-12-26
SKU0007,west,187,118.6325068609848,133.76380037878258,15.131293517797772,4,474.5300274439392,60.52517407119109,535.0552015151303,348.0552015151303,100,DOWN,2025-12-26
SKU0044,west,178,98.42998735031868,131.16364409618384,32.73365674586516,4,393.71994940127473,130.93462698346065,524.6545763847354,346.6545763847354,100,DOWN,2025-12-26
SKU0044,east,223,109.59882346255182,142.04014468597853,32.44132122342671,4,438.3952938502073,129.76528489370685,568.1605787439141,345.16057874391413,100,DOWN,2025-12-26
SKU0007,west,187,117.78269211318336,132.9374970706879,15.154804957504538,4,471.13076845273343,60.61921983001815,531.7499882827516,344.7499882827516,100,DOWN,2025-12-26
SKU0044,west,178,97.2689200145019,130.48721030829194,33.218290293790034,4,389.0756800580076,132.87316117516013,521.9488412331677,343.94884123316774,100,DOWN,2025-12-26
SKU0044,east,223,112.61371955166008,141.4284939870265,28.81477443536643,4,450.45487820664033,115.25909774146572,565.713975948106,342.71397594810605,100,DOWN,2025-12-26
SKU0044,south,217,106.29811356899756,139.7169918514821,33.41887828248454,4,425.19245427599026,133.67551312993817,558.8679674059284,341.8679674059284,100,DOWN,2025-12-26
SKU0044,south,217,106.3328408249072,139.3239977436017,32.9911569186945,4,425.3313632996288,131.964627674778,557.2959909744068,340.2959909744068,100,DOWN,2025-12-26
SKU0044,east,223,106.29811356899756,139.7169918514821,33.41887828248454,4,425.19245427599026,133.67551312993817,558.8679674059284,335.8679674059284,100,DOWN,2025-12-26
SKU0007,west,187,115.40540897565222,130.55281750388264,15.147408528230415,4,461.6216359026089,60.58963411292166,522.2112700155305,335.21127001553054,100,DOWN,2025-12-26
SKU0007,west,187,115.37216027097674,130.51052215740145,15.138361886424718,4,461.48864108390694,60.55344754569887,522.0420886296058,335.0420886296058,100,DOWN,2025-12-26
SKU0025,south,128,83.8410802298673,115.69010429431204,31.849024064444734,4,335.3643209194692,127.39609625777894,462.76041717724814,334.76041717724814,100,DOWN,2025-12-26
SKU0044,east,223,106.3328408249072,139.3239977436017,32.9911569186945,4,425.3313632996288,131.964627674778,557.2959909744068,334.2959909744068,100,DOWN,2025-12-26
SKU0044,south,217,104.67578608800072,137.78405296893771,33.108266880936995,4,418.7031443520029,132.43306752374798,551.1362118757509,334.13621187575086,100,DOWN,2025-12-26
SKU0025,south,128,83.50099759404542,115.4705880050308,31.96959041098539,4,334.00399037618166,127.87836164394156,461.8823520201232,333.8823520201232,100,DOWN,2025-12-26
SKU0025,south,128,83.07868856579637,115.3615897479484,32.28290118215203,4,332.3147542631855,129.13160472860812,461.4463589917936,333.4463589917936,100,DOWN,2025-12-26
SKU0007,west,187,114.27786060379948,129.41899375291197,15.141133149112491,4,457.1114424151979,60.564532596449965,517.6759750116479,330.6759750116479,100,DOWN,2025-12-26
SKU0044,east,223,104.67578608800072,137.78405296893771,33.108266880936995,4,418.7031443520029,132.43306752374798,551.1362118757509,328.13621187575086,100,DOWN,2025-12-26
SKU0044,west,178,92.81112461007308,126.40733080036546,33.59620619029238,4,371.2444984402923,134.3848247611695,505.62932320146183,327.62932320146183,100,DOWN,2025-12-26
SKU0007,west,187,113.4739449649916,128.60140802571635,15.12746306072475,4,453.8957798599664,60.509852242899,514.4056321028654,327.4056321028654,100,DOWN,2025-12-26
SKU0044,south,217,102.61218203066665,135.93386772303631,33.32168569236967,4,410.4487281226666,133.28674276947868,543.7354708921453,326.73547089214526,100,DOWN,2025-12-26
SKU0044,north,348,136.0128792094885,168.12177162113608,32.10889241164759,4,544.051516837954,128.43556964659035,672.4870864845443,324.4870864845443,100,DOWN,2025-12-26
SKU0025,south,128,80.43771658700715,112.97305332558416,32.535336738577016,4,321.7508663480286,130.14134695430806,451.89221330233664,323.89221330233664,100,DOWN,2025-12-26
SKU0048,north,167,128.35841510332511,163.17012230126366,34.811707197938546,3,385.07524530997534,104.43512159381564,489.510366903791,322.510366903791,50,DOWN,2025-12-26
SKU0044,east,223,102.61218203066665,135.93386772303631,33.32168569236967,4,410.4487281226666,133.28674276947868,543.7354708921453,320.73547089214526,100,DOWN,2025-12-26
SKU0044,west,178,90.78060434168415,124.45765404680154,33.67704970511738,4,363.1224173667366,134.70819882046953,497.83061618720615,319.83061618720615,100,DOWN,2025-12-26
SKU0044,south,217,100.62150450179392,134.1317673228619,33.51026282106797,4,402.4860180071757,134.04105128427187,536.5270692914476,319.52706929144756,100,DOWN,2025-12-26
SKU0007,west,187,110.9820773732206,126.10353625836274,15.121458885142133,4,443.9283094928824,60.48583554056853,504.41414503345095,317.41414503345095,100,DOWN,2025-12-26
SKU0007,south,229,121.16240731279731,136.2881791072997,15.125771794502384,4,484.64962925118925,60.50308717800954,545.1527164291988,316.1527164291988,100,DOWN,2025-12-26
SKU0007,south,229,120.81531927590147,135.96627419287012,15.150954916968644,4,483.2612771036059,60.603819667874575,543.8650967714805,314.86509677148047,100,DOWN,2025-12-26
SKU0007,west,187,110.25374832265628,125.38720694954792,15.133458626891638,4,441.0149932906251,60.53383450756655,501.54882779819167,314.54882779819167,100,DOWN,2025-12-26
SKU0025,south,128,77.85497859000503,110.531063428225,32.676084838219964,4,311.41991436002013,130.70433935287986,442.1242537129,314.1242537129,100,DOWN,2025-12-26
SKU0044,east,223,100.62150450179392,134.1317673228619,33.51026282106797,4,402.4860180071757,134.04105128427187,536.5270692914476,313.52706929144756,100,DOWN,2025-12-26
SKU0007,west,187,109.75001974630864,124.91354139265904,15.163521646350404,4,439.00007898523455,60.654086585401615,499.65416557063617,312.65416557063617,100,DOWN,2025-12-26
SKU0048,north,167,124.72980081841828,159.55195673949015,34.82215592107187,3,374.1894024552548,104.4664677632156,478.65587021847045,311.65587021847045,50,DOWN,2025-12-26
SKU0025,south,128,76.65423832947724,109.39357975203154,32.739341422554304,4,306.61695331790895,130.95736569021722,437.57431900812617,309.57431900812617,100,DOWN,2025-12-26
SKU0048,north,167,123.51703144788564,158.2894435404477,34.772412092562064,3,370.5510943436569,104.31723627768619,474.86833062134315,307.86833062134315,50,DOWN,2025-12-26
SKU0044,south,217,98.42998735031868,131.16364409618384,32.73365674586516,4,393.71994940127473,130.93462698346065,524.6545763847354,307.6545763847354,100,DOWN,2025-12-26
SKU0048,north,167,123.07474586577794,157.83792942369837,34.76318355792043,3,369.22423759733385,104.28955067376128,473.5137882710951,306.5137882710951,50,DOWN,2025-12-26
SKU0048,north,167,122.97196404564178,157.80483104515213,34.832866999510344,3,368.9158921369253,104.49860099853103,473.4144931354564,306.4144931354564,50,DOWN,2025-12-26
SKU0007,south,229,118.6325068609848,133.76380037878258,15.131293517797772,4,474.5300274439392,60.52517407119109,535.0552015151303,306.0552015151303,100,DOWN,2025-12-26
SKU0022,west,318,134.1679888045336,207.89094372182345,73.72295491728985,3,402.5039664136008,221.16886475186956,623.6728311654704,305.67283116547037,200,DOWN,2025-12-26
SKU0025,south,128,75.66608765195485,108.2742889724832,32.60820132052835,4,302.6643506078194,130.4328052821134,433.0971558899328,305.0971558899328,100,DOWN,2025-12-26
SKU0044,south,217,97.2689200145019,130.48721030829194,33.218290293790034,4,389.0756800580076,132.87316117516013,521.9488412331677,304.94884123316774,100,DOWN,2025-12-26
SKU0048,north,167,122.3532836288784,157.1971305022405,34.8438468733621,3,367.0598508866352,104.53154062008629,471.5913915067215,304.5913915067215,50,DOWN,2025-12-26
SKU0048,north,167,122.1077861313252,156.9143653777149,34.80657924638969,3,366.3233583939756,104.41973773916907,470.74309613314466,303.74309613314466,50,DOWN,2025-12-26
SKU0022,west,318,139.916160910113,207.0985615132118,67.18240060309878,3,419.748482730339,201.54720180929635,621.2956845396353,303.2956845396353,200,DOWN,2025-12-26
SKU0025,south,128,75.33262182623037,107.70577968302544,32.373157856795075,4,301.33048730492146,129.4926314271803,430.82311873210176,302.82311873210176,100,DOWN,2025-12-26
SKU0007,south,229,117.78269211318336,132.9374970706879,15.154804957504538,4,471.13076845273343,60.61921983001815,531.7499882827516,302.7499882827516,100,DOWN,2025-12-26
SKU0044,east,223,98.42998735031868,131.16364409618384,32.73365674586516,4,393.71994940127473,130.93462698346065,524.6545763847354,301.6545763847354,100,DOWN,2025-12-26
SKU0007,west,187,106.88071637985912,122.01001587179218,15.129299491933054,4,427.5228655194365,60.517197967732216,488.0400634871687,301.0400634871687,100,DOWN,2025-12-26
SKU0048,north,167,121.16284403468325,155.9495362671392,34.78669223245595,3,363.48853210404974,104.36007669736784,467.8486088014176,300.8486088014176,50,DOWN,2025-12-26
SKU0007,west,187,106.3495530959973,121.52914859791082,15.179595501913525,4,425.3982123839892,60.7183820076541,486.1165943916433,299.1165943916433,100,DOWN,2025-12-26
SKU0044,east,223,97.2689200145019,130.48721030829194,33.218290293790034,4,389.0756800580076,132.87316117516013,521.9488412331677,298.94884123316774,100,DOWN,2025-12-26
SKU0048,north,167,120.09641398379912,154.93473691368,34.83832292988089,3,360.28924195139734,104.51496878964267,464.80421074104004,297.80421074104004,50,DOWN,2025-12-26
SKU0048,north,167,119.374362700115,154.15147581498528,34.777113114870275,3,358.123088100345,104.33133934461083,462.45442744495585,295.45442744495585,50,DOWN,2025-12-26
SKU0048,north,167,118.64743499451156,153.443947290988,34.79651229647645,3,355.94230498353465,104.38953688942935,460.331841872964,293.331841872964,50,DOWN,2025-12-26
SKU0007,south,229,115.40540897565222,130.55281750388264,15.147408528230415,4,461.6216359026089,60.58963411292166,522.2112700155305,293.21127001553054,100,DOWN,2025-12-26
SKU0007,south,229,115.37216027097674,130.51052215740145,15.138361886424718,4,461.48864108390694,60.55344754569887,522.0420886296058,293.0420886296058,100,DOWN,2025-12-26
SKU0007,west,187,104.7175258639662,119.87651038181164,15.15898451784544,4,418.8701034558648,60.63593807138176,479.50604152724657,292.50604152724657,100,DOWN,2025-12-26
SKU0048,north,167,118.26385363912588,153.05542541732666,34.791571778200776,3,354.79156091737764,104.37471533460233,459.16627625198,292.16627625198,50,DOWN,2025-12-26
SKU0007,west,187,104.48904672761644,119.6574934789984,15.168446751381964,4,417.95618691046576,60.673787005527856,478.6299739159936,291.6299739159936,100,DOWN,2025-12-26
SKU0048,north,167,117.59618565563416,152.34158675076338,34.745401095129225,3,352.7885569669025,104.23620328538767,457.02476025229015,290.02476025229015,50,DOWN,2025-12-26
SKU0022,west,318,135.96646280565977,202.52600556124364,66.55954275558386,3,407.8993884169793,199.6786282667516,607.5780166837309,289.5780166837309,200,DOWN,2025-12-26
SKU0007,south,229,114.27786060379948,129.41899375291197,15.141133149112491,4,457.1114424151979,60.564532596449965,517.6759750116479,288.6759750116479,100,DOWN,2025-12-26
SKU0044,south,217,92.81112461007308,126.40733080036546,33.59620619029238,4,371.2444984402923,134.3848247611695,505.62932320146183,288.62932320146183,100,DOWN,2025-12-26
SKU0048,north,167,116.90718434223066,151.75661525267233,34.84943091044167,3,350.721553026692,104.548292731325,455.269845758017,288.269845758017,50,DOWN,2025-12-26
SKU0022,west,318,130.24405859545672,202.0217133579916,71.77765476253487,3,390.73217578637014,215.3329642876046,606.0651400739747,288.0651400739747,200,DOWN,2025-12-26
SKU0007,west,187,102.9747115839272,118.11052103986734,15.135809455940134,4,411.8988463357088,60.543237823760535,472.44208415946935,285.44208415946935,100,DOWN,2025-12-26
SKU0007,south,229,113.4739449649916,128.60140802571635,15.12746306072475,4,453.8957798599664,60.509852242899,514.4056321028654,285.4056321028654,100,DOWN,2025-12-26
SKU0022,west,318,128.89049802814736,201.08643113017075,72.19593310202339,3,386.6714940844421,216.58779930607017,603.2592933905123,285.2592933905123,200,DOWN,2025-12-26
SKU0044,north,348,126.85863758541537,157.91706286667252,31.058425281257158,4,507.43455034166146,124.23370112502863,631.6682514666901,283.6682514666901,100,DOWN,2025-12-26
SKU0044,east,223,92.81112461007308,126.40733080036546,33.59620619029238,4,371.2444984402923,134.3848247611695,505.62932320146183,282.62932320146183,100,DOWN,2025-12-26
SKU0048,north,167,115.07288421723204,149.80551751593035,34.7326332986983,3,345.2186526516961,104.19789989609491,449.416552547791,282.416552547791,50,DOWN,2025-12-26
SKU0046,west,178,84.29630860086746,114.9321379275535,30.635829326686036,4,337.18523440346985,122.54331730674414,459.728551710214,281.728551710214,200,DOWN,2025-12-26
SKU0048,north,167,114.79461811481868,149.55327276009925,34.75865464528057,3,344.38385434445604,104.27596393584172,448.65981828029777,281.65981828029777,50,DOWN,2025-12-26
SKU0046,west,178,84.17795501651736,114.84407877135187,30.666123754834516,4,336.71182006606944,122.66449501933806,459.3763150854075,281.3763150854075,200,DOWN,2025-12-26
SKU0007,west,187,101.81645689922972,116.96059883635913,15.144141937129405,4,407.2658275969189,60.57656774851762,467.8423953454365,280.8423953454365,100,DOWN,2025-12-26
SKU0044,south,217,90.78060434168415,124.45765404680154,33.67704970511738,4,363.1224173667366,134.70819882046953,497.83061618720615,280.83061618720615,100,DOWN,2025-12-26
SKU0007,west,187,101.67414112047068,116.84793391550514,15.173792795034458,4,406.6965644818827,60.695171180137834,467.39173566202055,280.39173566202055,100,DOWN,2025-12-26
SKU0048,north,167,113.73740855412925,148.47850062207138,34.741092067942134,3,341.2122256623877,104.2232762038264,445.4355018662141,278.4355018662141,50,DOWN,2025-12-26
SKU0044,north,348,124.76726897473996,156.49740659477155,31.730137620031584,4,499.06907589895985,126.92055048012634,625.9896263790862,277.9896263790862,100,DOWN,2025-12-26
SKU0048,north,167,113.28443585243792,148.08595038647005,34.80151453403212,3,339.85330755731377,104.40454360209637,444.25785115941017,277.25785115941017,50,DOWN,2025-12-26
SKU0048,north,167,113.18597359843464,147.94015531427914,34.754181715844496,3,339.5579207953039,104.26254514753349,443.8204659428374,276.8204659428374,50,DOWN,2025-12-26
SKU0018,west,113,96.15060645267523,129.92712755118316,33.77652109850793,3,288.4518193580257,101.32956329552378,389.7813826535495,276.7813826535495,100,DOWN,2025-12-26
SKU0007,west,187,100.75524319036457,115.879457430426,15.124214240061434,4,403.02097276145827,60.496856960245736,463.517829721704,276.517829721704,100,DOWN,2025-12-26
SKU0018,west,113,95.97060813846124,129.77369915429892,33.80309101583768,3,287.91182441538376,101.40927304751304,389.3210974628968,276.3210974628968,100,DOWN,2025-12-26
SKU0007,south,229,110.9820773732206,126.10353625836274,15.121458885142133,4,443.9283094928824,60.48583554056853,504.41414503345095,275.41414503345095,100,DOWN,2025-12-26
SKU0022,west,318,126.30560932227758,197.64895597058185,71.34334664830428,3,378.9168279668327,214.03003994491283,592.9468679117456,274.9468679117456,200,DOWN,2025-12-26
SKU0044,east,223,90.78060434168415,124.45765404680154,33.67704970511738,4,363.1224173667366,134.70819882046953,497.83061618720615,274.83061618720615,100,DOWN,2025-12-26
SKU0018,west,113,95.43847260656798,129.2184381828001,33.779965576232115,3,286.31541781970395,101.33989672869635,387.65531454840027,274.65531454840027,100,DOWN,2025-12-26
SKU0007,south,229,110.25374832265628,125.38720694954792,15.133458626891638,4,441.0149932906251,60.53383450756655,501.54882779819167,272.54882779819167,100,DOWN,2025-12-26
SKU0048,north,167,111.1627625442206,145.99024081084812,34.82747826662752,3,333.4882876326618,104.48243479988257,437.9707224325444,270.9707224325444,50,DOWN,2025-12-26
SKU0007,south,229,109.75001974630864,124.91354139265904,15.163521646350404,4,439.00007898523455,60.654086585401615,499.65416557063617,270.65416557063617,100,DOWN,2025-12-26
SKU0046,west,178,81.41177069394827,112.06024189070249,30.648471196754215,4,325.6470827757931,122.59388478701686,448.24096756280994,270.24096756280994,200,DOWN,2025-12-26
SKU0007,west,187,98.61595358677788,113.80184717120436,15.18589358442648,4,394.4638143471115,60.74357433770592,455.20738868481743,268.20738868481743,100,DOWN,2025-12-26
SKU0048,north,167,110.05437373439818,144.87127289642785,34.81689916202967,3,330.1631212031946,104.45069748608901,434.61381868928356,267.61381868928356,50,DOWN,2025-12-26
SKU0046,west,178,80.62741030301697,111.28020779974496,30.652797496727985,4,322.5096412120679,122.61118998691194,445.12083119897983,267.12083119897983,200,DOWN,2025-12-26
SKU0046,west,178,80.64135403640977,111.25719436330402,30.615840326894258,4,322.56541614563906,122.46336130757703,445.0287774532161,267.0287774532161,200,DOWN,2025-12-26
SKU0007,west,187,97.97209521574548,113.09121736539724,15.119122149651758,4,391.88838086298193,60.476488598607034,452.36486946158897,265.36486946158897,100,DOWN,2025-12-26
SKU0048,north,167,109.27163046602192,144.05350338719498,34.78187292117306,3,327.81489139806575,104.34561876351918,432.16051016158497,265.16051016158497,50,DOWN,2025-12-26
SKU0018,west,113,92.10740006224304,125.88078966972398,33.77338960748094,3,276.3222001867291,101.32016882244281,377.64236900917194,264.64236900917194,100,DOWN,2025-12-26
SKU0022,west,318,123.19190916519489,194.0841211502517,70.8922119850568,3,369.57572749558466,212.6766359551704,582.2523634507551,264.25236345075507,200,DOWN,2025-12-26
SKU0022,west,318,124.58976546143892,194.0187475835978,69.42898212215887,3,373.76929638431676,208.28694636647663,582.0562427507934,264.05624275079344,200,DOWN,2025-12-26
SKU0018,west,113,91.72747123492552,125.51539274109564,33.78792150617012,3,275.18241370477654,101.36376451851037,376.5461782232869,263.5461782232869,100,DOWN,2025-12-26
SKU0014,south,114,85.5001395911145,125.7022809195052,40.202141328390695,3,256.50041877334354,120.60642398517209,377.10684275851565,263.10684275851565,100,DOWN,2025-12-26
SKU0007,west,187,97.36222071870196,112.48500056324228,15.122779844540318,4,389.44888287480785,60.49111937816127,449.9400022529691,262.9400022529691,100,DOWN,2025-12-26
SKU0022,west,318,120.51085645256222,193.49818812153944,72.98733166897722,3,361.53256935768667,218.96199500693166,580.4945643646183,262.4945643646183,200,DOWN,2025-12-26
SKU0046,west,178,79.46601867789536,110.0977439922854,30.63172531439004,4,317.86407471158145,122.52690125756016,440.3909759691416,262.3909759691416,200,DOWN,2025-12-26
SKU0022,west,318,128.9133263942303,193.43165465981184,64.51832826558154,3,386.7399791826909,193.55498479674463,580.2949639794356,262.2949639794356,200,DOWN,2025-12-26
SKU0044,north,348,122.31874173850748,152.55192712588624,30.233185387378754,4,489.27496695402994,120.93274154951501,610.207708503545,262.20770850354495,100,DOWN,2025-12-26
SKU0044,north,348,120.02655808689644,152.30704072834382,32.28048264144738,4,480.1062323475858,129.1219305657895,609.2281629133753,261.2281629133753,100,DOWN,2025-12-26
SKU0014,south,114,85.76542204015928,125.0514457946742,39.286023754514915,3,257.29626612047787,117.85807126354474,375.1543373840226,261.1543373840226,100,DOWN,2025-12-26
SKU0007,west,187,96.81446352760366,111.93255404675516,15.118090519151494,4,387.25785411041466,60.472362076605975,447.73021618702063,260.73021618702063,100,DOWN,2025-12-26
SKU0048,north,167,107.83842503860342,142.56690730582812,34.728482267224706,3,323.51527511581025,104.18544680167412,427.7007219174844,260.7007219174844,50,DOWN,2025-12-26
SKU0048,north,167,107.78611902580022,142.5358831155582,34.749764089757974,3,323.3583570774007,104.24929226927392,427.60764934667463,260.60764934667463,50,DOWN,2025-12-26
SKU0018,west,113,90.66127837169354,124.4318210724316,33.77054270073806,3,271.98383511508064,101.31162810221419,373.2954632172948,260.2954632172948,100,DOWN,2025-12-26
SKU0014,south,114,83.66380679460931,124.7243589407895,41.060552146180186,3,250.99142038382794,123.18165643854056,374.1730768223685,260.1730768223685,100,DOWN,2025-12-26
SKU0022,west,318,122.59111963789005,192.5271022995313,69.93598266164125,3,367.7733589136701,209.80794798492374,577.5813068985939,259.5813068985939,200,DOWN,2025-12-26
SKU0007,south,229,106.88071637985912,122.01001587179218,15.129299491933054,4,427.5228655194365,60.517197967732216,488.0400634871687,259.0400634871687,100,DOWN,2025-12-26
SKU0046,west,178,78.56205067417575,109.17025764957734,30.608206975401586,4,314.248202696703,122.43282790160634,436.68103059830935,258.68103059830935,200,DOWN,2025-12-26
SKU0014,south,114,81.37210488000737,123.9987295193358,42.626624639328426,3,244.1163146400221,127.87987391798528,371.99618855800736,257.99618855800736,100,DOWN,2025-12-26
SKU0014,south,114,82.12695054266872,123.99405963378392,41.867109091115196,3,246.38085162800616,125.60132727334559,371.98217890135174,257.98217890135174,100,DOWN,2025-12-26
SKU0048,north,167,106.80446652367657,141.57223566534398,34.767769141667415,3,320.4133995710297,104.30330742500225,424.7167069960319,257.7167069960319,50,DOWN,2025-12-26
SKU0014,south,114,79.86334250214982,123.88472590845709,44.021383406307265,3,239.59002750644947,132.06415021892178,371.65417772537126,257.65417772537126,100,DOWN,2025-12-26
SKU0018,west,113,89.67048760146726,123.53138637417808,33.860898772710826,3,269.0114628044018,101.58269631813248,370.5941591225343,257.5941591225343,100,DOWN,2025-12-26
SKU0046,west,178,78.22018059413702,108.8478556912536,30.62767509711658,4,312.8807223765481,122.51070038846632,435.3914227650144,257.3914227650144,200,DOWN,2025-12-26
SKU0018,west,113,89.57710212910844,123.3929980903498,33.81589596124137,3,268.73130638732533,101.4476878837241,370.1789942710494,257.1789942710494,100,DOWN,2025-12-26
SKU0007,south,229,106.3495530959973,121.52914859791082,15.179595501913525,4,425.3982123839892,60.7183820076541,486.1165943916433,257.1165943916433,100,DOWN,2025-12-26
SKU0044,north,348,119.66586435942014,151.18697912632,31.52111476689987,4,478.66345743768056,126.08445906759948,604.74791650528,256.74791650528005,100,DOWN,2025-12-26
SKU0014,south,114,80.1697431285389,123.51328335914286,43.34354023060396,3,240.5092293856167,130.0306206918119,370.5398500774286,256.5398500774286,100,DOWN,2025-12-26
SKU0014,south,114,78.19293114481562,123.4650451854509,45.27211404063529,3,234.57879343444685,135.81634212190585,370.39513555635267,256.39513555635267,100,DOWN,2025-12-26
SKU0046,west,178,77.91311989077653,108.49273360275797,30.579613711981438,4,311.6524795631061,122.31845484792575,433.97093441103186,255.97093441103186,200,DOWN,2025-12-26
SKU0014,south,114,78.44137072071717,123.10468706298477,44.66331634226759,3,235.32411216215152,133.98994902680278,369.31406118895427,255.31406118895427,100,DOWN,2025-12-26
SKU0007,west,187,95.44114483892032,110.56138724318792,15.1202424042676,4,381.7645793556813,60.4809696170704,442.2455489727517,255.2455489727517,100,DOWN,2025-12-26
SKU0046,west,178,77.63788530244369,108.23141764992354,30.59353234747985,4,310.55154120977477,122.3741293899194,432.9256705996942,254.92567059969417,200,DOWN,2025-12-26
SKU0022,west,318,127.616776380139,190.6099276952445,62.99315131510549,3,382.850329140417,188.9794539453165,571.8297830857334,253.82978308573342,200,DOWN,2025-12-26
SKU0025,north,284,106.0829811359004,134.39998570586775,28.317004569967352,4,424.3319245436016,113.26801827986941,537.599942823471,253.599942823471,100,DOWN,2025-12-26
SKU0018,west,113,88.32294900551257,122.10670327372354,33.78375426821097,3,264.9688470165377,101.35126280463291,366.3201098211706,253.3201098211706,100,DOWN,2025-12-26
SKU0014,south,114,75.376116290495,122.29902826632194,46.922911975826935,3,226.128348871485,140.7687359274808,366.8970847989658,252.8970847989658,100,DOWN,2025-12-26
SKU0014,south,114,76.4388463869855,122.28907575783934,45.85022937085384,3,229.3165391609565,137.55068811256152,366.867227273518,252.86722727351798,100,DOWN,2025-12-26
SKU0046,west,178,76.97892939752268,107.6189172334083,30.63998783588562,4,307.9157175900907,122.55995134354248,430.4756689336332,252.4756689336332,200,DOWN,2025-12-26
SKU0044,north,348,119.58654233383488,150.11432041535312,30.527778081518235,4,478.34616933533954,122.11111232607294,600.4572816614125,252.45728166141248,100,DOWN,2025-12-26
SKU0014,south,114,75.70992941162196,122.10977389844643,46.39984448682448,3,227.12978823486588,139.19953346047345,366.32932169533933,252.32932169533933,100,DOWN,2025-12-26
SKU0022,west,318,124.82249957272732,190.0518961907221,65.22939661799477,3,374.46749871818196,195.68818985398428,570.1556885721662,252.15568857216624,200,DOWN,2025-12-26
SKU0014,south,114,74.35937287437207,121.78056103119624,47.42118815682417,3,223.0781186231162,142.26356447047252,365.3416830935887,251.3416830935887,100,DOWN,2025-12-26
SKU0018,west,113,87.64569017037377,121.4432365048378,33.79754633446403,3,262.9370705111213,101.39263900339209,364.3297095145134,251.3297095145134,100,DOWN,2025-12-26
SKU0007,south,229,104.7175258639662,119.87651038181164,15.15898451784544,4,418.8701034558648,60.63593807138176,479.50604152724657,250.50604152724657,100,DOWN,2025-12-26
SKU0014,south,114,73.52433290255313,121.420593200968,47.89626029841487,3,220.5729987076594,143.68878089524463,364.261779602904,250.26177960290403,100,DOWN,2025-12-26
SKU0046,west,178,76.43981359474618,107.0442788651282,30.604465270382022,4,305.75925437898474,122.41786108152809,428.1771154605128,250.17711546051282,200,DOWN,2025-12-26
SKU0044,north,348,118.71262241868288,149.5149015678908,30.80227914920792,4,474.85048967473153,123.20911659683168,598.0596062715632,250.0596062715632,100,DOWN,2025-12-26
SKU0018,west,113,87.0493401867033,120.92211641429547,33.87277622759217,3,261.1480205601099,101.61832868277651,362.7663492428864,249.7663492428864,100,DOWN,2025-12-26
SKU0007,south,229,104.48904672761644,119.6574934789984,15.168446751381964,4,417.95618691046576,60.673787005527856,478.6299739159936,249.62997391599362,100,DOWN,2025-12-26
SKU0014,south,114,72.83266097009829,121.18223004190844,48.34956907181015,3,218.49798291029487,145.04870721543045,363.5466901257253,249.54669012572532,100,DOWN,2025-12-26
SKU0018,west,113,86.71540528598591,120.54678860950486,33.83138332351895,3,260.1462158579577,101.49414997055685,361.6403658285146,248.64036582851458,100,DOWN,2025-12-26
SKU0022,west,318,115.4302045196113,188.79200760205475,73.36180308244346,3,346.2906135588339,220.08540924733038,566.3760228061643,248.37602280616431,200,DOWN,2025-12-26
SKU0014,south,114,71.58085959543703,120.77689485894426,49.19603526350723,3,214.7425787863111,147.5881057905217,362.3306845768328,248.33068457683282,100,DOWN,2025-12-26
SKU0048,east,242,128.35841510332511,163.17012230126366,34.811707197938546,3,385.07524530997534,104.43512159381564,489.510366903791,247.510366903791,50,DOWN,2025-12-26
SKU0014,south,114,71.5411252081197,120.32355243745904,48.78242722933935,3,214.62337562435908,146.34728168801803,360.9706573123771,246.9706573123771,100,DOWN,2025-12-26
SKU0014,south,114,70.233171332356,119.82466596096506,49.59149462860907,3,210.69951399706798,148.7744838858272,359.4739978828952,245.47399788289522,100,DOWN,2025-12-26
SKU0010,east,223,127.84830647435464,156.09990595817925,28.251599483824606,3,383.5449194230639,84.75479845147382,468.2997178745377,245.2997178745377,100,DOWN,2025-12-26
SKU0007,west,187,92.9437831262092,108.06087830033027,15.117095174121076,4,371.7751325048368,60.4683806964843,432.2435132013211,245.2435132013211,100,DOWN,2025-12-26
SKU0014,south,114,69.56452765319958,119.53434663138938,49.96981897818981,3,208.69358295959873,149.90945693456942,358.60303989416815,244.60303989416815,100,DOWN,2025-12-26
SKU0014,south,114,69.19560108203365,119.52754485680263,50.33194377476899,3,207.58680324610094,150.99583132430695,358.5826345704079,244.5826345704079,100,DOWN,2025-12-26
SKU0014,south,114,68.22638705062442,119.2373811240434,51.01099407341897,3,204.67916115187327,153.0329822202569,357.7121433721302,243.71214337213019,100,DOWN,2025-12-26
SKU0007,west,187,92.4978559095494,107.61499658696556,15.11714067741616,4,369.9914236381976,60.46856270966464,430.45998634786224,243.45998634786224,100,DOWN,2025-12-26
SKU0007,south,229,102.9747115839272,118.11052103986734,15.135809455940134,4,411.8988463357088,60.543237823760535,472.44208415946935,243.44208415946935,100,DOWN,2025-12-26
SKU0044,north,348,116.5141001136879,147.81170319984807,31.297603086160166,4,466.0564004547516,125.19041234464066,591.2468127993923,243.24681279939227,100,DOWN,2025-12-26
SKU0044,north,348,115.07012555069016,147.66227714799828,32.59215159730812,4,460.28050220276066,130.36860638923247,590.6491085919931,242.64910859199313,100,DOWN,2025-12-26
SKU0014,south,114,68.19988954131492,118.87862409588764,50.67873455457273,3,204.59966862394475,152.0362036637182,356.63587228766295,242.63587228766295,100,DOWN,2025-12-26
SKU0014,south,114,67.03177973875435,118.36124825478188,51.32946851602753,3,201.09533921626306,153.9884055480826,355.0837447643456,241.08374476434562,100,DOWN,2025-12-26
SKU0044,north,348,117.63797313608744,147.2144457901277,29.576472654040273,4,470.55189254434976,118.3058906161611,588.8577831605108,240.85778316051085,100,DOWN,2025-12-26
SKU0044,north,348,115.22969555056773,147.15543514857848,31.92573959801075,4,460.9187822022709,127.702958392043,588.6217405943139,240.6217405943139,100,DOWN,2025-12-26
SKU0046,west,178,73.99300062875804,104.58298397625194,30.5899833474939,4,295.97200251503216,122.3599333899756,418.33193590500775,240.33193590500775,200,DOWN,2025-12-26
SKU0046,west,178,73.83482974705407,104.49201093747668,30.657181190422605,4,295.3393189882163,122.62872476169042,417.9680437499067,239.9680437499067,200,DOWN,2025-12-26
SKU0014,south,114,65.68709656122729,117.8960004886348,52.208903927407505,3,197.06128968368188,156.62671178222251,353.6880014659044,239.6880014659044,100,DOWN,2025-12-26
SKU0014,south,114,66.2096004074641,117.84445332418102,51.63485291671692,3,198.62880122239227,154.90455875015078,353.53335997254305,239.53335997254305,100,DOWN,2025-12-26
SKU0014,south,114,65.8635125169219,117.7913084293338,51.927795912411895,3,197.5905375507657,155.78338773723567,353.3739252880014,239.37392528800137,100,DOWN,2025-12-26
SKU0046,west,178,73.74692072853101,104.3299453580891,30.583024629558096,4,294.98768291412404,122.33209851823239,417.3197814323564,239.31978143235642,200,DOWN,2025-12-26
SKU0007,south,229,101.81645689922972,116.96059883635913,15.144141937129405,4,407.2658275969189,60.57656774851762,467.8423953454365,238.8423953454365,100,DOWN,2025-12-26
SKU0044,north,348,113.7905236092194,146.65698891794895,32.866465308729545,4,455.1620944368776,131.46586123491818,586.6279556717958,238.6279556717958,100,DOWN,2025-12-26
SKU0007,south,229,101.67414112047068,116.84793391550514,15.173792795034458,4,406.6965644818827,60.695171180137834,467.39173566202055,238.39173566202055,100,DOWN,2025-12-26
SKU0048,north,167,100.22374722231676,134.96058357428842,34.73683635197166,3,300.67124166695027,104.21050905591498,404.88175072286526,237.88175072286526,50,DOWN,2025-12-26
SKU0025,north,284,99.0408134187218,130.46995365741117,31.42914023868937,4,396.1632536748872,125.71656095475748,521.8798146296447,237.87981462964467,100,DOWN,2025-12-26
SKU0022,east,386,134.1679888045336,207.89094372182345,73.72295491728985,3,402.5039664136008,221.16886475186956,623.6728311654704,237.67283116547037,200,DOWN,2025-12-26
SKU0048,east,242,124.72980081841828,159.55195673949015,34.82215592107187,3,374.1894024552548,104.4664677632156,478.65587021847045,236.65587021847045,50,DOWN,2025-12-26
SKU0022,west,318,115.6222518154026,184.5235801604993,68.9013283450967,3,346.86675544620783,206.7039850352901,553.570740481498,235.57074048149798,200,DOWN,2025-12-26
SKU0022,west,318,116.72125586504276,184.5006015323594,67.77934566731665,3,350.1637675951283,203.33803700194994,553.5018045970783,235.50180459707826,200,DOWN,2025-12-26
SKU0046,west,178,72.75732680122144,103.36932524512072,30.61199844389928,4,291.02930720488575,122.44799377559713,413.4773009804829,235.47730098048288,200,DOWN,2025-12-26
SKU0022,east,386,139.916160910113,207.0985615132118,67.18240060309878,3,419.748482730339,201.54720180929635,621.2956845396353,235.29568453963532,200,DOWN,2025-12-26
SKU0025,north,284,98.763936537163,129.66733732669596,30.903400789532952,4,395.055746148652,123.61360315813181,518.6693493067838,234.66934930678383,100,DOWN,2025-12-26
SKU0007,south,229,100.75524319036457,115.879457430426,15.124214240061434,4,403.02097276145827,60.496856960245736,463.517829721704,234.517829721704,100,DOWN,2025-12-26
SKU0046,west,178,72.39468290616279,102.9643305905594,30.569647684396614,4,289.57873162465114,122.27859073758646,411.8573223622376,233.8573223622376,200,DOWN,2025-12-26
SKU0018,west,113,81.75093183409724,115.54343686626656,33.792505032169316,3,245.25279550229175,101.37751509650795,346.6303105987997,233.63031059879972,100,DOWN,2025-12-26
SKU0025,north,284,100.18008310067827,129.24923873400263,29.069155633324357,4,400.7203324027131,116.27662253329743,516.9969549360105,232.99695493601052,100,DOWN,2025-12-26
SKU0048,east,242,123.51703144788564,158.2894435404477,34.772412092562064,3,370.5510943436569,104.31723627768619,474.86833062134315,232.86833062134315,50,DOWN,2025-12-26
SKU0018,west,113,81.31787274164219,115.15817623051647,33.840303488874284,3,243.95361822492657,101.52091046662285,345.47452869154944,232.47452869154944,100,DOWN,2025-12-26
SKU0022,west,318,121.941377666266,183.31946645458373,61.378088788317726,3,365.824132998798,184.1342663649532,549.9583993637511,231.95839936375114,200,DOWN,2025-12-26
SKU0046,west,178,71.83920941670519,102.48341096940143,30.644201552696245,4,287.35683766682075,122.57680621078498,409.93364387760573,231.93364387760573,200,DOWN,2025-12-26
SKU0048,east,242,123.07474586577794,157.83792942369837,34.76318355792043,3,369.22423759733385,104.28955067376128,473.5137882710951,231.5137882710951,50,DOWN,2025-12-26
SKU0048,east,242,122.97196404564178,157.80483104515213,34.832866999510344,3,368.9158921369253,104.49860099853103,473.4144931354564,231.41449313545638,50,DOWN,2025-12-26
SKU0025,north,284,100.1399169226586,128.8493972107727,28.709480288114108,4,400.5596676906344,114.83792115245643,515.3975888430908,231.39758884309083,100,DOWN,2025-12-26
SKU0018,west,113,80.94982683254973,114.7730986676552,33.82327183510547,3,242.8494804976492,101.46981550531642,344.31929600296564,231.31929600296564,100,DOWN,2025-12-26
SKU0025,north,284,98.9076656339195,128.6108351026821,29.703169468762596,4,395.630662535678,118.81267787505038,514.4433404107284,230.4433404107284,100,DOWN,2025-12-26
SKU0046,west,178,71.39441289954854,102.05603592443278,30.661623024884236,4,285.57765159819417,122.64649209953694,408.2241436977311,230.2241436977311,200,DOWN,2025-12-26
SKU0048,east,242,122.3532836288784,157.1971305022405,34.8438468733621,3,367.0598508866352,104.53154062008629,471.5913915067215,229.5913915067215,50,DOWN,2025-12-26
SKU0048,east,242,122.1077861313252,156.9143653777149,34.80657924638969,3,366.3233583939756,104.41973773916907,470.74309613314466,228.74309613314466,50,DOWN,2025-12-26
SKU0022,west,318,123.55980482074848,182.03058229412312,58.47077747337464,3,370.67941446224546,175.4123324201239,546.0917468823693,228.0917468823693,200,DOWN,2025-12-26
SKU0022,west,318,116.10961428188108,182.0187543026743,65.90914002079322,3,348.32884284564324,197.72742006237965,546.0562629080229,228.05626290802286,200,DOWN,2025-12-26
SKU0044,north,348,114.75153427147512,143.96155270368527,29.21001843221015,4,459.0061370859005,116.8400737288406,575.8462108147411,227.84621081474108,100,DOWN,2025-12-26
SKU0022,west,318,109.09972953001196,181.6986558563936,72.59892632638164,3,327.2991885900359,217.79677897914493,545.0959675691809,227.09596756918086,200,DOWN,2025-12-26
SKU0025,north,284,96.64654717740768,127.73865858946628,31.0921114120586,4,386.58618870963073,124.3684456482344,510.95463435786513,226.95463435786513,100,DOWN,2025-12-26
SKU0046,west,178,70.45444218055013,101.07812016225976,30.623677981709633,4,281.8177687222005,122.49471192683853,404.31248064903906,226.31248064903906,200,DOWN,2025-12-26
SKU0007,south,229,98.61595358677788,113.80184717120436,15.18589358442648,4,394.4638143471115,60.74357433770592,455.20738868481743,226.20738868481743,100,DOWN,2025-12-26
SKU0048,east,242,121.16284403468325,155.9495362671392,34.78669223245595,3,363.48853210404974,104.36007669736784,467.8486088014176,225.84860880141758,50,DOWN,2025-12-26
SKU0022,west,318,110.77620864857413,181.1996052098853,70.42339656131118,3,332.32862594572237,211.27018968393355,543.598815629656,225.59881562965597,200,DOWN,2025-12-26
SKU0025,north,284,97.98703010557358,127.386442393574,29.39941228800042,4,391.9481204222943,117.59764915200168,509.545769574296,225.545769574296,100,DOWN,2025-12-26
SKU0044,north,348,113.41340483142034,143.33016590050178,29.916761069081446,4,453.65361932568135,119.66704427632578,573.3206636020071,225.32066360200713,100,DOWN,2025-12-26
SKU0022,west,318,117.29732233803318,181.0710545030663,63.773732165033124,3,351.8919670140996,191.32119649509937,543.2131635091989,225.21316350919892,200,DOWN,2025-12-26
SKU0046,west,178,70.18712353417848,100.7633711689726,30.576247634794115,4,280.74849413671393,122.30499053917646,403.0534846758904,225.0534846758904,200,DOWN,2025-12-26
SKU0022,west,318,118.27231254297932,180.5214713690267,62.24915882604738,3,354.816937628938,186.74747647814212,541.5644141070801,223.5644141070801,200,DOWN,2025-12-26
SKU0007,south,229,97.97209521574548,113.09121736539724,15.119122149651758,4,391.88838086298193,60.476488598607034,452.36486946158897,223.36486946158897,100,DOWN,2025-12-26
SKU0018,west,113,78.25429783046401,112.01776048743352,33.76346265696951,3,234.76289349139205,101.29038797090853,336.05328146230056,223.05328146230056,100,DOWN,2025-12-26
SKU0048,east,242,120.09641398379912,154.93473691368,34.83832292988089,3,360.28924195139734,104.51496878964267,464.80421074104004,222.80421074104004,50,DOWN,2025-12-26
SKU0018,south,168,96.15060645267523,129.92712755118316,33.77652109850793,3,288.4518193580257,101.32956329552378,389.7813826535495,221.78138265354949,100,DOWN,2025-12-26
SKU0022,east,386,135.96646280565977,202.52600556124364,66.55954275558386,3,407.8993884169793,199.6786282667516,607.5780166837309,221.57801668373088,200,DOWN,2025-12-26
SKU0018,west,113,77.64138796112873,111.4915005484003,33.85011258727157,3,232.9241638833862,101.5503377618147,334.4745016452009,221.47450164520092,100,DOWN,2025-12-26
SKU0018,west,113,77.68288313074305,111.44263353717376,33.75975040643071,3,233.04864939222915,101.27925121929214,334.3279006115213,221.32790061152127,100,DOWN,2025-12-26
SKU0018,south,168,95.97060813846124,129.77369915429892,33.80309101583768,3,287.91182441538376,101.40927304751304,389.3210974628968,221.32109746289677,100,DOWN,2025-12-26
SKU0007,south,229,97.36222071870196,112.48500056324228,15.122779844540318,4,389.44888287480785,60.49111937816127,449.9400022529691,220.94000225296912,100,DOWN,2025-12-26
SKU0048,east,242,119.374362700115,154.15147581498528,34.777113114870275,3,358.123088100345,104.33133934461083,462.45442744495585,220.45442744495585,50,DOWN,2025-12-26
SKU0044,north,348,109.59882346255182,142.04014468597853,32.44132122342671,4,438.3952938502073,129.76528489370685,568.1605787439141,220.16057874391413,100,DOWN,2025-12-26
SKU0022,east,386,130.24405859545672,202.0217133579916,71.77765476253487,3,390.73217578637014,215.3329642876046,606.0651400739747,220.0651400739747,200,DOWN,2025-12-26
SKU0018,west,113,77.11533872656854,110.92452792398626,33.80918919741772,3,231.3460161797056,101.42756759225317,332.7735837719588,219.77358377195878,100,DOWN,2025-12-26
SKU0018,south,168,95.43847260656798,129.2184381828001,33.779965576232115,3,286.31541781970395,101.33989672869635,387.65531454840027,219.65531454840027,100,DOWN,2025-12-26
SKU0025,north,284,95.77630361773124,125.75927141192872,29.982967794197478,4,383.105214470925,119.93187117678991,503.0370856477149,219.0370856477149,100,DOWN,2025-12-26
SKU0025,north,284,95.00576740545029,125.70537135832096,30.699603952870675,4,380.02306962180114,122.7984158114827,502.82148543328384,218.82148543328384,100,DOWN,2025-12-26
SKU0007,south,229,96.81446352760366,111.93255404675516,15.118090519151494,4,387.25785411041466,60.472362076605975,447.73021618702063,218.73021618702063,100,DOWN,2025-12-26
SKU0048,east,242,118.64743499451156,153.443947290988,34.79651229647645,3,355.94230498353465,104.38953688942935,460.331841872964,218.331841872964,50,DOWN,2025-12-26
SKU0025,north,284,93.24600225218296,125.43192131320151,32.18591906101855,4,372.98400900873185,128.7436762440742,501.72768525280605,217.72768525280605,100,DOWN,2025-12-26
SKU0044,north,348,112.61371955166008,141.4284939870265,28.81477443536643,4,450.45487820664033,115.25909774146572,565.713975948106,217.71397594810605,100,DOWN,2025-12-26
SKU0046,west,178,68.23953234027258,98.83666092756091,30.59712858728834,4,272.9581293610903,122.38851434915335,395.34664371024365,217.34664371024365,200,DOWN,2025-12-26
SKU0022,east,386,128.89049802814736,201.08643113017075,72.19593310202339,3,386.6714940844421,216.58779930607017,603.2592933905123,217.2592933905123,200,DOWN,2025-12-26
SKU0048,east,242,118.26385363912588,153.05542541732666,34.791571778200776,3,354.79156091737764,104.37471533460233,459.16627625198,217.16627625197998,50,DOWN,2025-12-26
SKU0010,east,223,117.9270305689536,146.2157551582647,28.2887245893111,3,353.7810917068608,84.8661737679333,438.64726547479415,215.64726547479415,100,DOWN,2025-12-26
SKU0048,east,242,117.59618565563416,152.34158675076338,34.745401095129225,3,352.7885569669025,104.23620328538767,457.02476025229015,215.02476025229015,50,DOWN,2025-12-26
SKU0025,north,284,94.22660837480136,124.4676424725345,30.241034097733134,4,376.90643349920543,120.96413639093254,497.870569890138,213.87056989013797,100,DOWN,2025-12-26
SKU0018,west,113,75.07990045155944,108.84785499834167,33.767954546782235,3,225.23970135467832,101.3038636403467,326.543564995025,213.543564995025,100,DOWN,2025-12-26
SKU0025,north,284,92.75599404127286,124.33559315581532,31.57959911454246,4,371.0239761650914,126.31839645816984,497.34237262326127,213.34237262326127,100,DOWN,2025-12-26
SKU0048,east,242,116.90718434223066,151.75661525267233,34.84943091044167,3,350.721553026692,104.548292731325,455.269845758017,213.26984575801703,50,DOWN,2025-12-26
SKU0007,south,229,95.44114483892032,110.56138724318792,15.1202424042676,4,381.7645793556813,60.4809696170704,442.2455489727517,213.2455489727517,100,DOWN,2025-12-26
SKU0046,west,178,67.1534939856636,97.73997496171827,30.586480976054673,4,268.6139759426544,122.3459239042187,390.9598998468731,212.9598998468731,200,DOWN,2025-12-26
SKU0022,west,318,108.6017634666464,176.95363053863872,68.35186707199232,3,325.8052903999392,205.05560121597694,530.8608916159162,212.86089161591622,200,DOWN,2025-12-26
SKU0046,west,178,66.90219557068741,97.5029682566454,30.600772685957992,4,267.60878228274964,122.40309074383197,390.0118730265816,212.0118730265816,200,DOWN,2025-12-26
SKU0018,west,113,74.37366187600857,108.1351800059467,33.761518129938125,3,223.12098562802572,101.28455438981437,324.4055400178401,211.4055400178401,100,DOWN,2025-12-26
SKU0044,north,348,106.29811356899756,139.7169918514821,33.41887828248454,4,425.19245427599026,133.67551312993817,558.8679674059284,210.86796740592843,100,DOWN,2025-12-26
SKU0018,south,168,92.10740006224304,125.88078966972398,33.77338960748094,3,276.3222001867291,101.32016882244281,377.64236900917194,209.64236900917194,100,DOWN,2025-12-26
SKU0044,north,348,106.3328408249072,139.3239977436017,32.9911569186945,4,425.3313632996288,131.964627674778,557.2959909744068,209.29599097440678,100,DOWN,2025-12-26
SKU0046,west,178,66.01747270679456,96.63720599043222,30.619733283637657,4,264.06989082717826,122.47893313455063,386.5488239617289,208.54882396172889,200,DOWN,2025-12-26
SKU0018,south,168,91.72747123492552,125.51539274109564,33.78792150617012,3,275.18241370477654,101.36376451851037,376.5461782232869,208.54617822328692,100,DOWN,2025-12-26
SKU0046,west,178,66.0453640706597,96.61828988752907,30.572925816869372,4,264.1814562826388,122.29170326747749,386.4731595501163,208.4731595501163,200,DOWN,2025-12-26
SKU0025,north,284,92.53757282077169,123.0169051296232,30.47933230885151,4,370.15029128308674,121.91732923540604,492.0676205184928,208.0676205184928,100,DOWN,2025-12-26
SKU0048,east,242,115.07288421723204,149.80551751593035,34.7326332986983,3,345.2186526516961,104.19789989609491,449.416552547791,207.416552547791,50,DOWN,2025-12-26
SKU0022,east,386,126.30560932227758,197.64895597058185,71.34334664830428,3,378.9168279668327,214.03003994491283,592.9468679117456,206.94686791174558,200,DOWN,2025-12-26
SKU0048,east,242,114.79461811481868,149.55327276009925,34.75865464528057,3,344.38385434445604,104.27596393584172,448.65981828029777,206.65981828029777,50,DOWN,2025-12-26
SKU0010,east,223,114.67069841687592,142.9342948370972,28.26359642022129,3,344.0120952506278,84.79078926066387,428.80288451129167,205.80288451129167,100,DOWN,2025-12-26
SKU0018,south,168,90.66127837169354,124.4318210724316,33.77054270073806,3,271.98383511508064,101.31162810221419,373.2954632172948,205.2954632172948,100,DOWN,2025-12-26
SKU0018,west,113,72.04768129154093,105.8132829449867,33.76560165344577,3,216.14304387462278,101.29680496033731,317.4398488349601,204.43984883496012,100,DOWN,2025-12-26
SKU0046,south,256,84.29630860086746,114.9321379275535,30.635829326686036,4,337.18523440346985,122.54331730674414,459.728551710214,203.728551710214,200,DOWN,2025-12-26
SKU0022,north,420,134.1679888045336,207.89094372182345,73.72295491728985,3,402.5039664136008,221.16886475186956,623.6728311654704,203.67283116547037,200,DOWN,2025-12-26
SKU0048,east,242,113.73740855412925,148.47850062207138,34.741092067942134,3,341.2122256623877,104.2232762038264,445.4355018662141,203.4355018662141,50,DOWN,2025-12-26
SKU0046,south,256,84.17795501651736,114.84407877135187,30.666123754834516,4,336.71182006606944,122.66449501933806,459.3763150854075,203.3763150854075,200,DOWN,2025-12-26
SKU0007,south,229,92.9437831262092,108.06087830033027,15.117095174121076,4,371.7751325048368,60.4683806964843,432.2435132013211,203.2435132013211,100,DOWN,2025-12-26
SKU0044,north,348,104.67578608800072,137.78405296893771,33.108266880936995,4,418.7031443520029,132.43306752374798,551.1362118757509,203.13621187575086,100,DOWN,2025-12-26
SKU0018,south,168,89.67048760146726,123.53138637417808,33.860898772710826,3,269.0114628044018,101.58269631813248,370.5941591225343,202.59415912253428,100,DOWN,2025-12-26
SKU0048,east,242,113.28443585243792,148.08595038647005,34.80151453403212,3,339.85330755731377,104.40454360209637,444.25785115941017,202.25785115941017,50,DOWN,2025-12-26
SKU0022,west,318,113.90810693714276,173.40152697256462,59.49342003542186,3,341.7243208114283,178.48026010626558,520.2045809176939,202.20458091769387,200,DOWN,2025-12-26
SKU0018,south,168,89.57710212910844,123.3929980903498,33.81589596124137,3,268.73130638732533,101.4476878837241,370.1789942710494,202.17899427104942,100,DOWN,2025-12-26
SKU0048,east,242,113.18597359843464,147.94015531427914,34.754181715844496,3,339.5579207953039,104.26254514753349,443.8204659428374,201.82046594283742,50,DOWN,2025-12-26
SKU0007,south,229,92.4978559095494,107.61499658696556,15.11714067741616,4,369.9914236381976,60.46856270966464,430.45998634786224,201.45998634786224,100,DOWN,2025-12-26
SKU0022,north,420,139.916160910113,207.0985615132118,67.18240060309878,3,419.748482730339,201.54720180929635,621.2956845396353,201.29568453963532,200,DOWN,2025-12-26
SKU0022,north,420,123.55980482074848,182.03058229412312,58.47077747337464,3,370.67941446224546,175.4123324201239,546.0917468823693,200.0,200,DOWN,2025-12-26
SKU0022,east,386,123.55980482074848,182.03058229412312,58.47077747337464,3,370.67941446224546,175.4123324201239,546.0917468823693,200.0,200,DOWN,2025-12-26
SKU0022,north,420,113.90810693714276,173.40152697256462,59.49342003542186,3,341.7243208114283,178.48026010626558,520.2045809176939,200.0,200,DOWN,2025-12-26
SKU0022,east,386,113.90810693714276,173.40152697256462,59.49342003542186,3,341.7243208114283,178.48026010626558,520.2045809176939,200.0,200,DOWN,2025-12-26
SKU0022,north,420,109.39324013956168,169.8541345589292,60.460894419367506,3,328.17972041868506,181.38268325810253,509.5624036767876,200.0,200,DOWN,2025-12-26
SKU0022,west,318,109.39324013956168,169.8541345589292,60.460894419367506,3,328.17972041868506,181.38268325810253,509.5624036767876,200.0,200,DOWN,2025-12-26
SKU0022,east,386,109.39324013956168,169.8541345589292,60.460894419367506,3,328.17972041868506,181.38268325810253,509.5624036767876,200.0,200,DOWN,2025-12-26
SKU0022,north,420,121.941377666266,183.31946645458373,61.378088788317726,3,365.824132998798,184.1342663649532,549.9583993637511,200.0,200,DOWN,2025-12-26
SKU0022,east,386,121.941377666266,183.31946645458373,61.378088788317726,3,365.824132998798,184.1342663649532,549.9583993637511,200.0,200,DOWN,2025-12-26
SKU0022,north,420,118.27231254297932,180.5214713690267,62.24915882604738,3,354.816937628938,186.74747647814212,541.5644141070801,200.0,200,DOWN,2025-12-26
SKU0022,east,386,118.27231254297932,180.5214713690267,62.24915882604738,3,354.816937628938,186.74747647814212,541.5644141070801,200.0,200,DOWN,2025-12-26
SKU0022,north,420,127.616776380139,190.6099276952445,62.99315131510549,3,382.850329140417,188.9794539453165,571.8297830857334,200.0,200,DOWN,2025-12-26
SKU0022,east,386,127.616776380139,190.6099276952445,62.99315131510549,3,382.850329140417,188.9794539453165,571.8297830857334,200.0,200,DOWN,2025-12-26
SKU0022,north,420,117.29732233803318,181.0710545030663,63.773732165033124,3,351.8919670140996,191.32119649509937,543.2131635091989,200.0,200,DOWN,2025-12-26
SKU0022,east,386,117.29732233803318,181.0710545030663,63.773732165033124,3,351.8919670140996,191.32119649509937,543.2131635091989,200.0,200,DOWN,2025-12-26
SKU0022,north,420,128.9133263942303,193.43165465981184,64.51832826558154,3,386.7399791826909,193.55498479674463,580.2949639794356,200.0,200,DOWN,2025-12-26
SKU0022,east,386,128.9133263942303,193.43165465981184,64.51832826558154,3,386.7399791826909,193.55498479674463,580.2949639794356,200.0,200,DOWN,2025-12-26
SKU0022,north,420,124.82249957272732,190.0518961907221,65.22939661799477,3,374.46749871818196,195.68818985398428,570.1556885721662,200.0,200,DOWN,2025-12-26
SKU0022,east,386,124.82249957272732,190.0518961907221,65.22939661799477,3,374.46749871818196,195.68818985398428,570.1556885721662,200.0,200,DOWN,2025-12-26
SKU0022,north,420,116.10961428188108,182.0187543026743,65.90914002079322,3,348.32884284564324,197.72742006237965,546.0562629080229,200.0,200,DOWN,2025-12-26
SKU0022,east,386,116.10961428188108,182.0187543026743,65.90914002079322,3,348.32884284564324,197.72742006237965,546.0562629080229,200.0,200,DOWN,2025-12-26
SKU0022,north,420,135.96646280565977,202.52600556124364,66.55954275558386,3,407.8993884169793,199.6786282667516,607.5780166837309,200.0,200,DOWN,2025-12-26
SKU0022,north,420,116.72125586504276,184.5006015323594,67.77934566731665,3,350.1637675951283,203.33803700194994,553.5018045970783,200.0,200,DOWN,2025-12-26
SKU0022,east,386,116.72125586504276,184.5006015323594,67.77934566731665,3,350.1637675951283,203.33803700194994,553.5018045970783,200.0,200,DOWN,2025-12-26
SKU0022,north,420,108.6017634666464,176.95363053863872,68.35186707199232,3,325.8052903999392,205.05560121597694,530.8608916159162,200.0,200,DOWN,2025-12-26
SKU0022,east,386,108.6017634666464,176.95363053863872,68.35186707199232,3,325.8052903999392,205.05560121597694,530.8608916159162,200.0,200,DOWN,2025-12-26
SKU0022,north,420,115.6222518154026,184.5235801604993,68.9013283450967,3,346.86675544620783,206.7039850352901,553.570740481498,200.0,200,DOWN,2025-12-26
SKU0022,east,386,115.6222518154026,184.5235801604993,68.9013283450967,3,346.86675544620783,206.7039850352901,553.570740481498,200.0,200,DOWN,2025-12-26
SKU0022,north,420,124.58976546143892,194.0187475835978,69.42898212215887,3,373.76929638431676,208.28694636647663,582.0562427507934,200.0,200,DOWN,2025-12-26
SKU0022,east,386,124.58976546143892,194.0187475835978,69.42898212215887,3,373.76929638431676,208.28694636647663,582.0562427507934,200.0,200,DOWN,2025-12-26
SKU0022,north,420,122.59111963789005,192.5271022995313,69.93598266164125,3,367.7733589136701,209.80794798492374,577.5813068985939,200.0,200,DOWN,2025-12-26
SKU0022,east,386,122.59111963789005,192.5271022995313,69.93598266164125,3,367.7733589136701,209.80794798492374,577.5813068985939,200.0,200,DOWN,2025-12-26
SKU0022,north,420,110.77620864857413,181.1996052098853,70.42339656131118,3,332.32862594572237,211.27018968393355,543.598815629656,200.0,200,DOWN,2025-12-26
SKU0022,east,386,110.77620864857413,181.1996052098853,70.42339656131118,3,332.32862594572237,211.27018968393355,543.598815629656,200.0,200,DOWN,2025-12-26
SKU0022,north,420,123.19190916519489,194.0841211502517,70.8922119850568,3,369.57572749558466,212.6766359551704,582.2523634507551,200.0,200,DOWN,2025-12-26
SKU0022,east,386,123.19190916519489,194.0841211502517,70.8922119850568,3,369.57572749558466,212.6766359551704,582.2523634507551,200.0,200,DOWN,2025-12-26
SKU0022,north,420,126.30560932227758,197.64895597058185,71.34334664830428,3,378.9168279668327,214.03003994491283,592.9468679117456,200.0,200,DOWN,2025-12-26
SKU0022,north,420,130.24405859545672,202.0217133579916,71.77765476253487,3,390.73217578637014,215.3329642876046,606.0651400739747,200.0,200,DOWN,2025-12-26
SKU0022,north,420,128.89049802814736,201.08643113017075,72.19593310202339,3,386.6714940844421,216.58779930607017,603.2592933905123,200.0,200,DOWN,2025-12-26
SKU0022,north,420,109.09972953001196,181.6986558563936,72.59892632638164,3,327.2991885900359,217.79677897914493,545.0959675691809,200.0,200,DOWN,2025-12-26
SKU0022,east,386,109.09972953001196,181.6986558563936,72.59892632638164,3,327.2991885900359,217.79677897914493,545.0959675691809,200.0,200,DOWN,2025-12-26
SKU0022,north,420,120.51085645256222,193.49818812153944,72.98733166897722,3,361.53256935768667,218.96199500693166,580.4945643646183,200.0,200,DOWN,2025-12-26
SKU0022,east,386,120.51085645256222,193.49818812153944,72.98733166897722,3,361.53256935768667,218.96199500693166,580.4945643646183,200.0,200,DOWN,2025-12-26
SKU0022,north,420,115.4302045196113,188.79200760205475,73.36180308244346,3,346.2906135588339,220.08540924733038,566.3760228061643,200.0,200,DOWN,2025-12-26
SKU0022,east,386,115.4302045196113,188.79200760205475,73.36180308244346,3,346.2906135588339,220.08540924733038,566.3760228061643,200.0,200,DOWN,2025-12-26
SKU0046,north,350,84.17795501651736,114.84407877135187,30.666123754834516,4,336.71182006606944,122.66449501933806,459.3763150854075,200.0,200,DOWN,2025-12-26
SKU0046,east,354,84.17795501651736,114.84407877135187,30.666123754834516,4,336.71182006606944,122.66449501933806,459.3763150854075,200.0,200,DOWN,2025-12-26
SKU0046,north,350,71.39441289954854,102.05603592443278,30.661623024884236,4,285.57765159819417,122.64649209953694,408.2241436977311,200.0,200,DOWN,2025-12-26
SKU0046,east,354,71.39441289954854,102.05603592443278,30.661623024884236,4,285.57765159819417,122.64649209953694,408.2241436977311,200.0,200,DOWN,2025-12-26
SKU0046,south,256,71.39441289954854,102.05603592443278,30.661623024884236,4,285.57765159819417,122.64649209953694,408.2241436977311,200.0,200,DOWN,2025-12-26
SKU0046,north,350,73.83482974705407,104.49201093747668,30.657181190422605,4,295.3393189882163,122.62872476169042,417.9680437499067,200.0,200,DOWN,2025-12-26
SKU0046,east,354,73.83482974705407,104.49201093747668,30.657181190422605,4,295.3393189882163,122.62872476169042,417.9680437499067,200.0,200,DOWN,2025-12-26
SKU0046,south,256,73.83482974705407,104.49201093747668,30.657181190422605,4,295.3393189882163,122.62872476169042,417.9680437499067,200.0,200,DOWN,2025-12-26
SKU0046,north,350,80.62741030301697,111.28020779974496,30.652797496727985,4,322.5096412120679,122.61118998691194,445.12083119897983,200.0,200,DOWN,2025-12-26
SKU0046,east,354,80.62741030301697,111.28020779974496,30.652797496727985,4,322.5096412120679,122.61118998691194,445.12083119897983,200.0,200,DOWN,2025-12-26
SKU0046,south,256,80.62741030301697,111.28020779974496,30.652797496727985,4,322.5096412120679,122.61118998691194,445.12083119897983,200.0,200,DOWN,2025-12-26
SKU0046,north,350,81.41177069394827,112.06024189070249,30.648471196754215,4,325.6470827757931,122.59388478701686,448.24096756280994,200.0,200,DOWN,2025-12-26
SKU0046,east,354,81.41177069394827,112.06024189070249,30.648471196754215,4,325.6470827757931,122.59388478701686,448.24096756280994,200.0,200,DOWN,2025-12-26
SKU0046,south,256,81.41177069394827,112.06024189070249,30.648471196754215,4,325.6470827757931,122.59388478701686,448.24096756280994,200.0,200,DOWN,2025-12-26
SKU0046,north,350,71.83920941670519,102.48341096940143,30.644201552696245,4,287.35683766682075,122.57680621078498,409.93364387760573,200.0,200,DOWN,2025-12-26
SKU0046,east,354,71.83920941670519,102.48341096940143,30.644201552696245,4,287.35683766682075,122.57680621078498,409.93364387760573,200.0,200,DOWN,2025-12-26
SKU0046,south,256,71.83920941670519,102.48341096940143,30.644201552696245,4,287.35683766682075,122.57680621078498,409.93364387760573,200.0,200,DOWN,2025-12-26
SKU0046,north,350,76.97892939752268,107.6189172334083,30.63998783588562,4,307.9157175900907,122.55995134354248,430.4756689336332,200.0,200,DOWN,2025-12-26
SKU0046,east,354,76.97892939752268,107.6189172334083,30.63998783588562,4,307.9157175900907,122.55995134354248,430.4756689336332,200.0,200,DOWN,2025-12-26
SKU0046,south,256,76.97892939752268,107.6189172334083,30.63998783588562,4,307.9157175900907,122.55995134354248,430.4756689336332,200.0,200,DOWN,2025-12-26
SKU0046,north,350,84.29630860086746,114.9321379275535,30.635829326686036,4,337.18523440346985,122.54331730674414,459.728551710214,200.0,200,DOWN,2025-12-26
SKU0046,east,354,84.29630860086746,114.9321379275535,30.635829326686036,4,337.18523440346985,122.54331730674414,459.728551710214,200.0,200,DOWN,2025-12-26
SKU0046,north,350,79.46601867789536,110.0977439922854,30.63172531439004,4,317.86407471158145,122.52690125756016,440.3909759691416,200.0,200,DOWN,2025-12-26
SKU0046,east,354,79.46601867789536,110.0977439922854,30.63172531439004,4,317.86407471158145,122.52690125756016,440.3909759691416,200.0,200,DOWN,2025-12-26
SKU0046,south,256,79.46601867789536,110.0977439922854,30.63172531439004,4,317.86407471158145,122.52690125756016,440.3909759691416,200.0,200,DOWN,2025-12-26
SKU0046,north,350,78.22018059413702,108.8478556912536,30.62767509711658,4,312.8807223765481,122.51070038846632,435.3914227650144,200.0,200,DOWN,2025-12-26
SKU0046,east,354,78.22018059413702,108.8478556912536,30.62767509711658,4,312.8807223765481,122.51070038846632,435.3914227650144,200.0,200,DOWN,2025-12-26
SKU0046,south,256,78.22018059413702,108.8478556912536,30.62767509711658,4,312.8807223765481,122.51070038846632,435.3914227650144,200.0,200,DOWN,2025-12-26
SKU0046,north,350,70.45444218055013,101.07812016225976,30.623677981709633,4,281.8177687222005,122.49471192683853,404.31248064903906,200.0,200,DOWN,2025-12-26
SKU0046,east,354,70.45444218055013,101.07812016225976,30.623677981709633,4,281.8177687222005,122.49471192683853,404.31248064903906,200.0,200,DOWN,2025-12-26
SKU0046,south,256,70.45444218055013,101.07812016225976,30.623677981709633,4,281.8177687222005,122.49471192683853,404.31248064903906,200.0,200,DOWN,2025-12-26
SKU0046,north,350,66.01747270679456,96.63720599043222,30.619733283637657,4,264.06989082717826,122.47893313455063,386.5488239617289,200.0,200,DOWN,2025-12-26
SKU0046,east,354,66.01747270679456,96.63720599043222,30.619733283637657,4,264.06989082717826,122.47893313455063,386.5488239617289,200.0,200,DOWN,2025-12-26
SKU0046,south,256,66.01747270679456,96.63720599043222,30.619733283637657,4,264.06989082717826,122.47893313455063,386.5488239617289,200.0,200,DOWN,2025-12-26
SKU0046,north,350,80.64135403640977,111.25719436330402,30.615840326894258,4,322.56541614563906,122.46336130757703,445.0287774532161,200.0,200,DOWN,2025-12-26
SKU0046,east,354,80.64135403640977,111.25719436330402,30.615840326894258,4,322.56541614563906,122.46336130757703,445.0287774532161,200.0,200,DOWN,2025-12-26
SKU0046,south,256,80.64135403640977,111.25719436330402,30.615840326894258,4,322.56541614563906,122.46336130757703,445.0287774532161,200.0,200,DOWN,2025-12-26
SKU0046,north,350,72.75732680122144,103.36932524512072,30.61199844389928,4,291.02930720488575,122.44799377559713,413.4773009804829,200.0,200,DOWN,2025-12-26
SKU0046,east,354,72.75732680122144,103.36932524512072,30.61199844389928,4,291.02930720488575,122.44799377559713,413.4773009804829,200.0,200,DOWN,2025-12-26
SKU0046,south,256,72.75732680122144,103.36932524512072,30.61199844389928,4,291.02930720488575,122.44799377559713,413.4773009804829,200.0,200,DOWN,2025-12-26
SKU0046,north,350,78.56205067417575,109.17025764957734,30.608206975401586,4,314.248202696703,122.43282790160634,436.68103059830935,200.0,200,DOWN,2025-12-26
SKU0046,east,354,78.56205067417575,109.17025764957734,30.608206975401586,4,314.248202696703,122.43282790160634,436.68103059830935,200.0,200,DOWN,2025-12-26
SKU0046,south,256,78.56205067417575,109.17025764957734,30.608206975401586,4,314.248202696703,122.43282790160634,436.68103059830935,200.0,200,DOWN,2025-12-26
SKU0046,north,350,76.43981359474618,107.0442788651282,30.604465270382022,4,305.75925437898474,122.41786108152809,428.1771154605128,200.0,200,DOWN,2025-12-26
SKU0046,east,354,76.43981359474618,107.0442788651282,30.604465270382022,4,305.75925437898474,122.41786108152809,428.1771154605128,200.0,200,DOWN,2025-12-26
SKU0046,south,256,76.43981359474618,107.0442788651282,30.604465270382022,4,305.75925437898474,122.41786108152809,428.1771154605128,200.0,200,DOWN,2025-12-26
SKU0046,north,350,66.90219557068741,97.5029682566454,30.600772685957992,4,267.60878228274964,122.40309074383197,390.0118730265816,200.0,200,DOWN,2025-12-26
SKU0046,east,354,66.90219557068741,97.5029682566454,30.600772685957992,4,267.60878228274964,122.40309074383197,390.0118730265816,200.0,200,DOWN,2025-12-26
SKU0046,south,256,66.90219557068741,97.5029682566454,30.600772685957992,4,267.60878228274964,122.40309074383197,390.0118730265816,200.0,200,DOWN,2025-12-26
SKU0046,north,350,68.23953234027258,98.83666092756091,30.59712858728834,4,272.9581293610903,122.38851434915335,395.34664371024365,200.0,200,DOWN,2025-12-26
SKU0046,east,354,68.23953234027258,98.83666092756091,30.59712858728834,4,272.9581293610903,122.38851434915335,395.34664371024365,200.0,200,DOWN,2025-12-26
SKU0046,south,256,68.23953234027258,98.83666092756091,30.59712858728834,4,272.9581293610903,122.38851434915335,395.34664371024365,200.0,200,DOWN,2025-12-26
SKU0046,north,350,77.63788530244369,108.23141764992354,30.59353234747985,4,310.55154120977477,122.3741293899194,432.9256705996942,200.0,200,DOWN,2025-12-26
SKU0046,east,354,77.63788530244369,108.23141764992354,30.59353234747985,4,310.55154120977477,122.3741293899194,432.9256705996942,200.0,200,DOWN,2025-12-26
SKU0046,south,256,77.63788530244369,108.23141764992354,30.59353234747985,4,310.55154120977477,122.3741293899194,432.9256705996942,200.0,200,DOWN,2025-12-26
SKU0046,north,350,73.99300062875804,104.58298397625194,30.5899833474939,4,295.97200251503216,122.3599333899756,418.33193590500775,200.0,200,DOWN,2025-12-26
SKU0046,east,354,73.99300062875804,104.58298397625194,30.5899833474939,4,295.97200251503216,122.3599333899756,418.33193590500775,200.0,200,DOWN,2025-12-26
SKU0046,south,256,73.99300062875804,104.58298397625194,30.5899833474939,4,295.97200251503216,122.3599333899756,418.33193590500775,200.0,200,DOWN,2025-12-26
SKU0046,north,350,67.1534939856636,97.73997496171827,30.586480976054673,4,268.6139759426544,122.3459239042187,390.9598998468731,200.0,200,DOWN,2025-12-26
SKU0046,east,354,67.1534939856636,97.73997496171827,30.586480976054673,4,268.6139759426544,122.3459239042187,390.9598998468731,200.0,200,DOWN,2025-12-26
SKU0046,south,256,67.1534939856636,97.73997496171827,30.586480976054673,4,268.6139759426544,122.3459239042187,390.9598998468731,200.0,200,DOWN,2025-12-26
SKU0046,north,350,73.74692072853101,104.3299453580891,30.583024629558096,4,294.98768291412404,122.33209851823239,417.3197814323564,200.0,200,DOWN,2025-12-26
SKU0046,east,354,73.74692072853101,104.3299453580891,30.583024629558096,4,294.98768291412404,122.33209851823239,417.3197814323564,200.0,200,DOWN,2025-12-26
SKU0046,south,256,73.74692072853101,104.3299453580891,30.583024629558096,4,294.98768291412404,122.33209851823239,417.3197814323564,200.0,200,DOWN,2025-12-26
SKU0046,north,350,77.91311989077653,108.49273360275797,30.579613711981438,4,311.6524795631061,122.31845484792575,433.97093441103186,200.0,200,DOWN,2025-12-26
SKU0046,east,354,77.91311989077653,108.49273360275797,30.579613711981438,4,311.6524795631061,122.31845484792575,433.97093441103186,200.0,200,DOWN,2025-12-26
SKU0046,south,256,77.91311989077653,108.49273360275797,30.579613711981438,4,311.6524795631061,122.31845484792575,433.97093441103186,200.0,200,DOWN,2025-12-26
SKU0046,north,350,70.18712353417848,100.7633711689726,30.576247634794115,4,280.74849413671393,122.30499053917646,403.0534846758904,200.0,200,DOWN,2025-12-26
SKU0046,east,354,70.18712353417848,100.7633711689726,30.576247634794115,4,280.74849413671393,122.30499053917646,403.0534846758904,200.0,200,DOWN,2025-12-26
SKU0046,south,256,70.18712353417848,100.7633711689726,30.576247634794115,4,280.74849413671393,122.30499053917646,403.0534846758904,200.0,200,DOWN,2025-12-26
SKU0046,north,350,66.0453640706597,96.61828988752907,30.572925816869372,4,264.1814562826388,122.29170326747749,386.4731595501163,200.0,200,DOWN,2025-12-26
SKU0046,east,354,66.0453640706597,96.61828988752907,30.572925816869372,4,264.1814562826388,122.29170326747749,386.4731595501163,200.0,200,DOWN,2025-12-26
SKU0046,south,256,66.0453640706597,96.61828988752907,30.572925816869372,4,264.1814562826388,122.29170326747749,386.4731595501163,200.0,200,DOWN,2025-12-26
SKU0046,north,350,72.39468290616279,102.9643305905594,30.569647684396614,4,289.57873162465114,122.27859073758646,411.8573223622376,200.0,200,DOWN,2025-12-26
SKU0046,east,354,72.39468290616279,102.9643305905594,30.569647684396614,4,289.57873162465114,122.27859073758646,411.8573223622376,200.0,200,DOWN,2025-12-26
SKU0046,south,256,72.39468290616279,102.9643305905594,30.569647684396614,4,289.57873162465114,122.27859073758646,411.8573223622376,200.0,200,DOWN,2025-12-26
SKU0025,north,284,88.9952005628692,120.71448180067529,31.719281237806086,4,355.9808022514768,126.87712495122435,482.85792720270115,198.85792720270115,100,DOWN,2025-12-26
SKU0025,north,284,89.4163574752768,120.68334062026776,31.26698314499096,4,357.6654299011072,125.06793257996384,482.733362481071,198.73336248107103,100,DOWN,2025-12-26
SKU0018,south,168,88.32294900551257,122.10670327372354,33.78375426821097,3,264.9688470165377,101.35126280463291,366.3201098211706,198.3201098211706,100,DOWN,2025-12-26
SKU0025,north,284,88.35577071375546,120.43744723666026,32.0816765229048,4,353.42308285502185,128.3267060916192,481.74978894664105,197.74978894664105,100,DOWN,2025-12-26
SKU0018,south,168,87.64569017037377,121.4432365048378,33.79754633446403,3,262.9370705111213,101.39263900339209,364.3297095145134,196.3297095145134,100,DOWN,2025-12-26
SKU0048,east,242,111.1627625442206,145.99024081084812,34.82747826662752,3,333.4882876326618,104.48243479988257,437.9707224325444,195.9707224325444,50,DOWN,2025-12-26
SKU0044,north,348,102.61218203066665,135.93386772303631,33.32168569236967,4,410.4487281226666,133.28674276947868,543.7354708921453,195.73547089214526,100,DOWN,2025-12-26
SKU0010,west,273,127.84830647435464,156.09990595817925,28.251599483824606,3,383.5449194230639,84.75479845147382,468.2997178745377,195.2997178745377,100,DOWN,2025-12-26
SKU0018,south,168,87.0493401867033,120.92211641429547,33.87277622759217,3,261.1480205601099,101.61832868277651,362.7663492428864,194.7663492428864,100,DOWN,2025-12-26
SKU0018,west,113,69.95933799604765,102.55642023593084,32.59708223988319,3,209.87801398814295,97.79124671964958,307.66926070779255,194.66926070779255,100,DOWN,2025-12-26
SKU0018,west,113,68.74134058233399,102.49807750813146,33.75673692579747,3,206.22402174700198,101.2702107773924,307.4942325243944,194.49423252439442,100,DOWN,2025-12-26
SKU0018,south,168,86.71540528598591,120.54678860950486,33.83138332351895,3,260.1462158579577,101.49414997055685,361.6403658285146,193.64036582851458,100,DOWN,2025-12-26
SKU0048,east,242,110.05437373439818,144.87127289642785,34.81689916202967,3,330.1631212031946,104.45069748608901,434.61381868928356,192.61381868928356,50,DOWN,2025-12-26
SKU0025,north,284,86.62672802849337,119.08390856995165,32.45718054145827,4,346.5069121139735,129.82872216583309,476.3356342798066,192.33563427980658,100,DOWN,2025-12-26
SKU0026,west,102,53.2456333441981,73.2300819285253,19.984448584327197,4,212.9825333767924,79.93779433730879,292.9203277141012,190.92032771410118,50,DOWN,2025-12-26
SKU0018,west,113,67.40513838499933,101.1632818387446,33.75814345374526,3,202.215415154998,101.27443036123579,303.4898455162338,190.4898455162338,100,DOWN,2025-12-26
SKU0048,east,242,109.27163046602192,144.05350338719498,34.78187292117306,3,327.81489139806575,104.34561876351918,432.16051016158497,190.16051016158497,50,DOWN,2025-12-26
SKU0044,north,348,100.62150450179392,134.1317673228619,33.51026282106797,4,402.4860180071757,134.04105128427187,536.5270692914476,188.52706929144756,100,DOWN,2025-12-26
SKU0026,west,102,52.61433451343337,72.60242412358068,19.988089610147306,4,210.45733805373348,79.95235844058922,290.4096964943227,188.4096964943227,50,DOWN,2025-12-26
SKU0026,east,107,53.2456333441981,73.2300819285253,19.984448584327197,4,212.9825333767924,79.93779433730879,292.9203277141012,185.92032771410118,50,DOWN,2025-12-26
SKU0048,east,242,107.83842503860342,142.56690730582812,34.728482267224706,3,323.51527511581025,104.18544680167412,427.7007219174844,185.70072191748437,50,DOWN,2025-12-26
SKU0048,east,242,107.78611902580022,142.5358831155582,34.749764089757974,3,323.3583570774007,104.24929226927392,427.60764934667463,185.60764934667463,50,DOWN,2025-12-26
SKU0026,east,107,52.61433451343337,72.60242412358068,19.988089610147306,4,210.45733805373348,79.95235844058922,290.4096964943227,183.4096964943227,50,DOWN,2025-12-26
SKU0048,east,242,106.80446652367657,141.57223566534398,34.767769141667415,3,320.4133995710297,104.30330742500225,424.7167069960319,182.71670699603192,50,DOWN,2025-12-26
SKU0018,west,113,65.50761228384233,98.12115868492889,32.61354640108655,3,196.52283685152702,97.84063920325966,294.3634760547867,181.3634760547867,100,DOWN,2025-12-26
SKU0026,west,102,50.71653007189467,70.70231730440307,19.9857872325084,4,202.86612028757867,79.9431489300336,282.80926921761227,180.80926921761227,50,DOWN,2025-12-26
SKU0026,west,102,50.70096044452111,70.68782224696974,19.986861802448637,4,202.80384177808443,79.94744720979455,282.751288987879,180.75128898787898,50,DOWN,2025-12-26
SKU0026,west,102,50.59748034866345,70.58263498394831,19.985154635284857,4,202.3899213946538,79.94061854113943,282.33053993579324,180.33053993579324,50,DOWN,2025-12-26
SKU0025,north,284,83.8410802298673,115.69010429431204,31.849024064444734,4,335.3643209194692,127.39609625777894,462.76041717724814,178.76041717724814,100,DOWN,2025-12-26
SKU0018,south,168,81.75093183409724,115.54343686626656,33.792505032169316,3,245.25279550229175,101.37751509650795,346.6303105987997,178.63031059879972,100,DOWN,2025-12-26
SKU0010,east,223,105.4008297890368,133.66108203906228,28.260252250025474,3,316.2024893671104,84.78075675007642,400.9832461171868,177.9832461171868,100,DOWN,2025-12-26
SKU0025,north,284,83.50099759404542,115.4705880050308,31.96959041098539,4,334.00399037618166,127.87836164394156,461.8823520201232,177.88235202012322,100,DOWN,2025-12-26
SKU0026,west,102,49.97044026900128,69.95885710023937,19.98841683123809,4,199.88176107600512,79.95366732495236,279.8354284009575,177.83542840095748,50,DOWN,2025-12-26
SKU0018,south,168,81.31787274164219,115.15817623051647,33.840303488874284,3,243.95361822492657,101.52091046662285,345.47452869154944,177.47452869154944,100,DOWN,2025-12-26
SKU0025,north,284,83.07868856579637,115.3615897479484,32.28290118215203,4,332.3147542631855,129.13160472860812,461.4463589917936,177.4463589917936,100,DOWN,2025-12-26
SKU0044,north,348,98.42998735031868,131.16364409618384,32.73365674586516,4,393.71994940127473,130.93462698346065,524.6545763847354,176.65457638473538,100,DOWN,2025-12-26
SKU0018,south,168,80.94982683254973,114.7730986676552,33.82327183510547,3,242.8494804976492,101.46981550531642,344.31929600296564,176.31929600296564,100,DOWN,2025-12-26
SKU0026,west,102,49.46639126244091,69.45411565518387,19.98772439274296,4,197.86556504976363,79.95089757097185,277.8164626207355,175.81646262073548,50,DOWN,2025-12-26
SKU0026,east,107,50.71653007189467,70.70231730440307,19.9857872325084,4,202.86612028757867,79.9431489300336,282.80926921761227,175.80926921761227,50,DOWN,2025-12-26
SKU0026,east,107,50.70096044452111,70.68782224696974,19.986861802448637,4,202.80384177808443,79.94744720979455,282.751288987879,175.75128898787898,50,DOWN,2025-12-26
SKU0026,east,107,50.59748034866345,70.58263498394831,19.985154635284857,4,202.3899213946538,79.94061854113943,282.33053993579324,175.33053993579324,50,DOWN,2025-12-26
SKU0044,north,348,97.2689200145019,130.48721030829194,33.218290293790034,4,389.0756800580076,132.87316117516013,521.9488412331677,173.94884123316774,100,DOWN,2025-12-26
SKU0026,east,107,49.97044026900128,69.95885710023937,19.98841683123809,4,199.88176107600512,79.95366732495236,279.8354284009575,172.83542840095748,50,DOWN,2025-12-26
SKU0026,east,107,49.46639126244091,69.45411565518387,19.98772439274296,4,197.86556504976363,79.95089757097185,277.8164626207355,170.81646262073548,50,DOWN,2025-12-26
SKU0026,west,102,47.65581268937401,67.64502072984119,19.989208040467183,4,190.62325075749604,79.95683216186873,270.58008291936477,168.58008291936477,50,DOWN,2025-12-26
SKU0018,south,168,78.25429783046401,112.01776048743352,33.76346265696951,3,234.76289349139205,101.29038797090853,336.05328146230056,168.05328146230056,100,DOWN,2025-12-26
SKU0025,north,284,80.43771658700715,112.97305332558416,32.535336738577016,4,321.7508663480286,130.14134695430806,451.89221330233664,167.89221330233664,100,DOWN,2025-12-26
SKU0026,west,102,47.47170134729701,67.46112025653181,19.989418909234807,4,189.88680538918803,79.95767563693923,269.84448102612726,167.84448102612726,50,DOWN,2025-12-26
SKU0018,south,168,77.64138796112873,111.4915005484003,33.85011258727157,3,232.9241638833862,101.5503377618147,334.4745016452009,166.47450164520092,100,DOWN,2025-12-26
SKU0018,south,168,77.68288313074305,111.44263353717376,33.75975040643071,3,233.04864939222915,101.27925121929214,334.3279006115213,166.32790061152127,100,DOWN,2025-12-26
SKU0010,west,273,117.9270305689536,146.2157551582647,28.2887245893111,3,353.7810917068608,84.8661737679333,438.64726547479415,165.64726547479415,100,DOWN,2025-12-26
SKU0026,west,102,46.815132012987306,66.8047403688548,19.98960835586749,4,187.26052805194922,79.95843342346996,267.2189614754192,165.21896147541918,50,DOWN,2025-12-26
SKU0018,south,168,77.11533872656854,110.92452792398626,33.80918919741772,3,231.3460161797056,101.42756759225317,332.7735837719588,164.77358377195878,100,DOWN,2025-12-26
SKU0026,west,102,46.54247398163978,66.53271484147298,19.9902408598332,4,186.16989592655912,79.9609634393328,266.1308593658919,164.13085936589192,50,DOWN,2025-12-26
SKU0026,east,107,47.65581268937401,67.64502072984119,19.989208040467183,4,190.62325075749604,79.95683216186873,270.58008291936477,163.58008291936477,50,DOWN,2025-12-26
SKU0048,east,242,100.22374722231676,134.96058357428842,34.73683635197166,3,300.67124166695027,104.21050905591498,404.88175072286526,162.88175072286526,50,DOWN,2025-12-26
SKU0026,east,107,47.47170134729701,67.46112025653181,19.989418909234807,4,189.88680538918803,79.95767563693923,269.84448102612726,162.84448102612726,50,DOWN,2025-12-26
SKU0026,west,102,46.1300233936813,66.11899608215533,19.988972688474036,4,184.5200935747252,79.95589075389614,264.47598432862134,162.47598432862134,50,DOWN,2025-12-26
SKU0026,west,102,46.01333462909788,66.00383476040221,19.99050013130433,4,184.05333851639153,79.96200052521732,264.01533904160885,162.01533904160885,50,DOWN,2025-12-26
SKU0026,east,107,46.815132012987306,66.8047403688548,19.98960835586749,4,187.26052805194922,79.95843342346996,267.2189614754192,160.21896147541918,50,DOWN,2025-12-26
SKU0025,east,378,106.0829811359004,134.39998570586775,28.317004569967352,4,424.3319245436016,113.26801827986941,537.599942823471,159.599942823471,100,DOWN,2025-12-26
SKU0026,east,107,46.54247398163978,66.53271484147298,19.9902408598332,4,186.16989592655912,79.9609634393328,266.1308593658919,159.13085936589192,50,DOWN,2025-12-26
SKU0018,south,168,75.07990045155944,108.84785499834167,33.767954546782235,3,225.23970135467832,101.3038636403467,326.543564995025,158.543564995025,100,DOWN,2025-12-26
SKU0025,north,284,77.85497859000503,110.531063428225,32.676084838219964,4,311.41991436002013,130.70433935287986,442.1242537129,158.12425371289999,100,DOWN,2025-12-26
SKU0044,north,348,92.81112461007308,126.40733080036546,33.59620619029238,4,371.2444984402923,134.3848247611695,505.62932320146183,157.62932320146183,100,DOWN,2025-12-26
SKU0026,east,107,46.1300233936813,66.11899608215533,19.988972688474036,4,184.5200935747252,79.95589075389614,264.47598432862134,157.47598432862134,50,DOWN,2025-12-26
SKU0026,east,107,46.01333462909788,66.00383476040221,19.99050013130433,4,184.05333851639153,79.96200052521732,264.01533904160885,157.01533904160885,50,DOWN,2025-12-26
SKU0026,west,102,44.68212927472353,64.66848327891283,19.9863540041893,4,178.72851709889412,79.9454160167572,258.6739331156513,156.67393311565132,50,DOWN,2025-12-26
SKU0010,east,223,98.15862172982702,126.5407957919031,28.382174062076075,3,294.47586518948106,85.14652218622822,379.6223873757093,156.6223873757093,100,DOWN,2025-12-26
SKU0018,south,168,74.37366187600857,108.1351800059467,33.761518129938125,3,223.12098562802572,101.28455438981437,324.4055400178401,156.4055400178401,100,DOWN,2025-12-26
SKU0010,east,223,98.0336545436861,126.2826265077614,28.24897196407531,3,294.1009636310583,84.74691589222593,378.8478795232842,155.84787952328418,100,DOWN,2025-12-26
SKU0010,west,273,114.67069841687592,142.9342948370972,28.26359642022129,3,344.0120952506278,84.79078926066387,428.80288451129167,155.80288451129167,100,DOWN,2025-12-26
SKU0010,east,223,97.62871390638298,125.90193871587384,28.273224809490856,3,292.88614171914895,84.81967442847257,377.70581614762153,154.70581614762153,100,DOWN,2025-12-26
SKU0025,north,284,76.65423832947724,109.39357975203154,32.739341422554304,4,306.61695331790895,130.95736569021722,437.57431900812617,153.57431900812617,100,DOWN,2025-12-26
SKU0026,west,102,43.749308756452834,63.73662552208128,19.98731676562845,4,174.99723502581134,79.9492670625138,254.94650208832513,152.94650208832513,50,DOWN,2025-12-26
SKU0026,east,107,44.68212927472353,64.66848327891283,19.9863540041893,4,178.72851709889412,79.9454160167572,258.6739331156513,151.67393311565132,50,DOWN,2025-12-26
SKU0018,east,239,96.15060645267523,129.92712755118316,33.77652109850793,3,288.4518193580257,101.32956329552378,389.7813826535495,150.78138265354949,100,DOWN,2025-12-26
SKU0026,west,102,43.12041124769472,63.11077463214853,19.990363384453808,4,172.48164499077888,79.96145353781523,252.4430985285941,150.4430985285941,50,DOWN,2025-12-26
SKU0018,east,239,95.97060813846124,129.77369915429892,33.80309101583768,3,287.91182441538376,101.40927304751304,389.3210974628968,150.32109746289677,100,DOWN,2025-12-26
SKU0044,north,348,90.78060434168415,124.45765404680154,33.67704970511738,4,363.1224173667366,134.70819882046953,497.83061618720615,149.83061618720615,100,DOWN,2025-12-26
SKU0018,south,168,72.04768129154093,105.8132829449867,33.76560165344577,3,216.14304387462278,101.29680496033731,317.4398488349601,149.43984883496012,100,DOWN,2025-12-26
SKU0025,north,284,75.66608765195485,108.2742889724832,32.60820132052835,4,302.6643506078194,130.4328052821134,433.0971558899328,149.09715588993282,100,DOWN,2025-12-26
SKU0026,west,102,42.77204832191275,62.76075833183016,19.988710009917412,4,171.088193287651,79.95484003966965,251.04303332732064,149.04303332732064,50,DOWN,2025-12-26
SKU0018,east,239,95.43847260656798,129.2184381828001,33.779965576232115,3,286.31541781970395,101.33989672869635,387.65531454840027,148.65531454840027,100,DOWN,2025-12-26
SKU0026,east,107,43.749308756452834,63.73662552208128,19.98731676562845,4,174.99723502581134,79.9492670625138,254.94650208832513,147.94650208832513,50,DOWN,2025-12-26
SKU0025,north,284,75.33262182623037,107.70577968302544,32.373157856795075,4,301.33048730492146,129.4926314271803,430.82311873210176,146.82311873210176,100,DOWN,2025-12-26
SKU0026,east,107,43.12041124769472,63.11077463214853,19.990363384453808,4,172.48164499077888,79.96145353781523,252.4430985285941,145.4430985285941,50,DOWN,2025-12-26
SKU0026,east,107,42.77204832191275,62.76075833183016,19.988710009917412,4,171.088193287651,79.95484003966965,251.04303332732064,144.04303332732064,50,DOWN,2025-12-26
SKU0026,west,102,41.48700863964668,61.47713971788566,19.99013107823898,4,165.94803455858673,79.96052431295593,245.90855887154265,143.90855887154265,50,DOWN,2025-12-26
SKU0025,east,378,99.0408134187218,130.46995365741117,31.42914023868937,4,396.1632536748872,125.71656095475748,521.8798146296447,143.87981462964467,100,DOWN,2025-12-26
SKU0010,east,223,93.72185916458592,121.97265833148953,28.250799166903604,3,281.1655774937578,84.75239750071081,365.9179749944686,142.91797499446858,100,DOWN,2025-12-26
SKU0010,east,223,93.26943928091362,121.52334369288116,28.25390441196754,3,279.80831784274085,84.76171323590262,364.57003107864347,141.57003107864347,100,DOWN,2025-12-26
SKU0026,west,102,40.82582190315748,60.81576648418061,19.989944581023124,4,163.30328761262993,79.9597783240925,243.26306593672243,141.26306593672243,50,DOWN,2025-12-26
SKU0025,east,378,98.763936537163,129.66733732669596,30.903400789532952,4,395.055746148652,123.61360315813181,518.6693493067838,140.66934930678383,100,DOWN,2025-12-26
SKU0018,south,168,69.95933799604765,102.55642023593084,32.59708223988319,3,209.87801398814295,97.79124671964958,307.66926070779255,139.66926070779255,100,DOWN,2025-12-26
SKU0018,south,168,68.74134058233399,102.49807750813146,33.75673692579747,3,206.22402174700198,101.2702107773924,307.4942325243944,139.49423252439442,100,DOWN,2025-12-26
SKU0025,east,378,100.18008310067827,129.24923873400263,29.069155633324357,4,400.7203324027131,116.27662253329743,516.9969549360105,138.99695493601052,100,DOWN,2025-12-26
SKU0026,east,107,41.48700863964668,61.47713971788566,19.99013107823898,4,165.94803455858673,79.96052431295593,245.90855887154265,138.90855887154265,50,DOWN,2025-12-26
SKU0018,east,239,92.10740006224304,125.88078966972398,33.77338960748094,3,276.3222001867291,101.32016882244281,377.64236900917194,138.64236900917194,100,DOWN,2025-12-26
SKU0018,east,239,91.72747123492552,125.51539274109564,33.78792150617012,3,275.18241370477654,101.36376451851037,376.5461782232869,137.54617822328692,100,DOWN,2025-12-26
SKU0025,east,378,100.1399169226586,128.8493972107727,28.709480288114108,4,400.5596676906344,114.83792115245643,515.3975888430908,137.39758884309083,100,DOWN,2025-12-26
SKU0025,east,378,98.9076656339195,128.6108351026821,29.703169468762596,4,395.630662535678,118.81267787505038,514.4433404107284,136.4433404107284,100,DOWN,2025-12-26
SKU0026,east,107,40.82582190315748,60.81576648418061,19.989944581023124,4,163.30328761262993,79.9597783240925,243.26306593672243,136.26306593672243,50,DOWN,2025-12-26
SKU0018,south,168,67.40513838499933,101.1632818387446,33.75814345374526,3,202.215415154998,101.27443036123579,303.4898455162338,135.4898455162338,100,DOWN,2025-12-26
SKU0010,north,333,127.84830647435464,156.09990595817925,28.251599483824606,3,383.5449194230639,84.75479845147382,468.2997178745377,135.2997178745377,100,DOWN,2025-12-26
SKU0018,east,239,90.66127837169354,124.4318210724316,33.77054270073806,3,271.98383511508064,101.31162810221419,373.2954632172948,134.2954632172948,100,DOWN,2025-12-26
SKU0026,west,102,38.98630197307078,58.97597663683919,19.98967466376841,4,155.94520789228312,79.95869865507365,235.90390654735677,133.90390654735677,50,DOWN,2025-12-26
SKU0010,east,223,90.45933676320216,118.71195200350552,28.252615240303356,3,271.3780102896065,84.75784572091007,356.1358560105166,133.1358560105166,100,DOWN,2025-12-26
SKU0025,east,378,96.64654717740768,127.73865858946628,31.0921114120586,4,386.58618870963073,124.3684456482344,510.95463435786513,132.95463435786513,100,DOWN,2025-12-26
SKU0048,west,357,128.35841510332511,163.17012230126366,34.811707197938546,3,385.07524530997534,104.43512159381564,489.510366903791,132.510366903791,50,DOWN,2025-12-26
SKU0026,west,102,38.51334174378098,58.503374458225615,19.990032714444638,4,154.0533669751239,79.96013085777855,234.01349783290246,132.01349783290246,50,DOWN,2025-12-26
SKU0018,east,239,89.67048760146726,123.53138637417808,33.860898772710826,3,269.0114628044018,101.58269631813248,370.5941591225343,131.59415912253428,100,DOWN,2025-12-26
SKU0025,east,378,97.98703010557358,127.386442393574,29.39941228800042,4,391.9481204222943,117.59764915200168,509.545769574296,131.545769574296,100,DOWN,2025-12-26
SKU0018,east,239,89.57710212910844,123.3929980903498,33.81589596124137,3,268.73130638732533,101.4476878837241,370.1789942710494,131.17899427104942,100,DOWN,2025-12-26
SKU0014,north,246,85.5001395911145,125.7022809195052,40.202141328390695,3,256.50041877334354,120.60642398517209,377.10684275851565,131.10684275851565,100,DOWN,2025-12-26
SKU0026,west,102,37.88522459391973,57.87501945404679,19.989794860127063,4,151.54089837567892,79.95917944050825,231.50007781618717,129.50007781618717,50,DOWN,2025-12-26
SKU0014,north,246,85.76542204015928,125.0514457946742,39.286023754514915,3,257.29626612047787,117.85807126354474,375.1543373840226,129.1543373840226,100,DOWN,2025-12-26
SKU0026,east,107,38.98630197307078,58.97597663683919,19.98967466376841,4,155.94520789228312,79.95869865507365,235.90390654735677,128.90390654735677,50,DOWN,2025-12-26
SKU0026,west,102,37.69696930640117,57.68670077156053,19.98973146515936,4,150.7878772256047,79.95892586063744,230.74680308624212,128.74680308624212,50,DOWN,2025-12-26
SKU0014,north,246,83.66380679460931,124.7243589407895,41.060552146180186,3,250.99142038382794,123.18165643854056,374.1730768223685,128.1730768223685,100,DOWN,2025-12-26
SKU0010,east,223,88.72748353620423,117.04114810517348,28.313664568969244,3,266.1824506086127,84.94099370690773,351.1234443155205,128.1234443155205,100,DOWN,2025-12-26
SKU0010,west,273,105.4008297890368,133.66108203906228,28.260252250025474,3,316.2024893671104,84.78075675007642,400.9832461171868,127.98324611718681,100,DOWN,2025-12-26
SKU0018,east,239,88.32294900551257,122.10670327372354,33.78375426821097,3,264.9688470165377,101.35126280463291,366.3201098211706,127.3201098211706,100,DOWN,2025-12-26
SKU0026,east,107,38.51334174378098,58.503374458225615,19.990032714444638,4,154.0533669751239,79.96013085777855,234.01349783290246,127.01349783290246,50,DOWN,2025-12-26
SKU0010,east,223,88.27243461227303,116.60378209413828,28.33134748186525,3,264.81730383681906,84.99404244559575,349.81134628241483,126.81134628241483,100,DOWN,2025-12-26
SKU0018,south,168,65.50761228384233,98.12115868492889,32.61354640108655,3,196.52283685152702,97.84063920325966,294.3634760547867,126.3634760547867,100,DOWN,2025-12-26
SKU0014,north,246,81.37210488000737,123.9987295193358,42.626624639328426,3,244.1163146400221,127.87987391798528,371.99618855800736,125.99618855800736,100,DOWN,2025-12-26
SKU0014,north,246,82.12695054266872,123.99405963378392,41.867109091115196,3,246.38085162800616,125.60132727334559,371.98217890135174,125.98217890135174,100,DOWN,2025-12-26
SKU0014,north,246,79.86334250214982,123.88472590845709,44.021383406307265,3,239.59002750644947,132.06415021892178,371.65417772537126,125.65417772537126,100,DOWN,2025-12-26
SKU0018,east,239,87.64569017037377,121.4432365048378,33.79754633446403,3,262.9370705111213,101.39263900339209,364.3297095145134,125.32970951451341,100,DOWN,2025-12-26
SKU0025,east,378,95.77630361773124,125.75927141192872,29.982967794197478,4,383.105214470925,119.93187117678991,503.0370856477149,125.03708564771489,100,DOWN,2025-12-26
SKU0025,east,378,95.00576740545029,125.70537135832096,30.699603952870675,4,380.02306962180114,122.7984158114827,502.82148543328384,124.82148543328384,100,DOWN,2025-12-26
SKU0014,north,246,80.1697431285389,123.51328335914286,43.34354023060396,3,240.5092293856167,130.0306206918119,370.5398500774286,124.53985007742858,100,DOWN,2025-12-26
SKU0026,east,107,37.88522459391973,57.87501945404679,19.989794860127063,4,151.54089837567892,79.95917944050825,231.50007781618717,124.50007781618717,50,DOWN,2025-12-26
SKU0014,north,246,78.19293114481562,123.4650451854509,45.27211404063529,3,234.57879343444685,135.81634212190585,370.39513555635267,124.39513555635267,100,DOWN,2025-12-26
SKU0018,east,239,87.0493401867033,120.92211641429547,33.87277622759217,3,261.1480205601099,101.61832868277651,362.7663492428864,123.7663492428864,100,DOWN,2025-12-26
SKU0026,east,107,37.69696930640117,57.68670077156053,19.98973146515936,4,150.7878772256047,79.95892586063744,230.74680308624212,123.74680308624212,50,DOWN,2025-12-26
SKU0025,east,378,93.24600225218296,125.43192131320151,32.18591906101855,4,372.98400900873185,128.7436762440742,501.72768525280605,123.72768525280605,100,DOWN,2025-12-26
SKU0014,north,246,78.44137072071717,123.10468706298477,44.66331634226759,3,235.32411216215152,133.98994902680278,369.31406118895427,123.31406118895427,100,DOWN,2025-12-26
SKU0010,east,223,86.97385180866696,115.24169188176673,28.267840073099762,3,260.9215554260009,84.80352021929929,345.7250756453002,122.7250756453002,100,DOWN,2025-12-26
SKU0018,east,239,86.71540528598591,120.54678860950486,33.83138332351895,3,260.1462158579577,101.49414997055685,361.6403658285146,122.64036582851458,100,DOWN,2025-12-26
SKU0010,east,223,86.79764102429732,115.09736060433602,28.299719580038698,3,260.39292307289196,84.89915874011609,345.29208181300805,122.29208181300805,100,DOWN,2025-12-26
SKU0010,east,223,86.703986594887,114.95952715910784,28.255540564220837,3,260.111959784661,84.76662169266251,344.8785814773235,121.87858147732351,100,DOWN,2025-12-26
SKU0048,west,357,124.72980081841828,159.55195673949015,34.82215592107187,3,374.1894024552548,104.4664677632156,478.65587021847045,121.65587021847045,50,DOWN,2025-12-26
SKU0014,north,246,75.376116290495,122.29902826632194,46.922911975826935,3,226.128348871485,140.7687359274808,366.8970847989658,120.8970847989658,100,DOWN,2025-12-26
SKU0014,north,246,76.4388463869855,122.28907575783934,45.85022937085384,3,229.3165391609565,137.55068811256152,366.867227273518,120.86722727351798,100,DOWN,2025-12-26
SKU0014,north,246,75.70992941162196,122.10977389844643,46.39984448682448,3,227.12978823486588,139.19953346047345,366.32932169533933,120.32932169533933,100,DOWN,2025-12-26
SKU0026,west,102,35.52680460073216,55.516382770733,19.98957817000084,4,142.10721840292865,79.95831268000336,222.065531082932,120.06553108293201,50,DOWN,2025-12-26
SKU0025,east,378,94.22660837480136,124.4676424725345,30.241034097733134,4,376.90643349920543,120.96413639093254,497.870569890138,119.87056989013797,100,DOWN,2025-12-26
SKU0010,east,223,85.76196492099425,114.11572945987405,28.3537645388798,3,257.2858947629827,85.0612936166394,342.34718837962214,119.34718837962214,100,DOWN,2025-12-26
SKU0025,east,378,92.75599404127286,124.33559315581532,31.57959911454246,4,371.0239761650914,126.31839645816984,497.34237262326127,119.34237262326127,100,DOWN,2025-12-26
SKU0014,north,246,74.35937287437207,121.78056103119624,47.42118815682417,3,223.0781186231162,142.26356447047252,365.3416830935887,119.3416830935887,100,DOWN,2025-12-26
SKU0026,west,102,35.106163989223205,55.096029603245256,19.98986561402205,4,140.42465595689282,79.9594624560882,220.38411841298102,118.38411841298102,50,DOWN,2025-12-26
SKU0014,north,246,73.52433290255313,121.420593200968,47.89626029841487,3,220.5729987076594,143.68878089524463,364.261779602904,118.26177960290403,100,DOWN,2025-12-26
SKU0048,west,357,123.51703144788564,158.2894435404477,34.772412092562064,3,370.5510943436569,104.31723627768619,474.86833062134315,117.86833062134315,50,DOWN,2025-12-26
SKU0014,north,246,72.83266097009829,121.18223004190844,48.34956907181015,3,218.49798291029487,145.04870721543045,363.5466901257253,117.54669012572532,100,DOWN,2025-12-26
SKU0048,west,357,123.07474586577794,157.83792942369837,34.76318355792043,3,369.22423759733385,104.28955067376128,473.5137882710951,116.51378827109511,50,DOWN,2025-12-26
SKU0048,west,357,122.97196404564178,157.80483104515213,34.832866999510344,3,368.9158921369253,104.49860099853103,473.4144931354564,116.41449313545638,50,DOWN,2025-12-26
SKU0014,north,246,71.58085959543703,120.77689485894426,49.19603526350723,3,214.7425787863111,147.5881057905217,362.3306845768328,116.33068457683282,100,DOWN,2025-12-26
SKU0026,east,107,35.52680460073216,55.516382770733,19.98957817000084,4,142.10721840292865,79.95831268000336,222.065531082932,115.06553108293201,50,DOWN,2025-12-26
SKU0014,north,246,71.5411252081197,120.32355243745904,48.78242722933935,3,214.62337562435908,146.34728168801803,360.9706573123771,114.97065731237711,100,DOWN,2025-12-26
SKU0048,west,357,122.3532836288784,157.1971305022405,34.8438468733621,3,367.0598508866352,104.53154062008629,471.5913915067215,114.5913915067215,50,DOWN,2025-12-26
SKU0025,east,378,92.53757282077169,123.0169051296232,30.47933230885151,4,370.15029128308674,121.91732923540604,492.0676205184928,114.06762051849279,100,DOWN,2025-12-26
SKU0048,west,357,122.1077861313252,156.9143653777149,34.80657924638969,3,366.3233583939756,104.41973773916907,470.74309613314466,113.74309613314466,50,DOWN,2025-12-26
SKU0014,north,246,70.233171332356,119.82466596096506,49.59149462860907,3,210.69951399706798,148.7744838858272,359.4739978828952,113.47399788289522,100,DOWN,2025-12-26
SKU0026,east,107,35.106163989223205,55.096029603245256,19.98986561402205,4,140.42465595689282,79.9594624560882,220.38411841298102,113.38411841298102,50,DOWN,2025-12-26
SKU0014,north,246,69.56452765319958,119.53434663138938,49.96981897818981,3,208.69358295959873,149.90945693456942,358.60303989416815,112.60303989416815,100,DOWN,2025-12-26
SKU0014,north,246,69.19560108203365,119.52754485680263,50.33194377476899,3,207.58680324610094,150.99583132430695,358.5826345704079,112.58263457040789,100,DOWN,2025-12-26
SKU0026,west,102,33.45009621320008,53.43971998339619,19.98962377019611,4,133.8003848528003,79.95849508078445,213.75887993358475,111.75887993358475,50,DOWN,2025-12-26
SKU0014,north,246,68.22638705062442,119.2373811240434,51.01099407341897,3,204.67916115187327,153.0329822202569,357.7121433721302,111.71214337213019,100,DOWN,2025-12-26
SKU0048,west,357,121.16284403468325,155.9495362671392,34.78669223245595,3,363.48853210404974,104.36007669736784,467.8486088014176,110.84860880141758,50,DOWN,2025-12-26
SKU0010,east,223,82.94451144335346,111.22456836455008,28.280056921196618,3,248.8335343300604,84.84017076358985,333.67370509365026,110.67370509365026,100,DOWN,2025-12-26
SKU0014,north,246,68.19988954131492,118.87862409588764,50.67873455457273,3,204.59966862394475,152.0362036637182,356.63587228766295,110.63587228766295,100,DOWN,2025-12-26
SKU0014,north,246,67.03177973875435,118.36124825478188,51.32946851602753,3,201.09533921626306,153.9884055480826,355.0837447643456,109.08374476434562,100,DOWN,2025-12-26
SKU0048,west,357,120.09641398379912,154.93473691368,34.83832292988089,3,360.28924195139734,104.51496878964267,464.80421074104004,107.80421074104004,50,DOWN,2025-12-26
SKU0014,north,246,65.68709656122729,117.8960004886348,52.208903927407505,3,197.06128968368188,156.62671178222251,353.6880014659044,107.68800146590439,100,DOWN,2025-12-26
SKU0018,east,239,81.75093183409724,115.54343686626656,33.792505032169316,3,245.25279550229175,101.37751509650795,346.6303105987997,107.63031059879972,100,DOWN,2025-12-26
SKU0014,north,246,66.2096004074641,117.84445332418102,51.63485291671692,3,198.62880122239227,154.90455875015078,353.53335997254305,107.53335997254305,100,DOWN,2025-12-26
SKU0014,north,246,65.8635125169219,117.7913084293338,51.927795912411895,3,197.5905375507657,155.78338773723567,353.3739252880014,107.37392528800137,100,DOWN,2025-12-26
SKU0026,east,107,33.45009621320008,53.43971998339619,19.98962377019611,4,133.8003848528003,79.95849508078445,213.75887993358475,106.75887993358475,50,DOWN,2025-12-26
SKU0010,west,273,98.15862172982702,126.5407957919031,28.382174062076075,3,294.47586518948106,85.14652218622822,379.6223873757093,106.62238737570931,100,DOWN,2025-12-26
SKU0018,east,239,81.31787274164219,115.15817623051647,33.840303488874284,3,243.95361822492657,101.52091046662285,345.47452869154944,106.47452869154944,100,DOWN,2025-12-26
SKU0010,west,273,98.0336545436861,126.2826265077614,28.24897196407531,3,294.1009636310583,84.74691589222593,378.8478795232842,105.84787952328418,100,DOWN,2025-12-26
SKU0010,north,333,117.9270305689536,146.2157551582647,28.2887245893111,3,353.7810917068608,84.8661737679333,438.64726547479415,105.64726547479415,100,DOWN,2025-12-26
SKU0048,west,357,119.374362700115,154.15147581498528,34.777113114870275,3,358.123088100345,104.33133934461083,462.45442744495585,105.45442744495585,50,DOWN,2025-12-26
SKU0018,east,239,80.94982683254973,114.7730986676552,33.82327183510547,3,242.8494804976492,101.46981550531642,344.31929600296564,105.31929600296564,100,DOWN,2025-12-26
SKU0025,east,378,88.9952005628692,120.71448180067529,31.719281237806086,4,355.9808022514768,126.87712495122435,482.85792720270115,104.85792720270115,100,DOWN,2025-12-26
SKU0025,east,378,89.4163574752768,120.68334062026776,31.26698314499096,4,357.6654299011072,125.06793257996384,482.733362481071,104.73336248107103,100,DOWN,2025-12-26
SKU0010,west,273,97.62871390638298,125.90193871587384,28.273224809490856,3,292.88614171914895,84.81967442847257,377.70581614762153,104.70581614762153,100,DOWN,2025-12-26
SKU0018,north,286,96.15060645267523,129.92712755118316,33.77652109850793,3,288.4518193580257,101.32956329552378,389.7813826535495,103.78138265354949,100,DOWN,2025-12-26
SKU0025,east,378,88.35577071375546,120.43744723666026,32.0816765229048,4,353.42308285502185,128.3267060916192,481.74978894664105,103.74978894664105,100,DOWN,2025-12-26
SKU0048,west,357,118.64743499451156,153.443947290988,34.79651229647645,3,355.94230498353465,104.38953688942935,460.331841872964,103.33184187296399,50,DOWN,2025-12-26
SKU0018,north,286,95.97060813846124,129.77369915429892,33.80309101583768,3,287.91182441538376,101.40927304751304,389.3210974628968,103.32109746289677,100,DOWN,2025-12-26
SKU0010,east,223,80.45940537670089,108.7090771667782,28.249671790077315,3,241.37821613010266,84.74901537023194,326.1272315003346,103.12723150033457,100,DOWN,2025-12-26
SKU0048,west,357,118.26385363912588,153.05542541732666,34.791571778200776,3,354.79156091737764,104.37471533460233,459.16627625198,102.16627625197998,50,DOWN,2025-12-26
SKU0018,north,286,95.43847260656798,129.2184381828001,33.779965576232115,3,286.31541781970395,101.33989672869635,387.65531454840027,101.65531454840027,100,DOWN,2025-12-26
SKU0048,west,357,117.59618565563416,152.34158675076338,34.745401095129225,3,352.7885569669025,104.23620328538767,457.02476025229015,100.02476025229015,50,DOWN,2025-12-26
SKU0010,north,333,98.15862172982702,126.5407957919031,28.382174062076075,3,294.47586518948106,85.14652218622822,379.6223873757093,100.0,100,DOWN,2025-12-26
SKU0010,north,333,85.76196492099425,114.11572945987405,28.3537645388798,3,257.2858947629827,85.0612936166394,342.34718837962214,100.0,100,DOWN,2025-12-26
SKU0010,west,273,85.76196492099425,114.11572945987405,28.3537645388798,3,257.2858947629827,85.0612936166394,342.34718837962214,100.0,100,DOWN,2025-12-26
SKU0010,north,333,88.27243461227303,116.60378209413828,28.33134748186525,3,264.81730383681906,84.99404244559575,349.81134628241483,100.0,100,DOWN,2025-12-26
SKU0010,west,273,88.27243461227303,116.60378209413828,28.33134748186525,3,264.81730383681906,84.99404244559575,349.81134628241483,100.0,100,DOWN,2025-12-26
SKU0010,north,333,88.72748353620423,117.04114810517348,28.313664568969244,3,266.1824506086127,84.94099370690773,351.1234443155205,100.0,100,DOWN,2025-12-26
SKU0010,west,273,88.72748353620423,117.04114810517348,28.313664568969244,3,266.1824506086127,84.94099370690773,351.1234443155205,100.0,100,DOWN,2025-12-26
SKU0010,north,333,86.79764102429732,115.09736060433602,28.299719580038698,3,260.39292307289196,84.89915874011609,345.29208181300805,100.0,100,DOWN,2025-12-26
SKU0010,west,273,86.79764102429732,115.09736060433602,28.299719580038698,3,260.39292307289196,84.89915874011609,345.29208181300805,100.0,100,DOWN,2025-12-26
SKU0010,north,333,82.94451144335346,111.22456836455008,28.280056921196618,3,248.8335343300604,84.84017076358985,333.67370509365026,100.0,100,DOWN,2025-12-26
SKU0010,west,273,82.94451144335346,111.22456836455008,28.280056921196618,3,248.8335343300604,84.84017076358985,333.67370509365026,100.0,100,DOWN,2025-12-26
SKU0010,north,333,97.62871390638298,125.90193871587384,28.273224809490856,3,292.88614171914895,84.81967442847257,377.70581614762153,100.0,100,DOWN,2025-12-26
SKU0010,north,333,86.97385180866696,115.24169188176673,28.267840073099762,3,260.9215554260009,84.80352021929929,345.7250756453002,100.0,100,DOWN,2025-12-26
SKU0010,west,273,86.97385180866696,115.24169188176673,28.267840073099762,3,260.9215554260009,84.80352021929929,345.7250756453002,100.0,100,DOWN,2025-12-26
SKU0010,north,333,114.67069841687592,142.9342948370972,28.26359642022129,3,344.0120952506278,84.79078926066387,428.80288451129167,100.0,100,DOWN,2025-12-26
SKU0010,north,333,105.4008297890368,133.66108203906228,28.260252250025474,3,316.2024893671104,84.78075675007642,400.9832461171868,100.0,100,DOWN,2025-12-26
SKU0010,west,273,78.92639780495644,107.18401484219086,28.257617037234425,3,236.77919341486933,84.77285111170328,321.5520445265726,100.0,100,DOWN,2025-12-26
SKU0010,east,223,78.92639780495644,107.18401484219086,28.257617037234425,3,236.77919341486933,84.77285111170328,321.5520445265726,100.0,100,DOWN,2025-12-26
SKU0010,north,333,86.703986594887,114.95952715910784,28.255540564220837,3,260.111959784661,84.76662169266251,344.8785814773235,100.0,100,DOWN,2025-12-26
SKU0010,west,273,86.703986594887,114.95952715910784,28.255540564220837,3,260.111959784661,84.76662169266251,344.8785814773235,100.0,100,DOWN,2025-12-26
SKU0010,north,333,93.26943928091362,121.52334369288116,28.25390441196754,3,279.80831784274085,84.76171323590262,364.57003107864347,100.0,100,DOWN,2025-12-26
SKU0010,west,273,93.26943928091362,121.52334369288116,28.25390441196754,3,279.80831784274085,84.76171323590262,364.57003107864347,100.0,100,DOWN,2025-12-26
SKU0010,north,333,90.45933676320216,118.71195200350552,28.252615240303356,3,271.3780102896065,84.75784572091007,356.1358560105166,100.0,100,DOWN,2025-12-26
SKU0010,west,273,90.45933676320216,118.71195200350552,28.252615240303356,3,271.3780102896065,84.75784572091007,356.1358560105166,100.0,100,DOWN,2025-12-26
SKU0010,north,333,93.72185916458592,121.97265833148953,28.250799166903604,3,281.1655774937578,84.75239750071081,365.9179749944686,100.0,100,DOWN,2025-12-26
SKU0010,west,273,93.72185916458592,121.97265833148953,28.250799166903604,3,281.1655774937578,84.75239750071081,365.9179749944686,100.0,100,DOWN,2025-12-26
SKU0010,west,273,75.93899946373143,104.18916806643068,28.250168602699247,3,227.81699839119432,84.75050580809774,312.56750419929205,100.0,100,DOWN,2025-12-26
SKU0010,east,223,75.93899946373143,104.18916806643068,28.250168602699247,3,227.81699839119432,84.75050580809774,312.56750419929205,100.0,100,DOWN,2025-12-26
SKU0010,west,273,80.45940537670089,108.7090771667782,28.249671790077315,3,241.37821613010266,84.74901537023194,326.1272315003346,100.0,100,DOWN,2025-12-26
SKU0010,west,273,71.82179286298575,100.07107322426728,28.249280361281535,3,215.46537858895724,84.7478410838446,300.21321967280187,100.0,100,DOWN,2025-12-26
SKU0010,east,223,71.82179286298575,100.07107322426728,28.249280361281535,3,215.46537858895724,84.7478410838446,300.21321967280187,100.0,100,DOWN,2025-12-26
SKU0010,north,333,98.0336545436861,126.2826265077614,28.24897196407531,3,294.1009636310583,84.74691589222593,378.8478795232842,100.0,100,DOWN,2025-12-26
SKU0010,west,273,68.09278705971683,96.34151604624776,28.248728986530935,3,204.27836117915047,84.7461869595928,289.0245481387433,100.0,100,DOWN,2025-12-26
SKU0010,east,223,68.09278705971683,96.34151604624776,28.248728986530935,3,204.27836117915047,84.7461869595928,289.0245481387433,100.0,100,DOWN,2025-12-26
SKU0010,west,273,63.89732931569405,92.1458668676855,28.248537551991447,3,191.69198794708217,84.74561265597434,276.4376006030565,100.0,100,DOWN,2025-12-26
SKU0010,east,223,63.89732931569405,92.1458668676855,28.248537551991447,3,191.69198794708217,84.74561265597434,276.4376006030565,100.0,100,DOWN,2025-12-26
SKU0010,east,223,48.10495519276775,76.3533419197917,28.248386727023956,3,144.31486557830323,84.74516018107187,229.0600257593751,100.0,100,DOWN,2025-12-26
SKU0010,west,273,69.35197899103935,97.60024688830214,28.248267897262792,3,208.05593697311804,84.74480369178838,292.8007406649064,100.0,100,DOWN,2025-12-26
SKU0010,east,223,69.35197899103935,97.60024688830214,28.248267897262792,3,208.05593697311804,84.74480369178838,292.8007406649064,100.0,100,DOWN,2025-12-26
SKU0010,west,273,73.03679783137082,101.2849721069487,28.24817427557788,3,219.11039349411246,84.74452282673364,303.8549163208461,100.0,100,DOWN,2025-12-26
SKU0010,east,223,73.03679783137082,101.2849721069487,28.24817427557788,3,219.11039349411246,84.74452282673364,303.8549163208461,100.0,100,DOWN,2025-12-26
SKU0014,west,331,85.76542204015928,125.0514457946742,39.286023754514915,3,257.29626612047787,117.85807126354474,375.1543373840226,100.0,100,DOWN,2025-12-26
SKU0014,west,331,85.5001395911145,125.7022809195052,40.202141328390695,3,256.50041877334354,120.60642398517209,377.10684275851565,100.0,100,DOWN,2025-12-26
SKU0014,west,331,83.66380679460931,124.7243589407895,41.060552146180186,3,250.99142038382794,123.18165643854056,374.1730768223685,100.0,100,DOWN,2025-12-26
SKU0014,west,331,82.12695054266872,123.99405963378392,41.867109091115196,3,246.38085162800616,125.60132727334559,371.98217890135174,100.0,100,DOWN,2025-12-26
SKU0014,west,331,81.37210488000737,123.9987295193358,42.626624639328426,3,244.1163146400221,127.87987391798528,371.99618855800736,100.0,100,DOWN,2025-12-26
SKU0014,west,331,80.1697431285389,123.51328335914286,43.34354023060396,3,240.5092293856167,130.0306206918119,370.5398500774286,100.0,100,DOWN,2025-12-26
SKU0014,west,331,79.86334250214982,123.88472590845709,44.021383406307265,3,239.59002750644947,132.06415021892178,371.65417772537126,100.0,100,DOWN,2025-12-26
SKU0014,west,331,78.44137072071717,123.10468706298477,44.66331634226759,3,235.32411216215152,133.98994902680278,369.31406118895427,100.0,100,DOWN,2025-12-26
SKU0014,west,331,78.19293114481562,123.4650451854509,45.27211404063529,3,234.57879343444685,135.81634212190585,370.39513555635267,100.0,100,DOWN,2025-12-26
SKU0014,west,331,76.4388463869855,122.28907575783934,45.85022937085384,3,229.3165391609565,137.55068811256152,366.867227273518,100.0,100,DOWN,2025-12-26
SKU0014,west,331,75.70992941162196,122.10977389844643,46.39984448682448,3,227.12978823486588,139.19953346047345,366.32932169533933,100.0,100,DOWN,2025-12-26
SKU0014,west,331,75.376116290495,122.29902826632194,46.922911975826935,3,226.128348871485,140.7687359274808,366.8970847989658,100.0,100,DOWN,2025-12-26
SKU0014,west,331,74.35937287437207,121.78056103119624,47.42118815682417,3,223.0781186231162,142.26356447047252,365.3416830935887,100.0,100,DOWN,2025-12-26
SKU0014,west,331,73.52433290255313,121.420593200968,47.89626029841487,3,220.5729987076594,143.68878089524463,364.261779602904,100.0,100,DOWN,2025-12-26
SKU0014,west,331,72.83266097009829,121.18223004190844,48.34956907181015,3,218.49798291029487,145.04870721543045,363.5466901257253,100.0,100,DOWN,2025-12-26
SKU0014,west,331,71.5411252081197,120.32355243745904,48.78242722933935,3,214.62337562435908,146.34728168801803,360.9706573123771,100.0,100,DOWN,2025-12-26
SKU0014,west,331,71.58085959543703,120.77689485894426,49.19603526350723,3,214.7425787863111,147.5881057905217,362.3306845768328,100.0,100,DOWN,2025-12-26
SKU0014,west,331,70.233171332356,119.82466596096506,49.59149462860907,3,210.69951399706798,148.7744838858272,359.4739978828952,100.0,100,DOWN,2025-12-26
SKU0014,west,331,69.56452765319958,119.53434663138938,49.96981897818981,3,208.69358295959873,149.90945693456942,358.60303989416815,100.0,100,DOWN,2025-12-26
SKU0014,west,331,69.19560108203365,119.52754485680263,50.33194377476899,3,207.58680324610094,150.99583132430695,358.5826345704079,100.0,100,DOWN,2025-12-26
SKU0014,west,331,68.19988954131492,118.87862409588764,50.67873455457273,3,204.59966862394475,152.0362036637182,356.63587228766295,100.0,100,DOWN,2025-12-26
SKU0014,west,331,68.22638705062442,119.2373811240434,51.01099407341897,3,204.67916115187327,153.0329822202569,357.7121433721302,100.0,100,DOWN,2025-12-26
SKU0014,west,331,67.03177973875435,118.36124825478188,51.32946851602753,3,201.09533921626306,153.9884055480826,355.0837447643456,100.0,100,DOWN,2025-12-26
SKU0014,west,331,66.2096004074641,117.84445332418102,51.63485291671692,3,198.62880122239227,154.90455875015078,353.53335997254305,100.0,100,DOWN,2025-12-26
SKU0014,west,331,65.8635125169219,117.7913084293338,51.927795912411895,3,197.5905375507657,155.78338773723567,353.3739252880014,100.0,100,DOWN,2025-12-26
SKU0014,west,331,65.68709656122729,117.8960004886348,52.208903927407505,3,197.06128968368188,156.62671178222251,353.6880014659044,100.0,100,DOWN,2025-12-26
SKU0018,north,286,87.0493401867033,120.92211641429547,33.87277622759217,3,261.1480205601099,101.61832868277651,362.7663492428864,100.0,100,DOWN,2025-12-26
SKU0018,north,286,89.67048760146726,123.53138637417808,33.860898772710826,3,269.0114628044018,101.58269631813248,370.5941591225343,100.0,100,DOWN,2025-12-26
SKU0018,north,286,77.64138796112873,111.4915005484003,33.85011258727157,3,232.9241638833862,101.5503377618147,334.4745016452009,100.0,100,DOWN,2025-12-26
SKU0018,east,239,77.64138796112873,111.4915005484003,33.85011258727157,3,232.9241638833862,101.5503377618147,334.4745016452009,100.0,100,DOWN,2025-12-26
SKU0018,north,286,81.31787274164219,115.15817623051647,33.840303488874284,3,243.95361822492657,101.52091046662285,345.47452869154944,100.0,100,DOWN,2025-12-26
SKU0018,north,286,86.71540528598591,120.54678860950486,33.83138332351895,3,260.1462158579577,101.49414997055685,361.6403658285146,100.0,100,DOWN,2025-12-26
SKU0018,north,286,80.94982683254973,114.7730986676552,33.82327183510547,3,242.8494804976492,101.46981550531642,344.31929600296564,100.0,100,DOWN,2025-12-26
SKU0018,north,286,89.57710212910844,123.3929980903498,33.81589596124137,3,268.73130638732533,101.4476878837241,370.1789942710494,100.0,100,DOWN,2025-12-26
SKU0018,north,286,77.11533872656854,110.92452792398626,33.80918919741772,3,231.3460161797056,101.42756759225317,332.7735837719588,100.0,100,DOWN,2025-12-26
SKU0018,east,239,77.11533872656854,110.92452792398626,33.80918919741772,3,231.3460161797056,101.42756759225317,332.7735837719588,100.0,100,DOWN,2025-12-26
SKU0018,north,286,87.64569017037377,121.4432365048378,33.79754633446403,3,262.9370705111213,101.39263900339209,364.3297095145134,100.0,100,DOWN,2025-12-26
SKU0018,north,286,81.75093183409724,115.54343686626656,33.792505032169316,3,245.25279550229175,101.37751509650795,346.6303105987997,100.0,100,DOWN,2025-12-26
SKU0018,north,286,91.72747123492552,125.51539274109564,33.78792150617012,3,275.18241370477654,101.36376451851037,376.5461782232869,100.0,100,DOWN,2025-12-26
SKU0018,north,286,88.32294900551257,122.10670327372354,33.78375426821097,3,264.9688470165377,101.35126280463291,366.3201098211706,100.0,100,DOWN,2025-12-26
SKU0018,north,286,92.10740006224304,125.88078966972398,33.77338960748094,3,276.3222001867291,101.32016882244281,377.64236900917194,100.0,100,DOWN,2025-12-26
SKU0018,north,286,90.66127837169354,124.4318210724316,33.77054270073806,3,271.98383511508064,101.31162810221419,373.2954632172948,100.0,100,DOWN,2025-12-26
SKU0018,north,286,75.07990045155944,108.84785499834167,33.767954546782235,3,225.23970135467832,101.3038636403467,326.543564995025,100.0,100,DOWN,2025-12-26
SKU0018,east,239,75.07990045155944,108.84785499834167,33.767954546782235,3,225.23970135467832,101.3038636403467,326.543564995025,100.0,100,DOWN,2025-12-26
SKU0018,north,286,72.04768129154093,105.8132829449867,33.76560165344577,3,216.14304387462278,101.29680496033731,317.4398488349601,100.0,100,DOWN,2025-12-26
SKU0018,east,239,72.04768129154093,105.8132829449867,33.76560165344577,3,216.14304387462278,101.29680496033731,317.4398488349601,100.0,100,DOWN,2025-12-26
SKU0018,north,286,78.25429783046401,112.01776048743352,33.76346265696951,3,234.76289349139205,101.29038797090853,336.05328146230056,100.0,100,DOWN,2025-12-26
SKU0018,east,239,78.25429783046401,112.01776048743352,33.76346265696951,3,234.76289349139205,101.29038797090853,336.05328146230056,100.0,100,DOWN,2025-12-26
SKU0018,north,286,74.37366187600857,108.1351800059467,33.761518129938125,3,223.12098562802572,101.28455438981437,324.4055400178401,100.0,100,DOWN,2025-12-26
SKU0018,east,239,74.37366187600857,108.1351800059467,33.761518129938125,3,223.12098562802572,101.28455438981437,324.4055400178401,100.0,100,DOWN,2025-12-26
SKU0018,north,286,77.68288313074305,111.44263353717376,33.75975040643071,3,233.04864939222915,101.27925121929214,334.3279006115213,100.0,100,DOWN,2025-12-26
SKU0018,east,239,77.68288313074305,111.44263353717376,33.75975040643071,3,233.04864939222915,101.27925121929214,334.3279006115213,100.0,100,DOWN,2025-12-26
SKU0018,north,286,67.40513838499933,101.1632818387446,33.75814345374526,3,202.215415154998,101.27443036123579,303.4898455162338,100.0,100,DOWN,2025-12-26
SKU0018,east,239,67.40513838499933,101.1632818387446,33.75814345374526,3,202.215415154998,101.27443036123579,303.4898455162338,100.0,100,DOWN,2025-12-26
SKU0018,north,286,68.74134058233399,102.49807750813146,33.75673692579747,3,206.22402174700198,101.2702107773924,307.4942325243944,100.0,100,DOWN,2025-12-26
SKU0018,east,239,68.74134058233399,102.49807750813146,33.75673692579747,3,206.22402174700198,101.2702107773924,307.4942325243944,100.0,100,DOWN,2025-12-26
SKU0018,north,286,65.50761228384233,98.12115868492889,32.61354640108655,3,196.52283685152702,97.84063920325966,294.3634760547867,100.0,100,DOWN,2025-12-26
SKU0018,east,239,65.50761228384233,98.12115868492889,32.61354640108655,3,196.52283685152702,97.84063920325966,294.3634760547867,100.0,100,DOWN,2025-12-26
SKU0018,north,286,69.95933799604765,102.55642023593084,32.59708223988319,3,209.87801398814295,97.79124671964958,307.66926070779255,100.0,100,DOWN,2025-12-26
SKU0018,east,239,69.95933799604765,102.55642023593084,32.59708223988319,3,209.87801398814295,97.79124671964958,307.66926070779255,100.0,100,DOWN,2025-12-26
SKU0025,west,489,106.0829811359004,134.39998570586775,28.317004569967352,4,424.3319245436016,113.26801827986941,537.599942823471,100.0,100,DOWN,2025-12-26
SKU0025,west,489,100.1399169226586,128.8493972107727,28.709480288114108,4,400.5596676906344,114.83792115245643,515.3975888430908,100.0,100,DOWN,2025-12-26
SKU0025,west,489,100.18008310067827,129.24923873400263,29.069155633324357,4,400.7203324027131,116.27662253329743,516.9969549360105,100.0,100,DOWN,2025-12-26
SKU0025,west,489,97.98703010557358,127.386442393574,29.39941228800042,4,391.9481204222943,117.59764915200168,509.545769574296,100.0,100,DOWN,2025-12-26
SKU0025,west,489,98.9076656339195,128.6108351026821,29.703169468762596,4,395.630662535678,118.81267787505038,514.4433404107284,100.0,100,DOWN,2025-12-26
SKU0025,west,489,95.77630361773124,125.75927141192872,29.982967794197478,4,383.105214470925,119.93187117678991,503.0370856477149,100.0,100,DOWN,2025-12-26
SKU0025,west,489,94.22660837480136,124.4676424725345,30.241034097733134,4,376.90643349920543,120.96413639093254,497.870569890138,100.0,100,DOWN,2025-12-26
SKU0025,west,489,92.53757282077169,123.0169051296232,30.47933230885151,4,370.15029128308674,121.91732923540604,492.0676205184928,100.0,100,DOWN,2025-12-26
SKU0025,west,489,95.00576740545029,125.70537135832096,30.699603952870675,4,380.02306962180114,122.7984158114827,502.82148543328384,100.0,100,DOWN,2025-12-26
SKU0025,west,489,98.763936537163,129.66733732669596,30.903400789532952,4,395.055746148652,123.61360315813181,518.6693493067838,100.0,100,DOWN,2025-12-26
SKU0025,west,489,96.64654717740768,127.73865858946628,31.0921114120586,4,386.58618870963073,124.3684456482344,510.95463435786513,100.0,100,DOWN,2025-12-26
SKU0025,west,489,99.0408134187218,130.46995365741117,31.42914023868937,4,396.1632536748872,125.71656095475748,521.8798146296447,100.0,100,DOWN,2025-12-26
SKU0025,west,489,92.75599404127286,124.33559315581532,31.57959911454246,4,371.0239761650914,126.31839645816984,497.34237262326127,100.0,100,DOWN,2025-12-26
SKU0025,east,378,83.8410802298673,115.69010429431204,31.849024064444734,4,335.3643209194692,127.39609625777894,462.76041717724814,100.0,100,DOWN,2025-12-26
SKU0025,east,378,83.50099759404542,115.4705880050308,31.96959041098539,4,334.00399037618166,127.87836164394156,461.8823520201232,100.0,100,DOWN,2025-12-26
SKU0025,west,489,93.24600225218296,125.43192131320151,32.18591906101855,4,372.98400900873185,128.7436762440742,501.72768525280605,100.0,100,DOWN,2025-12-26
SKU0025,east,378,83.07868856579637,115.3615897479484,32.28290118215203,4,332.3147542631855,129.13160472860812,461.4463589917936,100.0,100,DOWN,2025-12-26
SKU0025,east,378,75.33262182623037,107.70577968302544,32.373157856795075,4,301.33048730492146,129.4926314271803,430.82311873210176,100.0,100,DOWN,2025-12-26
SKU0025,east,378,86.62672802849337,119.08390856995165,32.45718054145827,4,346.5069121139735,129.82872216583309,476.3356342798066,100.0,100,DOWN,2025-12-26
SKU0025,east,378,80.43771658700715,112.97305332558416,32.535336738577016,4,321.7508663480286,130.14134695430806,451.89221330233664,100.0,100,DOWN,2025-12-26
SKU0025,east,378,75.66608765195485,108.2742889724832,32.60820132052835,4,302.6643506078194,130.4328052821134,433.0971558899328,100.0,100,DOWN,2025-12-26
SKU0025,east,378,77.85497859000503,110.531063428225,32.676084838219964,4,311.41991436002013,130.70433935287986,442.1242537129,100.0,100,DOWN,2025-12-26
SKU0025,east,378,76.65423832947724,109.39357975203154,32.739341422554304,4,306.61695331790895,130.95736569021722,437.57431900812617,100.0,100,DOWN,2025-12-26
SKU0048,west,357,116.90718434223066,151.75661525267233,34.84943091044167,3,350.721553026692,104.548292731325,455.269845758017,98.26984575801703,50,DOWN,2025-12-26
SKU0048,west,357,115.07288421723204,149.80551751593035,34.7326332986983,3,345.2186526516961,104.19789989609491,449.416552547791,92.41655254779101,50,DOWN,2025-12-26
SKU0048,west,357,114.79461811481868,149.55327276009925,34.75865464528057,3,344.38385434445604,104.27596393584172,448.65981828029777,91.65981828029777,50,DOWN,2025-12-26
SKU0048,west,357,113.73740855412925,148.47850062207138,34.741092067942134,3,341.2122256623877,104.2232762038264,445.4355018662141,88.43550186621411,50,DOWN,2025-12-26
SKU0048,west,357,113.28443585243792,148.08595038647005,34.80151453403212,3,339.85330755731377,104.40454360209637,444.25785115941017,87.25785115941017,50,DOWN,2025-12-26
SKU0048,west,357,113.18597359843464,147.94015531427914,34.754181715844496,3,339.5579207953039,104.26254514753349,443.8204659428374,86.82046594283742,50,DOWN,2025-12-26
SKU0048,west,357,111.1627625442206,145.99024081084812,34.82747826662752,3,333.4882876326618,104.48243479988257,437.9707224325444,80.97072243254439,50,DOWN,2025-12-26
SKU0048,west,357,110.05437373439818,144.87127289642785,34.81689916202967,3,330.1631212031946,104.45069748608901,434.61381868928356,77.61381868928356,50,DOWN,2025-12-26
SKU0048,west,357,109.27163046602192,144.05350338719498,34.78187292117306,3,327.81489139806575,104.34561876351918,432.16051016158497,75.16051016158497,50,DOWN,2025-12-26
SKU0048,west,357,107.83842503860342,142.56690730582812,34.728482267224706,3,323.51527511581025,104.18544680167412,427.7007219174844,70.70072191748437,50,DOWN,2025-12-26
SKU0048,west,357,107.78611902580022,142.5358831155582,34.749764089757974,3,323.3583570774007,104.24929226927392,427.60764934667463,70.60764934667463,50,DOWN,2025-12-26
SKU0048,west,357,106.80446652367657,141.57223566534398,34.767769141667415,3,320.4133995710297,104.30330742500225,424.7167069960319,67.71670699603192,50,DOWN,2025-12-26
SKU0048,west,357,100.22374722231676,134.96058357428842,34.73683635197166,3,300.67124166695027,104.21050905591498,404.88175072286526,50.0,50,DOWN,2025-12-26
SKU0007,north,575,98.61595358677788,113.80184717120436,15.18589358442648,4,394.4638143471115,60.74357433770592,455.20738868481743,0.0,100,DOWN,2025-12-26
SKU0007,east,547,98.61595358677788,113.80184717120436,15.18589358442648,4,394.4638143471115,60.74357433770592,455.20738868481743,0.0,100,DOWN,2025-12-26
SKU0007,north,575,106.3495530959973,121.52914859791082,15.179595501913525,4,425.3982123839892,60.7183820076541,486.1165943916433,0.0,100,DOWN,2025-12-26
SKU0007,east,547,106.3495530959973,121.52914859791082,15.179595501913525,4,425.3982123839892,60.7183820076541,486.1165943916433,0.0,100,DOWN,2025-12-26
SKU0007,north,575,101.67414112047068,116.84793391550514,15.173792795034458,4,406.6965644818827,60.695171180137834,467.39173566202055,0.0,100,DOWN,2025-12-26
SKU0007,east,547,101.67414112047068,116.84793391550514,15.173792795034458,4,406.6965644818827,60.695171180137834,467.39173566202055,0.0,100,DOWN,2025-12-26
SKU0007,north,575,104.48904672761644,119.6574934789984,15.168446751381964,4,417.95618691046576,60.673787005527856,478.6299739159936,0.0,100,DOWN,2025-12-26
SKU0007,east,547,104.48904672761644,119.6574934789984,15.168446751381964,4,417.95618691046576,60.673787005527856,478.6299739159936,0.0,100,DOWN,2025-12-26
SKU0007,north,575,109.75001974630864,124.91354139265904,15.163521646350404,4,439.00007898523455,60.654086585401615,499.65416557063617,0.0,100,DOWN,2025-12-26
SKU0007,east,547,109.75001974630864,124.91354139265904,15.163521646350404,4,439.00007898523455,60.654086585401615,499.65416557063617,0.0,100,DOWN,2025-12-26
SKU0007,north,575,104.7175258639662,119.87651038181164,15.15898451784544,4,418.8701034558648,60.63593807138176,479.50604152724657,0.0,100,DOWN,2025-12-26
SKU0007,east,547,104.7175258639662,119.87651038181164,15.15898451784544,4,418.8701034558648,60.63593807138176,479.50604152724657,0.0,100,DOWN,2025-12-26
SKU0007,north,575,117.78269211318336,132.9374970706879,15.154804957504538,4,471.13076845273343,60.61921983001815,531.7499882827516,0.0,100,DOWN,2025-12-26
SKU0007,east,547,117.78269211318336,132.9374970706879,15.154804957504538,4,471.13076845273343,60.61921983001815,531.7499882827516,0.0,100,DOWN,2025-12-26
SKU0007,north,575,120.81531927590147,135.96627419287012,15.150954916968644,4,483.2612771036059,60.603819667874575,543.8650967714805,0.0,100,DOWN,2025-12-26
SKU0007,east,547,120.81531927590147,135.96627419287012,15.150954916968644,4,483.2612771036059,60.603819667874575,543.8650967714805,0.0,100,DOWN,2025-12-26
SKU0007,north,575,115.40540897565222,130.55281750388264,15.147408528230415,4,461.6216359026089,60.58963411292166,522.2112700155305,0.0,100,DOWN,2025-12-26
SKU0007,east,547,115.40540897565222,130.55281750388264,15.147408528230415,4,461.6216359026089,60.58963411292166,522.2112700155305,0.0,100,DOWN,2025-12-26
SKU0007,north,575,101.81645689922972,116.96059883635913,15.144141937129405,4,407.2658275969189,60.57656774851762,467.8423953454365,0.0,100,DOWN,2025-12-26
SKU0007,east,547,101.81645689922972,116.96059883635913,15.144141937129405,4,407.2658275969189,60.57656774851762,467.8423953454365,0.0,100,DOWN,2025-12-26
SKU0007,north,575,114.27786060379948,129.41899375291197,15.141133149112491,4,457.1114424151979,60.564532596449965,517.6759750116479,0.0,100,DOWN,2025-12-26
SKU0007,east,547,114.27786060379948,129.41899375291197,15.141133149112491,4,457.1114424151979,60.564532596449965,517.6759750116479,0.0,100,DOWN,2025-12-26
SKU0007,north,575,115.37216027097674,130.51052215740145,15.138361886424718,4,461.48864108390694,60.55344754569887,522.0420886296058,0.0,100,DOWN,2025-12-26
SKU0007,east,547,115.37216027097674,130.51052215740145,15.138361886424718,4,461.48864108390694,60.55344754569887,522.0420886296058,0.0,100,DOWN,2025-12-26
SKU0007,north,575,102.9747115839272,118.11052103986734,15.135809455940134,4,411.8988463357088,60.543237823760535,472.44208415946935,0.0,100,DOWN,2025-12-26
SKU0007,east,547,102.9747115839272,118.11052103986734,15.135809455940134,4,411.8988463357088,60.543237823760535,472.44208415946935,0.0,100,DOWN,2025-12-26
SKU0007,north,575,110.25374832265628,125.38720694954792,15.133458626891638,4,441.0149932906251,60.53383450756655,501.54882779819167,0.0,100,DOWN,2025-12-26
SKU0007,east,547,110.25374832265628,125.38720694954792,15.133458626891638,4,441.0149932906251,60.53383450756655,501.54882779819167,0.0,100,DOWN,2025-12-26
SKU0007,north,575,118.6325068609848,133.76380037878258,15.131293517797772,4,474.5300274439392,60.52517407119109,535.0552015151303,0.0,100,DOWN,2025-12-26
SKU0007,east,547,118.6325068609848,133.76380037878258,15.131293517797772,4,474.5300274439392,60.52517407119109,535.0552015151303,0.0,100,DOWN,2025-12-26
SKU0007,north,575,106.88071637985912,122.01001587179218,15.129299491933054,4,427.5228655194365,60.517197967732216,488.0400634871687,0.0,100,DOWN,2025-12-26
SKU0007,east,547,106.88071637985912,122.01001587179218,15.129299491933054,4,427.5228655194365,60.517197967732216,488.0400634871687,0.0,100,DOWN,2025-12-26
SKU0007,north,575,113.4739449649916,128.60140802571635,15.12746306072475,4,453.8957798599664,60.509852242899,514.4056321028654,0.0,100,DOWN,2025-12-26
SKU0007,east,547,113.4739449649916,128.60140802571635,15.12746306072475,4,453.8957798599664,60.509852242899,514.4056321028654,0.0,100,DOWN,2025-12-26
SKU0007,north,575,121.16240731279731,136.2881791072997,15.125771794502384,4,484.64962925118925,60.50308717800954,545.1527164291988,0.0,100,DOWN,2025-12-26
SKU0007,east,547,121.16240731279731,136.2881791072997,15.125771794502384,4,484.64962925118925,60.50308717800954,545.1527164291988,0.0,100,DOWN,2025-12-26
SKU0007,north,575,100.75524319036457,115.879457430426,15.124214240061434,4,403.02097276145827,60.496856960245736,463.517829721704,0.0,100,DOWN,2025-12-26
SKU0007,east,547,100.75524319036457,115.879457430426,15.124214240061434,4,403.02097276145827,60.496856960245736,463.517829721704,0.0,100,DOWN,2025-12-26
SKU0007,north,575,97.36222071870196,112.48500056324228,15.122779844540318,4,389.44888287480785,60.49111937816127,449.9400022529691,0.0,100,DOWN,2025-12-26
SKU0007,east,547,97.36222071870196,112.48500056324228,15.122779844540318,4,389.44888287480785,60.49111937816127,449.9400022529691,0.0,100,DOWN,2025-12-26
SKU0007,north,575,110.9820773732206,126.10353625836274,15.121458885142133,4,443.9283094928824,60.48583554056853,504.41414503345095,0.0,100,DOWN,2025-12-26
SKU0007,east,547,110.9820773732206,126.10353625836274,15.121458885142133,4,443.9283094928824,60.48583554056853,504.41414503345095,0.0,100,DOWN,2025-12-26
SKU0007,north,575,95.44114483892032,110.56138724318792,15.1202424042676,4,381.7645793556813,60.4809696170704,442.2455489727517,0.0,100,DOWN,2025-12-26
SKU0007,east,547,95.44114483892032,110.56138724318792,15.1202424042676,4,381.7645793556813,60.4809696170704,442.2455489727517,0.0,100,DOWN,2025-12-26
SKU0007,north,575,97.97209521574548,113.09121736539724,15.119122149651758,4,391.88838086298193,60.476488598607034,452.36486946158897,0.0,100,DOWN,2025-12-26
SKU0007,east,547,97.97209521574548,113.09121736539724,15.119122149651758,4,391.88838086298193,60.476488598607034,452.36486946158897,0.0,100,DOWN,2025-12-26
SKU0007,north,575,96.81446352760366,111.93255404675516,15.118090519151494,4,387.25785411041466,60.472362076605975,447.73021618702063,0.0,100,DOWN,2025-12-26
SKU0007,east,547,96.81446352760366,111.93255404675516,15.118090519151494,4,387.25785411041466,60.472362076605975,447.73021618702063,0.0,100,DOWN,2025-12-26
SKU0007,north,575,92.4978559095494,107.61499658696556,15.11714067741616,4,369.9914236381976,60.46856270966464,430.45998634786224,0.0,100,DOWN,2025-12-26
SKU0007,east,547,92.4978559095494,107.61499658696556,15.11714067741616,4,369.9914236381976,60.46856270966464,430.45998634786224,0.0,100,DOWN,2025-12-26
SKU0007,north,575,92.9437831262092,108.06087830033027,15.117095174121076,4,371.7751325048368,60.4683806964843,432.2435132013211,0.0,100,DOWN,2025-12-26
SKU0007,east,547,92.9437831262092,108.06087830033027,15.117095174121076,4,371.7751325048368,60.4683806964843,432.2435132013211,0.0,100,DOWN,2025-12-26
SKU0010,south,573,98.15862172982702,126.5407957919031,28.382174062076075,3,294.47586518948106,85.14652218622822,379.6223873757093,0.0,100,DOWN,2025-12-26
SKU0010,south,573,85.76196492099425,114.11572945987405,28.3537645388798,3,257.2858947629827,85.0612936166394,342.34718837962214,0.0,100,DOWN,2025-12-26
SKU0010,south,573,88.27243461227303,116.60378209413828,28.33134748186525,3,264.81730383681906,84.99404244559575,349.81134628241483,0.0,100,DOWN,2025-12-26
SKU0010,south,573,88.72748353620423,117.04114810517348,28.313664568969244,3,266.1824506086127,84.94099370690773,351.1234443155205,0.0,100,DOWN,2025-12-26
SKU0010,south,573,86.79764102429732,115.09736060433602,28.299719580038698,3,260.39292307289196,84.89915874011609,345.29208181300805,0.0,100,DOWN,2025-12-26
SKU0010,south,573,117.9270305689536,146.2157551582647,28.2887245893111,3,353.7810917068608,84.8661737679333,438.64726547479415,0.0,100,DOWN,2025-12-26
SKU0010,south,573,82.94451144335346,111.22456836455008,28.280056921196618,3,248.8335343300604,84.84017076358985,333.67370509365026,0.0,100,DOWN,2025-12-26
SKU0010,south,573,97.62871390638298,125.90193871587384,28.273224809490856,3,292.88614171914895,84.81967442847257,377.70581614762153,0.0,100,DOWN,2025-12-26
SKU0010,south,573,86.97385180866696,115.24169188176673,28.267840073099762,3,260.9215554260009,84.80352021929929,345.7250756453002,0.0,100,DOWN,2025-12-26
SKU0010,south,573,114.67069841687592,142.9342948370972,28.26359642022129,3,344.0120952506278,84.79078926066387,428.80288451129167,0.0,100,DOWN,2025-12-26
SKU0010,south,573,105.4008297890368,133.66108203906228,28.260252250025474,3,316.2024893671104,84.78075675007642,400.9832461171868,0.0,100,DOWN,2025-12-26
SKU0010,north,333,78.92639780495644,107.18401484219086,28.257617037234425,3,236.77919341486933,84.77285111170328,321.5520445265726,0.0,100,DOWN,2025-12-26
SKU0010,south,573,78.92639780495644,107.18401484219086,28.257617037234425,3,236.77919341486933,84.77285111170328,321.5520445265726,0.0,100,DOWN,2025-12-26
SKU0010,south,573,86.703986594887,114.95952715910784,28.255540564220837,3,260.111959784661,84.76662169266251,344.8785814773235,0.0,100,DOWN,2025-12-26
SKU0010,south,573,93.26943928091362,121.52334369288116,28.25390441196754,3,279.80831784274085,84.76171323590262,364.57003107864347,0.0,100,DOWN,2025-12-26
SKU0010,south,573,90.45933676320216,118.71195200350552,28.252615240303356,3,271.3780102896065,84.75784572091007,356.1358560105166,0.0,100,DOWN,2025-12-26
SKU0010,south,573,127.84830647435464,156.09990595817925,28.251599483824606,3,383.5449194230639,84.75479845147382,468.2997178745377,0.0,100,DOWN,2025-12-26
SKU0010,south,573,93.72185916458592,121.97265833148953,28.250799166903604,3,281.1655774937578,84.75239750071081,365.9179749944686,0.0,100,DOWN,2025-12-26
SKU0010,north,333,75.93899946373143,104.18916806643068,28.250168602699247,3,227.81699839119432,84.75050580809774,312.56750419929205,0.0,100,DOWN,2025-12-26
SKU0010,south,573,75.93899946373143,104.18916806643068,28.250168602699247,3,227.81699839119432,84.75050580809774,312.56750419929205,0.0,100,DOWN,2025-12-26
SKU0010,north,333,80.45940537670089,108.7090771667782,28.249671790077315,3,241.37821613010266,84.74901537023194,326.1272315003346,0.0,100,DOWN,2025-12-26
SKU0010,south,573,80.45940537670089,108.7090771667782,28.249671790077315,3,241.37821613010266,84.74901537023194,326.1272315003346,0.0,100,DOWN,2025-12-26
SKU0010,north,333,71.82179286298575,100.07107322426728,28.249280361281535,3,215.46537858895724,84.7478410838446,300.21321967280187,0.0,100,DOWN,2025-12-26
SKU0010,south,573,71.82179286298575,100.07107322426728,28.249280361281535,3,215.46537858895724,84.7478410838446,300.21321967280187,0.0,100,DOWN,2025-12-26
SKU0010,south,573,98.0336545436861,126.2826265077614,28.24897196407531,3,294.1009636310583,84.74691589222593,378.8478795232842,0.0,100,DOWN,2025-12-26
SKU0010,north,333,68.09278705971683,96.34151604624776,28.248728986530935,3,204.27836117915047,84.7461869595928,289.0245481387433,0.0,100,DOWN,2025-12-26
SKU0010,south,573,68.09278705971683,96.34151604624776,28.248728986530935,3,204.27836117915047,84.7461869595928,289.0245481387433,0.0,100,DOWN,2025-12-26
SKU0010,north,333,63.89732931569405,92.1458668676855,28.248537551991447,3,191.69198794708217,84.74561265597434,276.4376006030565,0.0,100,DOWN,2025-12-26
SKU0010,south,573,63.89732931569405,92.1458668676855,28.248537551991447,3,191.69198794708217,84.74561265597434,276.4376006030565,0.0,100,DOWN,2025-12-26
SKU0010,north,333,48.10495519276775,76.3533419197917,28.248386727023956,3,144.31486557830323,84.74516018107187,229.0600257593751,0.0,100,DOWN,2025-12-26
SKU0010,west,273,48.10495519276775,76.3533419197917,28.248386727023956,3,144.31486557830323,84.74516018107187,229.0600257593751,0.0,100,DOWN,2025-12-26
SKU0010,south,573,48.10495519276775,76.3533419197917,28.248386727023956,3,144.31486557830323,84.74516018107187,229.0600257593751,0.0,100,DOWN,2025-12-26
SKU0010,north,333,69.35197899103935,97.60024688830214,28.248267897262792,3,208.05593697311804,84.74480369178838,292.8007406649064,0.0,100,DOWN,2025-12-26
SKU0010,south,573,69.35197899103935,97.60024688830214,28.248267897262792,3,208.05593697311804,84.74480369178838,292.8007406649064,0.0,100,DOWN,2025-12-26
SKU0010,north,333,73.03679783137082,101.2849721069487,28.24817427557788,3,219.11039349411246,84.74452282673364,303.8549163208461,0.0,100,DOWN,2025-12-26
SKU0010,south,573,73.03679783137082,101.2849721069487,28.24817427557788,3,219.11039349411246,84.74452282673364,303.8549163208461,0.0,100,DOWN,2025-12-26
SKU0014,east,599,85.76542204015928,125.0514457946742,39.286023754514915,3,257.29626612047787,117.85807126354474,375.1543373840226,0.0,100,DOWN,2025-12-26
SKU0014,east,599,85.5001395911145,125.7022809195052,40.202141328390695,3,256.50041877334354,120.60642398517209,377.10684275851565,0.0,100,DOWN,2025-12-26
SKU0014,east,599,83.66380679460931,124.7243589407895,41.060552146180186,3,250.99142038382794,123.18165643854056,374.1730768223685,0.0,100,DOWN,2025-12-26
SKU0014,east,599,82.12695054266872,123.99405963378392,41.867109091115196,3,246.38085162800616,125.60132727334559,371.98217890135174,0.0,100,DOWN,2025-12-26
SKU0014,east,599,81.37210488000737,123.9987295193358,42.626624639328426,3,244.1163146400221,127.87987391798528,371.99618855800736,0.0,100,DOWN,2025-12-26
SKU0014,east,599,80.1697431285389,123.51328335914286,43.34354023060396,3,240.5092293856167,130.0306206918119,370.5398500774286,0.0,100,DOWN,2025-12-26
SKU0014,east,599,79.86334250214982,123.88472590845709,44.021383406307265,3,239.59002750644947,132.06415021892178,371.65417772537126,0.0,100,DOWN,2025-12-26
SKU0014,east,599,78.44137072071717,123.10468706298477,44.66331634226759,3,235.32411216215152,133.98994902680278,369.31406118895427,0.0,100,DOWN,2025-12-26
SKU0014,east,599,78.19293114481562,123.4650451854509,45.27211404063529,3,234.57879343444685,135.81634212190585,370.39513555635267,0.0,100,DOWN,2025-12-26
SKU0014,east,599,76.4388463869855,122.28907575783934,45.85022937085384,3,229.3165391609565,137.55068811256152,366.867227273518,0.0,100,DOWN,2025-12-26
SKU0014,east,599,75.70992941162196,122.10977389844643,46.39984448682448,3,227.12978823486588,139.19953346047345,366.32932169533933,0.0,100,DOWN,2025-12-26
SKU0014,east,599,75.376116290495,122.29902826632194,46.922911975826935,3,226.128348871485,140.7687359274808,366.8970847989658,0.0,100,DOWN,2025-12-26
SKU0014,east,599,74.35937287437207,121.78056103119624,47.42118815682417,3,223.0781186231162,142.26356447047252,365.3416830935887,0.0,100,DOWN,2025-12-26
SKU0014,east,599,73.52433290255313,121.420593200968,47.89626029841487,3,220.5729987076594,143.68878089524463,364.261779602904,0.0,100,DOWN,2025-12-26
SKU0014,east,599,72.83266097009829,121.18223004190844,48.34956907181015,3,218.49798291029487,145.04870721543045,363.5466901257253,0.0,100,DOWN,2025-12-26
SKU0014,east,599,71.5411252081197,120.32355243745904,48.78242722933935,3,214.62337562435908,146.34728168801803,360.9706573123771,0.0,100,DOWN,2025-12-26
SKU0014,east,599,71.58085959543703,120.77689485894426,49.19603526350723,3,214.7425787863111,147.5881057905217,362.3306845768328,0.0,100,DOWN,2025-12-26
SKU0014,east,599,70.233171332356,119.82466596096506,49.59149462860907,3,210.69951399706798,148.7744838858272,359.4739978828952,0.0,100,DOWN,2025-12-26
SKU0014,east,599,69.56452765319958,119.53434663138938,49.96981897818981,3,208.69358295959873,149.90945693456942,358.60303989416815,0.0,100,DOWN,2025-12-26
SKU0014,east,599,69.19560108203365,119.52754485680263,50.33194377476899,3,207.58680324610094,150.99583132430695,358.5826345704079,0.0,100,DOWN,2025-12-26
SKU0014,east,599,68.19988954131492,118.87862409588764,50.67873455457273,3,204.59966862394475,152.0362036637182,356.63587228766295,0.0,100,DOWN,2025-12-26
SKU0014,east,599,68.22638705062442,119.2373811240434,51.01099407341897,3,204.67916115187327,153.0329822202569,357.7121433721302,0.0,100,DOWN,2025-12-26
SKU0014,east,599,67.03177973875435,118.36124825478188,51.32946851602753,3,201.09533921626306,153.9884055480826,355.0837447643456,0.0,100,DOWN,2025-12-26
SKU0014,east,599,66.2096004074641,117.84445332418102,51.63485291671692,3,198.62880122239227,154.90455875015078,353.53335997254305,0.0,100,DOWN,2025-12-26
SKU0014,east,599,65.8635125169219,117.7913084293338,51.927795912411895,3,197.5905375507657,155.78338773723567,353.3739252880014,0.0,100,DOWN,2025-12-26
SKU0014,east,599,65.68709656122729,117.8960004886348,52.208903927407505,3,197.06128968368188,156.62671178222251,353.6880014659044,0.0,100,DOWN,2025-12-26
SKU0024,west,495,110.79740908396236,141.07476790099065,30.277358817028286,2,221.59481816792473,60.55471763405657,282.1495358019813,0.0,500,DOWN,2025-12-26
SKU0024,west,495,134.75107661334016,165.02339419086786,30.2723175775277,2,269.5021532266803,60.5446351550554,330.0467883817357,0.0,500,DOWN,2025-12-26
SKU0024,west,495,116.09816666793806,146.36600967637125,30.26784300843319,2,232.19633333587612,60.53568601686638,292.7320193527425,0.0,500,DOWN,2025-12-26
SKU0024,west,495,131.08462652465064,161.3484979773189,30.26387145266827,2,262.1692530493013,60.52774290533654,322.6969959546378,0.0,500,DOWN,2025-12-26
SKU0024,west,495,132.4633634116107,162.72370985853937,30.26034644692868,2,264.9267268232214,60.52069289385736,325.44741971707873,0.0,500,DOWN,2025-12-26
SKU0024,west,495,150.06851190579223,180.3257297540452,30.257217848252964,2,300.13702381158447,60.51443569650593,360.6514595080904,0.0,500,DOWN,2025-12-26
SKU0024,west,495,133.75281200440958,164.00725313467186,30.25444113026228,2,267.50562400881915,60.50888226052456,328.0145062693437,0.0,500,DOWN,2025-12-26
SKU0024,west,495,150.64710494642333,180.8990817034213,30.251976756997976,2,301.29420989284665,60.50395351399595,361.7981634068426,0.0,500,DOWN,2025-12-26
SKU0024,west,495,119.52393921402091,149.7737288399595,30.249789625938575,2,239.04787842804183,60.49957925187715,299.547457679919,0.0,500,DOWN,2025-12-26
SKU0024,west,495,124.09000315285796,154.3378517255453,30.247848572687346,2,248.18000630571592,60.49569714537469,308.6757034510906,0.0,500,DOWN,2025-12-26
SKU0024,west,495,142.37828262832548,172.62440855893257,30.246125930607093,2,284.75656525665096,60.492251861214186,345.24881711786514,0.0,500,DOWN,2025-12-26
SKU0024,west,495,158.22494856135788,188.4695457007471,30.244597139389214,2,316.44989712271575,60.48919427877843,376.9390914014942,0.0,500,DOWN,2025-12-26
SKU0024,west,495,166.24064479504597,196.48388519223093,30.243240397184962,2,332.48128959009193,60.486480794369925,392.96777038446186,0.0,500,DOWN,2025-12-26
SKU0024,west,495,156.06305032516374,186.305086676666,30.242036351502264,2,312.1261006503275,60.48407270300453,372.610173353332,0.0,500,DOWN,2025-12-26
SKU0024,west,495,129.34669523583491,159.58766306042386,30.24096782458895,2,258.69339047166983,60.4819356491779,319.1753261208477,0.0,500,DOWN,2025-12-26
SKU0024,west,495,145.34892376250323,175.58894333198987,30.240019569486634,2,290.69784752500647,60.48003913897327,351.17788666397973,0.0,500,DOWN,2025-12-26
SKU0024,west,495,154.7538841701451,184.99306222350012,30.239178053355005,2,309.5077683402902,60.47835610671001,369.98612444700024,0.0,500,DOWN,2025-12-26
SKU0024,west,495,133.93904961452552,164.17748087956377,30.23843126503826,2,267.87809922905103,60.47686253007652,328.35496175912755,0.0,500,DOWN,2025-12-26
SKU0024,west,495,129.73015046072845,159.96791900490462,30.237768544176163,2,259.4603009214569,60.475537088352326,319.93583800980923,0.0,500,DOWN,2025-12-26
SKU0024,west,495,121.81900498319008,152.05618541265144,30.23718042946136,2,243.63800996638017,60.47436085892272,304.1123708253029,0.0,500,DOWN,2025-12-26
SKU0024,west,495,129.26685890887197,159.50351743277776,30.23665852390579,2,258.53371781774393,60.47331704781158,319.0070348655555,0.0,500,DOWN,2025-12-26
SKU0024,west,495,133.83910968907955,164.0753050634658,30.236195374386256,2,267.6782193781591,60.47239074877251,328.1506101269316,0.0,500,DOWN,2025-12-26
SKU0024,north,267,92.02111735656186,122.25690009059456,30.235782734032696,2,184.04223471312372,60.47156546806539,244.5138001811891,0.0,500,DOWN,2025-12-26
SKU0024,west,495,92.02111735656186,122.25690009059456,30.235782734032696,2,184.04223471312372,60.47156546806539,244.5138001811891,0.0,500,DOWN,2025-12-26
SKU0024,east,253,92.02111735656186,122.25690009059456,30.235782734032696,2,184.04223471312372,60.47156546806539,244.5138001811891,0.0,500,DOWN,2025-12-26
SKU0024,west,495,104.49736065189968,134.7262349231389,30.228874271239206,2,208.99472130379937,60.45774854247841,269.4524698462778,0.0,500,DOWN,2025-12-26
SKU0024,west,495,129.94852215632108,160.17740807819118,30.228885921870102,2,259.89704431264215,60.457771843740204,320.35481615638236,0.0,500,DOWN,2025-12-26
SKU0024,west,495,109.20441070261256,139.4333069627937,30.22889626018113,2,218.40882140522513,60.45779252036226,278.8666139255874,0.0,500,DOWN,2025-12-26
SKU0025,west,489,89.4163574752768,120.68334062026776,31.26698314499096,4,357.6654299011072,125.06793257996384,482.733362481071,0.0,100,DOWN,2025-12-26
SKU0025,west,489,88.9952005628692,120.71448180067529,31.719281237806086,4,355.9808022514768,126.87712495122435,482.85792720270115,0.0,100,DOWN,2025-12-26
SKU0025,west,489,83.8410802298673,115.69010429431204,31.849024064444734,4,335.3643209194692,127.39609625777894,462.76041717724814,0.0,100,DOWN,2025-12-26
SKU0025,west,489,83.50099759404542,115.4705880050308,31.96959041098539,4,334.00399037618166,127.87836164394156,461.8823520201232,0.0,100,DOWN,2025-12-26
SKU0025,west,489,88.35577071375546,120.43744723666026,32.0816765229048,4,353.42308285502185,128.3267060916192,481.74978894664105,0.0,100,DOWN,2025-12-26
SKU0025,west,489,83.07868856579637,115.3615897479484,32.28290118215203,4,332.3147542631855,129.13160472860812,461.4463589917936,0.0,100,DOWN,2025-12-26
SKU0025,west,489,75.33262182623037,107.70577968302544,32.373157856795075,4,301.33048730492146,129.4926314271803,430.82311873210176,0.0,100,DOWN,2025-12-26
SKU0025,west,489,86.62672802849337,119.08390856995165,32.45718054145827,4,346.5069121139735,129.82872216583309,476.3356342798066,0.0,100,DOWN,2025-12-26
SKU0025,west,489,80.43771658700715,112.97305332558416,32.535336738577016,4,321.7508663480286,130.14134695430806,451.89221330233664,0.0,100,DOWN,2025-12-26
SKU0025,west,489,75.66608765195485,108.2742889724832,32.60820132052835,4,302.6643506078194,130.4328052821134,433.0971558899328,0.0,100,DOWN,2025-12-26
SKU0025,west,489,77.85497859000503,110.531063428225,32.676084838219964,4,311.41991436002013,130.70433935287986,442.1242537129,0.0,100,DOWN,2025-12-26
SKU0025,west,489,76.65423832947724,109.39357975203154,32.739341422554304,4,306.61695331790895,130.95736569021722,437.57431900812617,0.0,100,DOWN,2025-12-26
SKU0026,north,522,53.2456333441981,73.2300819285253,19.984448584327197,4,212.9825333767924,79.93779433730879,292.9203277141012,0.0,50,DOWN,2025-12-26
SKU0026,south,382,53.2456333441981,73.2300819285253,19.984448584327197,4,212.9825333767924,79.93779433730879,292.9203277141012,0.0,50,DOWN,2025-12-26
SKU0026,north,522,50.59748034866345,70.58263498394831,19.985154635284857,4,202.3899213946538,79.94061854113943,282.33053993579324,0.0,50,DOWN,2025-12-26
SKU0026,south,382,50.59748034866345,70.58263498394831,19.985154635284857,4,202.3899213946538,79.94061854113943,282.33053993579324,0.0,50,DOWN,2025-12-26
SKU0026,north,522,50.71653007189467,70.70231730440307,19.9857872325084,4,202.86612028757867,79.9431489300336,282.80926921761227,0.0,50,DOWN,2025-12-26
SKU0026,south,382,50.71653007189467,70.70231730440307,19.9857872325084,4,202.86612028757867,79.9431489300336,282.80926921761227,0.0,50,DOWN,2025-12-26
SKU0026,north,522,44.68212927472353,64.66848327891283,19.9863540041893,4,178.72851709889412,79.9454160167572,258.6739331156513,0.0,50,DOWN,2025-12-26
SKU0026,south,382,44.68212927472353,64.66848327891283,19.9863540041893,4,178.72851709889412,79.9454160167572,258.6739331156513,0.0,50,DOWN,2025-12-26
SKU0026,north,522,50.70096044452111,70.68782224696974,19.986861802448637,4,202.80384177808443,79.94744720979455,282.751288987879,0.0,50,DOWN,2025-12-26
SKU0026,south,382,50.70096044452111,70.68782224696974,19.986861802448637,4,202.80384177808443,79.94744720979455,282.751288987879,0.0,50,DOWN,2025-12-26
SKU0026,north,522,43.749308756452834,63.73662552208128,19.98731676562845,4,174.99723502581134,79.9492670625138,254.94650208832513,0.0,50,DOWN,2025-12-26
SKU0026,south,382,43.749308756452834,63.73662552208128,19.98731676562845,4,174.99723502581134,79.9492670625138,254.94650208832513,0.0,50,DOWN,2025-12-26
SKU0026,north,522,49.46639126244091,69.45411565518387,19.98772439274296,4,197.86556504976363,79.95089757097185,277.8164626207355,0.0,50,DOWN,2025-12-26
SKU0026,south,382,49.46639126244091,69.45411565518387,19.98772439274296,4,197.86556504976363,79.95089757097185,277.8164626207355,0.0,50,DOWN,2025-12-26
SKU0026,north,522,52.61433451343337,72.60242412358068,19.988089610147306,4,210.45733805373348,79.95235844058922,290.4096964943227,0.0,50,DOWN,2025-12-26
SKU0026,south,382,52.61433451343337,72.60242412358068,19.988089610147306,4,210.45733805373348,79.95235844058922,290.4096964943227,0.0,50,DOWN,2025-12-26
SKU0026,north,522,49.97044026900128,69.95885710023937,19.98841683123809,4,199.88176107600512,79.95366732495236,279.8354284009575,0.0,50,DOWN,2025-12-26
SKU0026,south,382,49.97044026900128,69.95885710023937,19.98841683123809,4,199.88176107600512,79.95366732495236,279.8354284009575,0.0,50,DOWN,2025-12-26
SKU0026,north,522,42.77204832191275,62.76075833183016,19.988710009917412,4,171.088193287651,79.95484003966965,251.04303332732064,0.0,50,DOWN,2025-12-26
SKU0026,south,382,42.77204832191275,62.76075833183016,19.988710009917412,4,171.088193287651,79.95484003966965,251.04303332732064,0.0,50,DOWN,2025-12-26
SKU0026,north,522,46.1300233936813,66.11899608215533,19.988972688474036,4,184.5200935747252,79.95589075389614,264.47598432862134,0.0,50,DOWN,2025-12-26
SKU0026,south,382,46.1300233936813,66.11899608215533,19.988972688474036,4,184.5200935747252,79.95589075389614,264.47598432862134,0.0,50,DOWN,2025-12-26
SKU0026,north,522,47.65581268937401,67.64502072984119,19.989208040467183,4,190.62325075749604,79.95683216186873,270.58008291936477,0.0,50,DOWN,2025-12-26
SKU0026,south,382,47.65581268937401,67.64502072984119,19.989208040467183,4,190.62325075749604,79.95683216186873,270.58008291936477,0.0,50,DOWN,2025-12-26
SKU0026,north,522,47.47170134729701,67.46112025653181,19.989418909234807,4,189.88680538918803,79.95767563693923,269.84448102612726,0.0,50,DOWN,2025-12-26
SKU0026,south,382,47.47170134729701,67.46112025653181,19.989418909234807,4,189.88680538918803,79.95767563693923,269.84448102612726,0.0,50,DOWN,2025-12-26
SKU0026,north,522,46.815132012987306,66.8047403688548,19.98960835586749,4,187.26052805194922,79.95843342346996,267.2189614754192,0.0,50,DOWN,2025-12-26
SKU0026,south,382,46.815132012987306,66.8047403688548,19.98960835586749,4,187.26052805194922,79.95843342346996,267.2189614754192,0.0,50,DOWN,2025-12-26
SKU0026,north,522,46.01333462909788,66.00383476040221,19.99050013130433,4,184.05333851639153,79.96200052521732,264.01533904160885,0.0,50,DOWN,2025-12-26
SKU0026,south,382,46.01333462909788,66.00383476040221,19.99050013130433,4,184.05333851639153,79.96200052521732,264.01533904160885,0.0,50,DOWN,2025-12-26
SKU0026,north,522,43.12041124769472,63.11077463214853,19.990363384453808,4,172.48164499077888,79.96145353781523,252.4430985285941,0.0,50,DOWN,2025-12-26
SKU0026,south,382,43.12041124769472,63.11077463214853,19.990363384453808,4,172.48164499077888,79.96145353781523,252.4430985285941,0.0,50,DOWN,2025-12-26
SKU0026,north,522,46.54247398163978,66.53271484147298,19.9902408598332,4,186.16989592655912,79.9609634393328,266.1308593658919,0.0,50,DOWN,2025-12-26
SKU0026,south,382,46.54247398163978,66.53271484147298,19.9902408598332,4,186.16989592655912,79.9609634393328,266.1308593658919,0.0,50,DOWN,2025-12-26
SKU0026,north,522,41.48700863964668,61.47713971788566,19.99013107823898,4,165.94803455858673,79.96052431295593,245.90855887154265,0.0,50,DOWN,2025-12-26
SKU0026,south,382,41.48700863964668,61.47713971788566,19.99013107823898,4,165.94803455858673,79.96052431295593,245.90855887154265,0.0,50,DOWN,2025-12-26
SKU0026,north,522,38.51334174378098,58.503374458225615,19.990032714444638,4,154.0533669751239,79.96013085777855,234.01349783290246,0.0,50,DOWN,2025-12-26
SKU0026,south,382,38.51334174378098,58.503374458225615,19.990032714444638,4,154.0533669751239,79.96013085777855,234.01349783290246,0.0,50,DOWN,2025-12-26
SKU0026,north,522,40.82582190315748,60.81576648418061,19.989944581023124,4,163.30328761262993,79.9597783240925,243.26306593672243,0.0,50,DOWN,2025-12-26
SKU0026,south,382,40.82582190315748,60.81576648418061,19.989944581023124,4,163.30328761262993,79.9597783240925,243.26306593672243,0.0,50,DOWN,2025-12-26
SKU0026,north,522,35.106163989223205,55.096029603245256,19.98986561402205,4,140.42465595689282,79.9594624560882,220.38411841298102,0.0,50,DOWN,2025-12-26
SKU0026,south,382,35.106163989223205,55.096029603245256,19.98986561402205,4,140.42465595689282,79.9594624560882,220.38411841298102,0.0,50,DOWN,2025-12-26
SKU0026,north,522,37.88522459391973,57.87501945404679,19.989794860127063,4,151.54089837567892,79.95917944050825,231.50007781618717,0.0,50,DOWN,2025-12-26
SKU0026,south,382,37.88522459391973,57.87501945404679,19.989794860127063,4,151.54089837567892,79.95917944050825,231.50007781618717,0.0,50,DOWN,2025-12-26
SKU0026,north,522,37.69696930640117,57.68670077156053,19.98973146515936,4,150.7878772256047,79.95892586063744,230.74680308624212,0.0,50,DOWN,2025-12-26
SKU0026,south,382,37.69696930640117,57.68670077156053,19.98973146515936,4,150.7878772256047,79.95892586063744,230.74680308624212,0.0,50,DOWN,2025-12-26
SKU0026,north,522,38.98630197307078,58.97597663683919,19.98967466376841,4,155.94520789228312,79.95869865507365,235.90390654735677,0.0,50,DOWN,2025-12-26
SKU0026,south,382,38.98630197307078,58.97597663683919,19.98967466376841,4,155.94520789228312,79.95869865507365,235.90390654735677,0.0,50,DOWN,2025-12-26
SKU0026,north,522,33.45009621320008,53.43971998339619,19.98962377019611,4,133.8003848528003,79.95849508078445,213.75887993358475,0.0,50,DOWN,2025-12-26
SKU0026,south,382,33.45009621320008,53.43971998339619,19.98962377019611,4,133.8003848528003,79.95849508078445,213.75887993358475,0.0,50,DOWN,2025-12-26
SKU0026,north,522,35.52680460073216,55.516382770733,19.98957817000084,4,142.10721840292865,79.95831268000336,222.065531082932,0.0,50,DOWN,2025-12-26
SKU0026,south,382,35.52680460073216,55.516382770733,19.98957817000084,4,142.10721840292865,79.95831268000336,222.065531082932,0.0,50,DOWN,2025-12-26
SKU0034,north,324,111.06017059979868,140.2681688601355,29.207998260336808,1,111.06017059979868,29.207998260336808,140.2681688601355,0.0,100,DOWN,2025-12-26
SKU0034,west,593,111.06017059979868,140.2681688601355,29.207998260336808,1,111.06017059979868,29.207998260336808,140.2681688601355,0.0,100,DOWN,2025-12-26
SKU0034,east,385,111.06017059979868,140.2681688601355,29.207998260336808,1,111.06017059979868,29.207998260336808,140.2681688601355,0.0,100,DOWN,2025-12-26
SKU0034,south,293,111.06017059979868,140.2681688601355,29.207998260336808,1,111.06017059979868,29.207998260336808,140.2681688601355,0.0,100,DOWN,2025-12-26
SKU0034,north,324,106.2261777430638,135.42205236484196,29.19587462177816,1,106.2261777430638,29.19587462177816,135.42205236484196,0.0,100,DOWN,2025-12-26
SKU0034,west,593,106.2261777430638,135.42205236484196,29.19587462177816,1,106.2261777430638,29.19587462177816,135.42205236484196,0.0,100,DOWN,2025-12-26
SKU0034,east,385,106.2261777430638,135.42205236484196,29.19587462177816,1,106.2261777430638,29.19587462177816,135.42205236484196,0.0,100,DOWN,2025-12-26
SKU0034,south,293,106.2261777430638,135.42205236484196,29.19587462177816,1,106.2261777430638,29.19587462177816,135.42205236484196,0.0,100,DOWN,2025-12-26
SKU0034,north,324,104.18446578981596,133.36899560133602,29.184529811520065,1,104.18446578981596,29.184529811520065,133.36899560133602,0.0,100,DOWN,2025-12-26
SKU0034,west,593,104.18446578981596,133.36899560133602,29.184529811520065,1,104.18446578981596,29.184529811520065,133.36899560133602,0.0,100,DOWN,2025-12-26
SKU0034,east,385,104.18446578981596,133.36899560133602,29.184529811520065,1,104.18446578981596,29.184529811520065,133.36899560133602,0.0,100,DOWN,2025-12-26
SKU0034,south,293,104.18446578981596,133.36899560133602,29.184529811520065,1,104.18446578981596,29.184529811520065,133.36899560133602,0.0,100,DOWN,2025-12-26
SKU0034,north,324,109.41640496666368,138.59031918005456,29.173914213390887,1,109.41640496666368,29.173914213390887,138.59031918005456,0.0,100,DOWN,2025-12-26
SKU0034,west,593,109.41640496666368,138.59031918005456,29.173914213390887,1,109.41640496666368,29.173914213390887,138.59031918005456,0.0,100,DOWN,2025-12-26
SKU0034,east,385,109.41640496666368,138.59031918005456,29.173914213390887,1,109.41640496666368,29.173914213390887,138.59031918005456,0.0,100,DOWN,2025-12-26
SKU0034,south,293,109.41640496666368,138.59031918005456,29.173914213390887,1,109.41640496666368,29.173914213390887,138.59031918005456,0.0,100,DOWN,2025-12-26
SKU0034,north,324,109.71634997556473,138.88033129551997,29.16398131995524,1,109.71634997556473,29.16398131995524,138.88033129551997,0.0,100,DOWN,2025-12-26
SKU0034,west,593,109.71634997556473,138.88033129551997,29.16398131995524,1,109.71634997556473,29.16398131995524,138.88033129551997,0.0,100,DOWN,2025-12-26
SKU0034,east,385,109.71634997556473,138.88033129551997,29.16398131995524,1,109.71634997556473,29.16398131995524,138.88033129551997,0.0,100,DOWN,2025-12-26
SKU0034,south,293,109.71634997556473,138.88033129551997,29.16398131995524,1,109.71634997556473,29.16398131995524,138.88033129551997,0.0,100,DOWN,2025-12-26
SKU0034,north,324,112.55442314192612,141.70911068680763,29.15468754488151,1,112.55442314192612,29.15468754488151,141.70911068680763,0.0,100,DOWN,2025-12-26
SKU0034,west,593,112.55442314192612,141.70911068680763,29.15468754488151,1,112.55442314192612,29.15468754488151,141.70911068680763,0.0,100,DOWN,2025-12-26
SKU0034,east,385,112.55442314192612,141.70911068680763,29.15468754488151,1,112.55442314192612,29.15468754488151,141.70911068680763,0.0,100,DOWN,2025-12-26
SKU0034,south,293,112.55442314192612,141.70911068680763,29.15468754488151,1,112.55442314192612,29.15468754488151,141.70911068680763,0.0,100,DOWN,2025-12-26
SKU0034,north,324,111.20442990048753,140.35042194550553,29.145992045018005,1,111.20442990048753,29.145992045018005,140.35042194550553,0.0,100,DOWN,2025-12-26
SKU0034,west,593,111.20442990048753,140.35042194550553,29.145992045018005,1,111.20442990048753,29.145992045018005,140.35042194550553,0.0,100,DOWN,2025-12-26
SKU0034,east,385,111.20442990048753,140.35042194550553,29.145992045018005,1,111.20442990048753,29.145992045018005,140.35042194550553,0.0,100,DOWN,2025-12-26
SKU0034,south,293,111.20442990048753,140.35042194550553,29.145992045018005,1,111.20442990048753,29.145992045018005,140.35042194550553,0.0,100,DOWN,2025-12-26
SKU0034,north,324,106.163025558185,135.30088211081588,29.13785655263088,1,106.163025558185,29.13785655263088,135.30088211081588,0.0,100,DOWN,2025-12-26
SKU0034,west,593,106.163025558185,135.30088211081588,29.13785655263088,1,106.163025558185,29.13785655263088,135.30088211081588,0.0,100,DOWN,2025-12-26
SKU0034,east,385,106.163025558185,135.30088211081588,29.13785655263088,1,106.163025558185,29.13785655263088,135.30088211081588,0.0,100,DOWN,2025-12-26
SKU0034,south,293,106.163025558185,135.30088211081588,29.13785655263088,1,106.163025558185,29.13785655263088,135.30088211081588,0.0,100,DOWN,2025-12-26
SKU0034,north,324,111.3761794581836,140.50642467547283,29.13024521728923,1,111.3761794581836,29.13024521728923,140.50642467547283,0.0,100,DOWN,2025-12-26
SKU0034,west,593,111.3761794581836,140.50642467547283,29.13024521728923,1,111.3761794581836,29.13024521728923,140.50642467547283,0.0,100,DOWN,2025-12-26
SKU0034,east,385,111.3761794581836,140.50642467547283,29.13024521728923,1,111.3761794581836,29.13024521728923,140.50642467547283,0.0,100,DOWN,2025-12-26
SKU0034,south,293,111.3761794581836,140.50642467547283,29.13024521728923,1,111.3761794581836,29.13024521728923,140.50642467547283,0.0,100,DOWN,2025-12-26
SKU0034,north,324,119.12153235611578,148.24465681305338,29.123124456937603,1,119.12153235611578,29.123124456937603,148.24465681305338,0.0,100,DOWN,2025-12-26
SKU0034,west,593,119.12153235611578,148.24465681305338,29.123124456937603,1,119.12153235611578,29.123124456937603,148.24465681305338,0.0,100,DOWN,2025-12-26
SKU0034,east,385,119.12153235611578,148.24465681305338,29.123124456937603,1,119.12153235611578,29.123124456937603,148.24465681305338,0.0,100,DOWN,2025-12-26
SKU0034,south,293,119.12153235611578,148.24465681305338,29.123124456937603,1,119.12153235611578,29.123124456937603,148.24465681305338,0.0,100,DOWN,2025-12-26
SKU0034,north,324,113.2087718571967,142.32523467486504,29.11646281766835,1,113.2087718571967,29.11646281766835,142.32523467486504,0.0,100,DOWN,2025-12-26
SKU0034,west,593,113.2087718571967,142.32523467486504,29.11646281766835,1,113.2087718571967,29.11646281766835,142.32523467486504,0.0,100,DOWN,2025-12-26
SKU0034,east,385,113.2087718571967,142.32523467486504,29.11646281766835,1,113.2087718571967,29.11646281766835,142.32523467486504,0.0,100,DOWN,2025-12-26
SKU0034,south,293,113.2087718571967,142.32523467486504,29.11646281766835,1,113.2087718571967,29.11646281766835,142.32523467486504,0.0,100,DOWN,2025-12-26
SKU0034,north,324,116.79911026828177,145.90934111004458,29.110230841762814,1,116.79911026828177,29.110230841762814,145.90934111004458,0.0,100,DOWN,2025-12-26
SKU0034,west,593,116.79911026828177,145.90934111004458,29.110230841762814,1,116.79911026828177,29.110230841762814,145.90934111004458,0.0,100,DOWN,2025-12-26
SKU0034,east,385,116.79911026828177,145.90934111004458,29.110230841762814,1,116.79911026828177,29.110230841762814,145.90934111004458,0.0,100,DOWN,2025-12-26
SKU0034,south,293,116.79911026828177,145.90934111004458,29.110230841762814,1,116.79911026828177,29.110230841762814,145.90934111004458,0.0,100,DOWN,2025-12-26
SKU0034,north,324,108.22317961537196,137.32758055891813,29.104400943546167,1,108.22317961537196,29.104400943546167,137.32758055891813,0.0,100,DOWN,2025-12-26
SKU0034,west,593,108.22317961537196,137.32758055891813,29.104400943546167,1,108.22317961537196,29.104400943546167,137.32758055891813,0.0,100,DOWN,2025-12-26
SKU0034,east,385,108.22317961537196,137.32758055891813,29.104400943546167,1,108.22317961537196,29.104400943546167,137.32758055891813,0.0,100,DOWN,2025-12-26
SKU0034,south,293,108.22317961537196,137.32758055891813,29.104400943546167,1,108.22317961537196,29.104400943546167,137.32758055891813,0.0,100,DOWN,2025-12-26
SKU0034,north,324,114.37816735815412,143.4771146508104,29.098947292656277,1,114.37816735815412,29.098947292656277,143.4771146508104,0.0,100,DOWN,2025-12-26
SKU0034,west,593,114.37816735815412,143.4771146508104,29.098947292656277,1,114.37816735815412,29.098947292656277,143.4771146508104,0.0,100,DOWN,2025-12-26
SKU0034,east,385,114.37816735815412,143.4771146508104,29.098947292656277,1,114.37816735815412,29.098947292656277,143.4771146508104,0.0,100,DOWN,2025-12-26
SKU0034,south,293,114.37816735815412,143.4771146508104,29.098947292656277,1,114.37816735815412,29.098947292656277,143.4771146508104,0.0,100,DOWN,2025-12-26
SKU0034,north,324,112.34938128672542,141.4432269910305,29.093845704305096,1,112.34938128672542,29.093845704305096,141.4432269910305,0.0,100,DOWN,2025-12-26
SKU0034,west,593,112.34938128672542,141.4432269910305,29.093845704305096,1,112.34938128672542,29.093845704305096,141.4432269910305,0.0,100,DOWN,2025-12-26
SKU0034,east,385,112.34938128672542,141.4432269910305,29.093845704305096,1,112.34938128672542,29.093845704305096,141.4432269910305,0.0,100,DOWN,2025-12-26
SKU0034,south,293,112.34938128672542,141.4432269910305,29.093845704305096,1,112.34938128672542,29.093845704305096,141.4432269910305,0.0,100,DOWN,2025-12-26
SKU0034,north,324,110.35451464177784,139.44358817794443,29.089073536166595,1,110.35451464177784,29.089073536166595,139.44358817794443,0.0,100,DOWN,2025-12-26
SKU0034,west,593,110.35451464177784,139.44358817794443,29.089073536166595,1,110.35451464177784,29.089073536166595,139.44358817794443,0.0,100,DOWN,2025-12-26
SKU0034,east,385,110.35451464177784,139.44358817794443,29.089073536166595,1,110.35451464177784,29.089073536166595,139.44358817794443,0.0,100,DOWN,2025-12-26
SKU0034,south,293,110.35451464177784,139.44358817794443,29.089073536166595,1,110.35451464177784,29.089073536166595,139.44358817794443,0.0,100,DOWN,2025-12-26
SKU0034,north,324,100.42271702899812,129.50732662050092,29.084609591502797,1,100.42271702899812,29.084609591502797,129.50732662050092,0.0,100,DOWN,2025-12-26
SKU0034,west,593,100.42271702899812,129.50732662050092,29.084609591502797,1,100.42271702899812,29.084609591502797,129.50732662050092,0.0,100,DOWN,2025-12-26
SKU0034,east,385,100.42271702899812,129.50732662050092,29.084609591502797,1,100.42271702899812,29.084609591502797,129.50732662050092,0.0,100,DOWN,2025-12-26
SKU0034,south,293,100.42271702899812,129.50732662050092,29.084609591502797,1,100.42271702899812,29.084609591502797,129.50732662050092,0.0,100,DOWN,2025-12-26
SKU0034,north,324,114.68156472181276,143.76199875000916,29.080434028196393,1,114.68156472181276,29.080434028196393,143.76199875000916,0.0,100,DOWN,2025-12-26
SKU0034,west,593,114.68156472181276,143.76199875000916,29.080434028196393,1,114.68156472181276,29.080434028196393,143.76199875000916,0.0,100,DOWN,2025-12-26
SKU0034,east,385,114.68156472181276,143.76199875000916,29.080434028196393,1,114.68156472181276,29.080434028196393,143.76199875000916,0.0,100,DOWN,2025-12-26
SKU0034,south,293,114.68156472181276,143.76199875000916,29.080434028196393,1,114.68156472181276,29.080434028196393,143.76199875000916,0.0,100,DOWN,2025-12-26
SKU0034,north,324,105.31047537189689,134.3870036452303,29.07652827333341,1,105.31047537189689,29.07652827333341,134.3870036452303,0.0,100,DOWN,2025-12-26
SKU0034,west,593,105.31047537189689,134.3870036452303,29.07652827333341,1,105.31047537189689,29.07652827333341,134.3870036452303,0.0,100,DOWN,2025-12-26
SKU0034,east,385,105.31047537189689,134.3870036452303,29.07652827333341,1,105.31047537189689,29.07652827333341,134.3870036452303,0.0,100,DOWN,2025-12-26
SKU0034,south,293,105.31047537189689,134.3870036452303,29.07652827333341,1,105.31047537189689,29.07652827333341,134.3870036452303,0.0,100,DOWN,2025-12-26
SKU0034,north,324,102.6937229230517,131.7665978660895,29.072874943037817,1,102.6937229230517,29.072874943037817,131.7665978660895,0.0,100,DOWN,2025-12-26
SKU0034,west,593,102.6937229230517,131.7665978660895,29.072874943037817,1,102.6937229230517,29.072874943037817,131.7665978660895,0.0,100,DOWN,2025-12-26
SKU0034,east,385,102.6937229230517,131.7665978660895,29.072874943037817,1,102.6937229230517,29.072874943037817,131.7665978660895,0.0,100,DOWN,2025-12-26
SKU0034,south,293,102.6937229230517,131.7665978660895,29.072874943037817,1,102.6937229230517,29.072874943037817,131.7665978660895,0.0,100,DOWN,2025-12-26
SKU0034,north,324,108.5737990640283,137.64325683126182,29.06945776723353,1,108.5737990640283,29.06945776723353,137.64325683126182,0.0,100,DOWN,2025-12-26
SKU0034,west,593,108.5737990640283,137.64325683126182,29.06945776723353,1,108.5737990640283,29.06945776723353,137.64325683126182,0.0,100,DOWN,2025-12-26
SKU0034,east,385,108.5737990640283,137.64325683126182,29.06945776723353,1,108.5737990640283,29.06945776723353,137.64325683126182,0.0,100,DOWN,2025-12-26
SKU0034,south,293,108.5737990640283,137.64325683126182,29.06945776723353,1,108.5737990640283,29.06945776723353,137.64325683126182,0.0,100,DOWN,2025-12-26
SKU0034,north,324,98.29284156313012,127.3591030821959,29.066261519065776,1,98.29284156313012,29.066261519065776,127.3591030821959,0.0,100,DOWN,2025-12-26
SKU0034,west,593,98.29284156313012,127.3591030821959,29.066261519065776,1,98.29284156313012,29.066261519065776,127.3591030821959,0.0,100,DOWN,2025-12-26
SKU0034,east,385,98.29284156313012,127.3591030821959,29.066261519065776,1,98.29284156313012,29.066261519065776,127.3591030821959,0.0,100,DOWN,2025-12-26
SKU0034,south,293,98.29284156313012,127.3591030821959,29.066261519065776,1,98.29284156313012,29.066261519065776,127.3591030821959,0.0,100,DOWN,2025-12-26
SKU0034,north,324,107.46551088821636,136.5287828369051,29.063271948688737,1,107.46551088821636,29.063271948688737,136.5287828369051,0.0,100,DOWN,2025-12-26
SKU0034,west,593,107.46551088821636,136.5287828369051,29.063271948688737,1,107.46551088821636,29.063271948688737,136.5287828369051,0.0,100,DOWN,2025-12-26
SKU0034,east,385,107.46551088821636,136.5287828369051,29.063271948688737,1,107.46551088821636,29.063271948688737,136.5287828369051,0.0,100,DOWN,2025-12-26
SKU0034,south,293,107.46551088821636,136.5287828369051,29.063271948688737,1,107.46551088821636,29.063271948688737,136.5287828369051,0.0,100,DOWN,2025-12-26
SKU0034,north,324,112.1811791277155,141.24165484921463,29.06047572149913,1,112.1811791277155,29.06047572149913,141.24165484921463,0.0,100,DOWN,2025-12-26
SKU0034,west,593,112.1811791277155,141.24165484921463,29.06047572149913,1,112.1811791277155,29.06047572149913,141.24165484921463,0.0,100,DOWN,2025-12-26
SKU0034,east,385,112.1811791277155,141.24165484921463,29.06047572149913,1,112.1811791277155,29.06047572149913,141.24165484921463,0.0,100,DOWN,2025-12-26
SKU0034,south,293,112.1811791277155,141.24165484921463,29.06047572149913,1,112.1811791277155,29.06047572149913,141.24165484921463,0.0,100,DOWN,2025-12-26
SKU0034,north,324,112.43877714755766,141.4966382138265,29.057861066268828,1,112.43877714755766,29.057861066268828,141.4966382138265,0.0,100,DOWN,2025-12-26
SKU0034,west,593,112.43877714755766,141.4966382138265,29.057861066268828,1,112.43877714755766,29.057861066268828,141.4966382138265,0.0,100,DOWN,2025-12-26
SKU0034,east,385,112.43877714755766,141.4966382138265,29.057861066268828,1,112.43877714755766,29.057861066268828,141.4966382138265,0.0,100,DOWN,2025-12-26
SKU0034,south,293,112.43877714755766,141.4966382138265,29.057861066268828,1,112.43877714755766,29.057861066268828,141.4966382138265,0.0,100,DOWN,2025-12-26
SKU0034,north,324,96.80021254449676,125.85694472898598,29.05673218448922,1,96.80021254449676,29.05673218448922,125.85694472898598,0.0,100,DOWN,2025-12-26
SKU0034,west,593,96.80021254449676,125.85694472898598,29.05673218448922,1,96.80021254449676,29.05673218448922,125.85694472898598,0.0,100,DOWN,2025-12-26
SKU0034,east,385,96.80021254449676,125.85694472898598,29.05673218448922,1,96.80021254449676,29.05673218448922,125.85694472898598,0.0,100,DOWN,2025-12-26
SKU0034,south,293,96.80021254449676,125.85694472898598,29.05673218448922,1,96.80021254449676,29.05673218448922,125.85694472898598,0.0,100,DOWN,2025-12-26
SKU0035,west,372,82.67114048447917,92.96409397805682,10.292953493577656,4,330.68456193791667,41.17181397431062,371.8563759122273,0.0,500,DOWN,2025-12-26
SKU0035,east,395,82.67114048447917,92.96409397805682,10.292953493577656,4,330.68456193791667,41.17181397431062,371.8563759122273,0.0,500,DOWN,2025-12-26
SKU0035,west,372,79.76049038634712,90.0501383061488,10.28964791980168,4,319.04196154538846,41.15859167920672,360.2005532245952,0.0,500,DOWN,2025-12-26
SKU0035,east,395,79.76049038634712,90.0501383061488,10.28964791980168,4,319.04196154538846,41.15859167920672,360.2005532245952,0.0,500,DOWN,2025-12-26
SKU0035,east,395,83.88621728696074,94.1729220746211,10.286704787660355,4,335.544869147843,41.14681915064142,376.6916882984844,0.0,500,DOWN,2025-12-26
SKU0035,east,395,83.14454138461974,93.42862589687591,10.284084512256172,4,332.57816553847897,41.13633804902469,373.71450358750366,0.0,500,DOWN,2025-12-26
SKU0035,west,372,72.81311691608853,83.09486871613743,10.281751800048895,4,291.2524676643541,41.12700720019558,332.3794748645497,0.0,500,DOWN,2025-12-26
SKU0035,east,395,72.81311691608853,83.09486871613743,10.281751800048895,4,291.2524676643541,41.12700720019558,332.3794748645497,0.0,500,DOWN,2025-12-26
SKU0035,west,372,80.793227123,91.072902313155,10.279675190155004,4,323.172908492,41.118700760620015,364.29160925262,0.0,500,DOWN,2025-12-26
SKU0035,east,395,80.793227123,91.072902313155,10.279675190155004,4,323.172908492,41.118700760620015,364.29160925262,0.0,500,DOWN,2025-12-26
SKU0035,west,372,76.71552528349993,86.99335192690938,10.277826643409455,4,306.8621011339997,41.11130657363782,347.97340770763753,0.0,500,DOWN,2025-12-26
SKU0035,east,395,76.71552528349993,86.99335192690938,10.277826643409455,4,306.8621011339997,41.11130657363782,347.97340770763753,0.0,500,DOWN,2025-12-26
SKU0035,west,372,80.06931891764762,90.34550009206502,10.276181174417403,4,320.2772756705905,41.10472469766961,361.3820003682601,0.0,500,DOWN,2025-12-26
SKU0035,east,395,80.06931891764762,90.34550009206502,10.276181174417403,4,320.2772756705905,41.10472469766961,361.3820003682601,0.0,500,DOWN,2025-12-26
SKU0035,west,372,70.53933337817239,80.81404990045696,10.274716522284578,4,282.15733351268955,41.09886608913831,323.25619960182786,0.0,500,DOWN,2025-12-26
SKU0035,east,395,70.53933337817239,80.81404990045696,10.274716522284578,4,282.15733351268955,41.09886608913831,323.25619960182786,0.0,500,DOWN,2025-12-26
SKU0035,west,372,72.33427080720058,82.60768366338202,10.273412856181437,4,289.3370832288023,41.09365142472575,330.4307346535281,0.0,500,DOWN,2025-12-26
SKU0035,east,395,72.33427080720058,82.60768366338202,10.273412856181437,4,289.3370832288023,41.09365142472575,330.4307346535281,0.0,500,DOWN,2025-12-26
SKU0035,west,372,69.03754170187823,79.30979421403701,10.272252512158786,4,276.1501668075129,41.089010048635146,317.23917685614805,0.0,500,DOWN,2025-12-26
SKU0035,east,395,69.03754170187823,79.30979421403701,10.272252512158786,4,276.1501668075129,41.089010048635146,317.23917685614805,0.0,500,DOWN,2025-12-26
SKU0035,west,372,68.44380573618066,78.7150254942328,10.27121975805214,4,273.77522294472266,41.08487903220856,314.8601019769312,0.0,500,DOWN,2025-12-26
SKU0035,east,395,68.44380573618066,78.7150254942328,10.27121975805214,4,273.77522294472266,41.08487903220856,314.8601019769312,0.0,500,DOWN,2025-12-26
SKU0035,west,372,70.14068343076167,80.41098401428879,10.270300583527117,4,280.5627337230467,41.08120233410847,321.64393605715514,0.0,500,DOWN,2025-12-26
SKU0035,east,395,70.14068343076167,80.41098401428879,10.270300583527117,4,280.5627337230467,41.08120233410847,321.64393605715514,0.0,500,DOWN,2025-12-26
SKU0035,west,372,67.35536784919874,77.62485036188826,10.269482512689521,4,269.42147139679497,41.077930050758084,310.49940144755305,0.0,500,DOWN,2025-12-26
SKU0035,east,395,67.35536784919874,77.62485036188826,10.269482512689521,4,269.42147139679497,41.077930050758084,310.49940144755305,0.0,500,DOWN,2025-12-26
SKU0035,west,372,66.65178423658045,76.92053867343223,10.26875443685178,4,266.6071369463218,41.07501774740712,307.68215469372893,0.0,500,DOWN,2025-12-26
SKU0035,east,395,66.65178423658045,76.92053867343223,10.26875443685178,4,266.6071369463218,41.07501774740712,307.68215469372893,0.0,500,DOWN,2025-12-26
SKU0035,west,372,65.7712639910685,76.03937045644136,10.268106465372867,4,263.085055964274,41.07242586149147,304.15748182576544,0.0,500,DOWN,2025-12-26
SKU0035,east,395,65.7712639910685,76.03937045644136,10.268106465372867,4,263.085055964274,41.07242586149147,304.15748182576544,0.0,500,DOWN,2025-12-26
SKU0035,west,372,66.14845918702989,76.41598897964445,10.267529792614567,4,264.59383674811954,41.07011917045827,305.6639559185778,0.0,500,DOWN,2025-12-26
SKU0035,east,395,66.14845918702989,76.41598897964445,10.267529792614567,4,264.59383674811954,41.07011917045827,305.6639559185778,0.0,500,DOWN,2025-12-26
SKU0035,west,372,67.37150105032502,77.63851762966613,10.267016579341103,4,269.4860042013001,41.06806631736441,310.5540705186645,0.0,500,DOWN,2025-12-26
SKU0035,east,395,67.37150105032502,77.63851762966613,10.267016579341103,4,269.4860042013001,41.06806631736441,310.5540705186645,0.0,500,DOWN,2025-12-26
SKU0035,west,372,69.84932810295402,80.11588794993068,10.266559846976662,4,279.3973124118161,41.06623938790665,320.4635517997227,0.0,500,DOWN,2025-12-26
SKU0035,east,395,69.84932810295402,80.11588794993068,10.266559846976662,4,279.3973124118161,41.06623938790665,320.4635517997227,0.0,500,DOWN,2025-12-26
SKU0035,west,372,67.42523596250713,77.69138934589206,10.266153383384932,4,269.7009438500285,41.06461353353973,310.76555738356825,0.0,500,DOWN,2025-12-26
SKU0035,east,395,67.42523596250713,77.69138934589206,10.266153383384932,4,269.7009438500285,41.06461353353973,310.76555738356825,0.0,500,DOWN,2025-12-26
SKU0035,west,372,61.73938636933804,72.00517802822732,10.265791658889277,4,246.95754547735217,41.06316663555711,288.0207121129093,0.0,500,DOWN,2025-12-26
SKU0035,east,395,61.73938636933804,72.00517802822732,10.265791658889277,4,246.95754547735217,41.06316663555711,288.0207121129093,0.0,500,DOWN,2025-12-26
SKU0035,south,300,61.73938636933804,72.00517802822732,10.265791658889277,4,246.95754547735217,41.06316663555711,288.0207121129093,0.0,500,DOWN,2025-12-26
SKU0035,west,372,58.740766639489934,69.00623639096176,10.265469751471826,4,234.96306655795973,41.061879005887306,276.02494556384704,0.0,500,DOWN,2025-12-26
SKU0035,east,395,58.740766639489934,69.00623639096176,10.265469751471826,4,234.96306655795973,41.061879005887306,276.02494556384704,0.0,500,DOWN,2025-12-26
SKU0035,south,300,58.740766639489934,69.00623639096176,10.265469751471826,4,234.96306655795973,41.061879005887306,276.02494556384704,0.0,500,DOWN,2025-12-26
SKU0035,north,269,53.70912398319501,63.97430726331203,10.265183280117014,4,214.83649593278005,41.06073312046806,255.8972290532481,0.0,500,DOWN,2025-12-26
SKU0035,west,372,53.70912398319501,63.97430726331203,10.265183280117014,4,214.83649593278005,41.06073312046806,255.8972290532481,0.0,500,DOWN,2025-12-26
SKU0035,east,395,53.70912398319501,63.97430726331203,10.265183280117014,4,214.83649593278005,41.06073312046806,255.8972290532481,0.0,500,DOWN,2025-12-26
SKU0035,south,300,53.70912398319501,63.97430726331203,10.265183280117014,4,214.83649593278005,41.06073312046806,255.8972290532481,0.0,500,DOWN,2025-12-26
SKU0035,west,372,59.774849378929886,70.03977772439004,10.264928345460149,4,239.09939751571955,41.059713381840595,280.15911089756014,0.0,500,DOWN,2025-12-26
SKU0035,east,395,59.774849378929886,70.03977772439004,10.264928345460149,4,239.09939751571955,41.059713381840595,280.15911089756014,0.0,500,DOWN,2025-12-26
SKU0035,south,300,59.774849378929886,70.03977772439004,10.264928345460149,4,239.09939751571955,41.059713381840595,280.15911089756014,0.0,500,DOWN,2025-12-26
SKU0035,north,269,55.39316162099042,65.65786309789618,10.264701476905763,4,221.57264648396168,41.058805907623054,262.63145239158473,0.0,500,DOWN,2025-12-26
SKU0035,west,372,55.39316162099042,65.65786309789618,10.264701476905763,4,221.57264648396168,41.058805907623054,262.63145239158473,0.0,500,DOWN,2025-12-26
SKU0035,east,395,55.39316162099042,65.65786309789618,10.264701476905763,4,221.57264648396168,41.058805907623054,262.63145239158473,0.0,500,DOWN,2025-12-26
SKU0035,south,300,55.39316162099042,65.65786309789618,10.264701476905763,4,221.57264648396168,41.058805907623054,262.63145239158473,0.0,500,DOWN,2025-12-26
SKU0035,north,269,52.0531344928181,62.31763407837271,10.26449958555461,4,208.2125379712724,41.05799834221844,249.27053631349085,0.0,500,DOWN,2025-12-26
SKU0035,west,372,52.0531344928181,62.31763407837271,10.26449958555461,4,208.2125379712724,41.05799834221844,249.27053631349085,0.0,500,DOWN,2025-12-26
SKU0035,east,395,52.0531344928181,62.31763407837271,10.26449958555461,4,208.2125379712724,41.05799834221844,249.27053631349085,0.0,500,DOWN,2025-12-26
SKU0035,south,300,52.0531344928181,62.31763407837271,10.26449958555461,4,208.2125379712724,41.05799834221844,249.27053631349085,0.0,500,DOWN,2025-12-26
SKU0041,north,386,72.05966319502494,94.36539003995262,22.305726844927676,4,288.23865278009976,89.2229073797107,377.46156015981046,0.0,500,DOWN,2025-12-26
SKU0041,west,404,72.05966319502494,94.36539003995262,22.305726844927676,4,288.23865278009976,89.2229073797107,377.46156015981046,0.0,500,DOWN,2025-12-26
SKU0041,north,386,72.16383263258581,94.46377634572129,22.299943713135477,4,288.65533053034324,89.1997748525419,377.85510538288514,0.0,500,DOWN,2025-12-26
SKU0041,west,404,72.16383263258581,94.46377634572129,22.299943713135477,4,288.65533053034324,89.1997748525419,377.85510538288514,0.0,500,DOWN,2025-12-26
SKU0041,north,386,71.58723786484745,93.88169308738152,22.29445522253407,4,286.3489514593898,89.17782089013627,375.5267723495261,0.0,500,DOWN,2025-12-26
SKU0041,west,404,71.58723786484745,93.88169308738152,22.29445522253407,4,286.3489514593898,89.17782089013627,375.5267723495261,0.0,500,DOWN,2025-12-26
SKU0041,north,386,70.32908783653428,92.61833430791054,22.28924647137626,4,281.31635134613714,89.15698588550504,370.4733372316422,0.0,500,DOWN,2025-12-26
SKU0041,west,404,70.32908783653428,92.61833430791054,22.28924647137626,4,281.31635134613714,89.15698588550504,370.4733372316422,0.0,500,DOWN,2025-12-26
SKU0041,north,386,67.41831999296727,89.70262329360921,22.284303300641938,4,269.6732799718691,89.13721320256775,358.81049317443683,0.0,500,DOWN,2025-12-26
SKU0041,west,404,67.41831999296727,89.70262329360921,22.284303300641938,4,269.6732799718691,89.13721320256775,358.81049317443683,0.0,500,DOWN,2025-12-26
SKU0041,north,386,67.10903134848591,89.3886436066951,22.279612258209184,4,268.43612539394366,89.11844903283674,357.5545744267804,0.0,500,DOWN,2025-12-26
SKU0041,west,404,67.10903134848591,89.3886436066951,22.279612258209184,4,268.43612539394366,89.11844903283674,357.5545744267804,0.0,500,DOWN,2025-12-26
SKU0041,north,386,67.12386245380092,89.39902301832467,22.275160564523745,4,268.4954498152037,89.10064225809498,357.5960920732987,0.0,500,DOWN,2025-12-26
SKU0041,west,404,67.12386245380092,89.39902301832467,22.275160564523745,4,268.4954498152037,89.10064225809498,357.5960920732987,0.0,500,DOWN,2025-12-26
SKU0041,north,386,65.78256785493488,88.05350393477528,22.270936079840396,4,263.13027141973953,89.08374431936159,352.2140157391011,0.0,500,DOWN,2025-12-26
SKU0041,west,404,65.78256785493488,88.05350393477528,22.270936079840396,4,263.13027141973953,89.08374431936159,352.2140157391011,0.0,500,DOWN,2025-12-26
SKU0041,north,386,62.48743846618584,84.7543657391605,22.266927272974662,4,249.94975386474337,89.06770909189865,339.017462956642,0.0,500,DOWN,2025-12-26
SKU0041,west,404,62.48743846618584,84.7543657391605,22.266927272974662,4,249.94975386474337,89.06770909189865,339.017462956642,0.0,500,DOWN,2025-12-26
SKU0041,north,386,66.82967114488814,89.0927943363917,22.263123191503567,4,267.31868457955255,89.05249276601427,356.3711773455668,0.0,500,DOWN,2025-12-26
SKU0041,west,404,66.82967114488814,89.0927943363917,22.263123191503567,4,267.31868457955255,89.05249276601427,356.3711773455668,0.0,500,DOWN,2025-12-26
SKU0041,north,386,62.759969775923416,85.0194832092787,22.259513433355288,4,251.03987910369366,89.03805373342115,340.0779328371148,0.0,500,DOWN,2025-12-26
SKU0041,west,404,62.759969775923416,85.0194832092787,22.259513433355288,4,251.03987910369366,89.03805373342115,340.0779328371148,0.0,500,DOWN,2025-12-26
SKU0041,north,386,61.101247417596255,83.35733553732686,22.256088119730606,4,244.40498967038502,89.02435247892242,333.42934214930744,0.0,500,DOWN,2025-12-26
SKU0041,west,404,61.101247417596255,83.35733553732686,22.256088119730606,4,244.40498967038502,89.02435247892242,333.42934214930744,0.0,500,DOWN,2025-12-26
SKU0041,north,386,62.67412418779561,84.92696205709547,22.252837869299853,4,250.69649675118245,89.01135147719941,339.70784822838186,0.0,500,DOWN,2025-12-26
SKU0041,west,404,62.67412418779561,84.92696205709547,22.252837869299853,4,250.69649675118245,89.01135147719941,339.70784822838186,0.0,500,DOWN,2025-12-26
SKU0041,north,386,63.40974356078996,85.65949733441047,22.24975377362051,4,253.63897424315985,88.99901509448205,342.6379893376419,0.0,500,DOWN,2025-12-26
SKU0041,west,404,63.40974356078996,85.65949733441047,22.24975377362051,4,253.63897424315985,88.99901509448205,342.6379893376419,0.0,500,DOWN,2025-12-26
SKU0041,north,386,57.74652666218756,79.9933540359109,22.246827373723335,4,230.98610664875025,88.98730949489334,319.9734161436436,0.0,500,DOWN,2025-12-26
SKU0041,west,404,57.74652666218756,79.9933540359109,22.246827373723335,4,230.98610664875025,88.98730949489334,319.9734161436436,0.0,500,DOWN,2025-12-26
SKU0041,north,386,58.8961463003395,81.14019693815538,22.24405063781588,4,235.584585201358,88.97620255126353,324.56078775262154,0.0,500,DOWN,2025-12-26
SKU0041,west,404,58.8961463003395,81.14019693815538,22.24405063781588,4,235.584585201358,88.97620255126353,324.56078775262154,0.0,500,DOWN,2025-12-26
SKU0041,north,386,58.46054328661676,80.70195922667098,22.241415940054218,4,233.84217314646705,88.96566376021687,322.8078369066839,0.0,500,DOWN,2025-12-26
SKU0041,west,404,58.46054328661676,80.70195922667098,22.241415940054218,4,233.84217314646705,88.96566376021687,322.8078369066839,0.0,500,DOWN,2025-12-26
SKU0041,north,386,56.17790600617795,78.41682204655456,22.23891604037661,4,224.7116240247118,88.95566416150643,313.66728818621823,0.0,500,DOWN,2025-12-26
SKU0041,west,404,56.17790600617795,78.41682204655456,22.23891604037661,4,224.7116240247118,88.95566416150643,313.66728818621823,0.0,500,DOWN,2025-12-26
SKU0041,north,386,57.57145651343248,79.80800076013594,22.23654424670346,4,230.28582605372992,88.94617698681384,319.23200304054376,0.0,500,DOWN,2025-12-26
SKU0041,west,404,57.57145651343248,79.80800076013594,22.23654424670346,4,230.28582605372992,88.94617698681384,319.23200304054376,0.0,500,DOWN,2025-12-26
SKU0041,north,386,55.11766074041745,77.35268428251604,22.235023542098588,4,220.4706429616698,88.94009416839435,309.41073713006415,0.0,500,DOWN,2025-12-26
SKU0041,west,404,55.11766074041745,77.35268428251604,22.235023542098588,4,220.4706429616698,88.94009416839435,309.41073713006415,0.0,500,DOWN,2025-12-26
SKU0041,north,386,53.71503887753353,75.9478859479552,22.23284707042167,4,214.86015551013412,88.93138828168668,303.7915437918208,0.0,500,DOWN,2025-12-26
SKU0041,west,404,53.71503887753353,75.9478859479552,22.23284707042167,4,214.86015551013412,88.93138828168668,303.7915437918208,0.0,500,DOWN,2025-12-26
SKU0041,north,386,52.39875784602642,74.62953986694487,22.230782020918447,4,209.59503138410568,88.92312808367379,298.51815946777947,0.0,500,DOWN,2025-12-26
SKU0041,west,404,52.39875784602642,74.62953986694487,22.230782020918447,4,209.59503138410568,88.92312808367379,298.51815946777947,0.0,500,DOWN,2025-12-26
SKU0041,north,386,52.78084277846092,75.00966548364855,22.228822705187625,4,211.1233711138437,88.9152908207505,300.0386619345942,0.0,500,DOWN,2025-12-26
SKU0041,west,404,52.78084277846092,75.00966548364855,22.228822705187625,4,211.1233711138437,88.9152908207505,300.0386619345942,0.0,500,DOWN,2025-12-26
SKU0041,north,386,52.44158265526048,74.66854637893161,22.226963723671126,4,209.76633062104193,88.9078548946845,298.67418551572644,0.0,500,DOWN,2025-12-26
SKU0041,west,404,52.44158265526048,74.66854637893161,22.226963723671126,4,209.76633062104193,88.9078548946845,298.67418551572644,0.0,500,DOWN,2025-12-26
SKU0041,north,386,51.0336749532752,73.25887490441653,22.225199951141327,4,204.1346998131008,88.90079980456531,293.0354996176661,0.0,500,DOWN,2025-12-26
SKU0041,west,404,51.0336749532752,73.25887490441653,22.225199951141327,4,204.1346998131008,88.90079980456531,293.0354996176661,0.0,500,DOWN,2025-12-26
SKU0041,north,386,50.31208245444516,72.53560897734886,22.223526522903697,4,201.24832981778064,88.89410609161479,290.14243590939543,0.0,500,DOWN,2025-12-26
SKU0041,west,404,50.31208245444516,72.53560897734886,22.223526522903697,4,201.24832981778064,88.89410609161479,290.14243590939543,0.0,500,DOWN,2025-12-26
SKU0047,north,480,103.01149938592346,132.74848781975825,29.736988433834796,3,309.0344981577704,89.21096530150439,398.2454634592748,0.0,500,DOWN,2025-12-26
SKU0047,east,406,103.01149938592346,132.74848781975825,29.736988433834796,3,309.0344981577704,89.21096530150439,398.2454634592748,0.0,500,DOWN,2025-12-26
SKU0047,north,480,106.09341391602656,135.82272172832296,29.729307812296398,3,318.2802417480797,89.18792343688919,407.4681651849689,0.0,500,DOWN,2025-12-26
SKU0047,north,480,114.09082931861096,143.8129132279219,29.722083909310953,3,342.27248795583284,89.16625172793286,431.4387396837657,0.0,500,DOWN,2025-12-26
SKU0047,north,480,113.69719124464652,143.41248097938012,29.715289734733602,3,341.0915737339395,89.1458692042008,430.23744293814036,0.0,500,DOWN,2025-12-26
SKU0047,north,480,112.78112910792504,142.49002898237086,29.70889987444582,3,338.3433873237751,89.12669962333746,427.4700869471126,0.0,500,DOWN,2025-12-26
SKU0047,north,480,101.97296567749436,131.6758560776805,29.702890400186135,3,305.9188970324831,89.1086712005584,395.0275682330415,0.0,500,DOWN,2025-12-26
SKU0047,east,406,101.97296567749436,131.6758560776805,29.702890400186135,3,305.9188970324831,89.1086712005584,395.0275682330415,0.0,500,DOWN,2025-12-26
SKU0047,north,480,113.31467840769172,143.011917192334,29.697238784642295,3,339.94403522307516,89.09171635392688,429.03575157700203,0.0,500,DOWN,2025-12-26
SKU0047,north,480,102.95651846678298,132.64844228795357,29.69192382117059,3,308.86955540034893,89.07577146351177,397.9453268638607,0.0,500,DOWN,2025-12-26
SKU0047,east,406,102.95651846678298,132.64844228795357,29.69192382117059,3,308.86955540034893,89.07577146351177,397.9453268638607,0.0,500,DOWN,2025-12-26
SKU0047,north,480,110.43594617872832,140.12287172664392,29.686925547915607,3,331.30783853618493,89.06077664374682,420.36861517993174,0.0,500,DOWN,2025-12-26
SKU0047,north,480,112.14102681339236,141.82325198950502,29.682225176112667,3,336.42308044017705,89.046675528338,425.4697559685151,0.0,500,DOWN,2025-12-26
SKU0047,north,480,105.25949484033588,134.93729986269793,29.67780502236205,3,315.7784845210076,89.03341506708615,404.81189958809375,0.0,500,DOWN,2025-12-26
SKU0047,east,406,105.25949484033588,134.93729986269793,29.67780502236205,3,315.7784845210076,89.03341506708615,404.81189958809375,0.0,500,DOWN,2025-12-26
SKU0047,north,480,107.03064012006068,136.70428856473524,29.673648444674555,3,321.09192036018203,89.02094533402366,410.1128656942057,0.0,500,DOWN,2025-12-26
SKU0047,north,480,110.89487963765612,140.56461941974902,29.669739782092904,3,332.68463891296835,89.00921934627871,421.69385825924707,0.0,500,DOWN,2025-12-26
SKU0047,north,480,109.16817240149386,138.83423669919853,29.666064297704665,3,327.5045172044816,88.998192893114,416.5027100975956,0.0,500,DOWN,2025-12-26
SKU0047,north,480,115.34091189825752,145.00352002312536,29.662608124867845,3,346.02273569477256,88.98782437460353,435.0105600693761,0.0,500,DOWN,2025-12-26
SKU0047,north,480,100.18030053956122,129.8396587560415,29.659358216480285,3,300.5409016186836,88.97807464944086,389.51897626812445,0.0,500,DOWN,2025-12-26
SKU0047,east,406,100.18030053956122,129.8396587560415,29.659358216480285,3,300.5409016186836,88.97807464944086,389.51897626812445,0.0,500,DOWN,2025-12-26
SKU0047,north,480,111.4691607262496,141.12546302337955,29.656302297129955,3,334.4074821787488,88.96890689138986,423.37638907013866,0.0,500,DOWN,2025-12-26
SKU0047,north,480,99.73694594704882,129.39037476618907,29.653428819140245,3,299.2108378411465,88.96028645742074,388.17112429856724,0.0,500,DOWN,2025-12-26
SKU0047,east,406,99.73694594704882,129.39037476618907,29.653428819140245,3,299.2108378411465,88.96028645742074,388.17112429856724,0.0,500,DOWN,2025-12-26
SKU0047,north,480,112.01606402042694,141.6667939194337,29.650729899006762,3,336.0481920612808,88.95218969702029,425.0003817583011,0.0,500,DOWN,2025-12-26
SKU0047,north,480,91.15814758299962,120.80825248217675,29.650104899177137,3,273.47444274899885,88.95031469753141,362.4247574465303,0.0,500,DOWN,2025-12-26
SKU0047,east,406,91.15814758299962,120.80825248217675,29.650104899177137,3,273.47444274899885,88.95031469753141,362.4247574465303,0.0,500,DOWN,2025-12-26
SKU0047,north,480,92.83089890290935,122.47814394461204,29.64724504170269,3,278.4926967087281,88.94173512510807,367.43443183383613,0.0,500,DOWN,2025-12-26
SKU0047,east,406,92.83089890290935,122.47814394461204,29.64724504170269,3,278.4926967087281,88.94173512510807,367.43443183383613,0.0,500,DOWN,2025-12-26
SKU0047,north,480,90.6098577825542,120.25441373273487,29.644555950180674,3,271.82957334766263,88.93366785054202,360.76324119820464,0.0,500,DOWN,2025-12-26
SKU0047,east,406,90.6098577825542,120.25441373273487,29.644555950180674,3,271.82957334766263,88.93366785054202,360.76324119820464,0.0,500,DOWN,2025-12-26
SKU0047,north,480,90.83257329026044,120.47460073988616,29.642027449625715,3,272.49771987078134,88.92608234887715,361.42380221965846,0.0,500,DOWN,2025-12-26
SKU0047,east,406,90.83257329026044,120.47460073988616,29.642027449625715,3,272.49771987078134,88.92608234887715,361.42380221965846,0.0,500,DOWN,2025-12-26
SKU0047,north,480,85.8160385567947,115.45568852733632,29.639649970541626,3,257.4481156703841,88.91894991162488,346.367065582009,0.0,500,DOWN,2025-12-26
SKU0047,east,406,85.8160385567947,115.45568852733632,29.639649970541626,3,257.4481156703841,88.91894991162488,346.367065582009,0.0,500,DOWN,2025-12-26
SKU0047,north,480,90.1252135045745,119.76262801582892,29.63741451125442,3,270.3756405137235,88.91224353376326,359.2878840474868,0.0,500,DOWN,2025-12-26
SKU0047,east,406,90.1252135045745,119.76262801582892,29.63741451125442,3,270.3756405137235,88.91224353376326,359.2878840474868,0.0,500,DOWN,2025-12-26
SKU0047,north,480,94.8308091880222,124.46612179252033,29.635312604498125,3,284.4924275640666,88.90593781349438,373.39836537756094,0.0,500,DOWN,2025-12-26
SKU0047,east,406,94.8308091880222,124.46612179252033,29.635312604498125,3,284.4924275640666,88.90593781349438,373.39836537756094,0.0,500,DOWN,2025-12-26
SKU0048,south,591,116.90718434223066,151.75661525267233,34.84943091044167,3,350.721553026692,104.548292731325,455.269845758017,0.0,50,DOWN,2025-12-26
SKU0048,south,591,122.3532836288784,157.1971305022405,34.8438468733621,3,367.0598508866352,104.53154062008629,471.5913915067215,0.0,50,DOWN,2025-12-26
SKU0048,south,591,120.09641398379912,154.93473691368,34.83832292988089,3,360.28924195139734,104.51496878964267,464.80421074104004,0.0,50,DOWN,2025-12-26
SKU0048,south,591,122.97196404564178,157.80483104515213,34.832866999510344,3,368.9158921369253,104.49860099853103,473.4144931354564,0.0,50,DOWN,2025-12-26
SKU0048,south,591,111.1627625442206,145.99024081084812,34.82747826662752,3,333.4882876326618,104.48243479988257,437.9707224325444,0.0,50,DOWN,2025-12-26
SKU0048,south,591,124.72980081841828,159.55195673949015,34.82215592107187,3,374.1894024552548,104.4664677632156,478.65587021847045,0.0,50,DOWN,2025-12-26
SKU0048,south,591,110.05437373439818,144.87127289642785,34.81689916202967,3,330.1631212031946,104.45069748608901,434.61381868928356,0.0,50,DOWN,2025-12-26
SKU0048,south,591,128.35841510332511,163.17012230126366,34.811707197938546,3,385.07524530997534,104.43512159381564,489.510366903791,0.0,50,DOWN,2025-12-26
SKU0048,south,591,122.1077861313252,156.9143653777149,34.80657924638969,3,366.3233583939756,104.41973773916907,470.74309613314466,0.0,50,DOWN,2025-12-26
SKU0048,south,591,113.28443585243792,148.08595038647005,34.80151453403212,3,339.85330755731377,104.40454360209637,444.25785115941017,0.0,50,DOWN,2025-12-26
SKU0048,south,591,118.64743499451156,153.443947290988,34.79651229647645,3,355.94230498353465,104.38953688942935,460.331841872964,0.0,50,DOWN,2025-12-26
SKU0048,south,591,118.26385363912588,153.05542541732666,34.791571778200776,3,354.79156091737764,104.37471533460233,459.16627625198,0.0,50,DOWN,2025-12-26
SKU0048,south,591,121.16284403468325,155.9495362671392,34.78669223245595,3,363.48853210404974,104.36007669736784,467.8486088014176,0.0,50,DOWN,2025-12-26
SKU0048,south,591,109.27163046602192,144.05350338719498,34.78187292117306,3,327.81489139806575,104.34561876351918,432.16051016158497,0.0,50,DOWN,2025-12-26
SKU0048,south,591,119.374362700115,154.15147581498528,34.777113114870275,3,358.123088100345,104.33133934461083,462.45442744495585,0.0,50,DOWN,2025-12-26
SKU0048,south,591,123.51703144788564,158.2894435404477,34.772412092562064,3,370.5510943436569,104.31723627768619,474.86833062134315,0.0,50,DOWN,2025-12-26
SKU0048,south,591,106.80446652367657,141.57223566534398,34.767769141667415,3,320.4133995710297,104.30330742500225,424.7167069960319,0.0,50,DOWN,2025-12-26
SKU0048,south,591,123.07474586577794,157.83792942369837,34.76318355792043,3,369.22423759733385,104.28955067376128,473.5137882710951,0.0,50,DOWN,2025-12-26
SKU0048,south,591,114.79461811481868,149.55327276009925,34.75865464528057,3,344.38385434445604,104.27596393584172,448.65981828029777,0.0,50,DOWN,2025-12-26
SKU0048,south,591,113.18597359843464,147.94015531427914,34.754181715844496,3,339.5579207953039,104.26254514753349,443.8204659428374,0.0,50,DOWN,2025-12-26
SKU0048,south,591,107.78611902580022,142.5358831155582,34.749764089757974,3,323.3583570774007,104.24929226927392,427.60764934667463,0.0,50,DOWN,2025-12-26
SKU0048,south,591,117.59618565563416,152.34158675076338,34.745401095129225,3,352.7885569669025,104.23620328538767,457.02476025229015,0.0,50,DOWN,2025-12-26
SKU0048,south,591,113.73740855412925,148.47850062207138,34.741092067942134,3,341.2122256623877,104.2232762038264,445.4355018662141,0.0,50,DOWN,2025-12-26
SKU0048,south,591,100.22374722231676,134.96058357428842,34.73683635197166,3,300.67124166695027,104.21050905591498,404.88175072286526,0.0,50,DOWN,2025-12-26
SKU0048,south,591,115.07288421723204,149.80551751593035,34.7326332986983,3,345.2186526516961,104.19789989609491,449.416552547791,0.0,50,DOWN,2025-12-26
SKU0048,south,591,107.83842503860342,142.56690730582812,34.728482267224706,3,323.51527511581025,104.18544680167412,427.7007219174844,0.0,50,DOWN,2025-12-26
SKU0049,north,298,89.45308475775323,114.7265769499148,25.27349219216157,1,89.45308475775323,25.27349219216157,114.7265769499148,0.0,200,DOWN,2025-12-26
SKU0049,east,179,89.45308475775323,114.7265769499148,25.27349219216157,1,89.45308475775323,25.27349219216157,114.7265769499148,0.0,200,DOWN,2025-12-26
SKU0049,west,394,89.45308475775323,114.7265769499148,25.27349219216157,1,89.45308475775323,25.27349219216157,114.7265769499148,0.0,200,DOWN,2025-12-26
SKU0049,south,143,89.45308475775323,114.7265769499148,25.27349219216157,1,89.45308475775323,25.27349219216157,114.7265769499148,0.0,200,DOWN,2025-12-26
SKU0049,north,298,94.55133344359488,119.79542204836068,25.244088604765793,1,94.55133344359488,25.244088604765793,119.79542204836068,0.0,200,DOWN,2025-12-26
SKU0049,east,179,94.55133344359488,119.79542204836068,25.244088604765793,1,94.55133344359488,25.244088604765793,119.79542204836068,0.0,200,DOWN,2025-12-26
SKU0049,west,394,94.55133344359488,119.79542204836068,25.244088604765793,1,94.55133344359488,25.244088604765793,119.79542204836068,0.0,200,DOWN,2025-12-26
SKU0049,south,143,94.55133344359488,119.79542204836068,25.244088604765793,1,94.55133344359488,25.244088604765793,119.79542204836068,0.0,200,DOWN,2025-12-26
SKU0049,north,298,88.00729759046763,113.2240648586262,25.216767268158577,1,88.00729759046763,25.216767268158577,113.2240648586262,0.0,200,DOWN,2025-12-26
SKU0049,east,179,88.00729759046763,113.2240648586262,25.216767268158577,1,88.00729759046763,25.216767268158577,113.2240648586262,0.0,200,DOWN,2025-12-26
SKU0049,west,394,88.00729759046763,113.2240648586262,25.216767268158577,1,88.00729759046763,25.216767268158577,113.2240648586262,0.0,200,DOWN,2025-12-26
SKU0049,south,143,88.00729759046763,113.2240648586262,25.216767268158577,1,88.00729759046763,25.216767268158577,113.2240648586262,0.0,200,DOWN,2025-12-26
SKU0049,north,298,84.00733099763842,109.1987456717611,25.191414674122683,1,84.00733099763842,25.191414674122683,109.1987456717611,0.0,200,DOWN,2025-12-26
SKU0049,east,179,84.00733099763842,109.1987456717611,25.191414674122683,1,84.00733099763842,25.191414674122683,109.1987456717611,0.0,200,DOWN,2025-12-26
SKU0049,west,394,84.00733099763842,109.1987456717611,25.191414674122683,1,84.00733099763842,25.191414674122683,109.1987456717611,0.0,200,DOWN,2025-12-26
SKU0049,south,143,84.00733099763842,109.1987456717611,25.191414674122683,1,84.00733099763842,25.191414674122683,109.1987456717611,0.0,200,DOWN,2025-12-26
SKU0049,north,298,84.8831552903886,110.05104720125884,25.16789191087024,1,84.8831552903886,25.16789191087024,110.05104720125884,0.0,200,DOWN,2025-12-26
SKU0049,east,179,84.8831552903886,110.05104720125884,25.16789191087024,1,84.8831552903886,25.16789191087024,110.05104720125884,0.0,200,DOWN,2025-12-26
SKU0049,west,394,84.8831552903886,110.05104720125884,25.16789191087024,1,84.8831552903886,25.16789191087024,110.05104720125884,0.0,200,DOWN,2025-12-26
SKU0049,south,143,84.8831552903886,110.05104720125884,25.16789191087024,1,84.8831552903886,25.16789191087024,110.05104720125884,0.0,200,DOWN,2025-12-26
SKU0049,north,298,83.77770229513591,108.92377175614637,25.146069461010455,1,83.77770229513591,25.146069461010455,108.92377175614637,0.0,200,DOWN,2025-12-26
SKU0049,east,179,83.77770229513591,108.92377175614637,25.146069461010455,1,83.77770229513591,25.146069461010455,108.92377175614637,0.0,200,DOWN,2025-12-26
SKU0049,west,394,83.77770229513591,108.92377175614637,25.146069461010455,1,83.77770229513591,25.146069461010455,108.92377175614637,0.0,200,DOWN,2025-12-26
SKU0049,south,143,83.77770229513591,108.92377175614637,25.146069461010455,1,83.77770229513591,25.146069461010455,108.92377175614637,0.0,200,DOWN,2025-12-26
SKU0049,north,298,75.38168720040427,100.50751382553058,25.125826625126308,1,75.38168720040427,25.125826625126308,100.50751382553058,0.0,200,DOWN,2025-12-26
SKU0049,east,179,75.38168720040427,100.50751382553058,25.125826625126308,1,75.38168720040427,25.125826625126308,100.50751382553058,0.0,200,DOWN,2025-12-26
SKU0049,west,394,75.38168720040427,100.50751382553058,25.125826625126308,1,75.38168720040427,25.125826625126308,100.50751382553058,0.0,200,DOWN,2025-12-26
SKU0049,south,143,75.38168720040427,100.50751382553058,25.125826625126308,1,75.38168720040427,25.125826625126308,100.50751382553058,0.0,200,DOWN,2025-12-26
SKU0049,north,298,82.47314762817366,107.58019859714058,25.107050968966917,1,82.47314762817366,25.107050968966917,107.58019859714058,0.0,200,DOWN,2025-12-26
SKU0049,east,179,82.47314762817366,107.58019859714058,25.107050968966917,1,82.47314762817366,25.107050968966917,107.58019859714058,0.0,200,DOWN,2025-12-26
SKU0049,west,394,82.47314762817366,107.58019859714058,25.107050968966917,1,82.47314762817366,25.107050968966917,107.58019859714058,0.0,200,DOWN,2025-12-26
SKU0049,south,143,82.47314762817366,107.58019859714058,25.107050968966917,1,82.47314762817366,25.107050968966917,107.58019859714058,0.0,200,DOWN,2025-12-26
SKU0049,north,298,63.39079026167353,88.48042806049091,25.089637798817378,1,63.39079026167353,25.089637798817378,88.48042806049091,0.0,200,DOWN,2025-12-26
SKU0049,east,179,63.39079026167353,88.48042806049091,25.089637798817378,1,63.39079026167353,25.089637798817378,88.48042806049091,0.0,200,DOWN,2025-12-26
SKU0049,west,394,63.39079026167353,88.48042806049091,25.089637798817378,1,63.39079026167353,25.089637798817378,88.48042806049091,0.0,200,DOWN,2025-12-26
SKU0049,south,143,63.39079026167353,88.48042806049091,25.089637798817378,1,63.39079026167353,25.089637798817378,88.48042806049091,0.0,200,DOWN,2025-12-26
SKU0049,north,298,83.32841150440368,108.4019011689229,25.07348966451923,1,83.32841150440368,25.07348966451923,108.4019011689229,0.0,200,DOWN,2025-12-26
SKU0049,east,179,83.32841150440368,108.4019011689229,25.07348966451923,1,83.32841150440368,25.07348966451923,108.4019011689229,0.0,200,DOWN,2025-12-26
SKU0049,west,394,83.32841150440368,108.4019011689229,25.07348966451923,1,83.32841150440368,25.07348966451923,108.4019011689229,0.0,200,DOWN,2025-12-26
SKU0049,south,143,83.32841150440368,108.4019011689229,25.07348966451923,1,83.32841150440368,25.07348966451923,108.4019011689229,0.0,200,DOWN,2025-12-26
SKU0049,north,298,90.20153751225772,115.26005340173474,25.05851588947702,1,90.20153751225772,25.05851588947702,115.26005340173474,0.0,200,DOWN,2025-12-26
SKU0049,east,179,90.20153751225772,115.26005340173474,25.05851588947702,1,90.20153751225772,25.05851588947702,115.26005340173474,0.0,200,DOWN,2025-12-26
SKU0049,west,394,90.20153751225772,115.26005340173474,25.05851588947702,1,90.20153751225772,25.05851588947702,115.26005340173474,0.0,200,DOWN,2025-12-26
SKU0049,south,143,90.20153751225772,115.26005340173474,25.05851588947702,1,90.20153751225772,25.05851588947702,115.26005340173474,0.0,200,DOWN,2025-12-26
SKU0049,north,298,74.82377612928865,99.86840825616498,25.044632126876337,1,74.82377612928865,25.044632126876337,99.86840825616498,0.0,200,DOWN,2025-12-26
SKU0049,east,179,74.82377612928865,99.86840825616498,25.044632126876337,1,74.82377612928865,25.044632126876337,99.86840825616498,0.0,200,DOWN,2025-12-26
SKU0049,west,394,74.82377612928865,99.86840825616498,25.044632126876337,1,74.82377612928865,25.044632126876337,99.86840825616498,0.0,200,DOWN,2025-12-26
SKU0049,south,143,74.82377612928865,99.86840825616498,25.044632126876337,1,74.82377612928865,25.044632126876337,99.86840825616498,0.0,200,DOWN,2025-12-26
SKU0049,north,298,72.26604551199894,97.29780545325208,25.031759941253142,1,72.26604551199894,25.031759941253142,97.29780545325208,0.0,200,DOWN,2025-12-26
SKU0049,east,179,72.26604551199894,97.29780545325208,25.031759941253142,1,72.26604551199894,25.031759941253142,97.29780545325208,0.0,200,DOWN,2025-12-26
SKU0049,west,394,72.26604551199894,97.29780545325208,25.031759941253142,1,72.26604551199894,25.031759941253142,97.29780545325208,0.0,200,DOWN,2025-12-26
SKU0049,south,143,72.26604551199894,97.29780545325208,25.031759941253142,1,72.26604551199894,25.031759941253142,97.29780545325208,0.0,200,DOWN,2025-12-26
SKU0049,north,298,78.15351946909323,103.1733458835827,25.019826414489472,1,78.15351946909323,25.019826414489472,103.1733458835827,0.0,200,DOWN,2025-12-26
SKU0049,east,179,78.15351946909323,103.1733458835827,25.019826414489472,1,78.15351946909323,25.019826414489472,103.1733458835827,0.0,200,DOWN,2025-12-26
SKU0049,west,394,78.15351946909323,103.1733458835827,25.019826414489472,1,78.15351946909323,25.019826414489472,103.1733458835827,0.0,200,DOWN,2025-12-26
SKU0049,south,143,78.15351946909323,103.1733458835827,25.019826414489472,1,78.15351946909323,25.019826414489472,103.1733458835827,0.0,200,DOWN,2025-12-26
SKU0049,north,298,75.02783603024736,100.03659980551124,25.008763775263887,1,75.02783603024736,25.008763775263887,100.03659980551124,0.0,200,DOWN,2025-12-26
SKU0049,east,179,75.02783603024736,100.03659980551124,25.008763775263887,1,75.02783603024736,25.008763775263887,100.03659980551124,0.0,200,DOWN,2025-12-26
SKU0049,west,394,75.02783603024736,100.03659980551124,25.008763775263887,1,75.02783603024736,25.008763775263887,100.03659980551124,0.0,200,DOWN,2025-12-26
SKU0049,south,143,75.02783603024736,100.03659980551124,25.008763775263887,1,75.02783603024736,25.008763775263887,100.03659980551124,0.0,200,DOWN,2025-12-26
SKU0049,north,298,72.24811321386537,97.24662226482045,24.99850905095508,1,72.24811321386537,24.99850905095508,97.24662226482045,0.0,200,DOWN,2025-12-26
SKU0049,east,179,72.24811321386537,97.24662226482045,24.99850905095508,1,72.24811321386537,24.99850905095508,97.24662226482045,0.0,200,DOWN,2025-12-26
SKU0049,west,394,72.24811321386537,97.24662226482045,24.99850905095508,1,72.24811321386537,24.99850905095508,97.24662226482045,0.0,200,DOWN,2025-12-26
SKU0049,south,143,72.24811321386537,97.24662226482045,24.99850905095508,1,72.24811321386537,24.99850905095508,97.24662226482045,0.0,200,DOWN,2025-12-26
SKU0049,north,298,70.11431155598855,95.10331529696928,24.989003740980735,1,70.11431155598855,24.989003740980735,95.10331529696928,0.0,200,DOWN,2025-12-26
SKU0049,east,179,70.11431155598855,95.10331529696928,24.989003740980735,1,70.11431155598855,24.989003740980735,95.10331529696928,0.0,200,DOWN,2025-12-26
SKU0049,west,394,70.11431155598855,95.10331529696928,24.989003740980735,1,70.11431155598855,24.989003740980735,95.10331529696928,0.0,200,DOWN,2025-12-26
SKU0049,south,143,70.11431155598855,95.10331529696928,24.989003740980735,1,70.11431155598855,24.989003740980735,95.10331529696928,0.0,200,DOWN,2025-12-26
SKU0049,north,298,77.9947452563734,102.97493876692128,24.980193510547878,1,77.9947452563734,24.980193510547878,102.97493876692128,0.0,200,DOWN,2025-12-26
SKU0049,east,179,77.9947452563734,102.97493876692128,24.980193510547878,1,77.9947452563734,24.980193510547878,102.97493876692128,0.0,200,DOWN,2025-12-26
SKU0049,west,394,77.9947452563734,102.97493876692128,24.980193510547878,1,77.9947452563734,24.980193510547878,102.97493876692128,0.0,200,DOWN,2025-12-26
SKU0049,south,143,77.9947452563734,102.97493876692128,24.980193510547878,1,77.9947452563734,24.980193510547878,102.97493876692128,0.0,200,DOWN,2025-12-26
SKU0049,north,298,62.349475594512754,87.32150349830957,24.972027903796814,1,62.349475594512754,24.972027903796814,87.32150349830957,0.0,200,DOWN,2025-12-26
SKU0049,east,179,62.349475594512754,87.32150349830957,24.972027903796814,1,62.349475594512754,24.972027903796814,87.32150349830957,0.0,200,DOWN,2025-12-26
SKU0049,west,394,62.349475594512754,87.32150349830957,24.972027903796814,1,62.349475594512754,24.972027903796814,87.32150349830957,0.0,200,DOWN,2025-12-26
SKU0049,south,143,62.349475594512754,87.32150349830957,24.972027903796814,1,62.349475594512754,24.972027903796814,87.32150349830957,0.0,200,DOWN,2025-12-26
SKU0049,north,298,71.68666382190288,96.65112389723537,24.964460075332482,1,71.68666382190288,24.964460075332482,96.65112389723537,0.0,200,DOWN,2025-12-26
SKU0049,east,179,71.68666382190288,96.65112389723537,24.964460075332482,1,71.68666382190288,24.964460075332482,96.65112389723537,0.0,200,DOWN,2025-12-26
SKU0049,west,394,71.68666382190288,96.65112389723537,24.964460075332482,1,71.68666382190288,24.964460075332482,96.65112389723537,0.0,200,DOWN,2025-12-26
SKU0049,south,143,71.68666382190288,96.65112389723537,24.964460075332482,1,71.68666382190288,24.964460075332482,96.65112389723537,0.0,200,DOWN,2025-12-26
SKU0049,north,298,65.13141961646151,90.08886615561896,24.957446539157445,1,65.13141961646151,24.957446539157445,90.08886615561896,0.0,200,DOWN,2025-12-26
SKU0049,east,179,65.13141961646151,90.08886615561896,24.957446539157445,1,65.13141961646151,24.957446539157445,90.08886615561896,0.0,200,DOWN,2025-12-26
SKU0049,west,394,65.13141961646151,90.08886615561896,24.957446539157445,1,65.13141961646151,24.957446539157445,90.08886615561896,0.0,200,DOWN,2025-12-26
SKU0049,south,143,65.13141961646151,90.08886615561896,24.957446539157445,1,65.13141961646151,24.957446539157445,90.08886615561896,0.0,200,DOWN,2025-12-26
SKU0049,north,298,70.45849644969574,95.40944338374058,24.950946934044836,1,70.45849644969574,24.950946934044836,95.40944338374058,0.0,200,DOWN,2025-12-26
SKU0049,east,179,70.45849644969574,95.40944338374058,24.950946934044836,1,70.45849644969574,24.950946934044836,95.40944338374058,0.0,200,DOWN,2025-12-26
SKU0049,west,394,70.45849644969574,95.40944338374058,24.950946934044836,1,70.45849644969574,24.950946934044836,95.40944338374058,0.0,200,DOWN,2025-12-26
SKU0049,south,143,70.45849644969574,95.40944338374058,24.950946934044836,1,70.45849644969574,24.950946934044836,95.40944338374058,0.0,200,DOWN,2025-12-26
SKU0049,north,298,65.51432043073058,90.45924423514856,24.944923804417982,1,65.51432043073058,24.944923804417982,90.45924423514856,0.0,200,DOWN,2025-12-26
SKU0049,east,179,65.51432043073058,90.45924423514856,24.944923804417982,1,65.51432043073058,24.944923804417982,90.45924423514856,0.0,200,DOWN,2025-12-26
SKU0049,west,394,65.51432043073058,90.45924423514856,24.944923804417982,1,65.51432043073058,24.944923804417982,90.45924423514856,0.0,200,DOWN,2025-12-26
SKU0049,south,143,65.51432043073058,90.45924423514856,24.944923804417982,1,65.51432043073058,24.944923804417982,90.45924423514856,0.0,200,DOWN,2025-12-26
SKU0049,north,298,63.248080781644646,88.18742317748179,24.939342395837144,1,63.248080781644646,24.939342395837144,88.18742317748179,0.0,200,DOWN,2025-12-26
SKU0049,east,179,63.248080781644646,88.18742317748179,24.939342395837144,1,63.248080781644646,24.939342395837144,88.18742317748179,0.0,200,DOWN,2025-12-26
SKU0049,west,394,63.248080781644646,88.18742317748179,24.939342395837144,1,63.248080781644646,24.939342395837144,88.18742317748179,0.0,200,DOWN,2025-12-26
SKU0049,south,143,63.248080781644646,88.18742317748179,24.939342395837144,1,63.248080781644646,24.939342395837144,88.18742317748179,0.0,200,DOWN,2025-12-26
SKU0049,north,298,59.12706083596802,84.06123130019347,24.934170464225453,1,59.12706083596802,24.934170464225453,84.06123130019347,0.0,200,DOWN,2025-12-26
SKU0049,east,179,59.12706083596802,84.06123130019347,24.934170464225453,1,59.12706083596802,24.934170464225453,84.06123130019347,0.0,200,DOWN,2025-12-26
SKU0049,west,394,59.12706083596802,84.06123130019347,24.934170464225453,1,59.12706083596802,24.934170464225453,84.06123130019347,0.0,200,DOWN,2025-12-26
SKU0049,south,143,59.12706083596802,84.06123130019347,24.934170464225453,1,59.12706083596802,24.934170464225453,84.06123130019347,0.0,200,DOWN,2025-12-26
SKU0049,north,298,62.19790887935524,87.12728697735986,24.92937809800462,1,62.19790887935524,24.92937809800462,87.12728697735986,0.0,200,DOWN,2025-12-26
SKU0049,east,179,62.19790887935524,87.12728697735986,24.92937809800462,1,62.19790887935524,24.92937809800462,87.12728697735986,0.0,200,DOWN,2025-12-26
SKU0049,west,394,62.19790887935524,87.12728697735986,24.92937809800462,1,62.19790887935524,24.92937809800462,87.12728697735986,0.0,200,DOWN,2025-12-26
SKU0049,south,143,62.19790887935524,87.12728697735986,24.92937809800462,1,62.19790887935524,24.92937809800462,87.12728697735986,0.0,200,DOWN,2025-12-26
SKU0050,east,129,164.1275695714244,196.413854324544,32.28628475311959,4,656.5102782856976,129.14513901247835,785.655417298176,656.655417298176,50,STABLE,2025-12-26
SKU0027,west,104,201.9044010586225,251.25399378976545,49.349592731142934,3,605.7132031758675,148.0487781934288,753.7619813692963,649.7619813692963,200,STABLE,2025-12-26
SKU0011,west,127,137.3914606793201,190.02928299798344,52.63782231866335,4,549.5658427172804,210.5512892746534,760.1171319919338,633.1171319919338,50,STABLE,2025-12-26
SKU0011,west,127,135.97008209070518,188.6166508425264,52.646568751821235,4,543.8803283628207,210.58627500728494,754.4666033701056,627.4666033701056,50,STABLE,2025-12-26
SKU0011,west,127,135.99052370711078,188.60383321945432,52.613309512343534,4,543.9620948284431,210.45323804937414,754.4153328778173,627.4153328778173,50,STABLE,2025-12-26
SKU0027,west,104,194.39587585918676,243.7645883386,49.36871247941323,3,583.1876275775603,148.1061374382397,731.2937650158,627.2937650158,200,STABLE,2025-12-26
SKU0027,west,104,194.6235372173663,243.6562221889025,49.032684971536185,3,583.8706116520989,147.09805491460855,730.9686665667075,626.9686665667075,200,STABLE,2025-12-26
SKU0027,west,104,193.2712142467522,242.65438651728385,49.383172270531645,3,579.8136427402567,148.14951681159494,727.9631595518516,623.9631595518516,200,STABLE,2025-12-26
SKU0050,south,165,164.1275695714244,196.413854324544,32.28628475311959,4,656.5102782856976,129.14513901247835,785.655417298176,620.655417298176,50,STABLE,2025-12-26
SKU0027,west,104,192.1442196567529,241.1364567842297,48.992237127476784,3,576.4326589702587,146.97671138243035,723.409370352689,619.409370352689,200,STABLE,2025-12-26
SKU0050,east,129,154.70385950721376,186.96493033911096,32.2610708318972,4,618.815438028855,129.0442833275888,747.8597213564439,618.8597213564439,50,STABLE,2025-12-26
SKU0011,west,127,133.2699164921692,185.8992866287977,52.62937013662852,4,533.0796659686767,210.5174805465141,743.5971465151908,616.5971465151908,50,STABLE,2025-12-26
SKU0011,west,127,133.04513043039051,185.66633280161037,52.62120237121985,4,532.1805217215621,210.4848094848794,742.6653312064415,615.6653312064415,50,STABLE,2025-12-26
SKU0050,east,129,153.47930436563945,185.73504422166883,32.25573985602938,4,613.9172174625578,129.02295942411752,742.9401768866753,613.9401768866753,50,STABLE,2025-12-26
SKU0011,west,127,131.63684754915195,184.24252991306528,52.60568236391333,4,526.5473901966078,210.42272945565333,736.9701196522611,609.9701196522611,50,STABLE,2025-12-26
SKU0027,west,104,187.7506744673294,236.77443121136005,49.02375674403066,3,563.2520234019881,147.071270232092,710.3232936340801,606.3232936340801,200,STABLE,2025-12-26
SKU0011,west,127,130.23305866831672,182.7982620104153,52.565203342098584,4,520.9322346732669,210.26081336839434,731.1930480416612,604.1930480416612,50,STABLE,2025-12-26
SKU0011,west,127,129.48179635657306,182.0661043942046,52.58430803763153,4,517.9271854262922,210.33723215052612,728.2644175768183,601.2644175768183,50,STABLE,2025-12-26
SKU0027,west,104,186.0247414472916,235.06682093557015,49.042079488278546,3,558.0742243418748,147.12623846483564,705.2004628067104,601.2004628067104,200,STABLE,2025-12-26
SKU0027,north,153,201.9044010586225,251.25399378976545,49.349592731142934,3,605.7132031758675,148.0487781934288,753.7619813692963,600.7619813692963,200,STABLE,2025-12-26
SKU0050,east,129,149.63420373421002,181.91218849906863,32.277984764858616,4,598.5368149368401,129.11193905943446,727.6487539962745,598.6487539962745,50,STABLE,2025-12-26
SKU0011,west,127,128.65670218385327,181.22812157188145,52.571419388028175,4,514.6268087354131,210.2856775521127,724.9124862875258,597.9124862875258,50,STABLE,2025-12-26
SKU0027,west,104,184.03962938232243,233.3834681661513,49.34383878382886,3,552.1188881469673,148.03151635148657,700.1504044984538,596.1504044984538,200,STABLE,2025-12-26
SKU0011,west,127,128.15301271899858,180.7513247527432,52.598312033744605,4,512.6120508759943,210.39324813497842,723.0052990109727,596.0052990109727,50,STABLE,2025-12-26
SKU0027,west,104,181.98091826952611,231.3192875693853,49.33836929985918,3,545.9427548085783,148.01510789957754,693.9578627081559,589.9578627081559,200,STABLE,2025-12-26
SKU0027,west,104,181.80129122607613,231.13446156583643,49.3331703397603,3,545.4038736782284,147.9995110192809,693.4033846975093,589.4033846975093,200,STABLE,2025-12-26
SKU0011,west,127,126.13598807313784,178.7138403120953,52.57785223895746,4,504.54395229255135,210.31140895582985,714.8553612483812,587.8553612483812,50,STABLE,2025-12-26
SKU0011,west,127,125.36413300295985,177.91752582297352,52.55339282001367,4,501.4565320118394,210.21357128005468,711.6701032918941,584.6701032918941,50,STABLE,2025-12-26
SKU0011,west,127,125.19484319455636,177.75404002402632,52.55919682946997,4,500.7793727782254,210.23678731787987,711.0161600961053,584.0161600961053,50,STABLE,2025-12-26
SKU0050,south,165,154.70385950721376,186.96493033911096,32.2610708318972,4,618.815438028855,129.0442833275888,747.8597213564439,582.8597213564439,50,STABLE,2025-12-26
SKU0011,west,127,124.87306049981471,177.46425042407918,52.59118992426447,4,499.49224199925885,210.36475969705788,709.8570016963167,582.8570016963167,50,STABLE,2025-12-26
SKU0027,west,104,179.0550572975315,228.05458646772232,48.99952917019081,3,537.1651718925946,146.99858751057243,684.163759403167,580.163759403167,200,STABLE,2025-12-26
SKU0050,east,129,144.83609900630702,177.10436730688014,32.26826830057311,4,579.3443960252281,129.07307320229245,708.4174692275205,579.4174692275205,50,STABLE,2025-12-26
SKU0011,west,127,124.05891859876664,176.59604756811453,52.53712896934789,4,496.23567439506655,210.14851587739156,706.3841902724581,579.3841902724581,50,STABLE,2025-12-26
SKU0027,west,104,178.45807856911028,227.46527848794403,49.00719991883375,3,535.3742357073309,147.02159975650125,682.3958354638321,578.3958354638321,200,STABLE,2025-12-26
SKU0027,north,153,194.39587585918676,243.7645883386,49.36871247941323,3,583.1876275775603,148.1061374382397,731.2937650158,578.2937650158,200,STABLE,2025-12-26
SKU0027,north,153,194.6235372173663,243.6562221889025,49.032684971536185,3,583.8706116520989,147.09805491460855,730.9686665667075,577.9686665667075,200,STABLE,2025-12-26
SKU0050,south,165,153.47930436563945,185.73504422166883,32.25573985602938,4,613.9172174625578,129.02295942411752,742.9401768866753,577.9401768866753,50,STABLE,2025-12-26
SKU0011,west,127,123.46117267500378,175.99324190730388,52.5320692323001,4,493.8446907000151,210.1282769292004,703.9729676292155,576.9729676292155,50,STABLE,2025-12-26
SKU0050,west,210,164.1275695714244,196.413854324544,32.28628475311959,4,656.5102782856976,129.14513901247835,785.655417298176,575.655417298176,50,STABLE,2025-12-26
SKU0027,north,153,193.2712142467522,242.65438651728385,49.383172270531645,3,579.8136427402567,148.14951681159494,727.9631595518516,574.9631595518516,200,STABLE,2025-12-26
SKU0050,east,129,143.57169421538202,175.8349285548146,32.263234339432586,4,574.2867768615281,129.05293735773034,703.3397142192584,574.3397142192584,50,STABLE,2025-12-26
SKU0027,west,104,176.53812050469938,225.5168361569777,48.97871565227831,3,529.6143615140982,146.93614695683493,676.5505084709331,572.5505084709331,200,STABLE,2025-12-26
SKU0050,east,129,142.7066186172218,175.07151087763265,32.36489226041084,4,570.8264744688872,129.45956904164336,700.2860435105306,571.2860435105306,50,STABLE,2025-12-26
SKU0027,north,153,192.1442196567529,241.1364567842297,48.992237127476784,3,576.4326589702587,146.97671138243035,723.409370352689,570.409370352689,200,STABLE,2025-12-26
SKU0027,east,186,201.9044010586225,251.25399378976545,49.349592731142934,3,605.7132031758675,148.0487781934288,753.7619813692963,567.7619813692963,200,STABLE,2025-12-26
SKU0050,east,129,141.89079700858036,174.14260848943678,32.25181148085642,4,567.5631880343215,129.00724592342567,696.5704339577471,567.5704339577471,50,STABLE,2025-12-26
SKU0012,east,207,135.4014855100129,193.4739186904825,58.0724331804696,4,541.6059420400516,232.2897327218784,773.89567476193,566.89567476193,500,STABLE,2025-12-26
SKU0027,south,188,201.9044010586225,251.25399378976545,49.349592731142934,3,605.7132031758675,148.0487781934288,753.7619813692963,565.7619813692963,200,STABLE,2025-12-26
SKU0011,west,127,120.425950395255,172.973734912554,52.54778451729899,4,481.70380158102,210.19113806919597,691.894939650216,564.894939650216,50,STABLE,2025-12-26
SKU0050,south,165,149.63420373421002,181.91218849906863,32.277984764858616,4,598.5368149368401,129.11193905943446,727.6487539962745,562.6487539962745,50,STABLE,2025-12-26
SKU0011,west,127,119.4237060413131,171.94159755754055,52.51789151622745,4,477.6948241652524,210.0715660649098,687.7663902301622,560.7663902301622,50,STABLE,2025-12-26
SKU0011,west,127,119.06639457328512,171.60875992425284,52.542365350967714,4,476.2655782931405,210.16946140387086,686.4350396970113,559.4350396970113,50,STABLE,2025-12-26
SKU0027,north,153,187.7506744673294,236.77443121136005,49.02375674403066,3,563.2520234019881,147.071270232092,710.3232936340801,557.3232936340801,200,STABLE,2025-12-26
SKU0027,west,104,170.58434394766044,219.93998982022853,49.35564587256809,3,511.75303184298133,148.06693761770427,659.8199694606856,555.8199694606856,200,STABLE,2025-12-26
SKU0012,east,207,132.4181674602163,190.15267382498268,57.73450636476639,4,529.6726698408652,230.93802545906556,760.6106952999307,553.6106952999307,500,STABLE,2025-12-26
SKU0012,east,207,132.60411901026248,189.9874235159137,57.38330450565121,4,530.4164760410499,229.53321802260484,759.9496940636548,552.9496940636548,500,STABLE,2025-12-26
SKU0027,north,153,186.0247414472916,235.06682093557015,49.042079488278546,3,558.0742243418748,147.12623846483564,705.2004628067104,552.2004628067104,200,STABLE,2025-12-26
SKU0027,north,153,184.03962938232243,233.3834681661513,49.34383878382886,3,552.1188881469673,148.03151635148657,700.1504044984538,547.1504044984538,200,STABLE,2025-12-26
SKU0027,west,104,167.22953172797986,216.63733317958835,49.40780145160849,3,501.6885951839396,148.22340435482548,649.911999538765,545.911999538765,200,STABLE,2025-12-26
SKU0027,west,104,167.64566233075823,216.61811401576023,48.972451685002,3,502.9369869922747,146.917355055006,649.8543420472806,545.8543420472806,200,STABLE,2025-12-26
SKU0027,east,186,194.39587585918676,243.7645883386,49.36871247941323,3,583.1876275775603,148.1061374382397,731.2937650158,545.2937650158,200,STABLE,2025-12-26
SKU0027,east,186,194.6235372173663,243.6562221889025,49.032684971536185,3,583.8706116520989,147.09805491460855,730.9686665667075,544.9686665667075,200,STABLE,2025-12-26
SKU0050,south,165,144.83609900630702,177.10436730688014,32.26826830057311,4,579.3443960252281,129.07307320229245,708.4174692275205,543.4174692275205,50,STABLE,2025-12-26
SKU0027,south,188,194.39587585918676,243.7645883386,49.36871247941323,3,583.1876275775603,148.1061374382397,731.2937650158,543.2937650158,200,STABLE,2025-12-26
SKU0027,south,188,194.6235372173663,243.6562221889025,49.032684971536185,3,583.8706116520989,147.09805491460855,730.9686665667075,542.9686665667075,200,STABLE,2025-12-26
SKU0027,west,104,166.5481439629879,215.5334491505763,48.98530518758841,3,499.6444318889637,146.95591556276523,646.6003474517289,542.6003474517289,200,STABLE,2025-12-26
SKU0027,east,186,193.2712142467522,242.65438651728385,49.383172270531645,3,579.8136427402567,148.14951681159494,727.9631595518516,541.9631595518516,200,STABLE,2025-12-26
SKU0012,east,207,128.1240344605801,187.1368525086636,59.01281804808349,4,512.4961378423204,236.05127219233395,748.5474100346544,541.5474100346544,500,STABLE,2025-12-26
SKU0027,north,153,181.98091826952611,231.3192875693853,49.33836929985918,3,545.9427548085783,148.01510789957754,693.9578627081559,540.9578627081559,200,STABLE,2025-12-26
SKU0027,north,153,181.80129122607613,231.13446156583643,49.3331703397603,3,545.4038736782284,147.9995110192809,693.4033846975093,540.4033846975093,200,STABLE,2025-12-26
SKU0027,south,188,193.2712142467522,242.65438651728385,49.383172270531645,3,579.8136427402567,148.14951681159494,727.9631595518516,539.9631595518516,200,STABLE,2025-12-26
SKU0050,south,165,143.57169421538202,175.8349285548146,32.263234339432586,4,574.2867768615281,129.05293735773034,703.3397142192584,538.3397142192584,50,STABLE,2025-12-26
SKU0050,west,210,154.70385950721376,186.96493033911096,32.2610708318972,4,618.815438028855,129.0442833275888,747.8597213564439,537.8597213564439,50,STABLE,2025-12-26
SKU0027,east,186,192.1442196567529,241.1364567842297,48.992237127476784,3,576.4326589702587,146.97671138243035,723.409370352689,537.409370352689,200,STABLE,2025-12-26
SKU0027,south,188,192.1442196567529,241.1364567842297,48.992237127476784,3,576.4326589702587,146.97671138243035,723.409370352689,535.409370352689,200,STABLE,2025-12-26
SKU0050,south,165,142.7066186172218,175.07151087763265,32.36489226041084,4,570.8264744688872,129.45956904164336,700.2860435105306,535.2860435105306,50,STABLE,2025-12-26
SKU0027,west,104,163.85509939079446,212.8215966605362,48.96649726974172,3,491.5652981723834,146.89949180922517,638.4647899816085,534.4647899816085,200,STABLE,2025-12-26
SKU0011,west,127,112.82992098168076,165.3350224324531,52.50510145077233,4,451.31968392672303,210.02040580308932,661.3400897298123,534.3400897298123,50,STABLE,2025-12-26
SKU0011,west,127,112.65829804176948,165.16751730508662,52.509219263317135,4,450.63319216707794,210.03687705326854,660.6700692203465,533.6700692203465,50,STABLE,2025-12-26
SKU0011,west,127,112.56406590741388,165.077546856223,52.51348094880912,4,450.2562636296555,210.05392379523647,660.310187424892,533.310187424892,50,STABLE,2025-12-26
SKU0050,west,210,153.47930436563945,185.73504422166883,32.25573985602938,4,613.9172174625578,129.02295942411752,742.9401768866753,532.9401768866753,50,STABLE,2025-12-26
SKU0011,west,127,112.2464825569144,164.76893870459287,52.52245614767847,4,448.9859302276576,210.08982459071387,659.0757548183715,532.0757548183715,50,STABLE,2025-12-26
SKU0050,south,165,141.89079700858036,174.14260848943678,32.25181148085642,4,567.5631880343215,129.00724592342567,696.5704339577471,531.5704339577471,50,STABLE,2025-12-26
SKU0027,north,153,179.0550572975315,228.05458646772232,48.99952917019081,3,537.1651718925946,146.99858751057243,684.163759403167,531.163759403167,200,STABLE,2025-12-26
SKU0011,west,127,111.72222059872166,164.2494008030115,52.527180204289834,4,446.88888239488665,210.10872081715934,656.997603212046,529.997603212046,50,STABLE,2025-12-26
SKU0027,north,153,178.45807856911028,227.46527848794403,49.00719991883375,3,535.3742357073309,147.02159975650125,682.3958354638321,529.3958354638321,200,STABLE,2025-12-26
SKU0011,west,127,111.4134319827756,163.91071022296407,52.497278240188464,4,445.6537279311024,209.98911296075386,655.6428408918563,528.6428408918563,50,STABLE,2025-12-26
SKU0011,west,127,110.9669143298967,163.468036999513,52.50112266961631,4,443.8676573195868,210.00449067846523,653.872147998052,526.872147998052,50,STABLE,2025-12-26
SKU0027,east,186,187.7506744673294,236.77443121136005,49.02375674403066,3,563.2520234019881,147.071270232092,710.3232936340801,524.3232936340801,200,STABLE,2025-12-26
SKU0050,east,129,130.95121285394413,163.21683837327348,32.26562551932935,4,523.8048514157765,129.0625020773174,652.8673534930939,523.8673534930939,50,STABLE,2025-12-26
SKU0027,north,153,176.53812050469938,225.5168361569777,48.97871565227831,3,529.6143615140982,146.93614695683493,676.5505084709331,523.5505084709331,200,STABLE,2025-12-26
SKU0027,west,104,159.98102639752398,208.94186356924573,48.96083717172175,3,479.94307919257193,146.88251151516525,626.8255907077372,522.8255907077372,200,STABLE,2025-12-26
SKU0027,south,188,187.7506744673294,236.77443121136005,49.02375674403066,3,563.2520234019881,147.071270232092,710.3232936340801,522.3232936340801,200,STABLE,2025-12-26
SKU0012,east,207,123.89579151728093,182.29352360288735,58.39773208560642,4,495.5831660691237,233.59092834242568,729.1740944115494,522.1740944115494,500,STABLE,2025-12-26
SKU0050,east,129,130.3866319210956,162.65782104168724,32.27118912059163,4,521.5465276843825,129.08475648236652,650.631284166749,521.631284166749,50,STABLE,2025-12-26
SKU0027,east,186,186.0247414472916,235.06682093557015,49.042079488278546,3,558.0742243418748,147.12623846483564,705.2004628067104,519.2004628067104,200,STABLE,2025-12-26
SKU0050,west,210,149.63420373421002,181.91218849906863,32.277984764858616,4,598.5368149368401,129.11193905943446,727.6487539962745,517.6487539962745,50,STABLE,2025-12-26
SKU0027,south,188,186.0247414472916,235.06682093557015,49.042079488278546,3,558.0742243418748,147.12623846483564,705.2004628067104,517.2004628067104,200,STABLE,2025-12-26
SKU0011,south,243,137.3914606793201,190.02928299798344,52.63782231866335,4,549.5658427172804,210.5512892746534,760.1171319919338,517.1171319919338,50,STABLE,2025-12-26
SKU0012,east,207,121.66999500073456,180.97368974056693,59.303694739832366,4,486.67998000293824,237.21477895932946,723.8947589622677,516.8947589622677,500,STABLE,2025-12-26
SKU0027,west,104,157.15136947823385,206.5271288191638,49.37575934092996,3,471.45410843470154,148.12727802278988,619.5813864574914,515.5813864574914,200,STABLE,2025-12-26
SKU0027,west,104,156.99352426671686,206.3926972095175,49.39917294280065,3,470.9805728001506,148.19751882840194,619.1780916285525,515.1780916285525,200,STABLE,2025-12-26
SKU0050,east,129,128.6702231390168,161.01258887419905,32.342365735182256,4,514.6808925560672,129.36946294072902,644.0503554967962,515.0503554967962,50,STABLE,2025-12-26
SKU0012,east,207,121.70040599754157,180.4114120458936,58.71100604835203,4,486.80162399016626,234.84402419340813,721.6456481835744,514.6456481835744,500,STABLE,2025-12-26
SKU0027,east,186,184.03962938232243,233.3834681661513,49.34383878382886,3,552.1188881469673,148.03151635148657,700.1504044984538,514.1504044984538,200,STABLE,2025-12-26
SKU0027,south,188,184.03962938232243,233.3834681661513,49.34383878382886,3,552.1188881469673,148.03151635148657,700.1504044984538,512.1504044984538,200,STABLE,2025-12-26
SKU0011,south,243,135.97008209070518,188.6166508425264,52.646568751821235,4,543.8803283628207,210.58627500728494,754.4666033701056,511.46660337010564,50,STABLE,2025-12-26
SKU0011,south,243,135.99052370711078,188.60383321945432,52.613309512343534,4,543.9620948284431,210.45323804937414,754.4153328778173,511.41533287781726,50,STABLE,2025-12-26
SKU0050,east,129,127.5555411333278,159.8578427962629,32.30230166293511,4,510.2221645333112,129.20920665174043,639.4313711850516,510.4313711850516,50,STABLE,2025-12-26
SKU0050,east,129,127.38201584310846,159.69799572252418,32.31597987941572,4,509.52806337243385,129.26391951766288,638.7919828900967,509.79198289009673,50,STABLE,2025-12-26
SKU0027,east,186,181.98091826952611,231.3192875693853,49.33836929985918,3,545.9427548085783,148.01510789957754,693.9578627081559,507.95786270815586,200,STABLE,2025-12-26
SKU0027,east,186,181.80129122607613,231.13446156583643,49.3331703397603,3,545.4038736782284,147.9995110192809,693.4033846975093,507.4033846975093,200,STABLE,2025-12-26
SKU0012,north,267,135.4014855100129,193.4739186904825,58.0724331804696,4,541.6059420400516,232.2897327218784,773.89567476193,506.89567476192997,500,STABLE,2025-12-26
SKU0027,north,153,170.58434394766044,219.93998982022853,49.35564587256809,3,511.75303184298133,148.06693761770427,659.8199694606856,506.81996946068557,200,STABLE,2025-12-26
SKU0027,south,188,181.98091826952611,231.3192875693853,49.33836929985918,3,545.9427548085783,148.01510789957754,693.9578627081559,505.95786270815586,200,STABLE,2025-12-26
SKU0027,south,188,181.80129122607613,231.13446156583643,49.3331703397603,3,545.4038736782284,147.9995110192809,693.4033846975093,505.4033846975093,200,STABLE,2025-12-26
SKU0050,east,129,125.77023758567368,158.02452765891323,32.254290073239545,4,503.08095034269473,129.01716029295818,632.0981106356529,503.0981106356529,50,STABLE,2025-12-26
SKU0012,east,207,117.35991207301646,177.21446332312746,59.854551250111,4,469.43964829206584,239.418205000444,708.8578532925098,501.85785329250984,500,STABLE,2025-12-26
SKU0027,west,104,152.29924161548283,201.6612553104688,49.36201369498596,3,456.89772484644845,148.08604108495788,604.9837659314063,500.9837659314063,200,STABLE,2025-12-26
SKU0011,south,243,133.2699164921692,185.8992866287977,52.62937013662852,4,533.0796659686767,210.5174805465141,743.5971465151908,500.59714651519084,50,STABLE,2025-12-26
SKU0027,west,104,151.97142803069409,201.3883048517699,49.41687682107582,3,455.91428409208226,148.25063046322745,604.1649145553097,500.1649145553097,200,STABLE,2025-12-26
SKU0004,north,112,132.42250192750703,191.70697361756908,59.28447169006205,3,397.2675057825211,177.85341507018614,575.1209208527073,500.0,500,STABLE,2025-12-26
SKU0004,west,566,132.42250192750703,191.70697361756908,59.28447169006205,3,397.2675057825211,177.85341507018614,575.1209208527073,500.0,500,STABLE,2025-12-26
SKU0004,east,171,132.42250192750703,191.70697361756908,59.28447169006205,3,397.2675057825211,177.85341507018614,575.1209208527073,500.0,500,STABLE,2025-12-26
SKU0004,south,294,132.42250192750703,191.70697361756908,59.28447169006205,3,397.2675057825211,177.85341507018614,575.1209208527073,500.0,500,STABLE,2025-12-26
SKU0004,north,112,132.36765507725596,191.6458192347345,59.27816415747853,3,397.1029652317679,177.83449247243558,574.9374577042034,500.0,500,STABLE,2025-12-26
SKU0004,west,566,132.36765507725596,191.6458192347345,59.27816415747853,3,397.1029652317679,177.83449247243558,574.9374577042034,500.0,500,STABLE,2025-12-26
SKU0004,east,171,132.36765507725596,191.6458192347345,59.27816415747853,3,397.1029652317679,177.83449247243558,574.9374577042034,500.0,500,STABLE,2025-12-26
SKU0004,south,294,132.36765507725596,191.6458192347345,59.27816415747853,3,397.1029652317679,177.83449247243558,574.9374577042034,500.0,500,STABLE,2025-12-26
SKU0004,north,112,128.60182948746717,187.87386444259613,59.27203495512896,3,385.8054884624015,177.81610486538688,563.6215933277883,500.0,500,STABLE,2025-12-26
SKU0004,east,171,128.60182948746717,187.87386444259613,59.27203495512896,3,385.8054884624015,177.81610486538688,563.6215933277883,500.0,500,STABLE,2025-12-26
SKU0004,south,294,128.60182948746717,187.87386444259613,59.27203495512896,3,385.8054884624015,177.81610486538688,563.6215933277883,500.0,500,STABLE,2025-12-26
SKU0004,north,112,129.8768312504378,189.1431461673842,59.26631491694641,3,389.63049375131334,177.79894475083924,567.4294385021526,500.0,500,STABLE,2025-12-26
SKU0004,west,566,129.8768312504378,189.1431461673842,59.26631491694641,3,389.63049375131334,177.79894475083924,567.4294385021526,500.0,500,STABLE,2025-12-26
SKU0004,east,171,129.8768312504378,189.1431461673842,59.26631491694641,3,389.63049375131334,177.79894475083924,567.4294385021526,500.0,500,STABLE,2025-12-26
SKU0004,south,294,129.8768312504378,189.1431461673842,59.26631491694641,3,389.63049375131334,177.79894475083924,567.4294385021526,500.0,500,STABLE,2025-12-26
SKU0004,north,112,127.97472515440548,187.23524490272672,59.260519748321244,3,383.92417546321644,177.78155924496372,561.7057347081802,500.0,500,STABLE,2025-12-26
SKU0004,east,171,127.97472515440548,187.23524490272672,59.260519748321244,3,383.92417546321644,177.78155924496372,561.7057347081802,500.0,500,STABLE,2025-12-26
SKU0004,south,294,127.97472515440548,187.23524490272672,59.260519748321244,3,383.92417546321644,177.78155924496372,561.7057347081802,500.0,500,STABLE,2025-12-26
SKU0004,north,112,128.05398877551454,187.3088769639474,59.25488818843286,3,384.1619663265436,177.76466456529857,561.9266308918423,500.0,500,STABLE,2025-12-26
SKU0004,east,171,128.05398877551454,187.3088769639474,59.25488818843286,3,384.1619663265436,177.76466456529857,561.9266308918423,500.0,500,STABLE,2025-12-26
SKU0004,south,294,128.05398877551454,187.3088769639474,59.25488818843286,3,384.1619663265436,177.76466456529857,561.9266308918423,500.0,500,STABLE,2025-12-26
SKU0004,north,112,126.48681249084586,185.73622813471823,59.24941564387237,3,379.4604374725376,177.7482469316171,557.2086844041547,500.0,500,STABLE,2025-12-26
SKU0004,east,171,126.48681249084586,185.73622813471823,59.24941564387237,3,379.4604374725376,177.7482469316171,557.2086844041547,500.0,500,STABLE,2025-12-26
SKU0004,south,294,126.48681249084586,185.73622813471823,59.24941564387237,3,379.4604374725376,177.7482469316171,557.2086844041547,500.0,500,STABLE,2025-12-26
SKU0004,north,112,124.82212744401934,184.0662250927964,59.24409764877706,3,374.46638233205806,177.73229294633117,552.1986752783893,500.0,500,STABLE,2025-12-26
SKU0004,east,171,124.82212744401934,184.0662250927964,59.24409764877706,3,374.46638233205806,177.73229294633117,552.1986752783893,500.0,500,STABLE,2025-12-26
SKU0004,south,294,124.82212744401934,184.0662250927964,59.24409764877706,3,374.46638233205806,177.73229294633117,552.1986752783893,500.0,500,STABLE,2025-12-26
SKU0004,north,112,121.77496874730298,181.01389860866936,59.23892986136639,3,365.32490624190893,177.71678958409916,543.0416958260081,500.0,500,STABLE,2025-12-26
SKU0004,east,171,121.77496874730298,181.01389860866936,59.23892986136639,3,365.32490624190893,177.71678958409916,543.0416958260081,500.0,500,STABLE,2025-12-26
SKU0004,south,294,121.77496874730298,181.01389860866936,59.23892986136639,3,365.32490624190893,177.71678958409916,543.0416958260081,500.0,500,STABLE,2025-12-26
SKU0004,north,112,124.33594789744213,183.5698559580113,59.23390806056916,3,373.0078436923264,177.7017241817075,550.7095678740338,500.0,500,STABLE,2025-12-26
SKU0004,east,171,124.33594789744213,183.5698559580113,59.23390806056916,3,373.0078436923264,177.7017241817075,550.7095678740338,500.0,500,STABLE,2025-12-26
SKU0004,south,294,124.33594789744213,183.5698559580113,59.23390806056916,3,373.0078436923264,177.7017241817075,550.7095678740338,500.0,500,STABLE,2025-12-26
SKU0004,north,112,124.68268112325995,183.91170926599708,59.22902814273712,3,374.04804336977986,177.68708442821136,551.7351277979913,500.0,500,STABLE,2025-12-26
SKU0004,east,171,124.68268112325995,183.91170926599708,59.22902814273712,3,374.04804336977986,177.68708442821136,551.7351277979913,500.0,500,STABLE,2025-12-26
SKU0004,south,294,124.68268112325995,183.91170926599708,59.22902814273712,3,374.04804336977986,177.68708442821136,551.7351277979913,500.0,500,STABLE,2025-12-26
SKU0004,north,112,120.396479304496,179.62076542294062,59.224286118444624,3,361.189437913488,177.67285835533386,538.8622962688219,500.0,500,STABLE,2025-12-26
SKU0004,east,171,120.396479304496,179.62076542294062,59.224286118444624,3,361.189437913488,177.67285835533386,538.8622962688219,500.0,500,STABLE,2025-12-26
SKU0004,south,294,120.396479304496,179.62076542294062,59.224286118444624,3,361.189437913488,177.67285835533386,538.8622962688219,500.0,500,STABLE,2025-12-26
SKU0004,north,112,120.2440382307523,179.46371634012422,59.21967810937193,3,360.7321146922569,177.65903432811578,538.3911490203727,500.0,500,STABLE,2025-12-26
SKU0004,east,171,120.2440382307523,179.46371634012422,59.21967810937193,3,360.7321146922569,177.65903432811578,538.3911490203727,500.0,500,STABLE,2025-12-26
SKU0004,south,294,120.2440382307523,179.46371634012422,59.21967810937193,3,360.7321146922569,177.65903432811578,538.3911490203727,500.0,500,STABLE,2025-12-26
SKU0004,north,112,118.17929322155666,177.39449356682655,59.21520034526989,3,354.53787966466996,177.64560103580968,532.1834807004797,500.0,500,STABLE,2025-12-26
SKU0004,east,171,118.17929322155666,177.39449356682655,59.21520034526989,3,354.53787966466996,177.64560103580968,532.1834807004797,500.0,500,STABLE,2025-12-26
SKU0004,south,294,118.17929322155666,177.39449356682655,59.21520034526989,3,354.53787966466996,177.64560103580968,532.1834807004797,500.0,500,STABLE,2025-12-26
SKU0004,north,112,114.27688058259228,173.4877297435968,59.210849161004504,3,342.83064174777684,177.63254748301352,520.4631892307904,500.0,500,STABLE,2025-12-26
SKU0004,east,171,114.27688058259228,173.4877297435968,59.210849161004504,3,342.83064174777684,177.63254748301352,520.4631892307904,500.0,500,STABLE,2025-12-26
SKU0004,south,294,114.27688058259228,173.4877297435968,59.210849161004504,3,342.83064174777684,177.63254748301352,520.4631892307904,500.0,500,STABLE,2025-12-26
SKU0004,north,112,114.88550405952353,174.09212505320255,59.206620993679024,3,344.65651217857055,177.61986298103707,522.2763751596076,500.0,500,STABLE,2025-12-26
SKU0004,east,171,114.88550405952353,174.09212505320255,59.206620993679024,3,344.65651217857055,177.61986298103707,522.2763751596076,500.0,500,STABLE,2025-12-26
SKU0004,south,294,114.88550405952353,174.09212505320255,59.206620993679024,3,344.65651217857055,177.61986298103707,522.2763751596076,500.0,500,STABLE,2025-12-26
SKU0004,north,112,116.26417101140947,175.46668339124136,59.20251237983189,3,348.7925130342284,177.60753713949566,526.4000501737241,500.0,500,STABLE,2025-12-26
SKU0004,east,171,116.26417101140947,175.46668339124136,59.20251237983189,3,348.7925130342284,177.60753713949566,526.4000501737241,500.0,500,STABLE,2025-12-26
SKU0004,south,294,116.26417101140947,175.46668339124136,59.20251237983189,3,348.7925130342284,177.60753713949566,526.4000501737241,500.0,500,STABLE,2025-12-26
SKU0004,north,112,113.42367194250512,172.6221918952141,59.19851995270896,3,340.2710158275154,177.59555985812688,517.8665756856423,500.0,500,STABLE,2025-12-26
SKU0004,east,171,113.42367194250512,172.6221918952141,59.19851995270896,3,340.2710158275154,177.59555985812688,517.8665756856423,500.0,500,STABLE,2025-12-26
SKU0004,south,294,113.42367194250512,172.6221918952141,59.19851995270896,3,340.2710158275154,177.59555985812688,517.8665756856423,500.0,500,STABLE,2025-12-26
SKU0004,north,112,115.66075903732415,174.85539947693198,59.194640439607824,3,346.98227711197245,177.58392131882346,524.5661984307959,500.0,500,STABLE,2025-12-26
SKU0004,east,171,115.66075903732415,174.85539947693198,59.194640439607824,3,346.98227711197245,177.58392131882346,524.5661984307959,500.0,500,STABLE,2025-12-26
SKU0004,south,294,115.66075903732415,174.85539947693198,59.194640439607824,3,346.98227711197245,177.58392131882346,524.5661984307959,500.0,500,STABLE,2025-12-26
SKU0004,north,112,114.05731004999834,173.24818070929075,59.190870659292415,3,342.171930149995,177.57261197787724,519.7445421278723,500.0,500,STABLE,2025-12-26
SKU0004,east,171,114.05731004999834,173.24818070929075,59.190870659292415,3,342.171930149995,177.57261197787724,519.7445421278723,500.0,500,STABLE,2025-12-26
SKU0004,south,294,114.05731004999834,173.24818070929075,59.190870659292415,3,342.171930149995,177.57261197787724,519.7445421278723,500.0,500,STABLE,2025-12-26
SKU0004,north,112,108.99039973514424,168.17760725462074,59.1872075194765,3,326.9711992054327,177.56162255842952,504.5328217638622,500.0,500,STABLE,2025-12-26
SKU0004,east,171,108.99039973514424,168.17760725462074,59.1872075194765,3,326.9711992054327,177.56162255842952,504.5328217638622,500.0,500,STABLE,2025-12-26
SKU0004,south,294,108.99039973514424,168.17760725462074,59.1872075194765,3,326.9711992054327,177.56162255842952,504.5328217638622,500.0,500,STABLE,2025-12-26
SKU0004,north,112,110.7379851744364,169.92163318881083,59.18364801437443,3,332.2139555233092,177.55094404312328,509.7648995664325,500.0,500,STABLE,2025-12-26
SKU0004,east,171,110.7379851744364,169.92163318881083,59.18364801437443,3,332.2139555233092,177.55094404312328,509.7648995664325,500.0,500,STABLE,2025-12-26
SKU0004,south,294,110.7379851744364,169.92163318881083,59.18364801437443,3,332.2139555233092,177.55094404312328,509.7648995664325,500.0,500,STABLE,2025-12-26
SKU0004,north,112,108.34195001745158,167.52213923976825,59.18018922231667,3,325.0258500523547,177.54056766695,502.5664177193047,500.0,500,STABLE,2025-12-26
SKU0004,east,171,108.34195001745158,167.52213923976825,59.18018922231667,3,325.0258500523547,177.54056766695,502.5664177193047,500.0,500,STABLE,2025-12-26
SKU0004,south,294,108.34195001745158,167.52213923976825,59.18018922231667,3,325.0258500523547,177.54056766695,502.5664177193047,500.0,500,STABLE,2025-12-26
SKU0004,north,112,107.9610674368172,167.13789574024693,59.17682830342973,3,323.8832023104516,177.5304849102892,501.4136872207408,500.0,500,STABLE,2025-12-26
SKU0004,east,171,107.9610674368172,167.13789574024693,59.17682830342973,3,323.8832023104516,177.5304849102892,501.4136872207408,500.0,500,STABLE,2025-12-26
SKU0004,south,294,107.9610674368172,167.13789574024693,59.17682830342973,3,323.8832023104516,177.5304849102892,501.4136872207408,500.0,500,STABLE,2025-12-26
SKU0004,north,112,108.53755315336792,167.71111565074557,59.173562497377645,3,325.61265946010377,177.52068749213294,503.1333469522367,500.0,500,STABLE,2025-12-26
SKU0004,east,171,108.53755315336792,167.71111565074557,59.173562497377645,3,325.61265946010377,177.52068749213294,503.1333469522367,500.0,500,STABLE,2025-12-26
SKU0004,south,294,108.53755315336792,167.71111565074557,59.173562497377645,3,325.61265946010377,177.52068749213294,503.1333469522367,500.0,500,STABLE,2025-12-26
SKU0004,north,112,107.53972307307792,166.71011219424253,59.170389121164604,3,322.61916921923375,177.51116736349383,500.1303365827276,500.0,500,STABLE,2025-12-26
SKU0004,east,171,107.53972307307792,166.71011219424253,59.170389121164604,3,322.61916921923375,177.51116736349383,500.1303365827276,500.0,500,STABLE,2025-12-26
SKU0004,south,294,107.53972307307792,166.71011219424253,59.170389121164604,3,322.61916921923375,177.51116736349383,500.1303365827276,500.0,500,STABLE,2025-12-26
SKU0005,west,198,175.14110902510626,242.75772644098564,67.61661741587938,1,175.14110902510626,67.61661741587938,242.75772644098564,500.0,500,STABLE,2025-12-26
SKU0005,east,187,175.14110902510626,242.75772644098564,67.61661741587938,1,175.14110902510626,67.61661741587938,242.75772644098564,500.0,500,STABLE,2025-12-26
SKU0005,north,266,227.3232864560929,294.9278915293796,67.60460507328673,1,227.3232864560929,67.60460507328673,294.9278915293796,500.0,500,STABLE,2025-12-26
SKU0005,west,198,227.3232864560929,294.9278915293796,67.60460507328673,1,227.3232864560929,67.60460507328673,294.9278915293796,500.0,500,STABLE,2025-12-26
SKU0005,east,187,227.3232864560929,294.9278915293796,67.60460507328673,1,227.3232864560929,67.60460507328673,294.9278915293796,500.0,500,STABLE,2025-12-26
SKU0005,north,266,225.89701522082248,293.4914922366406,67.59447701581814,1,225.89701522082248,67.59447701581814,293.4914922366406,500.0,500,STABLE,2025-12-26
SKU0005,west,198,225.89701522082248,293.4914922366406,67.59447701581814,1,225.89701522082248,67.59447701581814,293.4914922366406,500.0,500,STABLE,2025-12-26
SKU0005,east,187,225.89701522082248,293.4914922366406,67.59447701581814,1,225.89701522082248,67.59447701581814,293.4914922366406,500.0,500,STABLE,2025-12-26
SKU0005,north,266,201.37125177475548,268.9571330799822,67.58588130522674,1,201.37125177475548,67.58588130522674,268.9571330799822,500.0,500,STABLE,2025-12-26
SKU0005,west,198,201.37125177475548,268.9571330799822,67.58588130522674,1,201.37125177475548,67.58588130522674,268.9571330799822,500.0,500,STABLE,2025-12-26
SKU0005,east,187,201.37125177475548,268.9571330799822,67.58588130522674,1,201.37125177475548,67.58588130522674,268.9571330799822,500.0,500,STABLE,2025-12-26
SKU0005,west,198,192.82850737141467,260.4070936653158,67.57858629390114,1,192.82850737141467,67.57858629390114,260.4070936653158,500.0,500,STABLE,2025-12-26
SKU0005,east,187,192.82850737141467,260.4070936653158,67.57858629390114,1,192.82850737141467,67.57858629390114,260.4070936653158,500.0,500,STABLE,2025-12-26
SKU0005,north,266,216.13959859425003,283.71199395371315,67.57239535946312,1,216.13959859425003,67.57239535946312,283.71199395371315,500.0,500,STABLE,2025-12-26
SKU0005,west,198,216.13959859425003,283.71199395371315,67.57239535946312,1,216.13959859425003,67.57239535946312,283.71199395371315,500.0,500,STABLE,2025-12-26
SKU0005,east,187,216.13959859425003,283.71199395371315,67.57239535946312,1,216.13959859425003,67.57239535946312,283.71199395371315,500.0,500,STABLE,2025-12-26
SKU0005,north,266,240.7569624018977,308.3241039486652,67.56714154676749,1,240.7569624018977,67.56714154676749,308.3241039486652,500.0,500,STABLE,2025-12-26
SKU0005,west,198,240.7569624018977,308.3241039486652,67.56714154676749,1,240.7569624018977,67.56714154676749,308.3241039486652,500.0,500,STABLE,2025-12-26
SKU0005,east,187,240.7569624018977,308.3241039486652,67.56714154676749,1,240.7569624018977,67.56714154676749,308.3241039486652,500.0,500,STABLE,2025-12-26
SKU0005,north,266,215.39081090601985,282.95349401303434,67.5626831070145,1,215.39081090601985,67.5626831070145,282.95349401303434,500.0,500,STABLE,2025-12-26
SKU0005,west,198,215.39081090601985,282.95349401303434,67.5626831070145,1,215.39081090601985,67.5626831070145,282.95349401303434,500.0,500,STABLE,2025-12-26
SKU0005,east,187,215.39081090601985,282.95349401303434,67.5626831070145,1,215.39081090601985,67.5626831070145,282.95349401303434,500.0,500,STABLE,2025-12-26
SKU0005,north,266,245.0568418797581,312.6157415831503,67.55889970339217,1,245.0568418797581,67.55889970339217,312.6157415831503,500.0,500,STABLE,2025-12-26
SKU0005,west,198,245.0568418797581,312.6157415831503,67.55889970339217,1,245.0568418797581,67.55889970339217,312.6157415831503,500.0,500,STABLE,2025-12-26
SKU0005,east,187,245.0568418797581,312.6157415831503,67.55889970339217,1,245.0568418797581,67.55889970339217,312.6157415831503,500.0,500,STABLE,2025-12-26
SKU0005,north,266,307.75741129006764,375.3131004748208,67.55568918475319,1,307.75741129006764,67.55568918475319,375.3131004748208,500.0,500,STABLE,2025-12-26
SKU0005,west,198,307.75741129006764,375.3131004748208,67.55568918475319,1,307.75741129006764,67.55568918475319,375.3131004748208,500.0,500,STABLE,2025-12-26
SKU0005,east,187,307.75741129006764,375.3131004748208,67.55568918475319,1,307.75741129006764,67.55568918475319,375.3131004748208,500.0,500,STABLE,2025-12-26
SKU0005,north,266,256.94464107173275,324.4976059149008,67.55296484316807,1,256.94464107173275,67.55296484316807,324.4976059149008,500.0,500,STABLE,2025-12-26
SKU0005,west,198,256.94464107173275,324.4976059149008,67.55296484316807,1,256.94464107173275,67.55296484316807,324.4976059149008,500.0,500,STABLE,2025-12-26
SKU0005,east,187,256.94464107173275,324.4976059149008,67.55296484316807,1,256.94464107173275,67.55296484316807,324.4976059149008,500.0,500,STABLE,2025-12-26
SKU0005,north,266,217.17468798725093,284.7253410706661,67.55065308341517,1,217.17468798725093,67.55065308341517,284.7253410706661,500.0,500,STABLE,2025-12-26
SKU0005,west,198,217.17468798725093,284.7253410706661,67.55065308341517,1,217.17468798725093,67.55065308341517,284.7253410706661,500.0,500,STABLE,2025-12-26
SKU0005,east,187,217.17468798725093,284.7253410706661,67.55065308341517,1,217.17468798725093,67.55065308341517,284.7253410706661,500.0,500,STABLE,2025-12-26
SKU0005,north,266,248.2932294741842,315.84192091717534,67.54869144299116,1,248.2932294741842,67.54869144299116,315.84192091717534,500.0,500,STABLE,2025-12-26
SKU0005,west,198,248.2932294741842,315.84192091717534,67.54869144299116,1,248.2932294741842,67.54869144299116,315.84192091717534,500.0,500,STABLE,2025-12-26
SKU0005,east,187,248.2932294741842,315.84192091717534,67.54869144299116,1,248.2932294741842,67.54869144299116,315.84192091717534,500.0,500,STABLE,2025-12-26
SKU0005,north,266,250.18812783834468,317.7351547485921,67.54702691024741,1,250.18812783834468,67.54702691024741,317.7351547485921,500.0,500,STABLE,2025-12-26
SKU0005,west,198,250.18812783834468,317.7351547485921,67.54702691024741,1,250.18812783834468,67.54702691024741,317.7351547485921,500.0,500,STABLE,2025-12-26
SKU0005,east,187,250.18812783834468,317.7351547485921,67.54702691024741,1,250.18812783834468,67.54702691024741,317.7351547485921,500.0,500,STABLE,2025-12-26
SKU0005,north,266,394.9753818152006,462.5209963112039,67.54561449600328,1,394.9753818152006,67.54561449600328,462.5209963112039,500.0,500,STABLE,2025-12-26
SKU0005,west,198,394.9753818152006,462.5209963112039,67.54561449600328,1,394.9753818152006,67.54561449600328,462.5209963112039,500.0,500,STABLE,2025-12-26
SKU0005,east,187,394.9753818152006,462.5209963112039,67.54561449600328,1,394.9753818152006,67.54561449600328,462.5209963112039,500.0,500,STABLE,2025-12-26
SKU0005,north,266,291.90440008547625,359.4488161060797,67.54441602060342,1,291.90440008547625,67.54441602060342,359.4488161060797,500.0,500,STABLE,2025-12-26
SKU0005,west,198,291.90440008547625,359.4488161060797,67.54441602060342,1,291.90440008547625,67.54441602060342,359.4488161060797,500.0,500,STABLE,2025-12-26
SKU0005,east,187,291.90440008547625,359.4488161060797,67.54441602060342,1,291.90440008547625,67.54441602060342,359.4488161060797,500.0,500,STABLE,2025-12-26
SKU0005,north,266,223.04314630832437,290.5865453923726,67.54339908404825,1,223.04314630832437,67.54339908404825,290.5865453923726,500.0,500,STABLE,2025-12-26
SKU0005,west,198,223.04314630832437,290.5865453923726,67.54339908404825,1,223.04314630832437,67.54339908404825,290.5865453923726,500.0,500,STABLE,2025-12-26
SKU0005,east,187,223.04314630832437,290.5865453923726,67.54339908404825,1,223.04314630832437,67.54339908404825,290.5865453923726,500.0,500,STABLE,2025-12-26
SKU0005,north,266,255.59865968557173,323.1411958772245,67.54253619165277,1,255.59865968557173,67.54253619165277,323.1411958772245,500.0,500,STABLE,2025-12-26
SKU0005,west,198,255.59865968557173,323.1411958772245,67.54253619165277,1,255.59865968557173,67.54253619165277,323.1411958772245,500.0,500,STABLE,2025-12-26
SKU0005,east,187,255.59865968557173,323.1411958772245,67.54253619165277,1,255.59865968557173,67.54253619165277,323.1411958772245,500.0,500,STABLE,2025-12-26
SKU0005,north,266,306.52439691412565,374.0662009259365,67.54180401181088,1,306.52439691412565,67.54180401181088,374.0662009259365,500.0,500,STABLE,2025-12-26
SKU0005,west,198,306.52439691412565,374.0662009259365,67.54180401181088,1,306.52439691412565,67.54180401181088,374.0662009259365,500.0,500,STABLE,2025-12-26
SKU0005,east,187,306.52439691412565,374.0662009259365,67.54180401181088,1,306.52439691412565,67.54180401181088,374.0662009259365,500.0,500,STABLE,2025-12-26
SKU0005,north,266,350.13438511156613,417.6755678575176,67.54118274595146,1,350.13438511156613,67.54118274595146,417.6755678575176,500.0,500,STABLE,2025-12-26
SKU0005,west,198,350.13438511156613,417.6755678575176,67.54118274595146,1,350.13438511156613,67.54118274595146,417.6755678575176,500.0,500,STABLE,2025-12-26
SKU0005,east,187,350.13438511156613,417.6755678575176,67.54118274595146,1,350.13438511156613,67.54118274595146,417.6755678575176,500.0,500,STABLE,2025-12-26
SKU0005,north,266,276.52252307721,344.06317867097016,67.54065559376016,1,276.52252307721,67.54065559376016,344.06317867097016,500.0,500,STABLE,2025-12-26
SKU0005,west,198,276.52252307721,344.06317867097016,67.54065559376016,1,276.52252307721,67.54065559376016,344.06317867097016,500.0,500,STABLE,2025-12-26
SKU0005,east,187,276.52252307721,344.06317867097016,67.54065559376016,1,276.52252307721,67.54065559376016,344.06317867097016,500.0,500,STABLE,2025-12-26
SKU0005,north,266,205.39550168106624,272.9357099803536,67.54020829928734,1,205.39550168106624,67.54020829928734,272.9357099803536,500.0,500,STABLE,2025-12-26
SKU0005,west,198,205.39550168106624,272.9357099803536,67.54020829928734,1,205.39550168106624,67.54020829928734,272.9357099803536,500.0,500,STABLE,2025-12-26
SKU0005,east,187,205.39550168106624,272.9357099803536,67.54020829928734,1,205.39550168106624,67.54020829928734,272.9357099803536,500.0,500,STABLE,2025-12-26
SKU0005,north,266,341.87129643947924,409.41112520520295,67.53982876572371,1,341.87129643947924,67.53982876572371,409.41112520520295,500.0,500,STABLE,2025-12-26
SKU0005,west,198,341.87129643947924,409.41112520520295,67.53982876572371,1,341.87129643947924,67.53982876572371,409.41112520520295,500.0,500,STABLE,2025-12-26
SKU0005,east,187,341.87129643947924,409.41112520520295,67.53982876572371,1,341.87129643947924,67.53982876572371,409.41112520520295,500.0,500,STABLE,2025-12-26
SKU0005,north,266,206.05979052033192,273.5992972488005,67.53950672846858,1,206.05979052033192,67.53950672846858,273.5992972488005,500.0,500,STABLE,2025-12-26
SKU0005,west,198,206.05979052033192,273.5992972488005,67.53950672846858,1,206.05979052033192,67.53950672846858,273.5992972488005,500.0,500,STABLE,2025-12-26
SKU0005,east,187,206.05979052033192,273.5992972488005,67.53950672846858,1,206.05979052033192,67.53950672846858,273.5992972488005,500.0,500,STABLE,2025-12-26
SKU0005,west,198,138.6544748840235,206.19370836170245,67.53923347767895,1,138.6544748840235,67.53923347767895,206.19370836170245,500.0,500,STABLE,2025-12-26
SKU0005,east,187,138.6544748840235,206.19370836170245,67.53923347767895,1,138.6544748840235,67.53923347767895,206.19370836170245,500.0,500,STABLE,2025-12-26
SKU0005,north,266,293.5138374481322,361.0528390709476,67.53900162281536,1,293.5138374481322,67.53900162281536,361.0528390709476,500.0,500,STABLE,2025-12-26
SKU0005,west,198,293.5138374481322,361.0528390709476,67.53900162281536,1,293.5138374481322,67.53900162281536,361.0528390709476,500.0,500,STABLE,2025-12-26
SKU0005,east,187,293.5138374481322,361.0528390709476,67.53900162281536,1,293.5138374481322,67.53900162281536,361.0528390709476,500.0,500,STABLE,2025-12-26
SKU0009,north,342,134.28465276549997,167.25977585995156,32.97512309445159,3,402.8539582964999,98.92536928335477,501.7793275798547,500.0,500,STABLE,2025-12-26
SKU0009,west,109,134.28465276549997,167.25977585995156,32.97512309445159,3,402.8539582964999,98.92536928335477,501.7793275798547,500.0,500,STABLE,2025-12-26
SKU0009,east,246,134.28465276549997,167.25977585995156,32.97512309445159,3,402.8539582964999,98.92536928335477,501.7793275798547,500.0,500,STABLE,2025-12-26
SKU0009,south,390,134.28465276549997,167.25977585995156,32.97512309445159,3,402.8539582964999,98.92536928335477,501.7793275798547,500.0,500,STABLE,2025-12-26
SKU0009,north,342,133.88465511262558,168.92879540231144,35.044140289685856,3,401.65396533787674,105.13242086905757,506.7863862069343,500.0,500,STABLE,2025-12-26
SKU0009,west,109,133.88465511262558,168.92879540231144,35.044140289685856,3,401.65396533787674,105.13242086905757,506.7863862069343,500.0,500,STABLE,2025-12-26
SKU0009,east,246,133.88465511262558,168.92879540231144,35.044140289685856,3,401.65396533787674,105.13242086905757,506.7863862069343,500.0,500,STABLE,2025-12-26
SKU0009,south,390,133.88465511262558,168.92879540231144,35.044140289685856,3,401.65396533787674,105.13242086905757,506.7863862069343,500.0,500,STABLE,2025-12-26
SKU0009,north,342,133.5373508305782,170.48131161053743,36.94396077995924,3,400.6120524917346,110.83188233987772,511.4439348316123,500.0,500,STABLE,2025-12-26
SKU0009,west,109,133.5373508305782,170.48131161053743,36.94396077995924,3,400.6120524917346,110.83188233987772,511.4439348316123,500.0,500,STABLE,2025-12-26
SKU0009,east,246,133.5373508305782,170.48131161053743,36.94396077995924,3,400.6120524917346,110.83188233987772,511.4439348316123,500.0,500,STABLE,2025-12-26
SKU0009,south,390,133.5373508305782,170.48131161053743,36.94396077995924,3,400.6120524917346,110.83188233987772,511.4439348316123,500.0,500,STABLE,2025-12-26
SKU0009,north,342,133.22663973408248,171.93157989410224,38.70494016001976,3,399.67991920224745,116.11482048005928,515.7947396823067,500.0,500,STABLE,2025-12-26
SKU0009,west,109,133.22663973408248,171.93157989410224,38.70494016001976,3,399.67991920224745,116.11482048005928,515.7947396823067,500.0,500,STABLE,2025-12-26
SKU0009,east,246,133.22663973408248,171.93157989410224,38.70494016001976,3,399.67991920224745,116.11482048005928,515.7947396823067,500.0,500,STABLE,2025-12-26
SKU0009,south,390,133.22663973408248,171.93157989410224,38.70494016001976,3,399.67991920224745,116.11482048005928,515.7947396823067,500.0,500,STABLE,2025-12-26
SKU0009,north,342,132.84462309207473,173.1987853329221,40.35416224084739,3,398.5338692762242,121.06248672254216,519.5963559987664,500.0,500,STABLE,2025-12-26
SKU0009,west,109,132.84462309207473,173.1987853329221,40.35416224084739,3,398.5338692762242,121.06248672254216,519.5963559987664,500.0,500,STABLE,2025-12-26
SKU0009,east,246,132.84462309207473,173.1987853329221,40.35416224084739,3,398.5338692762242,121.06248672254216,519.5963559987664,500.0,500,STABLE,2025-12-26
SKU0009,south,390,132.84462309207473,173.1987853329221,40.35416224084739,3,398.5338692762242,121.06248672254216,519.5963559987664,500.0,500,STABLE,2025-12-26
SKU0009,north,342,131.98132503626692,173.88904655879924,41.90772152253231,3,395.94397510880077,125.72316456759694,521.6671396763977,500.0,500,STABLE,2025-12-26
SKU0009,west,109,131.98132503626692,173.88904655879924,41.90772152253231,3,395.94397510880077,125.72316456759694,521.6671396763977,500.0,500,STABLE,2025-12-26
SKU0009,east,246,131.98132503626692,173.88904655879924,41.90772152253231,3,395.94397510880077,125.72316456759694,521.6671396763977,500.0,500,STABLE,2025-12-26
SKU0009,south,390,131.98132503626692,173.88904655879924,41.90772152253231,3,395.94397510880077,125.72316456759694,521.6671396763977,500.0,500,STABLE,2025-12-26
SKU0009,north,342,131.82981962464407,175.2086012087027,43.37878158405863,3,395.4894588739322,130.1363447521759,525.6258036261081,500.0,500,STABLE,2025-12-26
SKU0009,west,109,131.82981962464407,175.2086012087027,43.37878158405863,3,395.4894588739322,130.1363447521759,525.6258036261081,500.0,500,STABLE,2025-12-26
SKU0009,east,246,131.82981962464407,175.2086012087027,43.37878158405863,3,395.4894588739322,130.1363447521759,525.6258036261081,500.0,500,STABLE,2025-12-26
SKU0009,south,390,131.82981962464407,175.2086012087027,43.37878158405863,3,395.4894588739322,130.1363447521759,525.6258036261081,500.0,500,STABLE,2025-12-26
SKU0009,north,342,131.3102405702826,176.08792517983966,44.77768460955707,3,393.93072171084776,134.3330538286712,528.263775539519,500.0,500,STABLE,2025-12-26
SKU0009,west,109,131.3102405702826,176.08792517983966,44.77768460955707,3,393.93072171084776,134.3330538286712,528.263775539519,500.0,500,STABLE,2025-12-26
SKU0009,east,246,131.3102405702826,176.08792517983966,44.77768460955707,3,393.93072171084776,134.3330538286712,528.263775539519,500.0,500,STABLE,2025-12-26
SKU0009,south,390,131.3102405702826,176.08792517983966,44.77768460955707,3,393.93072171084776,134.3330538286712,528.263775539519,500.0,500,STABLE,2025-12-26
SKU0009,north,342,130.6504982556209,176.7632334716367,46.11273521601581,3,391.9514947668627,138.33820564804742,530.2897004149102,500.0,500,STABLE,2025-12-26
SKU0009,west,109,130.6504982556209,176.7632334716367,46.11273521601581,3,391.9514947668627,138.33820564804742,530.2897004149102,500.0,500,STABLE,2025-12-26
SKU0009,east,246,130.6504982556209,176.7632334716367,46.11273521601581,3,391.9514947668627,138.33820564804742,530.2897004149102,500.0,500,STABLE,2025-12-26
SKU0009,south,390,130.6504982556209,176.7632334716367,46.11273521601581,3,391.9514947668627,138.33820564804742,530.2897004149102,500.0,500,STABLE,2025-12-26
SKU0009,north,342,130.7456012199217,178.13632560099944,47.390724381077746,3,392.2368036597651,142.17217314323324,534.4089768029983,500.0,500,STABLE,2025-12-26
SKU0009,west,109,130.7456012199217,178.13632560099944,47.390724381077746,3,392.2368036597651,142.17217314323324,534.4089768029983,500.0,500,STABLE,2025-12-26
SKU0009,east,246,130.7456012199217,178.13632560099944,47.390724381077746,3,392.2368036597651,142.17217314323324,534.4089768029983,500.0,500,STABLE,2025-12-26
SKU0009,south,390,130.7456012199217,178.13632560099944,47.390724381077746,3,392.2368036597651,142.17217314323324,534.4089768029983,500.0,500,STABLE,2025-12-26
SKU0009,north,342,129.47824031584022,178.0955319966728,48.61729168083258,3,388.43472094752065,145.85187504249774,534.2865959900184,500.0,500,STABLE,2025-12-26
SKU0009,west,109,129.47824031584022,178.0955319966728,48.61729168083258,3,388.43472094752065,145.85187504249774,534.2865959900184,500.0,500,STABLE,2025-12-26
SKU0009,east,246,129.47824031584022,178.0955319966728,48.61729168083258,3,388.43472094752065,145.85187504249774,534.2865959900184,500.0,500,STABLE,2025-12-26
SKU0009,south,390,129.47824031584022,178.0955319966728,48.61729168083258,3,388.43472094752065,145.85187504249774,534.2865959900184,500.0,500,STABLE,2025-12-26
SKU0009,north,342,129.12183987770737,178.9190228542203,49.797182976512914,3,387.3655196331221,149.39154892953874,536.7570685626608,500.0,500,STABLE,2025-12-26
SKU0009,west,109,129.12183987770737,178.9190228542203,49.797182976512914,3,387.3655196331221,149.39154892953874,536.7570685626608,500.0,500,STABLE,2025-12-26
SKU0009,east,246,129.12183987770737,178.9190228542203,49.797182976512914,3,387.3655196331221,149.39154892953874,536.7570685626608,500.0,500,STABLE,2025-12-26
SKU0009,south,390,129.12183987770737,178.9190228542203,49.797182976512914,3,387.3655196331221,149.39154892953874,536.7570685626608,500.0,500,STABLE,2025-12-26
SKU0009,north,342,128.9650777978424,179.89951604682784,50.93443824898543,3,386.89523339352723,152.8033147469563,539.6985481404836,500.0,500,STABLE,2025-12-26
SKU0009,west,109,128.9650777978424,179.89951604682784,50.93443824898543,3,386.89523339352723,152.8033147469563,539.6985481404836,500.0,500,STABLE,2025-12-26
SKU0009,east,246,128.9650777978424,179.89951604682784,50.93443824898543,3,386.89523339352723,152.8033147469563,539.6985481404836,500.0,500,STABLE,2025-12-26
SKU0009,south,390,128.9650777978424,179.89951604682784,50.93443824898543,3,386.89523339352723,152.8033147469563,539.6985481404836,500.0,500,STABLE,2025-12-26
SKU0009,north,342,128.48376519030776,180.51629662510948,52.03253143480171,3,385.4512955709233,156.09759430440513,541.5488898753284,500.0,500,STABLE,2025-12-26
SKU0009,west,109,128.48376519030776,180.51629662510948,52.03253143480171,3,385.4512955709233,156.09759430440513,541.5488898753284,500.0,500,STABLE,2025-12-26
SKU0009,east,246,128.48376519030776,180.51629662510948,52.03253143480171,3,385.4512955709233,156.09759430440513,541.5488898753284,500.0,500,STABLE,2025-12-26
SKU0009,south,390,128.48376519030776,180.51629662510948,52.03253143480171,3,385.4512955709233,156.09759430440513,541.5488898753284,500.0,500,STABLE,2025-12-26
SKU0009,north,342,127.96111642980595,181.05559289624003,53.094476466434074,3,383.8833492894179,159.28342939930224,543.1667786887201,500.0,500,STABLE,2025-12-26
SKU0009,west,109,127.96111642980595,181.05559289624003,53.094476466434074,3,383.8833492894179,159.28342939930224,543.1667786887201,500.0,500,STABLE,2025-12-26
SKU0009,east,246,127.96111642980595,181.05559289624003,53.094476466434074,3,383.8833492894179,159.28342939930224,543.1667786887201,500.0,500,STABLE,2025-12-26
SKU0009,south,390,127.96111642980595,181.05559289624003,53.094476466434074,3,383.8833492894179,159.28342939930224,543.1667786887201,500.0,500,STABLE,2025-12-26
SKU0009,north,342,127.55554219543674,181.67845119810167,54.122909002664926,3,382.66662658631026,162.36872700799478,545.035353594305,500.0,500,STABLE,2025-12-26
SKU0009,west,109,127.55554219543674,181.67845119810167,54.122909002664926,3,382.66662658631026,162.36872700799478,545.035353594305,500.0,500,STABLE,2025-12-26
SKU0009,east,246,127.55554219543674,181.67845119810167,54.122909002664926,3,382.66662658631026,162.36872700799478,545.035353594305,500.0,500,STABLE,2025-12-26
SKU0009,south,390,127.55554219543674,181.67845119810167,54.122909002664926,3,382.66662658631026,162.36872700799478,545.035353594305,500.0,500,STABLE,2025-12-26
SKU0009,north,342,127.41825605051194,182.53840638941563,55.120150338903684,3,382.2547681515358,165.36045101671107,547.6152191682469,500.0,500,STABLE,2025-12-26
SKU0009,west,109,127.41825605051194,182.53840638941563,55.120150338903684,3,382.2547681515358,165.36045101671107,547.6152191682469,500.0,500,STABLE,2025-12-26
SKU0009,east,246,127.41825605051194,182.53840638941563,55.120150338903684,3,382.2547681515358,165.36045101671107,547.6152191682469,500.0,500,STABLE,2025-12-26
SKU0009,south,390,127.41825605051194,182.53840638941563,55.120150338903684,3,382.2547681515358,165.36045101671107,547.6152191682469,500.0,500,STABLE,2025-12-26
SKU0009,north,342,127.21286094744856,183.3011189803836,56.08825803293503,3,381.63858284234567,168.2647740988051,549.9033569411508,500.0,500,STABLE,2025-12-26
SKU0009,west,109,127.21286094744856,183.3011189803836,56.08825803293503,3,381.63858284234567,168.2647740988051,549.9033569411508,500.0,500,STABLE,2025-12-26
SKU0009,east,246,127.21286094744856,183.3011189803836,56.08825803293503,3,381.63858284234567,168.2647740988051,549.9033569411508,500.0,500,STABLE,2025-12-26
SKU0009,south,390,127.21286094744856,183.3011189803836,56.08825803293503,3,381.63858284234567,168.2647740988051,549.9033569411508,500.0,500,STABLE,2025-12-26
SKU0009,north,342,126.68354036139996,183.7126068380491,57.02906647664915,3,380.05062108419986,171.08719942994745,551.1378205141473,500.0,500,STABLE,2025-12-26
SKU0009,west,109,126.68354036139996,183.7126068380491,57.02906647664915,3,380.05062108419986,171.08719942994745,551.1378205141473,500.0,500,STABLE,2025-12-26
SKU0009,east,246,126.68354036139996,183.7126068380491,57.02906647664915,3,380.05062108419986,171.08719942994745,551.1378205141473,500.0,500,STABLE,2025-12-26
SKU0009,south,390,126.68354036139996,183.7126068380491,57.02906647664915,3,380.05062108419986,171.08719942994745,551.1378205141473,500.0,500,STABLE,2025-12-26
SKU0009,north,342,126.05492770687717,183.9991474613155,57.94421975443832,3,378.1647831206315,173.83265926331495,551.9974423839465,500.0,500,STABLE,2025-12-26
SKU0009,west,109,126.05492770687717,183.9991474613155,57.94421975443832,3,378.1647831206315,173.83265926331495,551.9974423839465,500.0,500,STABLE,2025-12-26
SKU0009,east,246,126.05492770687717,183.9991474613155,57.94421975443832,3,378.1647831206315,173.83265926331495,551.9974423839465,500.0,500,STABLE,2025-12-26
SKU0009,south,390,126.05492770687717,183.9991474613155,57.94421975443832,3,378.1647831206315,173.83265926331495,551.9974423839465,500.0,500,STABLE,2025-12-26
SKU0009,north,342,125.20058506099345,184.0357835715521,58.83519851055864,3,375.60175518298036,176.5055955316759,552.1073507146563,500.0,500,STABLE,2025-12-26
SKU0009,west,109,125.20058506099345,184.0357835715521,58.83519851055864,3,375.60175518298036,176.5055955316759,552.1073507146563,500.0,500,STABLE,2025-12-26
SKU0009,east,246,125.20058506099345,184.0357835715521,58.83519851055864,3,375.60175518298036,176.5055955316759,552.1073507146563,500.0,500,STABLE,2025-12-26
SKU0009,south,390,125.20058506099345,184.0357835715521,58.83519851055864,3,375.60175518298036,176.5055955316759,552.1073507146563,500.0,500,STABLE,2025-12-26
SKU0009,north,342,125.343445068623,185.046787179237,59.70334211061399,3,376.030335205869,179.11002633184196,555.140361537711,500.0,500,STABLE,2025-12-26
SKU0009,west,109,125.343445068623,185.046787179237,59.70334211061399,3,376.030335205869,179.11002633184196,555.140361537711,500.0,500,STABLE,2025-12-26
SKU0009,east,246,125.343445068623,185.046787179237,59.70334211061399,3,376.030335205869,179.11002633184196,555.140361537711,500.0,500,STABLE,2025-12-26
SKU0009,south,390,125.343445068623,185.046787179237,59.70334211061399,3,376.030335205869,179.11002633184196,555.140361537711,500.0,500,STABLE,2025-12-26
SKU0009,north,342,124.93018256763152,185.48004963609057,60.54986706845905,3,374.79054770289457,181.64960120537717,556.4401489082718,500.0,500,STABLE,2025-12-26
SKU0009,west,109,124.93018256763152,185.48004963609057,60.54986706845905,3,374.79054770289457,181.64960120537717,556.4401489082718,500.0,500,STABLE,2025-12-26
SKU0009,east,246,124.93018256763152,185.48004963609057,60.54986706845905,3,374.79054770289457,181.64960120537717,556.4401489082718,500.0,500,STABLE,2025-12-26
SKU0009,south,390,124.93018256763152,185.48004963609057,60.54986706845905,3,374.79054770289457,181.64960120537717,556.4401489082718,500.0,500,STABLE,2025-12-26
SKU0009,north,342,125.6726947948688,187.04857727611775,61.37588248124895,3,377.0180843846064,184.12764744374687,561.1457318283533,500.0,500,STABLE,2025-12-26
SKU0009,west,109,125.6726947948688,187.04857727611775,61.37588248124895,3,377.0180843846064,184.12764744374687,561.1457318283533,500.0,500,STABLE,2025-12-26
SKU0009,east,246,125.6726947948688,187.04857727611775,61.37588248124895,3,377.0180843846064,184.12764744374687,561.1457318283533,500.0,500,STABLE,2025-12-26
SKU0009,south,390,125.6726947948688,187.04857727611775,61.37588248124895,3,377.0180843846064,184.12764744374687,561.1457318283533,500.0,500,STABLE,2025-12-26
SKU0009,north,342,123.92874195994256,186.11114500666577,62.18240304672321,3,371.78622587982767,186.54720914016963,558.3334350199973,500.0,500,STABLE,2025-12-26
SKU0009,west,109,123.92874195994256,186.11114500666577,62.18240304672321,3,371.78622587982767,186.54720914016963,558.3334350199973,500.0,500,STABLE,2025-12-26
SKU0009,east,246,123.92874195994256,186.11114500666577,62.18240304672321,3,371.78622587982767,186.54720914016963,558.3334350199973,500.0,500,STABLE,2025-12-26
SKU0009,south,390,123.92874195994256,186.11114500666577,62.18240304672321,3,371.78622587982767,186.54720914016963,558.3334350199973,500.0,500,STABLE,2025-12-26
SKU0009,north,342,123.5506706136244,186.52103072451223,62.970360110887825,3,370.65201184087323,188.91108033266346,559.5630921735367,500.0,500,STABLE,2025-12-26
SKU0009,west,109,123.5506706136244,186.52103072451223,62.970360110887825,3,370.65201184087323,188.91108033266346,559.5630921735367,500.0,500,STABLE,2025-12-26
SKU0009,east,246,123.5506706136244,186.52103072451223,62.970360110887825,3,370.65201184087323,188.91108033266346,559.5630921735367,500.0,500,STABLE,2025-12-26
SKU0009,south,390,123.5506706136244,186.52103072451223,62.970360110887825,3,370.65201184087323,188.91108033266346,559.5630921735367,500.0,500,STABLE,2025-12-26
SKU0012,north,267,132.60411901026248,189.9874235159137,57.38330450565121,4,530.4164760410499,229.53321802260484,759.9496940636548,500.0,500,STABLE,2025-12-26
SKU0012,west,314,132.60411901026248,189.9874235159137,57.38330450565121,4,530.4164760410499,229.53321802260484,759.9496940636548,500.0,500,STABLE,2025-12-26
SKU0012,south,279,132.60411901026248,189.9874235159137,57.38330450565121,4,530.4164760410499,229.53321802260484,759.9496940636548,500.0,500,STABLE,2025-12-26
SKU0012,north,267,132.4181674602163,190.15267382498268,57.73450636476639,4,529.6726698408652,230.93802545906556,760.6106952999307,500.0,500,STABLE,2025-12-26
SKU0012,west,314,132.4181674602163,190.15267382498268,57.73450636476639,4,529.6726698408652,230.93802545906556,760.6106952999307,500.0,500,STABLE,2025-12-26
SKU0012,south,279,132.4181674602163,190.15267382498268,57.73450636476639,4,529.6726698408652,230.93802545906556,760.6106952999307,500.0,500,STABLE,2025-12-26
SKU0012,west,314,135.4014855100129,193.4739186904825,58.0724331804696,4,541.6059420400516,232.2897327218784,773.89567476193,500.0,500,STABLE,2025-12-26
SKU0012,south,279,135.4014855100129,193.4739186904825,58.0724331804696,4,541.6059420400516,232.2897327218784,773.89567476193,500.0,500,STABLE,2025-12-26
SKU0012,north,267,123.89579151728093,182.29352360288735,58.39773208560642,4,495.5831660691237,233.59092834242568,729.1740944115494,500.0,500,STABLE,2025-12-26
SKU0012,west,314,123.89579151728093,182.29352360288735,58.39773208560642,4,495.5831660691237,233.59092834242568,729.1740944115494,500.0,500,STABLE,2025-12-26
SKU0012,south,279,123.89579151728093,182.29352360288735,58.39773208560642,4,495.5831660691237,233.59092834242568,729.1740944115494,500.0,500,STABLE,2025-12-26
SKU0012,north,267,121.70040599754157,180.4114120458936,58.71100604835203,4,486.80162399016626,234.84402419340813,721.6456481835744,500.0,500,STABLE,2025-12-26
SKU0012,west,314,121.70040599754157,180.4114120458936,58.71100604835203,4,486.80162399016626,234.84402419340813,721.6456481835744,500.0,500,STABLE,2025-12-26
SKU0012,south,279,121.70040599754157,180.4114120458936,58.71100604835203,4,486.80162399016626,234.84402419340813,721.6456481835744,500.0,500,STABLE,2025-12-26
SKU0012,north,267,128.1240344605801,187.1368525086636,59.01281804808349,4,512.4961378423204,236.05127219233395,748.5474100346544,500.0,500,STABLE,2025-12-26
SKU0012,west,314,128.1240344605801,187.1368525086636,59.01281804808349,4,512.4961378423204,236.05127219233395,748.5474100346544,500.0,500,STABLE,2025-12-26
SKU0012,south,279,128.1240344605801,187.1368525086636,59.01281804808349,4,512.4961378423204,236.05127219233395,748.5474100346544,500.0,500,STABLE,2025-12-26
SKU0012,north,267,121.66999500073456,180.97368974056693,59.303694739832366,4,486.67998000293824,237.21477895932946,723.8947589622677,500.0,500,STABLE,2025-12-26
SKU0012,west,314,121.66999500073456,180.97368974056693,59.303694739832366,4,486.67998000293824,237.21477895932946,723.8947589622677,500.0,500,STABLE,2025-12-26
SKU0012,south,279,121.66999500073456,180.97368974056693,59.303694739832366,4,486.67998000293824,237.21477895932946,723.8947589622677,500.0,500,STABLE,2025-12-26
SKU0012,north,267,112.46640063553023,172.05049710771743,59.5840964721872,4,449.86560254212094,238.3363858887488,688.2019884308697,500.0,500,STABLE,2025-12-26
SKU0012,east,207,112.46640063553023,172.05049710771743,59.5840964721872,4,449.86560254212094,238.3363858887488,688.2019884308697,500.0,500,STABLE,2025-12-26
SKU0012,west,314,112.46640063553023,172.05049710771743,59.5840964721872,4,449.86560254212094,238.3363858887488,688.2019884308697,500.0,500,STABLE,2025-12-26
SKU0012,south,279,112.46640063553023,172.05049710771743,59.5840964721872,4,449.86560254212094,238.3363858887488,688.2019884308697,500.0,500,STABLE,2025-12-26
SKU0012,north,267,117.35991207301646,177.21446332312746,59.854551250111,4,469.43964829206584,239.418205000444,708.8578532925098,500.0,500,STABLE,2025-12-26
SKU0012,west,314,117.35991207301646,177.21446332312746,59.854551250111,4,469.43964829206584,239.418205000444,708.8578532925098,500.0,500,STABLE,2025-12-26
SKU0012,south,279,117.35991207301646,177.21446332312746,59.854551250111,4,469.43964829206584,239.418205000444,708.8578532925098,500.0,500,STABLE,2025-12-26
SKU0012,north,267,114.93312504037554,175.0485881872661,60.11546314689055,4,459.7325001615022,240.4618525875622,700.1943527490644,500.0,500,STABLE,2025-12-26
SKU0012,east,207,114.93312504037554,175.0485881872661,60.11546314689055,4,459.7325001615022,240.4618525875622,700.1943527490644,500.0,500,STABLE,2025-12-26
SKU0012,west,314,114.93312504037554,175.0485881872661,60.11546314689055,4,459.7325001615022,240.4618525875622,700.1943527490644,500.0,500,STABLE,2025-12-26
SKU0012,south,279,114.93312504037554,175.0485881872661,60.11546314689055,4,459.7325001615022,240.4618525875622,700.1943527490644,500.0,500,STABLE,2025-12-26
SKU0012,north,267,116.03869867604692,176.40594094238458,60.367242266337655,4,464.1547947041877,241.46896906535062,705.6237637695383,500.0,500,STABLE,2025-12-26
SKU0012,east,207,116.03869867604692,176.40594094238458,60.367242266337655,4,464.1547947041877,241.46896906535062,705.6237637695383,500.0,500,STABLE,2025-12-26
SKU0012,west,314,116.03869867604692,176.40594094238458,60.367242266337655,4,464.1547947041877,241.46896906535062,705.6237637695383,500.0,500,STABLE,2025-12-26
SKU0012,south,279,116.03869867604692,176.40594094238458,60.367242266337655,4,464.1547947041877,241.46896906535062,705.6237637695383,500.0,500,STABLE,2025-12-26
SKU0012,north,267,113.80763905817064,174.41791434207195,60.610275283901316,4,455.23055623268255,242.44110113560527,697.6716573682878,500.0,500,STABLE,2025-12-26
SKU0012,east,207,113.80763905817064,174.41791434207195,60.610275283901316,4,455.23055623268255,242.44110113560527,697.6716573682878,500.0,500,STABLE,2025-12-26
SKU0012,west,314,113.80763905817064,174.41791434207195,60.610275283901316,4,455.23055623268255,242.44110113560527,697.6716573682878,500.0,500,STABLE,2025-12-26
SKU0012,south,279,113.80763905817064,174.41791434207195,60.610275283901316,4,455.23055623268255,242.44110113560527,697.6716573682878,500.0,500,STABLE,2025-12-26
SKU0012,north,267,114.8721784403635,175.7171057037317,60.844927263368206,4,459.488713761454,243.37970905347282,702.8684228149268,500.0,500,STABLE,2025-12-26
SKU0012,east,207,114.8721784403635,175.7171057037317,60.844927263368206,4,459.488713761454,243.37970905347282,702.8684228149268,500.0,500,STABLE,2025-12-26
SKU0012,west,314,114.8721784403635,175.7171057037317,60.844927263368206,4,459.488713761454,243.37970905347282,702.8684228149268,500.0,500,STABLE,2025-12-26
SKU0012,south,279,114.8721784403635,175.7171057037317,60.844927263368206,4,459.488713761454,243.37970905347282,702.8684228149268,500.0,500,STABLE,2025-12-26
SKU0012,north,267,114.93983294689032,176.01137623834182,61.071543291451505,4,459.7593317875613,244.28617316580602,704.0455049533673,500.0,500,STABLE,2025-12-26
SKU0012,east,207,114.93983294689032,176.01137623834182,61.071543291451505,4,459.7593317875613,244.28617316580602,704.0455049533673,500.0,500,STABLE,2025-12-26
SKU0012,west,314,114.93983294689032,176.01137623834182,61.071543291451505,4,459.7593317875613,244.28617316580602,704.0455049533673,500.0,500,STABLE,2025-12-26
SKU0012,south,279,114.93983294689032,176.01137623834182,61.071543291451505,4,459.7593317875613,244.28617316580602,704.0455049533673,500.0,500,STABLE,2025-12-26
SKU0012,north,267,108.70262128081924,169.9930712333064,61.290449952487165,4,434.810485123277,245.16179980994866,679.9722849332256,500.0,500,STABLE,2025-12-26
SKU0012,east,207,108.70262128081924,169.9930712333064,61.290449952487165,4,434.810485123277,245.16179980994866,679.9722849332256,500.0,500,STABLE,2025-12-26
SKU0012,west,314,108.70262128081924,169.9930712333064,61.290449952487165,4,434.810485123277,245.16179980994866,679.9722849332256,500.0,500,STABLE,2025-12-26
SKU0012,south,279,108.70262128081924,169.9930712333064,61.290449952487165,4,434.810485123277,245.16179980994866,679.9722849332256,500.0,500,STABLE,2025-12-26
SKU0012,north,267,108.10479355982088,169.6067502221156,61.50195666229473,4,432.4191742392835,246.00782664917892,678.4270008884624,500.0,500,STABLE,2025-12-26
SKU0012,east,207,108.10479355982088,169.6067502221156,61.50195666229473,4,432.4191742392835,246.00782664917892,678.4270008884624,500.0,500,STABLE,2025-12-26
SKU0012,west,314,108.10479355982088,169.6067502221156,61.50195666229473,4,432.4191742392835,246.00782664917892,678.4270008884624,500.0,500,STABLE,2025-12-26
SKU0012,south,279,108.10479355982088,169.6067502221156,61.50195666229473,4,432.4191742392835,246.00782664917892,678.4270008884624,500.0,500,STABLE,2025-12-26
SKU0012,north,267,114.70437899642936,176.41073587403918,61.70635687760982,4,458.8175159857174,246.82542751043928,705.6429434961567,500.0,500,STABLE,2025-12-26
SKU0012,east,207,114.70437899642936,176.41073587403918,61.70635687760982,4,458.8175159857174,246.82542751043928,705.6429434961567,500.0,500,STABLE,2025-12-26
SKU0012,west,314,114.70437899642936,176.41073587403918,61.70635687760982,4,458.8175159857174,246.82542751043928,705.6429434961567,500.0,500,STABLE,2025-12-26
SKU0012,south,279,114.70437899642936,176.41073587403918,61.70635687760982,4,458.8175159857174,246.82542751043928,705.6429434961567,500.0,500,STABLE,2025-12-26
SKU0012,north,267,107.03832632620228,168.94225552146457,61.90392919526229,4,428.1533053048091,247.61571678104917,675.7690220858583,500.0,500,STABLE,2025-12-26
SKU0012,east,207,107.03832632620228,168.94225552146457,61.90392919526229,4,428.1533053048091,247.61571678104917,675.7690220858583,500.0,500,STABLE,2025-12-26
SKU0012,west,314,107.03832632620228,168.94225552146457,61.90392919526229,4,428.1533053048091,247.61571678104917,675.7690220858583,500.0,500,STABLE,2025-12-26
SKU0012,south,279,107.03832632620228,168.94225552146457,61.90392919526229,4,428.1533053048091,247.61571678104917,675.7690220858583,500.0,500,STABLE,2025-12-26
SKU0012,north,267,108.7577610024538,170.85269935583997,62.09493835338617,4,435.0310440098152,248.37975341354468,683.4107974233599,500.0,500,STABLE,2025-12-26
SKU0012,east,207,108.7577610024538,170.85269935583997,62.09493835338617,4,435.0310440098152,248.37975341354468,683.4107974233599,500.0,500,STABLE,2025-12-26
SKU0012,west,314,108.7577610024538,170.85269935583997,62.09493835338617,4,435.0310440098152,248.37975341354468,683.4107974233599,500.0,500,STABLE,2025-12-26
SKU0012,south,279,108.7577610024538,170.85269935583997,62.09493835338617,4,435.0310440098152,248.37975341354468,683.4107974233599,500.0,500,STABLE,2025-12-26
SKU0012,north,267,111.66435976480292,173.9439959101495,62.279636145346586,4,446.6574390592117,249.11854458138635,695.775983640598,500.0,500,STABLE,2025-12-26
SKU0012,east,207,111.66435976480292,173.9439959101495,62.279636145346586,4,446.6574390592117,249.11854458138635,695.775983640598,500.0,500,STABLE,2025-12-26
SKU0012,west,314,111.66435976480292,173.9439959101495,62.279636145346586,4,446.6574390592117,249.11854458138635,695.775983640598,500.0,500,STABLE,2025-12-26
SKU0012,south,279,111.66435976480292,173.9439959101495,62.279636145346586,4,446.6574390592117,249.11854458138635,695.775983640598,500.0,500,STABLE,2025-12-26
SKU0012,north,267,101.935796199647,164.39405845534966,62.458262255702664,4,407.743184798588,249.83304902281066,657.5762338213987,500.0,500,STABLE,2025-12-26
SKU0012,east,207,101.935796199647,164.39405845534966,62.458262255702664,4,407.743184798588,249.83304902281066,657.5762338213987,500.0,500,STABLE,2025-12-26
SKU0012,west,314,101.935796199647,164.39405845534966,62.458262255702664,4,407.743184798588,249.83304902281066,657.5762338213987,500.0,500,STABLE,2025-12-26
SKU0012,south,279,101.935796199647,164.39405845534966,62.458262255702664,4,407.743184798588,249.83304902281066,657.5762338213987,500.0,500,STABLE,2025-12-26
SKU0012,north,267,98.86392488938,161.4949699157416,62.63104502636159,4,395.45569955752,250.52418010544636,645.9798796629664,500.0,500,STABLE,2025-12-26
SKU0012,east,207,98.86392488938,161.4949699157416,62.63104502636159,4,395.45569955752,250.52418010544636,645.9798796629664,500.0,500,STABLE,2025-12-26
SKU0012,west,314,98.86392488938,161.4949699157416,62.63104502636159,4,395.45569955752,250.52418010544636,645.9798796629664,500.0,500,STABLE,2025-12-26
SKU0012,south,279,98.86392488938,161.4949699157416,62.63104502636159,4,395.45569955752,250.52418010544636,645.9798796629664,500.0,500,STABLE,2025-12-26
SKU0012,north,267,105.72165318584862,168.51985534592438,62.79820216007576,4,422.8866127433945,251.19280864030304,674.0794213836975,500.0,500,STABLE,2025-12-26
SKU0012,east,207,105.72165318584862,168.51985534592438,62.79820216007576,4,422.8866127433945,251.19280864030304,674.0794213836975,500.0,500,STABLE,2025-12-26
SKU0012,west,314,105.72165318584862,168.51985534592438,62.79820216007576,4,422.8866127433945,251.19280864030304,674.0794213836975,500.0,500,STABLE,2025-12-26
SKU0012,south,279,105.72165318584862,168.51985534592438,62.79820216007576,4,422.8866127433945,251.19280864030304,674.0794213836975,500.0,500,STABLE,2025-12-26
SKU0012,north,267,103.07023467906596,166.0301760466431,62.959941367577144,4,412.28093871626385,251.83976547030858,664.1207041865724,500.0,500,STABLE,2025-12-26
SKU0012,east,207,103.07023467906596,166.0301760466431,62.959941367577144,4,412.28093871626385,251.83976547030858,664.1207041865724,500.0,500,STABLE,2025-12-26
SKU0012,west,314,103.07023467906596,166.0301760466431,62.959941367577144,4,412.28093871626385,251.83976547030858,664.1207041865724,500.0,500,STABLE,2025-12-26
SKU0012,south,279,103.07023467906596,166.0301760466431,62.959941367577144,4,412.28093871626385,251.83976547030858,664.1207041865724,500.0,500,STABLE,2025-12-26
SKU0012,north,267,101.22174016662532,164.33820113052485,63.11646096389953,4,404.8869606665013,252.4658438555981,657.3528045220994,500.0,500,STABLE,2025-12-26
SKU0012,east,207,101.22174016662532,164.33820113052485,63.11646096389953,4,404.8869606665013,252.4658438555981,657.3528045220994,500.0,500,STABLE,2025-12-26
SKU0012,west,314,101.22174016662532,164.33820113052485,63.11646096389953,4,404.8869606665013,252.4658438555981,657.3528045220994,500.0,500,STABLE,2025-12-26
SKU0012,south,279,101.22174016662532,164.33820113052485,63.11646096389953,4,404.8869606665013,252.4658438555981,657.3528045220994,500.0,500,STABLE,2025-12-26
SKU0012,north,267,103.98429454244284,167.25224496123835,63.26795041879551,4,415.93717816977136,253.07180167518203,669.0089798449534,500.0,500,STABLE,2025-12-26
SKU0012,east,207,103.98429454244284,167.25224496123835,63.26795041879551,4,415.93717816977136,253.07180167518203,669.0089798449534,500.0,500,STABLE,2025-12-26
SKU0012,west,314,103.98429454244284,167.25224496123835,63.26795041879551,4,415.93717816977136,253.07180167518203,669.0089798449534,500.0,500,STABLE,2025-12-26
SKU0012,south,279,103.98429454244284,167.25224496123835,63.26795041879551,4,415.93717816977136,253.07180167518203,669.0089798449534,500.0,500,STABLE,2025-12-26
SKU0015,east,186,87.64618270675997,108.37390599866136,20.727723291901384,3,262.9385481202799,62.18316987570415,325.12171799598406,500.0,500,STABLE,2025-12-26
SKU0015,south,240,87.64618270675997,108.37390599866136,20.727723291901384,3,262.9385481202799,62.18316987570415,325.12171799598406,500.0,500,STABLE,2025-12-26
SKU0015,east,186,85.49764772923079,109.16264831847876,23.665000589247967,3,256.4929431876924,70.9950017677439,327.4879449554363,500.0,500,STABLE,2025-12-26
SKU0015,south,240,85.49764772923079,109.16264831847876,23.665000589247967,3,256.4929431876924,70.9950017677439,327.4879449554363,500.0,500,STABLE,2025-12-26
SKU0015,east,186,81.87660054571057,108.04129238315758,26.16469183744701,3,245.62980163713172,78.49407551234103,324.1238771494727,500.0,500,STABLE,2025-12-26
SKU0015,south,240,81.87660054571057,108.04129238315758,26.16469183744701,3,245.62980163713172,78.49407551234103,324.1238771494727,500.0,500,STABLE,2025-12-26
SKU0015,north,341,93.38486926172897,121.78649633186498,28.401627070136016,3,280.1546077851869,85.20488121040805,365.3594889955949,500.0,500,STABLE,2025-12-26
SKU0015,west,358,93.38486926172897,121.78649633186498,28.401627070136016,3,280.1546077851869,85.20488121040805,365.3594889955949,500.0,500,STABLE,2025-12-26
SKU0015,east,186,93.38486926172897,121.78649633186498,28.401627070136016,3,280.1546077851869,85.20488121040805,365.3594889955949,500.0,500,STABLE,2025-12-26
SKU0015,south,240,93.38486926172897,121.78649633186498,28.401627070136016,3,280.1546077851869,85.20488121040805,365.3594889955949,500.0,500,STABLE,2025-12-26
SKU0015,north,341,88.77866546813368,119.2398852918004,30.461219823666724,3,266.33599640440104,91.38365947100017,357.7196558754012,500.0,500,STABLE,2025-12-26
SKU0015,east,186,88.77866546813368,119.2398852918004,30.461219823666724,3,266.33599640440104,91.38365947100017,357.7196558754012,500.0,500,STABLE,2025-12-26
SKU0015,south,240,88.77866546813368,119.2398852918004,30.461219823666724,3,266.33599640440104,91.38365947100017,357.7196558754012,500.0,500,STABLE,2025-12-26
SKU0015,north,341,93.89331609751518,126.28603387994204,32.39271778242686,3,281.67994829254553,97.17815334728057,378.8581016398261,500.0,500,STABLE,2025-12-26
SKU0015,west,358,93.89331609751518,126.28603387994204,32.39271778242686,3,281.67994829254553,97.17815334728057,378.8581016398261,500.0,500,STABLE,2025-12-26
SKU0015,east,186,93.89331609751518,126.28603387994204,32.39271778242686,3,281.67994829254553,97.17815334728057,378.8581016398261,500.0,500,STABLE,2025-12-26
SKU0015,south,240,93.89331609751518,126.28603387994204,32.39271778242686,3,281.67994829254553,97.17815334728057,378.8581016398261,500.0,500,STABLE,2025-12-26
SKU0015,north,341,90.6350713289246,124.86262517955956,34.22755385063496,3,271.9052139867738,102.68266155190489,374.58787553867865,500.0,500,STABLE,2025-12-26
SKU0015,west,358,90.6350713289246,124.86262517955956,34.22755385063496,3,271.9052139867738,102.68266155190489,374.58787553867865,500.0,500,STABLE,2025-12-26
SKU0015,east,186,90.6350713289246,124.86262517955956,34.22755385063496,3,271.9052139867738,102.68266155190489,374.58787553867865,500.0,500,STABLE,2025-12-26
SKU0015,south,240,90.6350713289246,124.86262517955956,34.22755385063496,3,271.9052139867738,102.68266155190489,374.58787553867865,500.0,500,STABLE,2025-12-26
SKU0015,north,341,97.75079452264352,133.73802966875522,35.9872351461117,3,293.25238356793056,107.9617054383351,401.2140890062657,500.0,500,STABLE,2025-12-26
SKU0015,west,358,97.75079452264352,133.73802966875522,35.9872351461117,3,293.25238356793056,107.9617054383351,401.2140890062657,500.0,500,STABLE,2025-12-26
SKU0015,east,186,97.75079452264352,133.73802966875522,35.9872351461117,3,293.25238356793056,107.9617054383351,401.2140890062657,500.0,500,STABLE,2025-12-26
SKU0015,south,240,97.75079452264352,133.73802966875522,35.9872351461117,3,293.25238356793056,107.9617054383351,401.2140890062657,500.0,500,STABLE,2025-12-26
SKU0015,north,341,104.60863699611816,142.29588307447068,37.687246078352516,3,313.8259109883545,113.06173823505755,426.88764922341204,500.0,500,STABLE,2025-12-26
SKU0015,west,358,104.60863699611816,142.29588307447068,37.687246078352516,3,313.8259109883545,113.06173823505755,426.88764922341204,500.0,500,STABLE,2025-12-26
SKU0015,east,186,104.60863699611816,142.29588307447068,37.687246078352516,3,313.8259109883545,113.06173823505755,426.88764922341204,500.0,500,STABLE,2025-12-26
SKU0015,south,240,104.60863699611816,142.29588307447068,37.687246078352516,3,313.8259109883545,113.06173823505755,426.88764922341204,500.0,500,STABLE,2025-12-26
SKU0015,north,341,100.94988640356932,140.28906586211016,39.33917945854084,3,302.84965921070796,118.01753837562252,420.86719758633046,500.0,500,STABLE,2025-12-26
SKU0015,west,358,100.94988640356932,140.28906586211016,39.33917945854084,3,302.84965921070796,118.01753837562252,420.86719758633046,500.0,500,STABLE,2025-12-26
SKU0015,east,186,100.94988640356932,140.28906586211016,39.33917945854084,3,302.84965921070796,118.01753837562252,420.86719758633046,500.0,500,STABLE,2025-12-26
SKU0015,south,240,100.94988640356932,140.28906586211016,39.33917945854084,3,302.84965921070796,118.01753837562252,420.86719758633046,500.0,500,STABLE,2025-12-26
SKU0015,north,341,102.53669310384429,143.48868191822112,40.95198881437683,3,307.61007931153284,122.8559664431305,430.46604575466336,500.0,500,STABLE,2025-12-26
SKU0015,west,358,102.53669310384429,143.48868191822112,40.95198881437683,3,307.61007931153284,122.8559664431305,430.46604575466336,500.0,500,STABLE,2025-12-26
SKU0015,east,186,102.53669310384429,143.48868191822112,40.95198881437683,3,307.61007931153284,122.8559664431305,430.46604575466336,500.0,500,STABLE,2025-12-26
SKU0015,south,240,102.53669310384429,143.48868191822112,40.95198881437683,3,307.61007931153284,122.8559664431305,430.46604575466336,500.0,500,STABLE,2025-12-26
SKU0015,north,341,104.1461657009334,146.67893322701937,42.532767526085976,3,312.43849710280017,127.59830257825793,440.0367996810581,500.0,500,STABLE,2025-12-26
SKU0015,west,358,104.1461657009334,146.67893322701937,42.532767526085976,3,312.43849710280017,127.59830257825793,440.0367996810581,500.0,500,STABLE,2025-12-26
SKU0015,east,186,104.1461657009334,146.67893322701937,42.532767526085976,3,312.43849710280017,127.59830257825793,440.0367996810581,500.0,500,STABLE,2025-12-26
SKU0015,south,240,104.1461657009334,146.67893322701937,42.532767526085976,3,312.43849710280017,127.59830257825793,440.0367996810581,500.0,500,STABLE,2025-12-26
SKU0015,north,341,111.65470205656403,155.74195831188226,44.08725625531822,3,334.9641061696921,132.26176876595468,467.2258749356468,500.0,500,STABLE,2025-12-26
SKU0015,west,358,111.65470205656403,155.74195831188226,44.08725625531822,3,334.9641061696921,132.26176876595468,467.2258749356468,500.0,500,STABLE,2025-12-26
SKU0015,east,186,111.65470205656403,155.74195831188226,44.08725625531822,3,334.9641061696921,132.26176876595468,467.2258749356468,500.0,500,STABLE,2025-12-26
SKU0015,south,240,111.65470205656403,155.74195831188226,44.08725625531822,3,334.9641061696921,132.26176876595468,467.2258749356468,500.0,500,STABLE,2025-12-26
SKU0015,north,341,110.0469588978328,155.66714495113317,45.62018605330037,3,330.1408766934984,136.86055815990113,467.00143485339953,500.0,500,STABLE,2025-12-26
SKU0015,west,358,110.0469588978328,155.66714495113317,45.62018605330037,3,330.1408766934984,136.86055815990113,467.00143485339953,500.0,500,STABLE,2025-12-26
SKU0015,east,186,110.0469588978328,155.66714495113317,45.62018605330037,3,330.1408766934984,136.86055815990113,467.00143485339953,500.0,500,STABLE,2025-12-26
SKU0015,south,240,110.0469588978328,155.66714495113317,45.62018605330037,3,330.1408766934984,136.86055815990113,467.00143485339953,500.0,500,STABLE,2025-12-26
SKU0015,north,341,108.7431066210998,155.87862437360707,47.13551775250727,3,326.2293198632994,141.4065532575218,467.6358731208212,500.0,500,STABLE,2025-12-26
SKU0015,west,358,108.7431066210998,155.87862437360707,47.13551775250727,3,326.2293198632994,141.4065532575218,467.6358731208212,500.0,500,STABLE,2025-12-26
SKU0015,east,186,108.7431066210998,155.87862437360707,47.13551775250727,3,326.2293198632994,141.4065532575218,467.6358731208212,500.0,500,STABLE,2025-12-26
SKU0015,south,240,108.7431066210998,155.87862437360707,47.13551775250727,3,326.2293198632994,141.4065532575218,467.6358731208212,500.0,500,STABLE,2025-12-26
SKU0015,north,341,112.31338630382824,160.94999980590325,48.63661350207501,3,336.94015891148473,145.909840506225,482.84999941770974,500.0,500,STABLE,2025-12-26
SKU0015,west,358,112.31338630382824,160.94999980590325,48.63661350207501,3,336.94015891148473,145.909840506225,482.84999941770974,500.0,500,STABLE,2025-12-26
SKU0015,east,186,112.31338630382824,160.94999980590325,48.63661350207501,3,336.94015891148473,145.909840506225,482.84999941770974,500.0,500,STABLE,2025-12-26
SKU0015,south,240,112.31338630382824,160.94999980590325,48.63661350207501,3,336.94015891148473,145.909840506225,482.84999941770974,500.0,500,STABLE,2025-12-26
SKU0015,north,341,111.89777270335804,162.02413523292668,50.12636252956864,3,335.69331811007413,150.37908758870591,486.07240569878,500.0,500,STABLE,2025-12-26
SKU0015,west,358,111.89777270335804,162.02413523292668,50.12636252956864,3,335.69331811007413,150.37908758870591,486.07240569878,500.0,500,STABLE,2025-12-26
SKU0015,east,186,111.89777270335804,162.02413523292668,50.12636252956864,3,335.69331811007413,150.37908758870591,486.07240569878,500.0,500,STABLE,2025-12-26
SKU0015,south,240,111.89777270335804,162.02413523292668,50.12636252956864,3,335.69331811007413,150.37908758870591,486.07240569878,500.0,500,STABLE,2025-12-26
SKU0015,north,341,120.55406637349454,172.16134157301926,51.60727519952472,3,361.6621991204836,154.82182559857415,516.4840247190577,500.0,500,STABLE,2025-12-26
SKU0015,west,358,120.55406637349454,172.16134157301926,51.60727519952472,3,361.6621991204836,154.82182559857415,516.4840247190577,500.0,500,STABLE,2025-12-26
SKU0015,east,186,120.55406637349454,172.16134157301926,51.60727519952472,3,361.6621991204836,154.82182559857415,516.4840247190577,500.0,500,STABLE,2025-12-26
SKU0015,south,240,120.55406637349454,172.16134157301926,51.60727519952472,3,361.6621991204836,154.82182559857415,516.4840247190577,500.0,500,STABLE,2025-12-26
SKU0015,north,341,121.58808650011454,174.66964110291394,53.0815546027994,3,364.76425950034366,159.2446638083982,524.0089233087418,500.0,500,STABLE,2025-12-26
SKU0015,west,358,121.58808650011454,174.66964110291394,53.0815546027994,3,364.76425950034366,159.2446638083982,524.0089233087418,500.0,500,STABLE,2025-12-26
SKU0015,east,186,121.58808650011454,174.66964110291394,53.0815546027994,3,364.76425950034366,159.2446638083982,524.0089233087418,500.0,500,STABLE,2025-12-26
SKU0015,south,240,121.58808650011454,174.66964110291394,53.0815546027994,3,364.76425950034366,159.2446638083982,524.0089233087418,500.0,500,STABLE,2025-12-26
SKU0015,north,341,122.83469607466483,177.38584797000777,54.55115189534294,3,368.5040882239945,163.65345568602882,532.1575439100233,500.0,500,STABLE,2025-12-26
SKU0015,west,358,122.83469607466483,177.38584797000777,54.55115189534294,3,368.5040882239945,163.65345568602882,532.1575439100233,500.0,500,STABLE,2025-12-26
SKU0015,east,186,122.83469607466483,177.38584797000777,54.55115189534294,3,368.5040882239945,163.65345568602882,532.1575439100233,500.0,500,STABLE,2025-12-26
SKU0015,south,240,122.83469607466483,177.38584797000777,54.55115189534294,3,368.5040882239945,163.65345568602882,532.1575439100233,500.0,500,STABLE,2025-12-26
SKU0015,north,341,124.8537184994912,180.87152817033933,56.01780967084814,3,374.56115549847357,168.05342901254443,542.6145845110179,500.0,500,STABLE,2025-12-26
SKU0015,west,358,124.8537184994912,180.87152817033933,56.01780967084814,3,374.56115549847357,168.05342901254443,542.6145845110179,500.0,500,STABLE,2025-12-26
SKU0015,east,186,124.8537184994912,180.87152817033933,56.01780967084814,3,374.56115549847357,168.05342901254443,542.6145845110179,500.0,500,STABLE,2025-12-26
SKU0015,south,240,124.8537184994912,180.87152817033933,56.01780967084814,3,374.56115549847357,168.05342901254443,542.6145845110179,500.0,500,STABLE,2025-12-26
SKU0015,north,341,126.24658421488598,183.7296805944498,57.48309637956382,3,378.739752644658,172.44928913869146,551.1890417833495,500.0,500,STABLE,2025-12-26
SKU0015,west,358,126.24658421488598,183.7296805944498,57.48309637956382,3,378.739752644658,172.44928913869146,551.1890417833495,500.0,500,STABLE,2025-12-26
SKU0015,east,186,126.24658421488598,183.7296805944498,57.48309637956382,3,378.739752644658,172.44928913869146,551.1890417833495,500.0,500,STABLE,2025-12-26
SKU0015,south,240,126.24658421488598,183.7296805944498,57.48309637956382,3,378.739752644658,172.44928913869146,551.1890417833495,500.0,500,STABLE,2025-12-26
SKU0015,north,341,127.66658147381725,186.61501542372764,58.948433949910395,3,382.99974442145174,176.8453018497312,559.8450462711829,500.0,500,STABLE,2025-12-26
SKU0015,west,358,127.66658147381725,186.61501542372764,58.948433949910395,3,382.99974442145174,176.8453018497312,559.8450462711829,500.0,500,STABLE,2025-12-26
SKU0015,east,186,127.66658147381725,186.61501542372764,58.948433949910395,3,382.99974442145174,176.8453018497312,559.8450462711829,500.0,500,STABLE,2025-12-26
SKU0015,south,240,127.66658147381725,186.61501542372764,58.948433949910395,3,382.99974442145174,176.8453018497312,559.8450462711829,500.0,500,STABLE,2025-12-26
SKU0015,north,341,128.9275344303114,189.34265461268063,60.415120182369236,3,386.78260329093416,181.2453605471077,568.0279638380418,500.0,500,STABLE,2025-12-26
SKU0015,west,358,128.9275344303114,189.34265461268063,60.415120182369236,3,386.78260329093416,181.2453605471077,568.0279638380418,500.0,500,STABLE,2025-12-26
SKU0015,east,186,128.9275344303114,189.34265461268063,60.415120182369236,3,386.78260329093416,181.2453605471077,568.0279638380418,500.0,500,STABLE,2025-12-26
SKU0015,south,240,128.9275344303114,189.34265461268063,60.415120182369236,3,386.78260329093416,181.2453605471077,568.0279638380418,500.0,500,STABLE,2025-12-26
SKU0015,north,341,132.17493180379105,194.0592788786248,61.884347074833755,3,396.52479541137313,185.65304122450127,582.1778366358744,500.0,500,STABLE,2025-12-26
SKU0015,west,358,132.17493180379105,194.0592788786248,61.884347074833755,3,396.52479541137313,185.65304122450127,582.1778366358744,500.0,500,STABLE,2025-12-26
SKU0015,east,186,132.17493180379105,194.0592788786248,61.884347074833755,3,396.52479541137313,185.65304122450127,582.1778366358744,500.0,500,STABLE,2025-12-26
SKU0015,south,240,132.17493180379105,194.0592788786248,61.884347074833755,3,396.52479541137313,185.65304122450127,582.1778366358744,500.0,500,STABLE,2025-12-26
SKU0015,north,341,136.84966674045265,200.2068826876376,63.357215947184955,3,410.5490002213579,190.07164784155486,600.6206480629128,500.0,500,STABLE,2025-12-26
SKU0015,west,358,136.84966674045265,200.2068826876376,63.357215947184955,3,410.5490002213579,190.07164784155486,600.6206480629128,500.0,500,STABLE,2025-12-26
SKU0015,east,186,136.84966674045265,200.2068826876376,63.357215947184955,3,410.5490002213579,190.07164784155486,600.6206480629128,500.0,500,STABLE,2025-12-26
SKU0015,south,240,136.84966674045265,200.2068826876376,63.357215947184955,3,410.5490002213579,190.07164784155486,600.6206480629128,500.0,500,STABLE,2025-12-26
SKU0017,north,225,143.74817800160645,162.95864006337703,19.210462061770585,2,287.4963560032129,38.42092412354117,325.91728012675406,500.0,500,STABLE,2025-12-26
SKU0017,east,158,143.74817800160645,162.95864006337703,19.210462061770585,2,287.4963560032129,38.42092412354117,325.91728012675406,500.0,500,STABLE,2025-12-26
SKU0017,north,225,135.49939689522563,154.6943854492111,19.194988553985468,2,270.99879379045126,38.389977107970935,309.3887708984222,500.0,500,STABLE,2025-12-26
SKU0017,east,158,135.49939689522563,154.6943854492111,19.194988553985468,2,270.99879379045126,38.389977107970935,309.3887708984222,500.0,500,STABLE,2025-12-26
SKU0017,north,225,146.46520746822,165.64542443969574,19.180216971475744,2,292.93041493644,38.36043394295149,331.2908488793915,500.0,500,STABLE,2025-12-26
SKU0017,east,158,146.46520746822,165.64542443969574,19.180216971475744,2,292.93041493644,38.36043394295149,331.2908488793915,500.0,500,STABLE,2025-12-26
SKU0017,north,225,139.93920064069255,159.1053171521463,19.166116511453765,2,279.8784012813851,38.33223302290753,318.2106343042926,500.0,500,STABLE,2025-12-26
SKU0017,east,158,139.93920064069255,159.1053171521463,19.166116511453765,2,279.8784012813851,38.33223302290753,318.2106343042926,500.0,500,STABLE,2025-12-26
SKU0017,north,225,168.8940600786149,188.04671761830548,19.15265753969058,2,337.7881201572298,38.30531507938116,376.09343523661096,500.0,500,STABLE,2025-12-26
SKU0017,west,361,168.8940600786149,188.04671761830548,19.15265753969058,2,337.7881201572298,38.30531507938116,376.09343523661096,500.0,500,STABLE,2025-12-26
SKU0017,east,158,168.8940600786149,188.04671761830548,19.15265753969058,2,337.7881201572298,38.30531507938116,376.09343523661096,500.0,500,STABLE,2025-12-26
SKU0017,north,225,157.41404615099017,176.55385780730572,19.139811656315544,2,314.82809230198035,38.27962331263109,353.10771561461144,500.0,500,STABLE,2025-12-26
SKU0017,east,158,157.41404615099017,176.55385780730572,19.139811656315544,2,314.82809230198035,38.27962331263109,353.10771561461144,500.0,500,STABLE,2025-12-26
SKU0017,north,225,138.8680620351981,157.99561368595155,19.127551650753446,2,277.7361240703962,38.25510330150689,315.9912273719031,500.0,500,STABLE,2025-12-26
SKU0017,east,158,138.8680620351981,157.99561368595155,19.127551650753446,2,277.7361240703962,38.25510330150689,315.9912273719031,500.0,500,STABLE,2025-12-26
SKU0017,north,225,179.15979493804983,198.27564639580348,19.11585145775365,2,358.31958987609966,38.2317029155073,396.55129279160695,500.0,500,STABLE,2025-12-26
SKU0017,west,361,179.15979493804983,198.27564639580348,19.11585145775365,2,358.31958987609966,38.2317029155073,396.55129279160695,500.0,500,STABLE,2025-12-26
SKU0017,east,158,179.15979493804983,198.27564639580348,19.11585145775365,2,358.31958987609966,38.2317029155073,396.55129279160695,500.0,500,STABLE,2025-12-26
SKU0017,north,225,162.74767412380473,181.8523602383512,19.104686114546467,2,325.49534824760946,38.209372229092935,363.7047204767024,500.0,500,STABLE,2025-12-26
SKU0017,west,361,162.74767412380473,181.8523602383512,19.104686114546467,2,325.49534824760946,38.209372229092935,363.7047204767024,500.0,500,STABLE,2025-12-26
SKU0017,east,158,162.74767412380473,181.8523602383512,19.104686114546467,2,325.49534824760946,38.209372229092935,363.7047204767024,500.0,500,STABLE,2025-12-26
SKU0017,north,225,173.88794532372256,192.9819770428632,19.094031719140645,2,347.7758906474451,38.18806343828129,385.9639540857264,500.0,500,STABLE,2025-12-26
SKU0017,west,361,173.88794532372256,192.9819770428632,19.094031719140645,2,347.7758906474451,38.18806343828129,385.9639540857264,500.0,500,STABLE,2025-12-26
SKU0017,east,158,173.88794532372256,192.9819770428632,19.094031719140645,2,347.7758906474451,38.18806343828129,385.9639540857264,500.0,500,STABLE,2025-12-26
SKU0017,north,225,153.35022449299856,172.43408988277255,19.08386538977399,2,306.7004489859971,38.16773077954798,344.8681797655451,500.0,500,STABLE,2025-12-26
SKU0017,east,158,153.35022449299856,172.43408988277255,19.08386538977399,2,306.7004489859971,38.16773077954798,344.8681797655451,500.0,500,STABLE,2025-12-26
SKU0017,north,225,164.53541333322056,183.60957855874383,19.074165225523274,2,329.0708266664411,38.14833045104655,367.21915711748767,500.0,500,STABLE,2025-12-26
SKU0017,west,361,164.53541333322056,183.60957855874383,19.074165225523274,2,329.0708266664411,38.14833045104655,367.21915711748767,500.0,500,STABLE,2025-12-26
SKU0017,east,158,164.53541333322056,183.60957855874383,19.074165225523274,2,329.0708266664411,38.14833045104655,367.21915711748767,500.0,500,STABLE,2025-12-26
SKU0017,north,225,169.4855735051424,188.5504837732167,19.0649102680743,2,338.9711470102848,38.1298205361486,377.1009675464334,500.0,500,STABLE,2025-12-26
SKU0017,west,361,169.4855735051424,188.5504837732167,19.0649102680743,2,338.9711470102848,38.1298205361486,377.1009675464334,500.0,500,STABLE,2025-12-26
SKU0017,east,158,169.4855735051424,188.5504837732167,19.0649102680743,2,338.9711470102848,38.1298205361486,377.1009675464334,500.0,500,STABLE,2025-12-26
SKU0017,north,225,166.11415646259542,185.17023692724663,19.056080464651217,2,332.22831292519083,38.11216092930243,370.34047385449327,500.0,500,STABLE,2025-12-26
SKU0017,west,361,166.11415646259542,185.17023692724663,19.056080464651217,2,332.22831292519083,38.11216092930243,370.34047385449327,500.0,500,STABLE,2025-12-26
SKU0017,east,158,166.11415646259542,185.17023692724663,19.056080464651217,2,332.22831292519083,38.11216092930243,370.34047385449327,500.0,500,STABLE,2025-12-26
SKU0017,north,225,137.73647115482677,156.7841277869262,19.047656632099432,2,275.47294230965355,38.095313264198865,313.5682555738524,500.0,500,STABLE,2025-12-26
SKU0017,east,158,137.73647115482677,156.7841277869262,19.047656632099432,2,275.47294230965355,38.095313264198865,313.5682555738524,500.0,500,STABLE,2025-12-26
SKU0017,north,225,161.51854039752016,180.5581608196325,19.039620422112336,2,323.0370807950403,38.07924084422467,361.116321639265,500.0,500,STABLE,2025-12-26
SKU0017,west,361,161.51854039752016,180.5581608196325,19.039620422112336,2,323.0370807950403,38.07924084422467,361.116321639265,500.0,500,STABLE,2025-12-26
SKU0017,east,158,161.51854039752016,180.5581608196325,19.039620422112336,2,323.0370807950403,38.07924084422467,361.116321639265,500.0,500,STABLE,2025-12-26
SKU0017,north,225,171.5554371147229,190.5873914023155,19.031954287592583,2,343.1108742294458,38.06390857518517,381.174782804631,500.0,500,STABLE,2025-12-26
SKU0017,west,361,171.5554371147229,190.5873914023155,19.031954287592583,2,343.1108742294458,38.06390857518517,381.174782804631,500.0,500,STABLE,2025-12-26
SKU0017,east,158,171.5554371147229,190.5873914023155,19.031954287592583,2,343.1108742294458,38.06390857518517,381.174782804631,500.0,500,STABLE,2025-12-26
SKU0017,north,225,151.16185934942297,170.18650079955466,19.024641450131696,2,302.32371869884594,38.04928290026339,340.37300159910933,500.0,500,STABLE,2025-12-26
SKU0017,east,158,151.16185934942297,170.18650079955466,19.024641450131696,2,302.32371869884594,38.04928290026339,340.37300159910933,500.0,500,STABLE,2025-12-26
SKU0017,north,225,160.81916333804372,179.83682920663773,19.01766586859401,2,321.63832667608744,38.03533173718802,359.67365841327546,500.0,500,STABLE,2025-12-26
SKU0017,east,158,160.81916333804372,179.83682920663773,19.01766586859401,2,321.63832667608744,38.03533173718802,359.67365841327546,500.0,500,STABLE,2025-12-26
SKU0017,north,225,146.30208508060855,165.31309728939416,19.011012208785615,2,292.6041701612171,38.02202441757123,330.62619457878833,500.0,500,STABLE,2025-12-26
SKU0017,east,158,146.30208508060855,165.31309728939416,19.011012208785615,2,292.6041701612171,38.02202441757123,330.62619457878833,500.0,500,STABLE,2025-12-26
SKU0017,north,225,141.8133478668439,160.81801368103262,19.004665814188712,2,283.6266957336878,38.009331628377424,321.63602736206525,500.0,500,STABLE,2025-12-26
SKU0017,east,158,141.8133478668439,160.81801368103262,19.004665814188712,2,283.6266957336878,38.009331628377424,321.63602736206525,500.0,500,STABLE,2025-12-26
SKU0017,north,225,117.73790999819433,136.7365226759354,18.998612677741065,2,235.47581999638865,37.99722535548213,273.4730453518708,500.0,500,STABLE,2025-12-26
SKU0017,east,158,117.73790999819433,136.7365226759354,18.998612677741065,2,235.47581999638865,37.99722535548213,273.4730453518708,500.0,500,STABLE,2025-12-26
SKU0017,north,225,150.82429820363996,169.81713761827788,18.992839414637928,2,301.6485964072799,37.985678829275855,339.63427523655577,500.0,500,STABLE,2025-12-26
SKU0017,east,158,150.82429820363996,169.81713761827788,18.992839414637928,2,301.6485964072799,37.985678829275855,339.63427523655577,500.0,500,STABLE,2025-12-26
SKU0017,north,225,131.78794029097816,150.7752735271105,18.987333236132343,2,263.5758805819563,37.97466647226469,301.550547054221,500.0,500,STABLE,2025-12-26
SKU0017,east,158,131.78794029097816,150.7752735271105,18.987333236132343,2,263.5758805819563,37.97466647226469,301.550547054221,500.0,500,STABLE,2025-12-26
SKU0017,north,225,137.37739561754336,156.3594775418547,18.98208192431133,2,274.7547912350867,37.96416384862266,312.7189550837094,500.0,500,STABLE,2025-12-26
SKU0017,east,158,137.37739561754336,156.3594775418547,18.98208192431133,2,274.7547912350867,37.96416384862266,312.7189550837094,500.0,500,STABLE,2025-12-26
SKU0017,north,225,139.6458093245301,158.62288313235155,18.977073807821455,2,279.2916186490602,37.95414761564291,317.2457662647031,500.0,500,STABLE,2025-12-26
SKU0017,east,158,139.6458093245301,158.62288313235155,18.977073807821455,2,279.2916186490602,37.95414761564291,317.2457662647031,500.0,500,STABLE,2025-12-26
SKU0021,north,148,88.8982644469516,135.00350533883838,46.10524089188678,3,266.6947933408548,138.31572267566034,405.0105160165151,500.0,500,STABLE,2025-12-26
SKU0021,west,125,88.8982644469516,135.00350533883838,46.10524089188678,3,266.6947933408548,138.31572267566034,405.0105160165151,500.0,500,STABLE,2025-12-26
SKU0021,south,390,88.8982644469516,135.00350533883838,46.10524089188678,3,266.6947933408548,138.31572267566034,405.0105160165151,500.0,500,STABLE,2025-12-26
SKU0021,east,220,88.8982644469516,135.00350533883838,46.10524089188678,3,266.6947933408548,138.31572267566034,405.0105160165151,500.0,500,STABLE,2025-12-26
SKU0021,north,148,83.82262603216049,129.92226316193364,46.09963712977316,3,251.46787809648146,138.29891138931947,389.7667894858009,500.0,500,STABLE,2025-12-26
SKU0021,west,125,83.82262603216049,129.92226316193364,46.09963712977316,3,251.46787809648146,138.29891138931947,389.7667894858009,500.0,500,STABLE,2025-12-26
SKU0021,east,220,83.82262603216049,129.92226316193364,46.09963712977316,3,251.46787809648146,138.29891138931947,389.7667894858009,500.0,500,STABLE,2025-12-26
SKU0021,north,148,86.72507890799429,132.81952980428886,46.094450896294575,3,260.17523672398283,138.28335268888372,398.45858941286656,500.0,500,STABLE,2025-12-26
SKU0021,west,125,86.72507890799429,132.81952980428886,46.094450896294575,3,260.17523672398283,138.28335268888372,398.45858941286656,500.0,500,STABLE,2025-12-26
SKU0021,south,390,86.72507890799429,132.81952980428886,46.094450896294575,3,260.17523672398283,138.28335268888372,398.45858941286656,500.0,500,STABLE,2025-12-26
SKU0021,east,220,86.72507890799429,132.81952980428886,46.094450896294575,3,260.17523672398283,138.28335268888372,398.45858941286656,500.0,500,STABLE,2025-12-26
SKU0021,north,148,85.33019416466738,131.41984530734285,46.08965114267548,3,255.99058249400213,138.26895342802644,394.2595359220286,500.0,500,STABLE,2025-12-26
SKU0021,west,125,85.33019416466738,131.41984530734285,46.08965114267548,3,255.99058249400213,138.26895342802644,394.2595359220286,500.0,500,STABLE,2025-12-26
SKU0021,south,390,85.33019416466738,131.41984530734285,46.08965114267548,3,255.99058249400213,138.26895342802644,394.2595359220286,500.0,500,STABLE,2025-12-26
SKU0021,east,220,85.33019416466738,131.41984530734285,46.08965114267548,3,255.99058249400213,138.26895342802644,394.2595359220286,500.0,500,STABLE,2025-12-26
SKU0021,north,148,84.1266014668536,130.21181058884895,46.08520912199535,3,252.3798044005608,138.25562736598604,390.63543176654684,500.0,500,STABLE,2025-12-26
SKU0021,west,125,84.1266014668536,130.21181058884895,46.08520912199535,3,252.3798044005608,138.25562736598604,390.63543176654684,500.0,500,STABLE,2025-12-26
SKU0021,south,390,84.1266014668536,130.21181058884895,46.08520912199535,3,252.3798044005608,138.25562736598604,390.63543176654684,500.0,500,STABLE,2025-12-26
SKU0021,east,220,84.1266014668536,130.21181058884895,46.08520912199535,3,252.3798044005608,138.25562736598604,390.63543176654684,500.0,500,STABLE,2025-12-26
SKU0021,north,148,79.81991996510556,125.9010181829848,46.081098217879244,3,239.45975989531667,138.24329465363775,377.7030545489544,500.0,500,STABLE,2025-12-26
SKU0021,west,125,79.81991996510556,125.9010181829848,46.081098217879244,3,239.45975989531667,138.24329465363775,377.7030545489544,500.0,500,STABLE,2025-12-26
SKU0021,east,220,79.81991996510556,125.9010181829848,46.081098217879244,3,239.45975989531667,138.24329465363775,377.7030545489544,500.0,500,STABLE,2025-12-26
SKU0021,north,148,86.02940882818756,132.10670261588294,46.07729378769538,3,258.08822648456265,138.23188136308613,396.3201078476488,500.0,500,STABLE,2025-12-26
SKU0021,west,125,86.02940882818756,132.10670261588294,46.07729378769538,3,258.08822648456265,138.23188136308613,396.3201078476488,500.0,500,STABLE,2025-12-26
SKU0021,south,390,86.02940882818756,132.10670261588294,46.07729378769538,3,258.08822648456265,138.23188136308613,396.3201078476488,500.0,500,STABLE,2025-12-26
SKU0021,east,220,86.02940882818756,132.10670261588294,46.07729378769538,3,258.08822648456265,138.23188136308613,396.3201078476488,500.0,500,STABLE,2025-12-26
SKU0021,north,148,82.24749575799287,128.32126877512812,46.07377301713525,3,246.7424872739786,138.22131905140577,384.9638063253844,500.0,500,STABLE,2025-12-26
SKU0021,west,125,82.24749575799287,128.32126877512812,46.07377301713525,3,246.7424872739786,138.22131905140577,384.9638063253844,500.0,500,STABLE,2025-12-26
SKU0021,east,220,82.24749575799287,128.32126877512812,46.07377301713525,3,246.7424872739786,138.22131905140577,384.9638063253844,500.0,500,STABLE,2025-12-26
SKU0021,north,148,83.2909141395581,129.36142892493436,46.07051478537626,3,249.8727424186743,138.2115443561288,388.0842867748031,500.0,500,STABLE,2025-12-26
SKU0021,west,125,83.2909141395581,129.36142892493436,46.07051478537626,3,249.8727424186743,138.2115443561288,388.0842867748031,500.0,500,STABLE,2025-12-26
SKU0021,east,220,83.2909141395581,129.36142892493436,46.07051478537626,3,249.8727424186743,138.2115443561288,388.0842867748031,500.0,500,STABLE,2025-12-26
SKU0021,north,148,77.63297341193754,123.7004729534629,46.067499541525365,3,232.89892023581262,138.2024986245761,371.1014188603887,500.0,500,STABLE,2025-12-26
SKU0021,west,125,77.63297341193754,123.7004729534629,46.067499541525365,3,232.89892023581262,138.2024986245761,371.1014188603887,500.0,500,STABLE,2025-12-26
SKU0021,east,220,77.63297341193754,123.7004729534629,46.067499541525365,3,232.89892023581262,138.2024986245761,371.1014188603887,500.0,500,STABLE,2025-12-26
SKU0021,north,148,66.32040626470709,112.3851166789743,46.06471041426721,3,198.96121879412127,138.19413124280163,337.15535003692287,500.0,500,STABLE,2025-12-26
SKU0021,west,125,66.32040626470709,112.3851166789743,46.06471041426721,3,198.96121879412127,138.19413124280163,337.15535003692287,500.0,500,STABLE,2025-12-26
SKU0021,east,220,66.32040626470709,112.3851166789743,46.06471041426721,3,198.96121879412127,138.19413124280163,337.15535003692287,500.0,500,STABLE,2025-12-26
SKU0021,north,148,90.14284622055987,136.20594127948883,46.06309505892895,3,270.4285386616796,138.18928517678685,408.6178238384665,500.0,500,STABLE,2025-12-26
SKU0021,west,125,90.14284622055987,136.20594127948883,46.06309505892895,3,270.4285386616796,138.18928517678685,408.6178238384665,500.0,500,STABLE,2025-12-26
SKU0021,south,390,90.14284622055987,136.20594127948883,46.06309505892895,3,270.4285386616796,138.18928517678685,408.6178238384665,500.0,500,STABLE,2025-12-26
SKU0021,east,220,90.14284622055987,136.20594127948883,46.06309505892895,3,270.4285386616796,138.18928517678685,408.6178238384665,500.0,500,STABLE,2025-12-26
SKU0021,north,148,79.43061945169411,125.49124726607542,46.060627814381306,3,238.29185835508235,138.18188344314393,376.4737417982263,500.0,500,STABLE,2025-12-26
SKU0021,west,125,79.43061945169411,125.49124726607542,46.060627814381306,3,238.29185835508235,138.18188344314393,376.4737417982263,500.0,500,STABLE,2025-12-26
SKU0021,east,220,79.43061945169411,125.49124726607542,46.060627814381306,3,238.29185835508235,138.18188344314393,376.4737417982263,500.0,500,STABLE,2025-12-26
SKU0021,north,148,63.71152324167515,109.76986786573836,46.05834462406321,3,191.13456972502547,138.17503387218963,329.3096035972151,500.0,500,STABLE,2025-12-26
SKU0021,west,125,63.71152324167515,109.76986786573836,46.05834462406321,3,191.13456972502547,138.17503387218963,329.3096035972151,500.0,500,STABLE,2025-12-26
SKU0021,east,220,63.71152324167515,109.76986786573836,46.05834462406321,3,191.13456972502547,138.17503387218963,329.3096035972151,500.0,500,STABLE,2025-12-26
SKU0021,north,148,74.24703276288889,120.3032645327648,46.05623176987591,3,222.74109828866668,138.1686953096277,360.9097935982944,500.0,500,STABLE,2025-12-26
SKU0021,west,125,74.24703276288889,120.3032645327648,46.05623176987591,3,222.74109828866668,138.1686953096277,360.9097935982944,500.0,500,STABLE,2025-12-26
SKU0021,east,220,74.24703276288889,120.3032645327648,46.05623176987591,3,222.74109828866668,138.1686953096277,360.9097935982944,500.0,500,STABLE,2025-12-26
SKU0021,north,148,88.36799098974097,134.42226754416754,46.054276554426565,3,265.1039729692229,138.1628296632797,403.2668026325026,500.0,500,STABLE,2025-12-26
SKU0021,west,125,88.36799098974097,134.42226754416754,46.054276554426565,3,265.1039729692229,138.1628296632797,403.2668026325026,500.0,500,STABLE,2025-12-26
SKU0021,south,390,88.36799098974097,134.42226754416754,46.054276554426565,3,265.1039729692229,138.1628296632797,403.2668026325026,500.0,500,STABLE,2025-12-26
SKU0021,east,220,88.36799098974097,134.42226754416754,46.054276554426565,3,265.1039729692229,138.1628296632797,403.2668026325026,500.0,500,STABLE,2025-12-26
SKU0021,north,148,71.24740086784395,117.29986809317148,46.05246722532753,3,213.74220260353184,138.1574016759826,351.89960427951445,500.0,500,STABLE,2025-12-26
SKU0021,west,125,71.24740086784395,117.29986809317148,46.05246722532753,3,213.74220260353184,138.1574016759826,351.89960427951445,500.0,500,STABLE,2025-12-26
SKU0021,east,220,71.24740086784395,117.29986809317148,46.05246722532753,3,213.74220260353184,138.1574016759826,351.89960427951445,500.0,500,STABLE,2025-12-26
SKU0021,north,148,76.0773912362018,122.12818414128122,46.05079290507942,3,228.23217370860542,138.15237871523826,366.3845524238437,500.0,500,STABLE,2025-12-26
SKU0021,west,125,76.0773912362018,122.12818414128122,46.05079290507942,3,228.23217370860542,138.15237871523826,366.3845524238437,500.0,500,STABLE,2025-12-26
SKU0021,east,220,76.0773912362018,122.12818414128122,46.05079290507942,3,228.23217370860542,138.15237871523826,366.3845524238437,500.0,500,STABLE,2025-12-26
SKU0021,north,148,76.64745792197803,122.6967014481036,46.049243526125565,3,229.9423737659341,138.1477305783767,368.0901043443108,500.0,500,STABLE,2025-12-26
SKU0021,west,125,76.64745792197803,122.6967014481036,46.049243526125565,3,229.9423737659341,138.1477305783767,368.0901043443108,500.0,500,STABLE,2025-12-26
SKU0021,east,220,76.64745792197803,122.6967014481036,46.049243526125565,3,229.9423737659341,138.1477305783767,368.0901043443108,500.0,500,STABLE,2025-12-26
SKU0021,north,148,70.71860928864413,116.76641905934534,46.04780977070121,3,212.1558278659324,138.14342931210362,350.299257178036,500.0,500,STABLE,2025-12-26
SKU0021,west,125,70.71860928864413,116.76641905934534,46.04780977070121,3,212.1558278659324,138.14342931210362,350.299257178036,500.0,500,STABLE,2025-12-26
SKU0021,east,220,70.71860928864413,116.76641905934534,46.04780977070121,3,212.1558278659324,138.14342931210362,350.299257178036,500.0,500,STABLE,2025-12-26
SKU0021,north,148,61.70217830727705,107.74866132240425,46.046483015127194,3,185.10653492183116,138.13944904538158,323.24598396721274,500.0,500,STABLE,2025-12-26
SKU0021,west,125,61.70217830727705,107.74866132240425,46.046483015127194,3,185.10653492183116,138.13944904538158,323.24598396721274,500.0,500,STABLE,2025-12-26
SKU0021,east,220,61.70217830727705,107.74866132240425,46.046483015127194,3,185.10653492183116,138.13944904538158,323.24598396721274,500.0,500,STABLE,2025-12-26
SKU0021,north,148,72.10741116431328,118.15266644253632,46.04525527822304,3,216.32223349293983,138.13576583466912,354.45799932760895,500.0,500,STABLE,2025-12-26
SKU0021,west,125,72.10741116431328,118.15266644253632,46.04525527822304,3,216.32223349293983,138.13576583466912,354.45799932760895,500.0,500,STABLE,2025-12-26
SKU0021,east,220,72.10741116431328,118.15266644253632,46.04525527822304,3,216.32223349293983,138.13576583466912,354.45799932760895,500.0,500,STABLE,2025-12-26
SKU0021,north,148,64.16718399291291,110.2113031664502,46.04411917353728,3,192.50155197873875,138.13235752061183,330.6339094993506,500.0,500,STABLE,2025-12-26
SKU0021,west,125,64.16718399291291,110.2113031664502,46.04411917353728,3,192.50155197873875,138.13235752061183,330.6339094993506,500.0,500,STABLE,2025-12-26
SKU0021,east,220,64.16718399291291,110.2113031664502,46.04411917353728,3,192.50155197873875,138.13235752061183,330.6339094993506,500.0,500,STABLE,2025-12-26
SKU0021,north,148,65.14071922470933,111.1837870898248,46.043067865115475,3,195.422157674128,138.12920359534644,333.55136126947446,500.0,500,STABLE,2025-12-26
SKU0021,west,125,65.14071922470933,111.1837870898248,46.043067865115475,3,195.422157674128,138.12920359534644,333.55136126947446,500.0,500,STABLE,2025-12-26
SKU0021,east,220,65.14071922470933,111.1837870898248,46.043067865115475,3,195.422157674128,138.12920359534644,333.55136126947446,500.0,500,STABLE,2025-12-26
SKU0021,north,148,67.60817985879282,113.65027488533832,46.042095026545496,3,202.82453957637847,138.1262850796365,340.95082465601496,500.0,500,STABLE,2025-12-26
SKU0021,west,125,67.60817985879282,113.65027488533832,46.042095026545496,3,202.82453957637847,138.1262850796365,340.95082465601496,500.0,500,STABLE,2025-12-26
SKU0021,east,220,67.60817985879282,113.65027488533832,46.042095026545496,3,202.82453957637847,138.1262850796365,340.95082465601496,500.0,500,STABLE,2025-12-26
SKU0021,north,148,64.32206540142334,110.36326020446282,46.041194803039474,3,192.96619620427003,138.12358440911842,331.0897806133885,500.0,500,STABLE,2025-12-26
SKU0021,west,125,64.32206540142334,110.36326020446282,46.041194803039474,3,192.96619620427003,138.12358440911842,331.0897806133885,500.0,500,STABLE,2025-12-26
SKU0021,east,220,64.32206540142334,110.36326020446282,46.041194803039474,3,192.96619620427003,138.12358440911842,331.0897806133885,500.0,500,STABLE,2025-12-26
SKU0023,north,140,97.72685184565498,117.83728280676848,20.110430961113508,4,390.9074073826199,80.44172384445403,471.34913122707394,500.0,500,STABLE,2025-12-26
SKU0023,west,208,97.72685184565498,117.83728280676848,20.110430961113508,4,390.9074073826199,80.44172384445403,471.34913122707394,500.0,500,STABLE,2025-12-26
SKU0023,south,123,97.72685184565498,117.83728280676848,20.110430961113508,4,390.9074073826199,80.44172384445403,471.34913122707394,500.0,500,STABLE,2025-12-26
SKU0023,north,140,96.28288256014228,116.39060566538318,20.107723105240893,4,385.13153024056913,80.43089242096357,465.5624226615327,500.0,500,STABLE,2025-12-26
SKU0023,west,208,96.28288256014228,116.39060566538318,20.107723105240893,4,385.13153024056913,80.43089242096357,465.5624226615327,500.0,500,STABLE,2025-12-26
SKU0023,south,123,96.28288256014228,116.39060566538318,20.107723105240893,4,385.13153024056913,80.43089242096357,465.5624226615327,500.0,500,STABLE,2025-12-26
SKU0023,north,140,86.45781460859283,106.5630150055698,20.10520039697697,4,345.8312584343713,80.42080158790787,426.2520600222792,500.0,500,STABLE,2025-12-26
SKU0023,west,208,86.45781460859283,106.5630150055698,20.10520039697697,4,345.8312584343713,80.42080158790787,426.2520600222792,500.0,500,STABLE,2025-12-26
SKU0023,south,123,86.45781460859283,106.5630150055698,20.10520039697697,4,345.8312584343713,80.42080158790787,426.2520600222792,500.0,500,STABLE,2025-12-26
SKU0023,north,140,91.57860764191896,111.6814578471759,20.102850205256942,4,366.31443056767586,80.41140082102777,446.7258313887036,500.0,500,STABLE,2025-12-26
SKU0023,west,208,91.57860764191896,111.6814578471759,20.102850205256942,4,366.31443056767586,80.41140082102777,446.7258313887036,500.0,500,STABLE,2025-12-26
SKU0023,south,123,91.57860764191896,111.6814578471759,20.102850205256942,4,366.31443056767586,80.41140082102777,446.7258313887036,500.0,500,STABLE,2025-12-26
SKU0023,north,140,94.27932672192158,114.3799874791864,20.10066075726482,4,377.1173068876863,80.40264302905928,457.5199499167456,500.0,500,STABLE,2025-12-26
SKU0023,west,208,94.27932672192158,114.3799874791864,20.10066075726482,4,377.1173068876863,80.40264302905928,457.5199499167456,500.0,500,STABLE,2025-12-26
SKU0023,south,123,94.27932672192158,114.3799874791864,20.10066075726482,4,377.1173068876863,80.40264302905928,457.5199499167456,500.0,500,STABLE,2025-12-26
SKU0023,north,140,91.57689075386062,111.67551183417068,20.098621080310053,4,366.3075630154425,80.39448432124021,446.7020473366827,500.0,500,STABLE,2025-12-26
SKU0023,west,208,91.57689075386062,111.67551183417068,20.098621080310053,4,366.3075630154425,80.39448432124021,446.7020473366827,500.0,500,STABLE,2025-12-26
SKU0023,south,123,91.57689075386062,111.67551183417068,20.098621080310053,4,366.3075630154425,80.39448432124021,446.7020473366827,500.0,500,STABLE,2025-12-26
SKU0023,north,140,92.76631915339831,112.86304010127724,20.09672094787892,4,371.06527661359326,80.38688379151569,451.45216040510894,500.0,500,STABLE,2025-12-26
SKU0023,west,208,92.76631915339831,112.86304010127724,20.09672094787892,4,371.06527661359326,80.38688379151569,451.45216040510894,500.0,500,STABLE,2025-12-26
SKU0023,south,123,92.76631915339831,112.86304010127724,20.09672094787892,4,371.06527661359326,80.38688379151569,451.45216040510894,500.0,500,STABLE,2025-12-26
SKU0023,north,140,85.56845558790407,105.66340641722032,20.094950829316247,4,342.2738223516163,80.37980331726499,422.65362566888126,500.0,500,STABLE,2025-12-26
SKU0023,west,208,85.56845558790407,105.66340641722032,20.094950829316247,4,342.2738223516163,80.37980331726499,422.65362566888126,500.0,500,STABLE,2025-12-26
SKU0023,south,123,85.56845558790407,105.66340641722032,20.094950829316247,4,342.2738223516163,80.37980331726499,422.65362566888126,500.0,500,STABLE,2025-12-26
SKU0023,north,140,86.99603750227269,107.08933952793517,20.09330202566248,4,347.98415000909074,80.37320810264993,428.35735811174067,500.0,500,STABLE,2025-12-26
SKU0023,west,208,86.99603750227269,107.08933952793517,20.09330202566248,4,347.98415000909074,80.37320810264993,428.35735811174067,500.0,500,STABLE,2025-12-26
SKU0023,south,123,86.99603750227269,107.08933952793517,20.09330202566248,4,347.98415000909074,80.37320810264993,428.35735811174067,500.0,500,STABLE,2025-12-26
SKU0023,north,140,86.89342170980106,106.98580872802796,20.0923870182269,4,347.57368683920424,80.3695480729076,427.94323491211185,500.0,500,STABLE,2025-12-26
SKU0023,west,208,86.89342170980106,106.98580872802796,20.0923870182269,4,347.57368683920424,80.3695480729076,427.94323491211185,500.0,500,STABLE,2025-12-26
SKU0023,south,123,86.89342170980106,106.98580872802796,20.0923870182269,4,347.57368683920424,80.3695480729076,427.94323491211185,500.0,500,STABLE,2025-12-26
SKU0023,north,140,83.31487730213459,103.40578692198626,20.090909619851672,4,333.25950920853836,80.36363847940669,413.62314768794505,500.0,500,STABLE,2025-12-26
SKU0023,west,208,83.31487730213459,103.40578692198626,20.090909619851672,4,333.25950920853836,80.36363847940669,413.62314768794505,500.0,500,STABLE,2025-12-26
SKU0023,south,123,83.31487730213459,103.40578692198626,20.090909619851672,4,333.25950920853836,80.36363847940669,413.62314768794505,500.0,500,STABLE,2025-12-26
SKU0023,north,140,84.27382035648564,104.36335370507446,20.089533348588816,4,337.0952814259426,80.35813339435526,417.45341482029784,500.0,500,STABLE,2025-12-26
SKU0023,west,208,84.27382035648564,104.36335370507446,20.089533348588816,4,337.0952814259426,80.35813339435526,417.45341482029784,500.0,500,STABLE,2025-12-26
SKU0023,south,123,84.27382035648564,104.36335370507446,20.089533348588816,4,337.0952814259426,80.35813339435526,417.45341482029784,500.0,500,STABLE,2025-12-26
SKU0023,north,140,74.84837006029544,94.936621351167,20.08825129087157,4,299.39348024118175,80.35300516348627,379.746485404668,500.0,500,STABLE,2025-12-26
SKU0023,west,208,74.84837006029544,94.936621351167,20.08825129087157,4,299.39348024118175,80.35300516348627,379.746485404668,500.0,500,STABLE,2025-12-26
SKU0023,south,123,74.84837006029544,94.936621351167,20.08825129087157,4,299.39348024118175,80.35300516348627,379.746485404668,500.0,500,STABLE,2025-12-26
SKU0023,north,140,87.8305219996163,107.91757900427068,20.087057004654383,4,351.3220879984652,80.34822801861753,431.6703160170827,500.0,500,STABLE,2025-12-26
SKU0023,west,208,87.8305219996163,107.91757900427068,20.087057004654383,4,351.3220879984652,80.34822801861753,431.6703160170827,500.0,500,STABLE,2025-12-26
SKU0023,south,123,87.8305219996163,107.91757900427068,20.087057004654383,4,351.3220879984652,80.34822801861753,431.6703160170827,500.0,500,STABLE,2025-12-26
SKU0023,north,140,85.05082590422026,105.13677039162218,20.085944487401918,4,340.20330361688104,80.34377794960767,420.5470815664887,500.0,500,STABLE,2025-12-26
SKU0023,west,208,85.05082590422026,105.13677039162218,20.085944487401918,4,340.20330361688104,80.34377794960767,420.5470815664887,500.0,500,STABLE,2025-12-26
SKU0023,south,123,85.05082590422026,105.13677039162218,20.085944487401918,4,340.20330361688104,80.34377794960767,420.5470815664887,500.0,500,STABLE,2025-12-26
SKU0023,north,140,82.64053952562088,102.72544767185305,20.084908146232166,4,330.5621581024835,80.33963258492867,410.9017906874122,500.0,500,STABLE,2025-12-26
SKU0023,west,208,82.64053952562088,102.72544767185305,20.084908146232166,4,330.5621581024835,80.33963258492867,410.9017906874122,500.0,500,STABLE,2025-12-26
SKU0023,south,123,82.64053952562088,102.72544767185305,20.084908146232166,4,330.5621581024835,80.33963258492867,410.9017906874122,500.0,500,STABLE,2025-12-26
SKU0023,north,140,82.86102843531239,102.9449712053838,20.083942770071403,4,331.44411374124957,80.33577108028561,411.7798848215352,500.0,500,STABLE,2025-12-26
SKU0023,west,208,82.86102843531239,102.9449712053838,20.083942770071403,4,331.44411374124957,80.33577108028561,411.7798848215352,500.0,500,STABLE,2025-12-26
SKU0023,south,123,82.86102843531239,102.9449712053838,20.083942770071403,4,331.44411374124957,80.33577108028561,411.7798848215352,500.0,500,STABLE,2025-12-26
SKU0023,north,140,71.47754903796093,91.56059254164748,20.083043503686554,4,285.9101961518437,80.33217401474622,366.2423701665899,500.0,500,STABLE,2025-12-26
SKU0023,west,208,71.47754903796093,91.56059254164748,20.083043503686554,4,285.9101961518437,80.33217401474622,366.2423701665899,500.0,500,STABLE,2025-12-26
SKU0023,south,123,71.47754903796093,91.56059254164748,20.083043503686554,4,285.9101961518437,80.33217401474622,366.2423701665899,500.0,500,STABLE,2025-12-26
SKU0023,north,140,77.6368002872983,97.71900611076929,20.082205823470986,4,310.5472011491932,80.32882329388394,390.87602444307714,500.0,500,STABLE,2025-12-26
SKU0023,west,208,77.6368002872983,97.71900611076929,20.082205823470986,4,310.5472011491932,80.32882329388394,390.87602444307714,500.0,500,STABLE,2025-12-26
SKU0023,south,123,77.6368002872983,97.71900611076929,20.082205823470986,4,310.5472011491932,80.32882329388394,390.87602444307714,500.0,500,STABLE,2025-12-26
SKU0023,north,140,75.83450794384225,95.91593345870916,20.081425514866908,4,303.338031775369,80.32570205946763,383.66373383483665,500.0,500,STABLE,2025-12-26
SKU0023,west,208,75.83450794384225,95.91593345870916,20.081425514866908,4,303.338031775369,80.32570205946763,383.66373383483665,500.0,500,STABLE,2025-12-26
SKU0023,south,123,75.83450794384225,95.91593345870916,20.081425514866908,4,303.338031775369,80.32570205946763,383.66373383483665,500.0,500,STABLE,2025-12-26
SKU0023,north,140,71.46310088033181,91.54379953164695,20.080698651315146,4,285.85240352132723,80.32279460526058,366.1751981265878,500.0,500,STABLE,2025-12-26
SKU0023,west,208,71.46310088033181,91.54379953164695,20.080698651315146,4,285.85240352132723,80.32279460526058,366.1751981265878,500.0,500,STABLE,2025-12-26
SKU0023,south,123,71.46310088033181,91.54379953164695,20.080698651315146,4,285.85240352132723,80.32279460526058,366.1751981265878,500.0,500,STABLE,2025-12-26
SKU0023,north,140,70.57027143433595,90.65029300896614,20.080021574630194,4,282.2810857373438,80.32008629852078,362.6011720358646,500.0,500,STABLE,2025-12-26
SKU0023,west,208,70.57027143433595,90.65029300896614,20.080021574630194,4,282.2810857373438,80.32008629852078,362.6011720358646,500.0,500,STABLE,2025-12-26
SKU0023,south,123,70.57027143433595,90.65029300896614,20.080021574630194,4,282.2810857373438,80.32008629852078,362.6011720358646,500.0,500,STABLE,2025-12-26
SKU0023,north,140,72.98236518496893,93.06175606167434,20.079390876705418,4,291.9294607398757,80.31756350682167,372.2470242466974,500.0,500,STABLE,2025-12-26
SKU0023,west,208,72.98236518496893,93.06175606167434,20.079390876705418,4,291.9294607398757,80.31756350682167,372.2470242466974,500.0,500,STABLE,2025-12-26
SKU0023,south,123,72.98236518496893,93.06175606167434,20.079390876705418,4,291.9294607398757,80.31756350682167,372.2470242466974,500.0,500,STABLE,2025-12-26
SKU0023,north,140,71.61154311163372,91.69034649409258,20.078803382458858,4,286.4461724465349,80.31521352983543,366.7613859763703,500.0,500,STABLE,2025-12-26
SKU0023,west,208,71.61154311163372,91.69034649409258,20.078803382458858,4,286.4461724465349,80.31521352983543,366.7613859763703,500.0,500,STABLE,2025-12-26
SKU0023,south,123,71.61154311163372,91.69034649409258,20.078803382458858,4,286.4461724465349,80.31521352983543,366.7613859763703,500.0,500,STABLE,2025-12-26
SKU0023,north,140,68.16679361250885,88.24504974644569,20.078256133936833,4,272.6671744500354,80.31302453574733,352.98019898578275,500.0,500,STABLE,2025-12-26
SKU0023,west,208,68.16679361250885,88.24504974644569,20.078256133936833,4,272.6671744500354,80.31302453574733,352.98019898578275,500.0,500,STABLE,2025-12-26
SKU0023,south,123,68.16679361250885,88.24504974644569,20.078256133936833,4,272.6671744500354,80.31302453574733,352.98019898578275,500.0,500,STABLE,2025-12-26
SKU0023,north,140,64.75188781585629,84.82963419135307,20.077746375496773,4,259.00755126342517,80.31098550198709,339.31853676541226,500.0,500,STABLE,2025-12-26
SKU0023,west,208,64.75188781585629,84.82963419135307,20.077746375496773,4,259.00755126342517,80.31098550198709,339.31853676541226,500.0,500,STABLE,2025-12-26
SKU0023,south,123,64.75188781585629,84.82963419135307,20.077746375496773,4,259.00755126342517,80.31098550198709,339.31853676541226,500.0,500,STABLE,2025-12-26
SKU0028,west,148,109.53844485135704,149.2066164262578,39.668171574900754,1,109.53844485135704,39.668171574900754,149.2066164262578,500.0,500,STABLE,2025-12-26
SKU0028,west,148,108.63425998220325,148.2753083582785,39.64104837607525,1,108.63425998220325,39.64104837607525,148.2753083582785,500.0,500,STABLE,2025-12-26
SKU0028,west,148,109.45697137050428,149.0666118148821,39.60964044437782,1,109.45697137050428,39.60964044437782,149.0666118148821,500.0,500,STABLE,2025-12-26
SKU0028,west,148,110.60896328503406,150.18379501142832,39.57483172639425,1,110.60896328503406,39.57483172639425,150.18379501142832,500.0,500,STABLE,2025-12-26
SKU0028,west,148,109.83836190148789,149.39249088724324,39.554128985755355,1,109.83836190148789,39.554128985755355,149.39249088724324,500.0,500,STABLE,2025-12-26
SKU0028,west,148,113.2420870124108,152.79051564802,39.5484286356092,1,113.2420870124108,39.5484286356092,152.79051564802,500.0,500,STABLE,2025-12-26
SKU0027,west,104,151.90578879855343,201.29675897754225,49.39097017898882,3,455.7173663956603,148.17291053696647,603.8902769326268,499.89027693262676,200,STABLE,2025-12-26
SKU0011,south,243,133.04513043039051,185.66633280161037,52.62120237121985,4,532.1805217215621,210.4848094848794,742.6653312064415,499.66533120644146,50,STABLE,2025-12-26
SKU0050,west,210,144.83609900630702,177.10436730688014,32.26826830057311,4,579.3443960252281,129.07307320229245,708.4174692275205,498.41746922752054,50,STABLE,2025-12-26
SKU0027,east,186,179.0550572975315,228.05458646772232,48.99952917019081,3,537.1651718925946,146.99858751057243,684.163759403167,498.163759403167,200,STABLE,2025-12-26
SKU0027,north,153,167.22953172797986,216.63733317958835,49.40780145160849,3,501.6885951839396,148.22340435482548,649.911999538765,496.91199953876503,200,STABLE,2025-12-26
SKU0027,west,104,151.28508585666347,200.3003547832417,49.015268926578216,3,453.8552575699904,147.04580677973465,600.9010643497251,496.90106434972506,200,STABLE,2025-12-26
SKU0027,north,153,167.64566233075823,216.61811401576023,48.972451685002,3,502.9369869922747,146.917355055006,649.8543420472806,496.8543420472806,200,STABLE,2025-12-26
SKU0027,east,186,178.45807856911028,227.46527848794403,49.00719991883375,3,535.3742357073309,147.02159975650125,682.3958354638321,496.3958354638321,200,STABLE,2025-12-26
SKU0027,south,188,179.0550572975315,228.05458646772232,48.99952917019081,3,537.1651718925946,146.99858751057243,684.163759403167,496.163759403167,200,STABLE,2025-12-26
SKU0027,south,188,178.45807856911028,227.46527848794403,49.00719991883375,3,535.3742357073309,147.02159975650125,682.3958354638321,494.3958354638321,200,STABLE,2025-12-26
SKU0011,south,243,131.63684754915195,184.24252991306528,52.60568236391333,4,526.5473901966078,210.42272945565333,736.9701196522611,493.97011965226113,50,STABLE,2025-12-26
SKU0027,north,153,166.5481439629879,215.5334491505763,48.98530518758841,3,499.6444318889637,146.95591556276523,646.6003474517289,493.6003474517289,200,STABLE,2025-12-26
SKU0050,west,210,143.57169421538202,175.8349285548146,32.263234339432586,4,574.2867768615281,129.05293735773034,703.3397142192584,493.33971421925844,50,STABLE,2025-12-26
SKU0050,east,129,123.21296587863527,155.53687964266322,32.32391376402795,4,492.8518635145411,129.2956550561118,622.1475185706529,493.1475185706529,50,STABLE,2025-12-26
SKU0027,east,186,176.53812050469938,225.5168361569777,48.97871565227831,3,529.6143615140982,146.93614695683493,676.5505084709331,490.5505084709331,200,STABLE,2025-12-26
SKU0050,west,210,142.7066186172218,175.07151087763265,32.36489226041084,4,570.8264744688872,129.45956904164336,700.2860435105306,490.2860435105306,50,STABLE,2025-12-26
SKU0050,east,129,122.26632760935334,154.5574276253366,32.29110001598326,4,489.06531043741336,129.16440006393304,618.2297105013464,489.2297105013464,50,STABLE,2025-12-26
SKU0013,east,131,171.52315108563636,206.71227846516248,35.18912737952613,3,514.5694532569091,105.56738213857838,620.1368353954875,489.13683539548754,200,STABLE,2025-12-26
SKU0050,east,129,122.04492837896704,154.39799508094637,32.35306670197933,4,488.1797135158682,129.41226680791732,617.5919803237855,488.5919803237855,50,STABLE,2025-12-26
SKU0027,south,188,176.53812050469938,225.5168361569777,48.97871565227831,3,529.6143615140982,146.93614695683493,676.5505084709331,488.5505084709331,200,STABLE,2025-12-26
SKU0011,south,243,130.23305866831672,182.7982620104153,52.565203342098584,4,520.9322346732669,210.26081336839434,731.1930480416612,488.1930480416612,50,STABLE,2025-12-26
SKU0050,south,165,130.95121285394413,163.21683837327348,32.26562551932935,4,523.8048514157765,129.0625020773174,652.8673534930939,487.8673534930939,50,STABLE,2025-12-26
SKU0050,west,210,141.89079700858036,174.14260848943678,32.25181148085642,4,567.5631880343215,129.00724592342567,696.5704339577471,486.5704339577471,50,STABLE,2025-12-26
SKU0050,south,165,130.3866319210956,162.65782104168724,32.27118912059163,4,521.5465276843825,129.08475648236652,650.631284166749,485.63128416674897,50,STABLE,2025-12-26
SKU0027,north,153,163.85509939079446,212.8215966605362,48.96649726974172,3,491.5652981723834,146.89949180922517,638.4647899816085,485.46478998160853,200,STABLE,2025-12-26
SKU0011,south,243,129.48179635657306,182.0661043942046,52.58430803763153,4,517.9271854262922,210.33723215052612,728.2644175768183,485.26441757681835,50,STABLE,2025-12-26
SKU0036,west,230,111.48553331348076,178.07842289249749,66.59288957901673,4,445.94213325392303,266.3715583160669,712.3136915699899,482.31369156998994,100,STABLE,2025-12-26
SKU0011,south,243,128.65670218385327,181.22812157188145,52.571419388028175,4,514.6268087354131,210.2856775521127,724.9124862875258,481.9124862875258,50,STABLE,2025-12-26
SKU0011,south,243,128.15301271899858,180.7513247527432,52.598312033744605,4,512.6120508759943,210.39324813497842,723.0052990109727,480.00529901097275,50,STABLE,2025-12-26
SKU0050,south,165,128.6702231390168,161.01258887419905,32.342365735182256,4,514.6808925560672,129.36946294072902,644.0503554967962,479.0503554967962,50,STABLE,2025-12-26
SKU0050,south,165,127.5555411333278,159.8578427962629,32.30230166293511,4,510.2221645333112,129.20920665174043,639.4313711850516,474.4313711850516,50,STABLE,2025-12-26
SKU0027,north,153,159.98102639752398,208.94186356924573,48.96083717172175,3,479.94307919257193,146.88251151516525,626.8255907077372,473.8255907077372,200,STABLE,2025-12-26
SKU0027,east,186,170.58434394766044,219.93998982022853,49.35564587256809,3,511.75303184298133,148.06693761770427,659.8199694606856,473.81996946068557,200,STABLE,2025-12-26
SKU0050,south,165,127.38201584310846,159.69799572252418,32.31597987941572,4,509.52806337243385,129.26391951766288,638.7919828900967,473.79198289009673,50,STABLE,2025-12-26
SKU0011,south,243,126.13598807313784,178.7138403120953,52.57785223895746,4,504.54395229255135,210.31140895582985,714.8553612483812,471.8553612483812,50,STABLE,2025-12-26
SKU0027,south,188,170.58434394766044,219.93998982022853,49.35564587256809,3,511.75303184298133,148.06693761770427,659.8199694606856,471.81996946068557,200,STABLE,2025-12-26
SKU0019,south,169,144.52269718661603,159.83863923200988,15.315942045393854,4,578.0907887464641,61.263768181575415,639.3545569280395,470.35455692803953,50,STABLE,2025-12-26
SKU0011,south,243,125.36413300295985,177.91752582297352,52.55339282001367,4,501.4565320118394,210.21357128005468,711.6701032918941,468.67010329189407,50,STABLE,2025-12-26
SKU0011,south,243,125.19484319455636,177.75404002402632,52.55919682946997,4,500.7793727782254,210.23678731787987,711.0161600961053,468.0161600961053,50,STABLE,2025-12-26
SKU0050,south,165,125.77023758567368,158.02452765891323,32.254290073239545,4,503.08095034269473,129.01716029295818,632.0981106356529,467.0981106356529,50,STABLE,2025-12-26
SKU0011,south,243,124.87306049981471,177.46425042407918,52.59118992426447,4,499.49224199925885,210.36475969705788,709.8570016963167,466.85700169631673,50,STABLE,2025-12-26
SKU0027,north,153,157.15136947823385,206.5271288191638,49.37575934092996,3,471.45410843470154,148.12727802278988,619.5813864574914,466.58138645749136,200,STABLE,2025-12-26
SKU0027,north,153,156.99352426671686,206.3926972095175,49.39917294280065,3,470.9805728001506,148.19751882840194,619.1780916285525,466.17809162855247,200,STABLE,2025-12-26
SKU0027,east,186,167.22953172797986,216.63733317958835,49.40780145160849,3,501.6885951839396,148.22340435482548,649.911999538765,463.91199953876503,200,STABLE,2025-12-26
SKU0027,east,186,167.64566233075823,216.61811401576023,48.972451685002,3,502.9369869922747,146.917355055006,649.8543420472806,463.8543420472806,200,STABLE,2025-12-26
SKU0011,south,243,124.05891859876664,176.59604756811453,52.53712896934789,4,496.23567439506655,210.14851587739156,706.3841902724581,463.3841902724581,50,STABLE,2025-12-26
SKU0050,east,129,115.64360609419174,147.92553359134544,32.2819274971537,4,462.57442437676696,129.1277099886148,591.7021343653818,462.70213436538177,50,STABLE,2025-12-26
SKU0027,south,188,167.22953172797986,216.63733317958835,49.40780145160849,3,501.6885951839396,148.22340435482548,649.911999538765,461.91199953876503,200,STABLE,2025-12-26
SKU0027,south,188,167.64566233075823,216.61811401576023,48.972451685002,3,502.9369869922747,146.917355055006,649.8543420472806,461.8543420472806,200,STABLE,2025-12-26
SKU0013,east,131,162.36002312387336,197.382533136778,35.02251001290463,3,487.0800693716201,105.0675300387139,592.147599410334,461.147599410334,200,STABLE,2025-12-26
SKU0011,east,299,137.3914606793201,190.02928299798344,52.63782231866335,4,549.5658427172804,210.5512892746534,760.1171319919338,461.1171319919338,50,STABLE,2025-12-26
SKU0011,south,243,123.46117267500378,175.99324190730388,52.5320692323001,4,493.8446907000151,210.1282769292004,703.9729676292155,460.97296762921553,50,STABLE,2025-12-26
SKU0027,east,186,166.5481439629879,215.5334491505763,48.98530518758841,3,499.6444318889637,146.95591556276523,646.6003474517289,460.6003474517289,200,STABLE,2025-12-26
SKU0002,north,144,179.76067627045148,201.2409350529648,21.480258782513317,3,539.2820288113544,64.44077634753995,603.7228051588943,459.7228051588943,200,STABLE,2025-12-26
SKU0002,north,144,179.456618728303,200.9471777941397,21.490559065836692,3,538.3698561849089,64.47167719751008,602.841533382419,458.841533382419,200,STABLE,2025-12-26
SKU0027,south,188,166.5481439629879,215.5334491505763,48.98530518758841,3,499.6444318889637,146.95591556276523,646.6003474517289,458.6003474517289,200,STABLE,2025-12-26
SKU0002,north,144,179.31229352081584,200.79344063761476,21.481147116798923,3,537.9368805624475,64.44344135039677,602.3803219128442,458.38032191284424,200,STABLE,2025-12-26
SKU0019,west,181,144.52269718661603,159.83863923200988,15.315942045393854,4,578.0907887464641,61.263768181575415,639.3545569280395,458.35455692803953,50,STABLE,2025-12-26
SKU0027,west,104,138.022824122645,187.3511303916637,49.3283062690187,3,414.068472367935,147.9849188070561,562.053391174991,458.053391174991,200,STABLE,2025-12-26
SKU0036,south,255,111.48553331348076,178.07842289249749,66.59288957901673,4,445.94213325392303,266.3715583160669,712.3136915699899,457.31369156998994,100,STABLE,2025-12-26
SKU0050,south,165,123.21296587863527,155.53687964266322,32.32391376402795,4,492.8518635145411,129.2956550561118,622.1475185706529,457.1475185706529,50,STABLE,2025-12-26
SKU0013,east,131,161.28053996648384,195.97381996474525,34.6932799982614,3,483.84161989945153,104.07983999478421,587.9214598942358,456.9214598942358,200,STABLE,2025-12-26
SKU0011,east,299,135.97008209070518,188.6166508425264,52.646568751821235,4,543.8803283628207,210.58627500728494,754.4666033701056,455.46660337010564,50,STABLE,2025-12-26
SKU0011,east,299,135.99052370711078,188.60383321945432,52.613309512343534,4,543.9620948284431,210.45323804937414,754.4153328778173,455.41533287781726,50,STABLE,2025-12-26
SKU0050,south,165,122.26632760935334,154.5574276253366,32.29110001598326,4,489.06531043741336,129.16440006393304,618.2297105013464,453.2297105013464,50,STABLE,2025-12-26
SKU0050,south,165,122.04492837896704,154.39799508094637,32.35306670197933,4,488.1797135158682,129.41226680791732,617.5919803237855,452.5919803237855,50,STABLE,2025-12-26
SKU0027,east,186,163.85509939079446,212.8215966605362,48.96649726974172,3,491.5652981723834,146.89949180922517,638.4647899816085,452.46478998160853,200,STABLE,2025-12-26
SKU0027,north,153,152.29924161548283,201.6612553104688,49.36201369498596,3,456.89772484644845,148.08604108495788,604.9837659314063,451.9837659314063,200,STABLE,2025-12-26
SKU0027,north,153,151.97142803069409,201.3883048517699,49.41687682107582,3,455.91428409208226,148.25063046322745,604.1649145553097,451.1649145553097,200,STABLE,2025-12-26
SKU0027,north,153,151.90578879855343,201.29675897754225,49.39097017898882,3,455.7173663956603,148.17291053696647,603.8902769326268,450.89027693262676,200,STABLE,2025-12-26
SKU0027,south,188,163.85509939079446,212.8215966605362,48.96649726974172,3,491.5652981723834,146.89949180922517,638.4647899816085,450.46478998160853,200,STABLE,2025-12-26
SKU0002,north,144,176.43277531193291,197.9162017831329,21.483426471199977,3,529.2983259357987,64.45027941359993,593.7486053493986,449.74860534939864,200,STABLE,2025-12-26
SKU0011,south,243,120.425950395255,172.973734912554,52.54778451729899,4,481.70380158102,210.19113806919597,691.894939650216,448.894939650216,50,STABLE,2025-12-26
SKU0027,north,153,151.28508585666347,200.3003547832417,49.015268926578216,3,453.8552575699904,147.04580677973465,600.9010643497251,447.90106434972506,200,STABLE,2025-12-26
SKU0002,north,144,175.16593893328667,196.6482916392974,21.482352706010744,3,525.49781679986,64.44705811803223,589.9448749178922,445.9448749178922,200,STABLE,2025-12-26
SKU0036,north,267,111.48553331348076,178.07842289249749,66.59288957901673,4,445.94213325392303,266.3715583160669,712.3136915699899,445.31369156998994,100,STABLE,2025-12-26
SKU0050,east,129,111.18222576284086,143.49102539890683,32.30879963606597,4,444.72890305136343,129.23519854426388,573.9641015956273,444.9641015956273,50,STABLE,2025-12-26
SKU0011,south,243,119.4237060413131,171.94159755754055,52.51789151622745,4,477.6948241652524,210.0715660649098,687.7663902301622,444.7663902301622,50,STABLE,2025-12-26
SKU0011,east,299,133.2699164921692,185.8992866287977,52.62937013662852,4,533.0796659686767,210.5174805465141,743.5971465151908,444.59714651519084,50,STABLE,2025-12-26
SKU0011,east,299,133.04513043039051,185.66633280161037,52.62120237121985,4,532.1805217215621,210.4848094848794,742.6653312064415,443.66533120644146,50,STABLE,2025-12-26
SKU0011,south,243,119.06639457328512,171.60875992425284,52.542365350967714,4,476.2655782931405,210.16946140387086,686.4350396970113,443.43503969701135,50,STABLE,2025-12-26
SKU0002,north,144,174.18946829409265,195.6681775850361,21.478709290943442,3,522.568404882278,64.43612787283033,587.0045327551082,443.00453275510824,200,STABLE,2025-12-26
SKU0013,east,131,156.56932314716047,191.3049979587056,34.735674811545124,3,469.7079694414814,104.20702443463537,573.9149938761168,442.9149938761168,200,STABLE,2025-12-26
SKU0050,west,210,130.95121285394413,163.21683837327348,32.26562551932935,4,523.8048514157765,129.0625020773174,652.8673534930939,442.8673534930939,50,STABLE,2025-12-26
SKU0013,east,131,156.65008729278628,191.08388259635404,34.43379530356776,3,469.95026187835884,103.30138591070329,573.2516477890622,442.2516477890622,200,STABLE,2025-12-26
SKU0013,south,178,171.52315108563636,206.71227846516248,35.18912737952613,3,514.5694532569091,105.56738213857838,620.1368353954875,442.13683539548754,200,STABLE,2025-12-26
SKU0013,east,131,156.16584716621983,191.0376847362489,34.87183757002907,3,468.49754149865953,104.61551271008722,573.1130542087467,442.1130542087467,200,STABLE,2025-12-26
SKU0027,east,186,159.98102639752398,208.94186356924573,48.96083717172175,3,479.94307919257193,146.88251151516525,626.8255907077372,440.8255907077372,200,STABLE,2025-12-26
SKU0019,south,169,137.1422158715364,152.43051932333898,15.28830345180259,4,548.5688634861456,61.15321380721036,609.7220772933559,440.72207729335594,50,STABLE,2025-12-26
SKU0050,west,210,130.3866319210956,162.65782104168724,32.27118912059163,4,521.5465276843825,129.08475648236652,650.631284166749,440.63128416674897,50,STABLE,2025-12-26
SKU0002,north,144,173.2525581854718,194.74498062514763,21.492422439675835,3,519.7576745564154,64.4772673190275,584.2349418754429,440.2349418754429,200,STABLE,2025-12-26
SKU0027,south,188,159.98102639752398,208.94186356924573,48.96083717172175,3,479.94307919257193,146.88251151516525,626.8255907077372,438.8255907077372,200,STABLE,2025-12-26
SKU0011,east,299,131.63684754915195,184.24252991306528,52.60568236391333,4,526.5473901966078,210.42272945565333,736.9701196522611,437.97011965226113,50,STABLE,2025-12-26
SKU0002,north,144,172.19347993850067,193.6807884770018,21.48730853850114,3,516.580439815502,64.46192561550342,581.0423654310055,437.04236543100546,200,STABLE,2025-12-26
SKU0002,east,168,179.76067627045148,201.2409350529648,21.480258782513317,3,539.2820288113544,64.44077634753995,603.7228051588943,435.7228051588943,200,STABLE,2025-12-26
SKU0002,north,144,171.73166934348114,193.21304277268143,21.48137342920029,3,515.1950080304434,64.44412028760087,579.6391283180443,435.6391283180443,200,STABLE,2025-12-26
SKU0019,south,169,135.68613209823957,151.01460407425705,15.328471976017482,4,542.7445283929583,61.31388790406993,604.0584162970282,435.0584162970282,50,STABLE,2025-12-26
SKU0002,east,168,179.456618728303,200.9471777941397,21.490559065836692,3,538.3698561849089,64.47167719751008,602.841533382419,434.841533382419,200,STABLE,2025-12-26
SKU0002,east,168,179.31229352081584,200.79344063761476,21.481147116798923,3,537.9368805624475,64.44344135039677,602.3803219128442,434.38032191284424,200,STABLE,2025-12-26
SKU0050,west,210,128.6702231390168,161.01258887419905,32.342365735182256,4,514.6808925560672,129.36946294072902,644.0503554967962,434.0503554967962,50,STABLE,2025-12-26
SKU0027,east,186,157.15136947823385,206.5271288191638,49.37575934092996,3,471.45410843470154,148.12727802278988,619.5813864574914,433.58138645749136,200,STABLE,2025-12-26
SKU0027,east,186,156.99352426671686,206.3926972095175,49.39917294280065,3,470.9805728001506,148.19751882840194,619.1780916285525,433.17809162855247,200,STABLE,2025-12-26
SKU0020,south,129,146.55278060610556,187.39223609366795,40.83945548756239,3,439.65834181831667,122.51836646268717,562.1767082810038,433.1767082810038,200,STABLE,2025-12-26
SKU0011,east,299,130.23305866831672,182.7982620104153,52.565203342098584,4,520.9322346732669,210.26081336839434,731.1930480416612,432.1930480416612,50,STABLE,2025-12-26
SKU0027,south,188,157.15136947823385,206.5271288191638,49.37575934092996,3,471.45410843470154,148.12727802278988,619.5813864574914,431.58138645749136,200,STABLE,2025-12-26
SKU0027,south,188,156.99352426671686,206.3926972095175,49.39917294280065,3,470.9805728001506,148.19751882840194,619.1780916285525,431.17809162855247,200,STABLE,2025-12-26
SKU0019,south,169,134.48379372856215,149.76248451295623,15.278690784394087,4,537.9351749142486,61.11476313757635,599.0499380518249,430.04993805182494,50,STABLE,2025-12-26
SKU0050,west,210,127.5555411333278,159.8578427962629,32.30230166293511,4,510.2221645333112,129.20920665174043,639.4313711850516,429.4313711850516,50,STABLE,2025-12-26
SKU0011,east,299,129.48179635657306,182.0661043942046,52.58430803763153,4,517.9271854262922,210.33723215052612,728.2644175768183,429.26441757681835,50,STABLE,2025-12-26
SKU0050,west,210,127.38201584310846,159.69799572252418,32.31597987941572,4,509.52806337243385,129.26391951766288,638.7919828900967,428.79198289009673,50,STABLE,2025-12-26
SKU0019,west,181,137.1422158715364,152.43051932333898,15.28830345180259,4,548.5688634861456,61.15321380721036,609.7220772933559,428.72207729335594,50,STABLE,2025-12-26
SKU0019,south,169,133.94149499797857,149.24673613788318,15.30524113990461,4,535.7659799919143,61.22096455961844,596.9869445515327,427.9869445515327,50,STABLE,2025-12-26
SKU0013,east,131,151.65764443320276,186.2703444070756,34.61269997387285,3,454.97293329960826,103.83809992161855,558.8110332212268,427.8110332212268,200,STABLE,2025-12-26
SKU0050,south,165,115.64360609419174,147.92553359134544,32.2819274971537,4,462.57442437676696,129.1277099886148,591.7021343653818,426.70213436538177,50,STABLE,2025-12-26
SKU0011,east,299,128.65670218385327,181.22812157188145,52.571419388028175,4,514.6268087354131,210.2856775521127,724.9124862875258,425.9124862875258,50,STABLE,2025-12-26
SKU0002,east,168,176.43277531193291,197.9162017831329,21.483426471199977,3,529.2983259357987,64.45027941359993,593.7486053493986,425.74860534939864,200,STABLE,2025-12-26
SKU0013,east,131,150.28431241099372,185.25489989705747,34.97058748606375,3,450.85293723298116,104.91176245819125,555.7646996911724,424.7646996911724,200,STABLE,2025-12-26
SKU0011,east,299,128.15301271899858,180.7513247527432,52.598312033744605,4,512.6120508759943,210.39324813497842,723.0052990109727,424.00529901097275,50,STABLE,2025-12-26
SKU0019,west,181,135.68613209823957,151.01460407425705,15.328471976017482,4,542.7445283929583,61.31388790406993,604.0584162970282,423.0584162970282,50,STABLE,2025-12-26
SKU0050,east,129,105.64396382882566,137.89694222432985,32.252978395504186,4,422.57585531530265,129.01191358201675,551.5877688973194,422.5877688973194,50,STABLE,2025-12-26
SKU0050,west,210,125.77023758567368,158.02452765891323,32.254290073239545,4,503.08095034269473,129.01716029295818,632.0981106356529,422.0981106356529,50,STABLE,2025-12-26
SKU0013,east,131,149.2106536189454,184.342376767308,35.131723148362596,3,447.6319608568362,105.39516944508779,553.027130301924,422.027130301924,200,STABLE,2025-12-26
SKU0002,east,168,175.16593893328667,196.6482916392974,21.482352706010744,3,525.49781679986,64.44705811803223,589.9448749178922,421.9448749178922,200,STABLE,2025-12-26
SKU0002,north,144,167.11718943082496,188.5966378868005,21.47944845597553,3,501.3515682924749,64.43834536792659,565.7899136604015,421.78991366040145,200,STABLE,2025-12-26
SKU0050,east,129,104.9695806297891,137.22869396893498,32.25911333914587,4,419.8783225191564,129.03645335658348,548.9147758757399,419.9147758757399,50,STABLE,2025-12-26
SKU0036,west,230,121.65071016645588,162.26932792798675,40.61861776153087,4,486.6028406658235,162.47447104612348,649.077311711947,419.077311711947,100,STABLE,2025-12-26
SKU0002,east,168,174.18946829409265,195.6681775850361,21.478709290943442,3,522.568404882278,64.43612787283033,587.0045327551082,419.00453275510824,200,STABLE,2025-12-26
SKU0027,east,186,152.29924161548283,201.6612553104688,49.36201369498596,3,456.89772484644845,148.08604108495788,604.9837659314063,418.9837659314063,200,STABLE,2025-12-26
SKU0011,south,243,112.82992098168076,165.3350224324531,52.50510145077233,4,451.31968392672303,210.02040580308932,661.3400897298123,418.34008972981235,50,STABLE,2025-12-26
SKU0027,east,186,151.97142803069409,201.3883048517699,49.41687682107582,3,455.91428409208226,148.25063046322745,604.1649145553097,418.1649145553097,200,STABLE,2025-12-26
SKU0019,west,181,134.48379372856215,149.76248451295623,15.278690784394087,4,537.9351749142486,61.11476313757635,599.0499380518249,418.04993805182494,50,STABLE,2025-12-26
SKU0027,east,186,151.90578879855343,201.29675897754225,49.39097017898882,3,455.7173663956603,148.17291053696647,603.8902769326268,417.89027693262676,200,STABLE,2025-12-26
SKU0011,south,243,112.65829804176948,165.16751730508662,52.509219263317135,4,450.63319216707794,210.03687705326854,660.6700692203465,417.6700692203465,50,STABLE,2025-12-26
SKU0011,south,243,112.56406590741388,165.077546856223,52.51348094880912,4,450.2562636296555,210.05392379523647,660.310187424892,417.310187424892,50,STABLE,2025-12-26
SKU0027,south,188,152.29924161548283,201.6612553104688,49.36201369498596,3,456.89772484644845,148.08604108495788,604.9837659314063,416.9837659314063,200,STABLE,2025-12-26
SKU0002,east,168,173.2525581854718,194.74498062514763,21.492422439675835,3,519.7576745564154,64.4772673190275,584.2349418754429,416.2349418754429,200,STABLE,2025-12-26
SKU0027,south,188,151.97142803069409,201.3883048517699,49.41687682107582,3,455.91428409208226,148.25063046322745,604.1649145553097,416.1649145553097,200,STABLE,2025-12-26
SKU0011,south,243,112.2464825569144,164.76893870459287,52.52245614767847,4,448.9859302276576,210.08982459071387,659.0757548183715,416.0757548183715,50,STABLE,2025-12-26
SKU0019,west,181,133.94149499797857,149.24673613788318,15.30524113990461,4,535.7659799919143,61.22096455961844,596.9869445515327,415.9869445515327,50,STABLE,2025-12-26
SKU0027,south,188,151.90578879855343,201.29675897754225,49.39097017898882,3,455.7173663956603,148.17291053696647,603.8902769326268,415.89027693262676,200,STABLE,2025-12-26
SKU0011,east,299,126.13598807313784,178.7138403120953,52.57785223895746,4,504.54395229255135,210.31140895582985,714.8553612483812,415.8553612483812,50,STABLE,2025-12-26
SKU0027,east,186,151.28508585666347,200.3003547832417,49.015268926578216,3,453.8552575699904,147.04580677973465,600.9010643497251,414.90106434972506,200,STABLE,2025-12-26
SKU0013,south,178,162.36002312387336,197.382533136778,35.02251001290463,3,487.0800693716201,105.0675300387139,592.147599410334,414.147599410334,200,STABLE,2025-12-26
SKU0011,south,243,111.72222059872166,164.2494008030115,52.527180204289834,4,446.88888239488665,210.10872081715934,656.997603212046,413.997603212046,50,STABLE,2025-12-26
SKU0020,east,149,146.55278060610556,187.39223609366795,40.83945548756239,3,439.65834181831667,122.51836646268717,562.1767082810038,413.1767082810038,200,STABLE,2025-12-26
SKU0002,east,168,172.19347993850067,193.6807884770018,21.48730853850114,3,516.580439815502,64.46192561550342,581.0423654310055,413.04236543100546,200,STABLE,2025-12-26
SKU0027,south,188,151.28508585666347,200.3003547832417,49.015268926578216,3,453.8552575699904,147.04580677973465,600.9010643497251,412.90106434972506,200,STABLE,2025-12-26
SKU0011,east,299,125.36413300295985,177.91752582297352,52.55339282001367,4,501.4565320118394,210.21357128005468,711.6701032918941,412.67010329189407,50,STABLE,2025-12-26
SKU0011,south,243,111.4134319827756,163.91071022296407,52.497278240188464,4,445.6537279311024,209.98911296075386,655.6428408918563,412.6428408918563,50,STABLE,2025-12-26
SKU0019,south,169,130.02367953174277,145.2971201694529,15.273440637710138,4,520.0947181269711,61.09376255084055,581.1884806778116,412.18848067781164,50,STABLE,2025-12-26
SKU0050,west,210,123.21296587863527,155.53687964266322,32.32391376402795,4,492.8518635145411,129.2956550561118,622.1475185706529,412.1475185706529,50,STABLE,2025-12-26
SKU0013,east,131,146.77272517215326,181.0287813990099,34.25605622685663,3,440.31817551645975,102.76816868056989,543.0863441970296,412.0863441970296,200,STABLE,2025-12-26
SKU0011,east,299,125.19484319455636,177.75404002402632,52.55919682946997,4,500.7793727782254,210.23678731787987,711.0161600961053,412.0161600961053,50,STABLE,2025-12-26
SKU0050,north,374,164.1275695714244,196.413854324544,32.28628475311959,4,656.5102782856976,129.14513901247835,785.655417298176,411.65541729817596,50,STABLE,2025-12-26
SKU0002,east,168,171.73166934348114,193.21304277268143,21.48137342920029,3,515.1950080304434,64.44412028760087,579.6391283180443,411.6391283180443,200,STABLE,2025-12-26
SKU0011,south,243,110.9669143298967,163.468036999513,52.50112266961631,4,443.8676573195868,210.00449067846523,653.872147998052,410.872147998052,50,STABLE,2025-12-26
SKU0011,east,299,124.87306049981471,177.46425042407918,52.59118992426447,4,499.49224199925885,210.36475969705788,709.8570016963167,410.85700169631673,50,STABLE,2025-12-26
SKU0036,west,230,95.07852848834288,160.1691330819338,65.09060459359092,4,380.31411395337153,260.3624183743637,640.6765323277352,410.67653232773523,100,STABLE,2025-12-26
SKU0019,south,169,129.58370014973457,144.87574968862796,15.292049538893394,4,518.3348005989383,61.16819815557358,579.5029987545119,410.50299875451185,50,STABLE,2025-12-26
SKU0036,west,230,121.2439266848727,159.99098708681,38.747060401937304,4,484.9757067394908,154.98824160774922,639.96394834724,409.96394834724003,100,STABLE,2025-12-26
SKU0013,south,178,161.28053996648384,195.97381996474525,34.6932799982614,3,483.84161989945153,104.07983999478421,587.9214598942358,409.9214598942358,200,STABLE,2025-12-26
SKU0050,east,129,102.38218269723748,134.67860400589876,32.29642130866128,4,409.52873078894993,129.18568523464512,538.714416023595,409.71441602359505,50,STABLE,2025-12-26
SKU0027,north,153,138.022824122645,187.3511303916637,49.3283062690187,3,414.068472367935,147.9849188070561,562.053391174991,409.053391174991,200,STABLE,2025-12-26
SKU0050,south,165,111.18222576284086,143.49102539890683,32.30879963606597,4,444.72890305136343,129.23519854426388,573.9641015956273,408.9641015956273,50,STABLE,2025-12-26
SKU0030,south,269,138.43961900200532,169.4808081464154,31.041189144410083,4,553.7584760080213,124.16475657764033,677.9232325856616,408.9232325856616,100,STABLE,2025-12-26
SKU0050,east,129,102.35724130920347,134.39637880618952,32.039137496986044,4,409.4289652368139,128.15654998794417,537.5855152247581,408.58551522475807,50,STABLE,2025-12-26
SKU0050,west,210,122.26632760935334,154.5574276253366,32.29110001598326,4,489.06531043741336,129.16440006393304,618.2297105013464,408.2297105013464,50,STABLE,2025-12-26
SKU0013,east,131,145.01786316067168,179.67016653256965,34.65230337189797,3,435.053589482015,103.95691011569392,539.010499597709,408.010499597709,200,STABLE,2025-12-26
SKU0019,south,169,128.9241839005806,144.24614406056622,15.321960159985622,4,515.6967356023224,61.28784063994249,576.9845762422649,407.9845762422649,50,STABLE,2025-12-26
SKU0050,west,210,122.04492837896704,154.39799508094637,32.35306670197933,4,488.1797135158682,129.41226680791732,617.5919803237855,407.5919803237855,50,STABLE,2025-12-26
SKU0011,east,299,124.05891859876664,176.59604756811453,52.53712896934789,4,496.23567439506655,210.14851587739156,706.3841902724581,407.3841902724581,50,STABLE,2025-12-26
SKU0013,east,131,144.56495276187087,179.38985810585163,34.82490534398076,3,433.6948582856126,104.47471603194228,538.1695743175549,407.16957431755486,200,STABLE,2025-12-26
SKU0050,east,129,101.60600212229662,133.88041930905828,32.27441718676167,4,406.42400848918646,129.09766874704667,535.5216772362331,406.52167723623313,50,STABLE,2025-12-26
SKU0013,west,214,171.52315108563636,206.71227846516248,35.18912737952613,3,514.5694532569091,105.56738213857838,620.1368353954875,406.13683539548754,200,STABLE,2025-12-26
SKU0013,east,131,144.28244955492613,178.74961295653463,34.4671634016085,3,432.8473486647784,103.4014902048255,536.2488388696039,405.2488388696039,200,STABLE,2025-12-26
SKU0011,east,299,123.46117267500378,175.99324190730388,52.5320692323001,4,493.8446907000151,210.1282769292004,703.9729676292155,404.97296762921553,50,STABLE,2025-12-26
SKU0020,south,129,137.01880609221067,177.86040954397936,40.84160345176869,3,411.05641827663203,122.52481035530607,533.5812286319381,404.5812286319381,200,STABLE,2025-12-26
SKU0030,south,269,137.2824814332951,168.31061889908557,31.02813746579048,4,549.1299257331804,124.11254986316192,673.2424755963423,404.2424755963423,100,STABLE,2025-12-26
SKU0019,south,169,127.63486664260452,142.97038422967813,15.33551758707361,4,510.5394665704181,61.34207034829444,571.8815369187125,402.8815369187125,50,STABLE,2025-12-26
SKU0020,south,129,136.43734651404162,177.28648513621437,40.849138622172745,3,409.31203954212486,122.54741586651824,531.859455408643,402.85945540864304,200,STABLE,2025-12-26
SKU0050,east,129,100.57180488343856,132.904484951973,32.33268006853443,4,402.28721953375424,129.33072027413772,531.617939807892,402.61793980789196,50,STABLE,2025-12-26
SKU0030,south,269,136.80290670481563,167.86509035659793,31.062183651782306,4,547.2116268192625,124.24873460712922,671.4603614263917,402.4603614263917,100,STABLE,2025-12-26
SKU0013,east,131,142.5005350637164,177.5767382771589,35.07620321344251,3,427.5016051911492,105.22860964032753,532.7302148314768,401.7302148314768,200,STABLE,2025-12-26
SKU0002,north,144,160.37232008718885,181.858214061288,21.485893974099156,3,481.11696026156653,64.45768192229747,545.574642183864,401.57464218386394,200,STABLE,2025-12-26
SKU0020,south,129,135.64511085330673,176.49149780616364,40.8463869528569,3,406.9353325599202,122.53916085857071,529.474493418491,400.47449341849097,200,STABLE,2025-12-26
SKU0019,west,181,130.02367953174277,145.2971201694529,15.273440637710138,4,520.0947181269711,61.09376255084055,581.1884806778116,400.18848067781164,50,STABLE,2025-12-26
SKU0020,south,129,135.51480257194487,176.3846178257875,40.86981525384263,3,406.5444077158346,122.6094457615279,529.1538534773625,400.15385347736253,200,STABLE,2025-12-26
SKU0020,south,129,135.4730059635835,176.34720986393006,40.87420390034657,3,406.41901789075047,122.62261170103972,529.0416295917902,400.0416295917902,200,STABLE,2025-12-26
SKU0002,north,144,159.78834312528934,181.29991548194448,21.511572356655137,3,479.36502937586806,64.53471706996541,543.8997464458334,399.89974644583344,200,STABLE,2025-12-26
SKU0019,south,169,126.79188756993696,142.09237970534826,15.300492135411304,4,507.16755027974784,61.201968541645215,568.3695188213931,399.36951882139306,50,STABLE,2025-12-26
SKU0019,west,181,129.58370014973457,144.87574968862796,15.292049538893394,4,518.3348005989383,61.16819815557358,579.5029987545119,398.50299875451185,50,STABLE,2025-12-26
SKU0002,north,144,159.33004310005177,180.8267471626606,21.496704062608842,3,477.99012930015533,64.49011218782653,542.4802414879819,398.48024148798186,200,STABLE,2025-12-26
SKU0002,east,168,167.11718943082496,188.5966378868005,21.47944845597553,3,501.3515682924749,64.43834536792659,565.7899136604015,397.78991366040145,200,STABLE,2025-12-26
SKU0013,east,131,141.29893500245328,175.66934517346786,34.37041017101458,3,423.89680500735983,103.11123051304375,527.0080355204036,396.0080355204036,200,STABLE,2025-12-26
SKU0019,west,181,128.9241839005806,144.24614406056622,15.321960159985622,4,515.6967356023224,61.28784063994249,576.9845762422649,395.9845762422649,50,STABLE,2025-12-26
SKU0013,south,178,156.56932314716047,191.3049979587056,34.735674811545124,3,469.7079694414814,104.20702443463537,573.9149938761168,395.9149938761168,200,STABLE,2025-12-26
SKU0002,north,144,158.48649683703374,179.9711004187298,21.484603581696064,3,475.4594905111012,64.45381074508819,539.9133012561894,395.91330125618936,200,STABLE,2025-12-26
SKU0013,south,178,156.65008729278628,191.08388259635404,34.43379530356776,3,469.95026187835884,103.30138591070329,573.2516477890622,395.2516477890622,200,STABLE,2025-12-26
SKU0013,south,178,156.16584716621983,191.0376847362489,34.87183757002907,3,468.49754149865953,104.61551271008722,573.1130542087467,395.1130542087467,200,STABLE,2025-12-26
SKU0036,west,230,113.8344241834894,156.19909576856026,42.36467158507085,4,455.3376967339576,169.4586863402834,624.796383074241,394.796383074241,100,STABLE,2025-12-26
SKU0030,south,269,134.79443702359458,165.84046242739274,31.046025403798154,4,539.1777480943783,124.18410161519262,663.361849709571,394.36184970957095,100,STABLE,2025-12-26
SKU0036,south,255,121.65071016645588,162.26932792798675,40.61861776153087,4,486.6028406658235,162.47447104612348,649.077311711947,394.077311711947,100,STABLE,2025-12-26
SKU0013,east,131,140.3708686278835,174.94529474391192,34.574426116028405,3,421.11260588365053,103.72327834808522,524.8358842317357,393.8358842317357,200,STABLE,2025-12-26
SKU0011,east,299,120.425950395255,172.973734912554,52.54778451729899,4,481.70380158102,210.19113806919597,691.894939650216,392.894939650216,50,STABLE,2025-12-26
SKU0020,south,129,133.03932047720428,173.8673543535436,40.828033876339305,3,399.11796143161285,122.48410162901791,521.6020630606308,392.6020630606308,200,STABLE,2025-12-26
SKU0030,south,269,134.08100552627104,165.1554905501935,31.07448502392245,4,536.3240221050842,124.2979400956898,660.621962200774,391.62196220077396,100,STABLE,2025-12-26
SKU0011,north,369,137.3914606793201,190.02928299798344,52.63782231866335,4,549.5658427172804,210.5512892746534,760.1171319919338,391.1171319919338,50,STABLE,2025-12-26
SKU0019,west,181,127.63486664260452,142.97038422967813,15.33551758707361,4,510.5394665704181,61.34207034829444,571.8815369187125,390.8815369187125,50,STABLE,2025-12-26
SKU0020,south,129,132.2963108476664,173.12704959488204,40.830738747215634,3,396.8889325429992,122.4922162416469,519.3811487846461,390.38114878464614,200,STABLE,2025-12-26
SKU0019,south,169,124.401632158148,139.7447724311508,15.343140273002803,4,497.606528632592,61.37256109201121,558.9790897246032,389.9790897246032,50,STABLE,2025-12-26
SKU0019,south,169,124.44764872622612,139.74375274993795,15.296104023711834,4,497.7905949049045,61.184416094847336,558.9750109997518,389.9750109997518,50,STABLE,2025-12-26
SKU0030,south,269,133.41119930008463,164.4623261022749,31.051126802190254,4,533.6447972003385,124.20450720876102,657.8493044090995,388.84930440909955,100,STABLE,2025-12-26
SKU0011,east,299,119.4237060413131,171.94159755754055,52.51789151622745,4,477.6948241652524,210.0715660649098,687.7663902301622,388.7663902301622,50,STABLE,2025-12-26
SKU0036,west,230,88.79944059011694,154.6497840309131,65.85034344079617,4,355.1977623604678,263.40137376318467,618.5991361236524,388.59913612365244,100,STABLE,2025-12-26
SKU0011,east,299,119.06639457328512,171.60875992425284,52.542365350967714,4,476.2655782931405,210.16946140387086,686.4350396970113,387.43503969701135,50,STABLE,2025-12-26
SKU0019,west,181,126.79188756993696,142.09237970534826,15.300492135411304,4,507.16755027974784,61.201968541645215,568.3695188213931,387.36951882139306,50,STABLE,2025-12-26
SKU0050,south,165,105.64396382882566,137.89694222432985,32.252978395504186,4,422.57585531530265,129.01191358201675,551.5877688973194,386.5877688973194,50,STABLE,2025-12-26
SKU0020,south,129,130.82819533797982,171.6637879311399,40.83559259316007,3,392.48458601393946,122.50677777948022,514.9913637934196,385.9913637934196,200,STABLE,2025-12-26
SKU0013,east,131,137.3522214796211,172.2726025286747,34.92038104905359,3,412.0566644388633,104.76114314716077,516.8178075860241,385.81780758602406,200,STABLE,2025-12-26
SKU0036,south,255,95.07852848834288,160.1691330819338,65.09060459359092,4,380.31411395337153,260.3624183743637,640.6765323277352,385.67653232773523,100,STABLE,2025-12-26
SKU0011,north,369,135.97008209070518,188.6166508425264,52.646568751821235,4,543.8803283628207,210.58627500728494,754.4666033701056,385.46660337010564,50,STABLE,2025-12-26
SKU0019,south,169,123.29541911669418,138.60579961637083,15.310380499676654,4,493.1816764667767,61.24152199870662,554.4231984654833,385.4231984654833,50,STABLE,2025-12-26
SKU0011,north,369,135.99052370711078,188.60383321945432,52.613309512343534,4,543.9620948284431,210.45323804937414,754.4153328778173,385.41533287781726,50,STABLE,2025-12-26
SKU0019,south,169,123.23638758803422,138.51803244371624,15.281644855682018,4,492.9455503521369,61.12657942272807,554.072129774865,385.07212977486495,50,STABLE,2025-12-26
SKU0013,east,131,137.65173048841513,171.99205146803965,34.34032097962452,3,412.9551914652454,103.02096293887357,515.9761544041189,384.9761544041189,200,STABLE,2025-12-26
SKU0036,south,255,121.2439266848727,159.99098708681,38.747060401937304,4,484.9757067394908,154.98824160774922,639.96394834724,384.96394834724003,100,STABLE,2025-12-26
SKU0036,west,230,94.48172086702314,153.69670405672431,59.21498318970117,4,377.92688346809257,236.8599327588047,614.7868162268973,384.78681622689726,100,STABLE,2025-12-26
SKU0013,east,131,137.7231911664373,171.92774860306733,34.20455743663004,3,413.16957349931187,102.61367230989012,515.783245809202,384.78324580920196,200,STABLE,2025-12-26
SKU0020,east,149,137.01880609221067,177.86040954397936,40.84160345176869,3,411.05641827663203,122.52481035530607,533.5812286319381,384.5812286319381,200,STABLE,2025-12-26
SKU0013,east,131,137.37394837595343,171.77550480978846,34.401556433835026,3,412.1218451278603,103.20466930150508,515.3265144293654,384.3265144293654,200,STABLE,2025-12-26
SKU0050,south,165,104.9695806297891,137.22869396893498,32.25911333914587,4,419.8783225191564,129.03645335658348,548.9147758757399,383.9147758757399,50,STABLE,2025-12-26
SKU0020,east,149,136.43734651404162,177.28648513621437,40.849138622172745,3,409.31203954212486,122.54741586651824,531.859455408643,382.85945540864304,200,STABLE,2025-12-26
SKU0020,south,129,129.63231231624746,170.45800073422834,40.82568841798087,3,388.8969369487424,122.47706525394261,511.374002202685,382.374002202685,200,STABLE,2025-12-26
SKU0002,north,144,153.94047049003245,175.44526794563907,21.50479745560662,3,461.82141147009736,64.51439236681986,526.3358038369172,382.3358038369172,200,STABLE,2025-12-26
SKU0036,west,230,103.25507383863976,153.02036361635135,49.76528977771159,4,413.02029535455904,199.06115911084635,612.0814544654054,382.0814544654054,100,STABLE,2025-12-26
SKU0036,north,267,121.65071016645588,162.26932792798675,40.61861776153087,4,486.6028406658235,162.47447104612348,649.077311711947,382.077311711947,100,STABLE,2025-12-26
SKU0050,west,210,115.64360609419174,147.92553359134544,32.2819274971537,4,462.57442437676696,129.1277099886148,591.7021343653818,381.70213436538177,50,STABLE,2025-12-26
SKU0013,east,131,136.4850421193467,170.79629650360386,34.311254384257154,3,409.4551263580401,102.93376315277146,512.3888895108116,381.3888895108116,200,STABLE,2025-12-26
SKU0036,west,230,99.6662605341882,152.83311793673374,53.166857402545546,4,398.6650421367528,212.66742961018218,611.332471746935,381.33247174693497,100,STABLE,2025-12-26
SKU0013,south,178,151.65764443320276,186.2703444070756,34.61269997387285,3,454.97293329960826,103.83809992161855,558.8110332212268,380.8110332212268,200,STABLE,2025-12-26
SKU0020,east,149,135.64511085330673,176.49149780616364,40.8463869528569,3,406.9353325599202,122.53916085857071,529.474493418491,380.47449341849097,200,STABLE,2025-12-26
SKU0030,south,269,131.28858292989727,162.35675334441083,31.06817041451356,4,525.1543317195891,124.27268165805424,649.4270133776433,380.42701337764333,100,STABLE,2025-12-26
SKU0020,east,149,135.51480257194487,176.3846178257875,40.86981525384263,3,406.5444077158346,122.6094457615279,529.1538534773625,380.15385347736253,200,STABLE,2025-12-26
SKU0020,east,149,135.4730059635835,176.34720986393006,40.87420390034657,3,406.41901789075047,122.62261170103972,529.0416295917902,380.0416295917902,200,STABLE,2025-12-26
SKU0013,east,131,135.53125708985928,170.06869644398014,34.53743935412086,3,406.5937712695778,103.61231806236259,510.2060893319404,379.2060893319404,200,STABLE,2025-12-26
SKU0020,south,129,128.54572328817562,169.37958134750863,40.83385805933301,3,385.63716986452687,122.50157417799903,508.1387440425259,379.1387440425259,200,STABLE,2025-12-26
SKU0036,west,230,101.3410069797782,152.2053121676159,50.86430518783769,4,405.3640279191128,203.45722075135075,608.8212486704635,378.82124867046355,100,STABLE,2025-12-26
SKU0020,south,129,128.3203194378166,169.1577746891125,40.83745525129589,3,384.96095831344985,122.51236575388768,507.47332406733756,378.47332406733756,200,STABLE,2025-12-26
SKU0013,west,214,162.36002312387336,197.382533136778,35.02251001290463,3,487.0800693716201,105.0675300387139,592.147599410334,378.147599410334,200,STABLE,2025-12-26
SKU0019,west,181,124.401632158148,139.7447724311508,15.343140273002803,4,497.606528632592,61.37256109201121,558.9790897246032,377.9790897246032,50,STABLE,2025-12-26
SKU0019,west,181,124.44764872622612,139.74375274993795,15.296104023711834,4,497.7905949049045,61.184416094847336,558.9750109997518,377.9750109997518,50,STABLE,2025-12-26
SKU0036,west,230,88.46051743884671,151.97682225395542,63.51630481510871,4,353.84206975538683,254.06521926043484,607.9072890158217,377.9072890158217,100,STABLE,2025-12-26
SKU0013,south,178,150.28431241099372,185.25489989705747,34.97058748606375,3,450.85293723298116,104.91176245819125,555.7646996911724,377.7646996911724,200,STABLE,2025-12-26
SKU0002,east,168,160.37232008718885,181.858214061288,21.485893974099156,3,481.11696026156653,64.45768192229747,545.574642183864,377.57464218386394,200,STABLE,2025-12-26
SKU0020,south,129,127.98397007429467,168.84234706661852,40.85837699232384,3,383.951910222884,122.57513097697152,506.52704119985555,377.52704119985555,200,STABLE,2025-12-26
SKU0002,north,144,152.20158573405345,173.70343436264426,21.501848628590807,3,456.6047572021604,64.50554588577242,521.1103030879328,377.11030308793283,200,STABLE,2025-12-26
SKU0019,south,169,121.15377166777078,136.42488335922135,15.271111691450571,4,484.61508667108313,61.084446765802284,545.6995334368854,376.6995334368854,50,STABLE,2025-12-26
SKU0030,south,269,130.79755514368617,161.39121274908325,30.593657605397084,4,523.1902205747447,122.37463042158834,645.564850996333,376.564850996333,100,STABLE,2025-12-26
SKU0027,east,186,138.022824122645,187.3511303916637,49.3283062690187,3,414.068472367935,147.9849188070561,562.053391174991,376.053391174991,200,STABLE,2025-12-26
SKU0002,east,168,159.78834312528934,181.29991548194448,21.511572356655137,3,479.36502937586806,64.53471706996541,543.8997464458334,375.89974644583344,200,STABLE,2025-12-26
SKU0002,north,144,151.69541840516047,173.1898834410178,21.49446503585733,3,455.0862552154814,64.483395107572,519.5696503230533,375.56965032305334,200,STABLE,2025-12-26
SKU0020,south,129,127.2355003361334,168.09742209919443,40.861921763061034,3,381.7065010084002,122.5857652891831,504.2922662975833,375.2922662975833,200,STABLE,2025-12-26
SKU0013,south,178,149.2106536189454,184.342376767308,35.131723148362596,3,447.6319608568362,105.39516944508779,553.027130301924,375.027130301924,200,STABLE,2025-12-26
SKU0036,west,230,102.83006899864613,151.25657999948817,48.42651100084204,4,411.3202759945845,193.70604400336816,605.0263199979527,375.02631999795267,100,STABLE,2025-12-26
SKU0011,north,369,133.2699164921692,185.8992866287977,52.62937013662852,4,533.0796659686767,210.5174805465141,743.5971465151908,374.59714651519084,50,STABLE,2025-12-26
SKU0002,east,168,159.33004310005177,180.8267471626606,21.496704062608842,3,477.99012930015533,64.49011218782653,542.4802414879819,374.48024148798186,200,STABLE,2025-12-26
SKU0013,east,131,134.14320330292563,168.42638024688495,34.28317694395932,3,402.4296099087769,102.84953083187796,505.27914074065484,374.27914074065484,200,STABLE,2025-12-26
SKU0027,south,188,138.022824122645,187.3511303916637,49.3283062690187,3,414.068472367935,147.9849188070561,562.053391174991,374.053391174991,200,STABLE,2025-12-26
SKU0030,south,269,129.7300906926436,160.7623485514234,31.032257858779786,4,518.9203627705745,124.12903143511915,643.0493942056936,374.0493942056936,100,STABLE,2025-12-26
SKU0013,west,214,161.28053996648384,195.97381996474525,34.6932799982614,3,483.84161989945153,104.07983999478421,587.9214598942358,373.9214598942358,200,STABLE,2025-12-26
SKU0050,north,374,154.70385950721376,186.96493033911096,32.2610708318972,4,618.815438028855,129.0442833275888,747.8597213564439,373.85972135644386,50,STABLE,2025-12-26
SKU0050,south,165,102.38218269723748,134.67860400589876,32.29642130866128,4,409.52873078894993,129.18568523464512,538.714416023595,373.71441602359505,50,STABLE,2025-12-26
SKU0036,north,267,95.07852848834288,160.1691330819338,65.09060459359092,4,380.31411395337153,260.3624183743637,640.6765323277352,373.67653232773523,100,STABLE,2025-12-26
SKU0011,north,369,133.04513043039051,185.66633280161037,52.62120237121985,4,532.1805217215621,210.4848094848794,742.6653312064415,373.66533120644146,50,STABLE,2025-12-26
SKU0019,west,181,123.29541911669418,138.60579961637083,15.310380499676654,4,493.1816764667767,61.24152199870662,554.4231984654833,373.4231984654833,50,STABLE,2025-12-26
SKU0013,east,131,133.8488184667482,168.07867925045423,34.229860783706016,3,401.54645540024467,102.68958235111805,504.2360377513627,373.2360377513627,200,STABLE,2025-12-26
SKU0019,west,181,123.23638758803422,138.51803244371624,15.281644855682018,4,492.9455503521369,61.12657942272807,554.072129774865,373.07212977486495,50,STABLE,2025-12-26
SKU0036,north,267,121.2439266848727,159.99098708681,38.747060401937304,4,484.9757067394908,154.98824160774922,639.96394834724,372.96394834724003,100,STABLE,2025-12-26
SKU0020,east,149,133.03932047720428,173.8673543535436,40.828033876339305,3,399.11796143161285,122.48410162901791,521.6020630606308,372.6020630606308,200,STABLE,2025-12-26
SKU0050,south,165,102.35724130920347,134.39637880618952,32.039137496986044,4,409.4289652368139,128.15654998794417,537.5855152247581,372.58551522475807,50,STABLE,2025-12-26
SKU0002,east,168,158.48649683703374,179.9711004187298,21.484603581696064,3,475.4594905111012,64.45381074508819,539.9133012561894,371.91330125618936,200,STABLE,2025-12-26
SKU0050,south,165,101.60600212229662,133.88041930905828,32.27441718676167,4,406.42400848918646,129.09766874704667,535.5216772362331,370.52167723623313,50,STABLE,2025-12-26
SKU0020,east,149,132.2963108476664,173.12704959488204,40.830738747215634,3,396.8889325429992,122.4922162416469,519.3811487846461,370.38114878464614,200,STABLE,2025-12-26
SKU0036,south,255,113.8344241834894,156.19909576856026,42.36467158507085,4,455.3376967339576,169.4586863402834,624.796383074241,369.796383074241,100,STABLE,2025-12-26
SKU0002,north,144,149.68629818584134,171.19432783232077,21.50802964647943,3,449.058894557524,64.52408893943829,513.5829834969622,369.58298349696224,200,STABLE,2025-12-26
SKU0030,south,269,128.53115668140873,159.55538809035113,31.0242314089424,4,514.1246267256349,124.0969256357696,638.2215523614045,369.2215523614045,100,STABLE,2025-12-26
SKU0050,north,374,153.47930436563945,185.73504422166883,32.25573985602938,4,613.9172174625578,129.02295942411752,742.9401768866753,368.9401768866753,50,STABLE,2025-12-26
SKU0019,south,169,119.15694334085468,134.42590363981785,15.268960298963165,4,476.6277733634187,61.07584119585266,537.7036145592714,368.7036145592714,50,STABLE,2025-12-26
SKU0020,south,129,124.96703054528705,165.81094058599533,40.84391004070828,3,374.9010916358611,122.53173012212484,497.43282175798595,368.43282175798595,200,STABLE,2025-12-26
SKU0011,north,369,131.63684754915195,184.24252991306528,52.60568236391333,4,526.5473901966078,210.42272945565333,736.9701196522611,367.97011965226113,50,STABLE,2025-12-26
SKU0013,east,131,131.6556355067004,166.15733396799897,34.50169846129856,3,394.96690652010125,103.50509538389568,498.4720019039969,367.4720019039969,200,STABLE,2025-12-26
SKU0050,south,165,100.57180488343856,132.904484951973,32.33268006853443,4,402.28721953375424,129.33072027413772,531.617939807892,366.61793980789196,50,STABLE,2025-12-26
SKU0020,east,149,130.82819533797982,171.6637879311399,40.83559259316007,3,392.48458601393946,122.50677777948022,514.9913637934196,365.9913637934196,200,STABLE,2025-12-26
SKU0030,south,269,127.48761661472568,158.575786423366,31.088169808640316,4,509.9504664589027,124.35267923456126,634.303145693464,365.303145693464,100,STABLE,2025-12-26
SKU0013,south,178,146.77272517215326,181.0287813990099,34.25605622685663,3,440.31817551645975,102.76816868056989,543.0863441970296,365.0863441970296,200,STABLE,2025-12-26
SKU0019,west,181,121.15377166777078,136.42488335922135,15.271111691450571,4,484.61508667108313,61.084446765802284,545.6995334368854,364.6995334368854,50,STABLE,2025-12-26
SKU0020,south,129,123.57661010205928,164.4059482312875,40.82933812922823,3,370.72983030617786,122.4880143876847,493.21784469386256,364.21784469386256,200,STABLE,2025-12-26
SKU0050,west,210,111.18222576284086,143.49102539890683,32.30879963606597,4,444.72890305136343,129.23519854426388,573.9641015956273,363.9641015956273,50,STABLE,2025-12-26
SKU0036,south,255,88.79944059011694,154.6497840309131,65.85034344079617,4,355.1977623604678,263.40137376318467,618.5991361236524,363.59913612365244,100,STABLE,2025-12-26
SKU0030,south,269,127.5003446648938,158.0853334319964,30.584988767102587,4,510.0013786595752,122.33995506841035,632.3413337279856,363.34133372798556,100,STABLE,2025-12-26
SKU0036,west,230,104.30837333582484,148.31347939214135,44.00510605631651,4,417.23349334329936,176.02042422526603,593.2539175685654,363.2539175685654,100,STABLE,2025-12-26
SKU0030,south,269,127.00378406799804,158.0208439723607,31.017059904362654,4,508.01513627199216,124.06823961745062,632.0833758894428,363.0833758894428,100,STABLE,2025-12-26
SKU0020,east,149,129.63231231624746,170.45800073422834,40.82568841798087,3,388.8969369487424,122.47706525394261,511.374002202685,362.374002202685,200,STABLE,2025-12-26
SKU0011,east,299,112.82992098168076,165.3350224324531,52.50510145077233,4,451.31968392672303,210.02040580308932,661.3400897298123,362.34008972981235,50,STABLE,2025-12-26
SKU0011,north,369,130.23305866831672,182.7982620104153,52.565203342098584,4,520.9322346732669,210.26081336839434,731.1930480416612,362.1930480416612,50,STABLE,2025-12-26
SKU0011,east,299,112.65829804176948,165.16751730508662,52.509219263317135,4,450.63319216707794,210.03687705326854,660.6700692203465,361.6700692203465,50,STABLE,2025-12-26
SKU0013,east,131,129.3629666386894,164.14250070590353,34.77953406721414,3,388.08889991606816,104.33860220164243,492.42750211771056,361.42750211771056,200,STABLE,2025-12-26
SKU0011,east,299,112.56406590741388,165.077546856223,52.51348094880912,4,450.2562636296555,210.05392379523647,660.310187424892,361.310187424892,50,STABLE,2025-12-26
SKU0013,south,178,145.01786316067168,179.67016653256965,34.65230337189797,3,435.053589482015,103.95691011569392,539.010499597709,361.010499597709,200,STABLE,2025-12-26
SKU0013,south,178,144.56495276187087,179.38985810585163,34.82490534398076,3,433.6948582856126,104.47471603194228,538.1695743175549,360.16957431755486,200,STABLE,2025-12-26
SKU0011,east,299,112.2464825569144,164.76893870459287,52.52245614767847,4,448.9859302276576,210.08982459071387,659.0757548183715,360.0757548183715,50,STABLE,2025-12-26
SKU0013,west,214,156.56932314716047,191.3049979587056,34.735674811545124,3,469.7079694414814,104.20702443463537,573.9149938761168,359.9149938761168,200,STABLE,2025-12-26
SKU0036,south,255,94.48172086702314,153.69670405672431,59.21498318970117,4,377.92688346809257,236.8599327588047,614.7868162268973,359.78681622689726,100,STABLE,2025-12-26
SKU0011,north,369,129.48179635657306,182.0661043942046,52.58430803763153,4,517.9271854262922,210.33723215052612,728.2644175768183,359.26441757681835,50,STABLE,2025-12-26
SKU0013,west,214,156.65008729278628,191.08388259635404,34.43379530356776,3,469.95026187835884,103.30138591070329,573.2516477890622,359.2516477890622,200,STABLE,2025-12-26
SKU0020,east,149,128.54572328817562,169.37958134750863,40.83385805933301,3,385.63716986452687,122.50157417799903,508.1387440425259,359.1387440425259,200,STABLE,2025-12-26
SKU0013,west,214,156.16584716621983,191.0376847362489,34.87183757002907,3,468.49754149865953,104.61551271008722,573.1130542087467,359.1130542087467,200,STABLE,2025-12-26
SKU0020,south,129,121.68756070773328,162.54263655132445,40.855075843591166,3,365.06268212319986,122.5652275307735,487.62790965397335,358.62790965397335,200,STABLE,2025-12-26
SKU0020,east,149,128.3203194378166,169.1577746891125,40.83745525129589,3,384.96095831344985,122.51236575388768,507.47332406733756,358.47332406733756,200,STABLE,2025-12-26
SKU0002,east,168,153.94047049003245,175.44526794563907,21.50479745560662,3,461.82141147009736,64.51439236681986,526.3358038369172,358.3358038369172,200,STABLE,2025-12-26
SKU0013,south,178,144.28244955492613,178.74961295653463,34.4671634016085,3,432.8473486647784,103.4014902048255,536.2488388696039,358.2488388696039,200,STABLE,2025-12-26
SKU0011,east,299,111.72222059872166,164.2494008030115,52.527180204289834,4,446.88888239488665,210.10872081715934,656.997603212046,357.997603212046,50,STABLE,2025-12-26
SKU0036,north,267,113.8344241834894,156.19909576856026,42.36467158507085,4,455.3376967339576,169.4586863402834,624.796383074241,357.796383074241,100,STABLE,2025-12-26
SKU0020,east,149,127.98397007429467,168.84234706661852,40.85837699232384,3,383.951910222884,122.57513097697152,506.52704119985555,357.52704119985555,200,STABLE,2025-12-26
SKU0036,south,255,103.25507383863976,153.02036361635135,49.76528977771159,4,413.02029535455904,199.06115911084635,612.0814544654054,357.0814544654054,100,STABLE,2025-12-26
SKU0030,south,269,125.9376323369254,156.51440479407802,30.576772457152614,4,503.7505293477016,122.30708982861046,626.0576191763121,357.0576191763121,100,STABLE,2025-12-26
SKU0019,west,181,119.15694334085468,134.42590363981785,15.268960298963165,4,476.6277733634187,61.07584119585266,537.7036145592714,356.7036145592714,50,STABLE,2025-12-26
SKU0011,east,299,111.4134319827756,163.91071022296407,52.497278240188464,4,445.6537279311024,209.98911296075386,655.6428408918563,356.6428408918563,50,STABLE,2025-12-26
SKU0036,south,255,99.6662605341882,152.83311793673374,53.166857402545546,4,398.6650421367528,212.66742961018218,611.332471746935,356.33247174693497,100,STABLE,2025-12-26
SKU0019,south,169,116.02728008210669,131.3032418201868,15.275961738080113,4,464.10912032842674,61.10384695232045,525.2129672807472,356.2129672807472,50,STABLE,2025-12-26
SKU0011,north,369,128.65670218385327,181.22812157188145,52.571419388028175,4,514.6268087354131,210.2856775521127,724.9124862875258,355.9124862875258,50,STABLE,2025-12-26
SKU0020,east,149,127.2355003361334,168.09742209919443,40.861921763061034,3,381.7065010084002,122.5857652891831,504.2922662975833,355.2922662975833,200,STABLE,2025-12-26
SKU0011,east,299,110.9669143298967,163.468036999513,52.50112266961631,4,443.8676573195868,210.00449067846523,653.872147998052,354.872147998052,50,STABLE,2025-12-26
SKU0013,south,178,142.5005350637164,177.5767382771589,35.07620321344251,3,427.5016051911492,105.22860964032753,532.7302148314768,354.7302148314768,200,STABLE,2025-12-26
SKU0030,south,269,124.83658685344967,155.9177321768293,31.08114532337963,4,499.3463474137987,124.32458129351852,623.6709287073172,354.6709287073172,100,STABLE,2025-12-26
SKU0050,east,129,88.55296523160152,120.81030749179962,32.2573422601981,4,354.2118609264061,129.0293690407924,483.2412299671985,354.2412299671985,50,STABLE,2025-12-26
SKU0011,north,369,128.15301271899858,180.7513247527432,52.598312033744605,4,512.6120508759943,210.39324813497842,723.0052990109727,354.00529901097275,50,STABLE,2025-12-26
SKU0036,south,255,101.3410069797782,152.2053121676159,50.86430518783769,4,405.3640279191128,203.45722075135075,608.8212486704635,353.82124867046355,100,STABLE,2025-12-26
SKU0050,north,374,149.63420373421002,181.91218849906863,32.277984764858616,4,598.5368149368401,129.11193905943446,727.6487539962745,353.64875399627454,50,STABLE,2025-12-26
SKU0002,east,168,152.20158573405345,173.70343436264426,21.501848628590807,3,456.6047572021604,64.50554588577242,521.1103030879328,353.11030308793283,200,STABLE,2025-12-26
SKU0036,south,255,88.46051743884671,151.97682225395542,63.51630481510871,4,353.84206975538683,254.06521926043484,607.9072890158217,352.9072890158217,100,STABLE,2025-12-26
SKU0030,south,269,124.82391445922592,155.3855097635844,30.561595304358477,4,499.2956578369037,122.2463812174339,621.5420390543376,352.5420390543376,100,STABLE,2025-12-26
SKU0036,north,267,88.79944059011694,154.6497840309131,65.85034344079617,4,355.1977623604678,263.40137376318467,618.5991361236524,351.59913612365244,100,STABLE,2025-12-26
SKU0002,east,168,151.69541840516047,173.1898834410178,21.49446503585733,3,455.0862552154814,64.483395107572,519.5696503230533,351.56965032305334,200,STABLE,2025-12-26
SKU0036,west,230,81.02550748920723,145.33838577758405,64.31287828837682,4,324.1020299568289,257.2515131535073,581.3535431103362,351.3535431103362,100,STABLE,2025-12-26
SKU0002,north,144,143.55604422657638,165.071499555645,21.51545532906863,3,430.6681326797291,64.54636598720589,495.214498666935,351.214498666935,200,STABLE,2025-12-26
SKU0030,south,269,124.3159278976959,154.88490983842442,30.56898194072852,4,497.2637115907836,122.27592776291408,619.5396393536977,350.5396393536977,100,STABLE,2025-12-26
SKU0036,south,255,102.83006899864613,151.25657999948817,48.42651100084204,4,411.3202759945845,193.70604400336816,605.0263199979527,350.02631999795267,100,STABLE,2025-12-26
SKU0019,south,169,114.40666727441076,129.6915096956709,15.284842421260137,4,457.62666909764306,61.13936968504055,518.7660387826836,349.7660387826836,50,STABLE,2025-12-26
SKU0013,south,178,141.29893500245328,175.66934517346786,34.37041017101458,3,423.89680500735983,103.11123051304375,527.0080355204036,349.0080355204036,200,STABLE,2025-12-26
SKU0002,north,144,142.81741661046192,164.3165749849378,21.499158374475883,3,428.45224983138576,64.49747512342765,492.9497249548134,348.9497249548134,200,STABLE,2025-12-26
SKU0019,south,169,114.21753106130332,129.4845040239582,15.26697296265489,4,456.8701242452133,61.06789185061956,517.9380160958328,348.93801609583284,50,STABLE,2025-12-26
SKU0020,east,149,124.96703054528705,165.81094058599533,40.84391004070828,3,374.9010916358611,122.53173012212484,497.43282175798595,348.43282175798595,200,STABLE,2025-12-26
SKU0036,north,267,94.48172086702314,153.69670405672431,59.21498318970117,4,377.92688346809257,236.8599327588047,614.7868162268973,347.78681622689726,100,STABLE,2025-12-26
SKU0013,south,178,140.3708686278835,174.94529474391192,34.574426116028405,3,421.11260588365053,103.72327834808522,524.8358842317357,346.8358842317357,200,STABLE,2025-12-26
SKU0030,south,269,122.67476902160448,153.731276824903,31.05650780329853,4,490.6990760864179,124.22603121319412,614.925107299612,345.925107299612,100,STABLE,2025-12-26
SKU0011,north,369,126.13598807313784,178.7138403120953,52.57785223895746,4,504.54395229255135,210.31140895582985,714.8553612483812,345.8553612483812,50,STABLE,2025-12-26
SKU0002,east,168,149.68629818584134,171.19432783232077,21.50802964647943,3,449.058894557524,64.52408893943829,513.5829834969622,345.58298349696224,200,STABLE,2025-12-26
SKU0036,north,267,103.25507383863976,153.02036361635135,49.76528977771159,4,413.02029535455904,199.06115911084635,612.0814544654054,345.0814544654054,100,STABLE,2025-12-26
SKU0013,west,214,151.65764443320276,186.2703444070756,34.61269997387285,3,454.97293329960826,103.83809992161855,558.8110332212268,344.8110332212268,200,STABLE,2025-12-26
SKU0036,north,267,99.6662605341882,152.83311793673374,53.166857402545546,4,398.6650421367528,212.66742961018218,611.332471746935,344.33247174693497,100,STABLE,2025-12-26
SKU0020,south,129,116.8919608839272,157.7576889816334,40.86572809770621,3,350.6758826517816,122.59718429311863,473.2730669449002,344.2730669449002,200,STABLE,2025-12-26
SKU0020,east,149,123.57661010205928,164.4059482312875,40.82933812922823,3,370.72983030617786,122.4880143876847,493.21784469386256,344.21784469386256,200,STABLE,2025-12-26
SKU0019,west,181,116.02728008210669,131.3032418201868,15.275961738080113,4,464.10912032842674,61.10384695232045,525.2129672807472,344.2129672807472,50,STABLE,2025-12-26
SKU0020,south,129,116.85058291301604,157.70258451436075,40.85200160134471,3,350.5517487390481,122.55600480403413,473.10775354308225,344.10775354308225,200,STABLE,2025-12-26
SKU0030,south,269,122.21223099127717,153.24883529326237,31.036604301985207,4,488.84892396510867,124.14641720794083,612.9953411730495,343.9953411730495,100,STABLE,2025-12-26
SKU0002,north,144,140.8900359797982,162.4251255245675,21.535089544769306,3,422.6701079393946,64.60526863430792,487.2753765737025,343.2753765737025,200,STABLE,2025-12-26
SKU0036,west,230,91.15177743176118,143.18865514447674,52.036877712715565,4,364.6071097270447,208.14751085086226,572.754620577907,342.75462057790696,100,STABLE,2025-12-26
SKU0011,north,369,125.36413300295985,177.91752582297352,52.55339282001367,4,501.4565320118394,210.21357128005468,711.6701032918941,342.67010329189407,50,STABLE,2025-12-26
SKU0030,south,269,122.27462402540954,152.82921577374407,30.55459174833453,4,489.09849610163815,122.21836699333812,611.3168630949763,342.31686309497627,100,STABLE,2025-12-26
SKU0011,north,369,125.19484319455636,177.75404002402632,52.55919682946997,4,500.7793727782254,210.23678731787987,711.0161600961053,342.0161600961053,50,STABLE,2025-12-26
SKU0036,north,267,101.3410069797782,152.2053121676159,50.86430518783769,4,405.3640279191128,203.45722075135075,608.8212486704635,341.82124867046355,100,STABLE,2025-12-26
SKU0013,west,214,150.28431241099372,185.25489989705747,34.97058748606375,3,450.85293723298116,104.91176245819125,555.7646996911724,341.7646996911724,200,STABLE,2025-12-26
SKU0050,west,210,105.64396382882566,137.89694222432985,32.252978395504186,4,422.57585531530265,129.01191358201675,551.5877688973194,341.5877688973194,50,STABLE,2025-12-26
SKU0036,north,267,88.46051743884671,151.97682225395542,63.51630481510871,4,353.84206975538683,254.06521926043484,607.9072890158217,340.9072890158217,100,STABLE,2025-12-26
SKU0011,north,369,124.87306049981471,177.46425042407918,52.59118992426447,4,499.49224199925885,210.36475969705788,709.8570016963167,340.85700169631673,50,STABLE,2025-12-26
SKU0019,south,169,112.00056895374937,127.2609973317452,15.260428377995837,4,448.00227581499746,61.041713511983346,509.0439893269808,340.0439893269808,50,STABLE,2025-12-26
SKU0019,south,169,111.98501289971816,127.25015010506166,15.265137205343507,4,447.9400515988726,61.06054882137403,509.00060042024666,340.00060042024666,50,STABLE,2025-12-26
SKU0013,west,214,149.2106536189454,184.342376767308,35.131723148362596,3,447.6319608568362,105.39516944508779,553.027130301924,339.027130301924,200,STABLE,2025-12-26
SKU0050,west,210,104.9695806297891,137.22869396893498,32.25911333914587,4,419.8783225191564,129.03645335658348,548.9147758757399,338.9147758757399,50,STABLE,2025-12-26
SKU0013,south,178,137.3522214796211,172.2726025286747,34.92038104905359,3,412.0566644388633,104.76114314716077,516.8178075860241,338.81780758602406,200,STABLE,2025-12-26
SKU0020,east,149,121.68756070773328,162.54263655132445,40.855075843591166,3,365.06268212319986,122.5652275307735,487.62790965397335,338.62790965397335,200,STABLE,2025-12-26
SKU0008,east,138,413.8332889279175,476.5740357998939,62.7407468719764,1,413.8332889279175,62.7407468719764,476.5740357998939,338.5740357998939,50,STABLE,2025-12-26
SKU0036,south,255,104.30837333582484,148.31347939214135,44.00510605631651,4,417.23349334329936,176.02042422526603,593.2539175685654,338.2539175685654,100,STABLE,2025-12-26
SKU0020,west,224,146.55278060610556,187.39223609366795,40.83945548756239,3,439.65834181831667,122.51836646268717,562.1767082810038,338.1767082810038,200,STABLE,2025-12-26
SKU0036,north,267,102.83006899864613,151.25657999948817,48.42651100084204,4,411.3202759945845,193.70604400336816,605.0263199979527,338.02631999795267,100,STABLE,2025-12-26
SKU0013,south,178,137.65173048841513,171.99205146803965,34.34032097962452,3,412.9551914652454,103.02096293887357,515.9761544041189,337.9761544041189,200,STABLE,2025-12-26
SKU0030,south,269,120.70430018168024,151.72482877864618,31.020528596965946,4,482.81720072672096,124.08211438786378,606.8993151145847,337.89931511458474,100,STABLE,2025-12-26
SKU0013,south,178,137.7231911664373,171.92774860306733,34.20455743663004,3,413.16957349931187,102.61367230989012,515.783245809202,337.78324580920196,200,STABLE,2025-12-26
SKU0019,west,181,114.40666727441076,129.6915096956709,15.284842421260137,4,457.62666909764306,61.13936968504055,518.7660387826836,337.7660387826836,50,STABLE,2025-12-26
SKU0020,south,129,114.72803514683665,155.55485450967203,40.82681936283538,3,344.18410544050994,122.48045808850614,466.66456352901605,337.66456352901605,200,STABLE,2025-12-26
SKU0020,south,129,114.6630351956716,155.49527804010802,40.83224284443642,3,343.9891055870148,122.49672853330927,466.48583412032406,337.48583412032406,200,STABLE,2025-12-26
SKU0036,west,230,86.53902345690977,141.85114819254488,55.31212473563511,4,346.1560938276391,221.24849894254044,567.4045927701795,337.40459277017953,100,STABLE,2025-12-26
SKU0011,north,369,124.05891859876664,176.59604756811453,52.53712896934789,4,496.23567439506655,210.14851587739156,706.3841902724581,337.3841902724581,50,STABLE,2025-12-26
SKU0013,south,178,137.37394837595343,171.77550480978846,34.401556433835026,3,412.1218451278603,103.20466930150508,515.3265144293654,337.3265144293654,200,STABLE,2025-12-26
SKU0019,west,181,114.21753106130332,129.4845040239582,15.26697296265489,4,456.8701242452133,61.06789185061956,517.9380160958328,336.93801609583284,50,STABLE,2025-12-26
SKU0019,south,169,111.17506899528595,126.43694416408,15.261875168794049,4,444.7002759811438,61.047500675176195,505.74777665632,336.74777665632,50,STABLE,2025-12-26
SKU0036,west,230,95.81405723353612,141.36890843309914,45.55485119956302,4,383.2562289341445,182.21940479825207,565.4756337323965,335.47563373239655,100,STABLE,2025-12-26
SKU0011,north,369,123.46117267500378,175.99324190730388,52.5320692323001,4,493.8446907000151,210.1282769292004,703.9729676292155,334.97296762921553,50,STABLE,2025-12-26
SKU0050,north,374,144.83609900630702,177.10436730688014,32.26826830057311,4,579.3443960252281,129.07307320229245,708.4174692275205,334.41746922752054,50,STABLE,2025-12-26
SKU0013,south,178,136.4850421193467,170.79629650360386,34.311254384257154,3,409.4551263580401,102.93376315277146,512.3888895108116,334.3888895108116,200,STABLE,2025-12-26
SKU0013,north,287,171.52315108563636,206.71227846516248,35.18912737952613,3,514.5694532569091,105.56738213857838,620.1368353954875,333.13683539548754,200,STABLE,2025-12-26
SKU0002,north,144,137.53629531070362,159.01433035207955,21.478035041375932,3,412.60888593211087,64.4341051241278,477.04299105623863,333.04299105623863,200,STABLE,2025-12-26
SKU0013,south,178,135.53125708985928,170.06869644398014,34.53743935412086,3,406.5937712695778,103.61231806236259,510.2060893319404,332.2060893319404,200,STABLE,2025-12-26
SKU0030,south,269,119.21926296243257,149.75495007516872,30.535687112736156,4,476.87705184973026,122.14274845094462,599.0198003006749,330.0198003006749,100,STABLE,2025-12-26
SKU0020,south,129,111.94834657892854,152.82726279875587,40.87891621982733,3,335.8450397367856,122.636748659482,458.48178839626763,329.48178839626763,200,STABLE,2025-12-26
SKU0050,north,374,143.57169421538202,175.8349285548146,32.263234339432586,4,574.2867768615281,129.05293735773034,703.3397142192584,329.33971421925844,50,STABLE,2025-12-26
SKU0013,west,214,146.77272517215326,181.0287813990099,34.25605622685663,3,440.31817551645975,102.76816868056989,543.0863441970296,329.0863441970296,200,STABLE,2025-12-26
SKU0050,west,210,102.38218269723748,134.67860400589876,32.29642130866128,4,409.52873078894993,129.18568523464512,538.714416023595,328.71441602359505,50,STABLE,2025-12-26
SKU0002,north,144,135.95010448219182,157.47959181727578,21.529487335083957,3,407.85031344657546,64.58846200525187,472.4387754518273,328.4387754518273,200,STABLE,2025-12-26
SKU0019,west,181,112.00056895374937,127.2609973317452,15.260428377995837,4,448.00227581499746,61.041713511983346,509.0439893269808,328.0439893269808,50,STABLE,2025-12-26
SKU0019,west,181,111.98501289971816,127.25015010506166,15.265137205343507,4,447.9400515988726,61.06054882137403,509.00060042024666,328.00060042024666,50,STABLE,2025-12-26
SKU0050,west,210,102.35724130920347,134.39637880618952,32.039137496986044,4,409.4289652368139,128.15654998794417,537.5855152247581,327.58551522475807,50,STABLE,2025-12-26
SKU0013,south,178,134.14320330292563,168.42638024688495,34.28317694395932,3,402.4296099087769,102.84953083187796,505.27914074065484,327.27914074065484,200,STABLE,2025-12-26
SKU0002,east,168,143.55604422657638,165.071499555645,21.51545532906863,3,430.6681326797291,64.54636598720589,495.214498666935,327.214498666935,200,STABLE,2025-12-26
SKU0020,south,129,111.00528787037564,151.82894251167502,40.823654641299385,3,333.0158636111269,122.47096392389815,455.4868275350251,326.4868275350251,200,STABLE,2025-12-26
SKU0036,south,255,81.02550748920723,145.33838577758405,64.31287828837682,4,324.1020299568289,257.2515131535073,581.3535431103362,326.3535431103362,100,STABLE,2025-12-26
SKU0050,north,374,142.7066186172218,175.07151087763265,32.36489226041084,4,570.8264744688872,129.45956904164336,700.2860435105306,326.2860435105306,50,STABLE,2025-12-26
SKU0036,north,267,104.30837333582484,148.31347939214135,44.00510605631651,4,417.23349334329936,176.02042422526603,593.2539175685654,326.2539175685654,100,STABLE,2025-12-26
SKU0013,south,178,133.8488184667482,168.07867925045423,34.229860783706016,3,401.54645540024467,102.68958235111805,504.2360377513627,326.2360377513627,200,STABLE,2025-12-26
SKU0002,north,144,135.08668810481396,156.60639924256384,21.51971113774988,3,405.2600643144419,64.55913341324964,469.8191977276915,325.8191977276915,200,STABLE,2025-12-26
SKU0036,west,230,76.1996640471895,138.8996156781843,62.69995163099479,4,304.798656188758,250.79980652397916,555.5984627127372,325.59846271273716,100,STABLE,2025-12-26
SKU0050,west,210,101.60600212229662,133.88041930905828,32.27441718676167,4,406.42400848918646,129.09766874704667,535.5216772362331,325.52167723623313,50,STABLE,2025-12-26
SKU0013,west,214,145.01786316067168,179.67016653256965,34.65230337189797,3,435.053589482015,103.95691011569392,539.010499597709,325.010499597709,200,STABLE,2025-12-26
SKU0002,east,168,142.81741661046192,164.3165749849378,21.499158374475883,3,428.45224983138576,64.49747512342765,492.9497249548134,324.9497249548134,200,STABLE,2025-12-26
SKU0019,west,181,111.17506899528595,126.43694416408,15.261875168794049,4,444.7002759811438,61.047500675176195,505.74777665632,324.74777665632,50,STABLE,2025-12-26
SKU0020,east,149,116.8919608839272,157.7576889816334,40.86572809770621,3,350.6758826517816,122.59718429311863,473.2730669449002,324.2730669449002,200,STABLE,2025-12-26
SKU0013,west,214,144.56495276187087,179.38985810585163,34.82490534398076,3,433.6948582856126,104.47471603194228,538.1695743175549,324.16957431755486,200,STABLE,2025-12-26
SKU0020,east,149,116.85058291301604,157.70258451436075,40.85200160134471,3,350.5517487390481,122.55600480403413,473.10775354308225,324.10775354308225,200,STABLE,2025-12-26
SKU0030,south,269,117.72188900520555,148.26354491772332,30.54165591251777,4,470.8875560208222,122.16662365007107,593.0541796708933,324.0541796708933,100,STABLE,2025-12-26
SKU0030,south,269,117.49967995259476,148.0476314828185,30.54795153022374,4,469.99871981037904,122.19180612089497,592.190525931274,323.190525931274,100,STABLE,2025-12-26
SKU0020,north,239,146.55278060610556,187.39223609366795,40.83945548756239,3,439.65834181831667,122.51836646268717,562.1767082810038,323.1767082810038,200,STABLE,2025-12-26
SKU0011,north,369,120.425950395255,172.973734912554,52.54778451729899,4,481.70380158102,210.19113806919597,691.894939650216,322.894939650216,50,STABLE,2025-12-26
SKU0050,north,374,141.89079700858036,174.14260848943678,32.25181148085642,4,567.5631880343215,129.00724592342567,696.5704339577471,322.5704339577471,50,STABLE,2025-12-26
SKU0013,west,214,144.28244955492613,178.74961295653463,34.4671634016085,3,432.8473486647784,103.4014902048255,536.2488388696039,322.2488388696039,200,STABLE,2025-12-26
SKU0050,west,210,100.57180488343856,132.904484951973,32.33268006853443,4,402.28721953375424,129.33072027413772,531.617939807892,321.61793980789196,50,STABLE,2025-12-26
SKU0013,south,178,131.6556355067004,166.15733396799897,34.50169846129856,3,394.96690652010125,103.50509538389568,498.4720019039969,320.4720019039969,200,STABLE,2025-12-26
SKU0002,east,168,140.8900359797982,162.4251255245675,21.535089544769306,3,422.6701079393946,64.60526863430792,487.2753765737025,319.2753765737025,200,STABLE,2025-12-26
SKU0002,north,144,132.91180814615245,154.4006673556332,21.48885920948075,3,398.73542443845736,64.46657762844225,463.2020020668996,319.2020020668996,200,STABLE,2025-12-26
SKU0036,west,230,76.21820841773518,137.2219637508181,61.00375533308292,4,304.87283367094074,244.01502133233168,548.8878550032724,318.8878550032724,100,STABLE,2025-12-26
SKU0011,north,369,119.4237060413131,171.94159755754055,52.51789151622745,4,477.6948241652524,210.0715660649098,687.7663902301622,318.7663902301622,50,STABLE,2025-12-26
SKU0013,west,214,142.5005350637164,177.5767382771589,35.07620321344251,3,427.5016051911492,105.22860964032753,532.7302148314768,318.7302148314768,200,STABLE,2025-12-26
SKU0019,south,169,106.60624734723626,121.86533936407176,15.259092016835496,4,426.42498938894505,61.03636806734198,487.46135745628703,318.46135745628703,50,STABLE,2025-12-26
SKU0050,south,165,88.55296523160152,120.81030749179962,32.2573422601981,4,354.2118609264061,129.0293690407924,483.2412299671985,318.2412299671985,50,STABLE,2025-12-26
SKU0036,south,255,91.15177743176118,143.18865514447674,52.036877712715565,4,364.6071097270447,208.14751085086226,572.754620577907,317.75462057790696,100,STABLE,2025-12-26
SKU0020,east,149,114.72803514683665,155.55485450967203,40.82681936283538,3,344.18410544050994,122.48045808850614,466.66456352901605,317.66456352901605,200,STABLE,2025-12-26
SKU0020,east,149,114.6630351956716,155.49527804010802,40.83224284443642,3,343.9891055870148,122.49672853330927,466.48583412032406,317.48583412032406,200,STABLE,2025-12-26
SKU0011,north,369,119.06639457328512,171.60875992425284,52.542365350967714,4,476.2655782931405,210.16946140387086,686.4350396970113,317.43503969701135,50,STABLE,2025-12-26
SKU0036,west,230,78.48908817745908,136.7715450122725,58.282456834813416,4,313.9563527098363,233.12982733925367,547.08618004909,317.08618004909,100,STABLE,2025-12-26
SKU0008,east,138,394.17789697027104,454.9859378335702,60.80804086329914,1,394.17789697027104,60.80804086329914,454.9859378335702,316.9859378335702,50,STABLE,2025-12-26
SKU0020,south,129,107.50324171299032,148.32513286064912,40.8218911476588,3,322.50972513897096,122.46567344297641,444.9753985819474,315.9753985819474,200,STABLE,2025-12-26
SKU0013,south,178,129.3629666386894,164.14250070590353,34.77953406721414,3,388.08889991606816,104.33860220164243,492.42750211771056,314.42750211771056,200,STABLE,2025-12-26
SKU0036,north,267,81.02550748920723,145.33838577758405,64.31287828837682,4,324.1020299568289,257.2515131535073,581.3535431103362,314.3535431103362,100,STABLE,2025-12-26
SKU0013,west,214,141.29893500245328,175.66934517346786,34.37041017101458,3,423.89680500735983,103.11123051304375,527.0080355204036,313.0080355204036,200,STABLE,2025-12-26
SKU0036,west,230,88.68812557597022,135.71367917822505,47.02555360225483,4,354.7525023038809,188.10221440901933,542.8547167129002,312.8547167129002,100,STABLE,2025-12-26
SKU0036,south,255,86.53902345690977,141.85114819254488,55.31212473563511,4,346.1560938276391,221.24849894254044,567.4045927701795,312.40459277017953,100,STABLE,2025-12-26
SKU0013,west,214,140.3708686278835,174.94529474391192,34.574426116028405,3,421.11260588365053,103.72327834808522,524.8358842317357,310.8358842317357,200,STABLE,2025-12-26
SKU0036,south,255,95.81405723353612,141.36890843309914,45.55485119956302,4,383.2562289341445,182.21940479825207,565.4756337323965,310.47563373239655,100,STABLE,2025-12-26
SKU0030,south,269,114.25293202388968,144.7829602797706,30.53002825588092,4,457.01172809555874,122.12011302352369,579.1318411190824,310.1318411190824,100,STABLE,2025-12-26
SKU0020,west,224,137.01880609221067,177.86040954397936,40.84160345176869,3,411.05641827663203,122.52481035530607,533.5812286319381,309.5812286319381,200,STABLE,2025-12-26
SKU0020,east,149,111.94834657892854,152.82726279875587,40.87891621982733,3,335.8450397367856,122.636748659482,458.48178839626763,309.48178839626763,200,STABLE,2025-12-26
SKU0002,east,168,137.53629531070362,159.01433035207955,21.478035041375932,3,412.60888593211087,64.4341051241278,477.04299105623863,309.04299105623863,200,STABLE,2025-12-26
SKU0019,south,169,104.21077676380628,119.46863443531588,15.257857671509598,4,416.8431070552251,61.03143068603839,477.8745377412635,308.8745377412635,50,STABLE,2025-12-26
SKU0020,west,224,136.43734651404162,177.28648513621437,40.849138622172745,3,409.31203954212486,122.54741586651824,531.859455408643,307.85945540864304,200,STABLE,2025-12-26
SKU0030,east,371,138.43961900200532,169.4808081464154,31.041189144410083,4,553.7584760080213,124.16475657764033,677.9232325856616,306.9232325856616,100,STABLE,2025-12-26
SKU0020,east,149,111.00528787037564,151.82894251167502,40.823654641299385,3,333.0158636111269,122.47096392389815,455.4868275350251,306.4868275350251,200,STABLE,2025-12-26
SKU0019,west,181,106.60624734723626,121.86533936407176,15.259092016835496,4,426.42498938894505,61.03636806734198,487.46135745628703,306.46135745628703,50,STABLE,2025-12-26
SKU0020,south,129,104.28002194463215,145.10465723948482,40.82463529485267,3,312.84006583389646,122.47390588455801,435.31397171845447,306.31397171845447,200,STABLE,2025-12-26
SKU0036,north,267,91.15177743176118,143.18865514447674,52.036877712715565,4,364.6071097270447,208.14751085086226,572.754620577907,305.75462057790696,100,STABLE,2025-12-26
SKU0002,north,144,128.33434862776383,149.85872408146196,21.524375453698127,3,385.0030458832915,64.57312636109438,449.57617224438593,305.57617224438593,200,STABLE,2025-12-26
SKU0020,west,224,135.64511085330673,176.49149780616364,40.8463869528569,3,406.9353325599202,122.53916085857071,529.474493418491,305.47449341849097,200,STABLE,2025-12-26
SKU0020,west,224,135.51480257194487,176.3846178257875,40.86981525384263,3,406.5444077158346,122.6094457615279,529.1538534773625,305.15385347736253,200,STABLE,2025-12-26
SKU0013,north,287,162.36002312387336,197.382533136778,35.02251001290463,3,487.0800693716201,105.0675300387139,592.147599410334,305.147599410334,200,STABLE,2025-12-26
SKU0020,west,224,135.4730059635835,176.34720986393006,40.87420390034657,3,406.41901789075047,122.62261170103972,529.0416295917902,305.0416295917902,200,STABLE,2025-12-26
SKU0002,east,168,135.95010448219182,157.47959181727578,21.529487335083957,3,407.85031344657546,64.58846200525187,472.4387754518273,304.4387754518273,200,STABLE,2025-12-26
SKU0013,west,214,137.3522214796211,172.2726025286747,34.92038104905359,3,412.0566644388633,104.76114314716077,516.8178075860241,302.81780758602406,200,STABLE,2025-12-26
SKU0030,east,371,137.2824814332951,168.31061889908557,31.02813746579048,4,549.1299257331804,124.11254986316192,673.2424755963423,302.2424755963423,100,STABLE,2025-12-26
SKU0013,west,214,137.65173048841513,171.99205146803965,34.34032097962452,3,412.9551914652454,103.02096293887357,515.9761544041189,301.9761544041189,200,STABLE,2025-12-26
SKU0002,east,168,135.08668810481396,156.60639924256384,21.51971113774988,3,405.2600643144419,64.55913341324964,469.8191977276915,301.8191977276915,200,STABLE,2025-12-26
SKU0013,west,214,137.7231911664373,171.92774860306733,34.20455743663004,3,413.16957349931187,102.61367230989012,515.783245809202,301.78324580920196,200,STABLE,2025-12-26
SKU0036,west,230,71.06238668584278,132.9251908936654,61.862804207822606,4,284.2495467433711,247.45121683129042,531.7007635746616,301.70076357466155,100,STABLE,2025-12-26
SKU0030,south,269,112.05794907870953,142.58261240785433,30.5246633291448,4,448.2317963148381,122.0986533165792,570.3304496314173,301.3304496314173,100,STABLE,2025-12-26
SKU0013,west,214,137.37394837595343,171.77550480978846,34.401556433835026,3,412.1218451278603,103.20466930150508,515.3265144293654,301.3265144293654,200,STABLE,2025-12-26
SKU0013,north,287,161.28053996648384,195.97381996474525,34.6932799982614,3,483.84161989945153,104.07983999478421,587.9214598942358,300.9214598942358,200,STABLE,2025-12-26
SKU0036,south,255,76.1996640471895,138.8996156781843,62.69995163099479,4,304.798656188758,250.79980652397916,555.5984627127372,300.59846271273716,100,STABLE,2025-12-26
SKU0030,east,371,136.80290670481563,167.86509035659793,31.062183651782306,4,547.2116268192625,124.24873460712922,671.4603614263917,300.4603614263917,100,STABLE,2025-12-26
SKU0036,north,267,86.53902345690977,141.85114819254488,55.31212473563511,4,346.1560938276391,221.24849894254044,567.4045927701795,300.40459277017953,100,STABLE,2025-12-26
SKU0036,west,230,78.09226754193784,132.34989057725718,54.25762303531934,4,312.3690701677514,217.03049214127736,529.3995623090287,299.39956230902874,100,STABLE,2025-12-26
SKU0036,north,267,95.81405723353612,141.36890843309914,45.55485119956302,4,383.2562289341445,182.21940479825207,565.4756337323965,298.47563373239655,100,STABLE,2025-12-26
SKU0013,west,214,136.4850421193467,170.79629650360386,34.311254384257154,3,409.4551263580401,102.93376315277146,512.3888895108116,298.3888895108116,200,STABLE,2025-12-26
SKU0019,south,169,101.45418072610543,116.71762222006342,15.263441493957984,4,405.81672290442174,61.053765975831936,466.8704888802537,297.8704888802537,50,STABLE,2025-12-26
SKU0020,west,224,133.03932047720428,173.8673543535436,40.828033876339305,3,399.11796143161285,122.48410162901791,521.6020630606308,297.6020630606308,200,STABLE,2025-12-26
SKU0019,west,181,104.21077676380628,119.46863443531588,15.257857671509598,4,416.8431070552251,61.03143068603839,477.8745377412635,296.8745377412635,50,STABLE,2025-12-26
SKU0013,west,214,135.53125708985928,170.06869644398014,34.53743935412086,3,406.5937712695778,103.61231806236259,510.2060893319404,296.2060893319404,200,STABLE,2025-12-26
SKU0020,east,149,107.50324171299032,148.32513286064912,40.8218911476588,3,322.50972513897096,122.46567344297641,444.9753985819474,295.9753985819474,200,STABLE,2025-12-26
SKU0020,west,224,132.2963108476664,173.12704959488204,40.830738747215634,3,396.8889325429992,122.4922162416469,519.3811487846461,295.38114878464614,200,STABLE,2025-12-26
SKU0002,east,168,132.91180814615245,154.4006673556332,21.48885920948075,3,398.73542443845736,64.46657762844225,463.2020020668996,295.2020020668996,200,STABLE,2025-12-26
SKU0020,north,239,137.01880609221067,177.86040954397936,40.84160345176869,3,411.05641827663203,122.52481035530607,533.5812286319381,294.5812286319381,200,STABLE,2025-12-26
SKU0036,south,255,76.21820841773518,137.2219637508181,61.00375533308292,4,304.87283367094074,244.01502133233168,548.8878550032724,293.8878550032724,100,STABLE,2025-12-26
SKU0020,north,239,136.43734651404162,177.28648513621437,40.849138622172745,3,409.31203954212486,122.54741586651824,531.859455408643,292.85945540864304,200,STABLE,2025-12-26
SKU0030,east,371,134.79443702359458,165.84046242739274,31.046025403798154,4,539.1777480943783,124.18410161519262,663.361849709571,292.36184970957095,100,STABLE,2025-12-26
SKU0011,north,369,112.82992098168076,165.3350224324531,52.50510145077233,4,451.31968392672303,210.02040580308932,661.3400897298123,292.34008972981235,50,STABLE,2025-12-26
SKU0036,south,255,78.48908817745908,136.7715450122725,58.282456834813416,4,313.9563527098363,233.12982733925367,547.08618004909,292.08618004909,100,STABLE,2025-12-26
SKU0011,north,369,112.65829804176948,165.16751730508662,52.509219263317135,4,450.63319216707794,210.03687705326854,660.6700692203465,291.6700692203465,50,STABLE,2025-12-26
SKU0011,north,369,112.56406590741388,165.077546856223,52.51348094880912,4,450.2562636296555,210.05392379523647,660.310187424892,291.310187424892,50,STABLE,2025-12-26
SKU0013,west,214,134.14320330292563,168.42638024688495,34.28317694395932,3,402.4296099087769,102.84953083187796,505.27914074065484,291.27914074065484,200,STABLE,2025-12-26
SKU0020,west,224,130.82819533797982,171.6637879311399,40.83559259316007,3,392.48458601393946,122.50677777948022,514.9913637934196,290.9913637934196,200,STABLE,2025-12-26
SKU0020,north,239,135.64511085330673,176.49149780616364,40.8463869528569,3,406.9353325599202,122.53916085857071,529.474493418491,290.47449341849097,200,STABLE,2025-12-26
SKU0013,west,214,133.8488184667482,168.07867925045423,34.229860783706016,3,401.54645540024467,102.68958235111805,504.2360377513627,290.2360377513627,200,STABLE,2025-12-26
SKU0020,north,239,135.51480257194487,176.3846178257875,40.86981525384263,3,406.5444077158346,122.6094457615279,529.1538534773625,290.15385347736253,200,STABLE,2025-12-26
SKU0011,north,369,112.2464825569144,164.76893870459287,52.52245614767847,4,448.9859302276576,210.08982459071387,659.0757548183715,290.0757548183715,50,STABLE,2025-12-26
SKU0020,north,239,135.4730059635835,176.34720986393006,40.87420390034657,3,406.41901789075047,122.62261170103972,529.0416295917902,290.0416295917902,200,STABLE,2025-12-26
SKU0030,east,371,134.08100552627104,165.1554905501935,31.07448502392245,4,536.3240221050842,124.2979400956898,660.621962200774,289.62196220077396,100,STABLE,2025-12-26
SKU0036,north,267,76.1996640471895,138.8996156781843,62.69995163099479,4,304.798656188758,250.79980652397916,555.5984627127372,288.59846271273716,100,STABLE,2025-12-26
SKU0011,north,369,111.72222059872166,164.2494008030115,52.527180204289834,4,446.88888239488665,210.10872081715934,656.997603212046,287.997603212046,50,STABLE,2025-12-26
SKU0036,south,255,88.68812557597022,135.71367917822505,47.02555360225483,4,354.7525023038809,188.10221440901933,542.8547167129002,287.8547167129002,100,STABLE,2025-12-26
SKU0020,west,224,129.63231231624746,170.45800073422834,40.82568841798087,3,388.8969369487424,122.47706525394261,511.374002202685,287.374002202685,200,STABLE,2025-12-26
SKU0013,north,287,156.56932314716047,191.3049979587056,34.735674811545124,3,469.7079694414814,104.20702443463537,573.9149938761168,286.9149938761168,200,STABLE,2025-12-26
SKU0030,east,371,133.41119930008463,164.4623261022749,31.051126802190254,4,533.6447972003385,124.20450720876102,657.8493044090995,286.84930440909955,100,STABLE,2025-12-26
SKU0011,north,369,111.4134319827756,163.91071022296407,52.497278240188464,4,445.6537279311024,209.98911296075386,655.6428408918563,286.6428408918563,50,STABLE,2025-12-26
SKU0020,east,149,104.28002194463215,145.10465723948482,40.82463529485267,3,312.84006583389646,122.47390588455801,435.31397171845447,286.31397171845447,200,STABLE,2025-12-26
SKU0013,north,287,156.65008729278628,191.08388259635404,34.43379530356776,3,469.95026187835884,103.30138591070329,573.2516477890622,286.2516477890622,200,STABLE,2025-12-26
SKU0008,east,138,365.29281758492425,424.2188146033701,58.925997018445855,1,365.29281758492425,58.925997018445855,424.2188146033701,286.2188146033701,50,STABLE,2025-12-26
SKU0013,north,287,156.16584716621983,191.0376847362489,34.87183757002907,3,468.49754149865953,104.61551271008722,573.1130542087467,286.1130542087467,200,STABLE,2025-12-26
SKU0019,west,181,101.45418072610543,116.71762222006342,15.263441493957984,4,405.81672290442174,61.053765975831936,466.8704888802537,285.8704888802537,50,STABLE,2025-12-26
SKU0011,north,369,110.9669143298967,163.468036999513,52.50112266961631,4,443.8676573195868,210.00449067846523,653.872147998052,284.872147998052,50,STABLE,2025-12-26
SKU0002,south,319,179.76067627045148,201.2409350529648,21.480258782513317,3,539.2820288113544,64.44077634753995,603.7228051588943,284.7228051588943,200,STABLE,2025-12-26
SKU0013,west,214,131.6556355067004,166.15733396799897,34.50169846129856,3,394.96690652010125,103.50509538389568,498.4720019039969,284.4720019039969,200,STABLE,2025-12-26
SKU0020,west,224,128.54572328817562,169.37958134750863,40.83385805933301,3,385.63716986452687,122.50157417799903,508.1387440425259,284.1387440425259,200,STABLE,2025-12-26
SKU0002,south,319,179.456618728303,200.9471777941397,21.490559065836692,3,538.3698561849089,64.47167719751008,602.841533382419,283.841533382419,200,STABLE,2025-12-26
SKU0020,west,224,128.3203194378166,169.1577746891125,40.83745525129589,3,384.96095831344985,122.51236575388768,507.47332406733756,283.47332406733756,200,STABLE,2025-12-26
SKU0002,south,319,179.31229352081584,200.79344063761476,21.481147116798923,3,537.9368805624475,64.44344135039677,602.3803219128442,283.38032191284424,200,STABLE,2025-12-26
SKU0019,south,169,97.67544899032607,112.93216655739651,15.256717567070439,4,390.7017959613043,61.026870268281755,451.72866622958605,282.72866622958605,50,STABLE,2025-12-26
SKU0020,north,239,133.03932047720428,173.8673543535436,40.828033876339305,3,399.11796143161285,122.48410162901791,521.6020630606308,282.6020630606308,200,STABLE,2025-12-26
SKU0020,west,224,127.98397007429467,168.84234706661852,40.85837699232384,3,383.951910222884,122.57513097697152,506.52704119985555,282.52704119985555,200,STABLE,2025-12-26
SKU0036,north,267,76.21820841773518,137.2219637508181,61.00375533308292,4,304.87283367094074,244.01502133233168,548.8878550032724,281.8878550032724,100,STABLE,2025-12-26
SKU0002,east,168,128.33434862776383,149.85872408146196,21.524375453698127,3,385.0030458832915,64.57312636109438,449.57617224438593,281.57617224438593,200,STABLE,2025-12-26
SKU0020,north,239,132.2963108476664,173.12704959488204,40.830738747215634,3,396.8889325429992,122.4922162416469,519.3811487846461,280.38114878464614,200,STABLE,2025-12-26
SKU0020,west,224,127.2355003361334,168.09742209919443,40.861921763061034,3,381.7065010084002,122.5857652891831,504.2922662975833,280.2922662975833,200,STABLE,2025-12-26
SKU0036,north,267,78.48908817745908,136.7715450122725,58.282456834813416,4,313.9563527098363,233.12982733925367,547.08618004909,280.08618004909,100,STABLE,2025-12-26
SKU0050,north,374,130.95121285394413,163.21683837327348,32.26562551932935,4,523.8048514157765,129.0625020773174,652.8673534930939,278.8673534930939,50,STABLE,2025-12-26
SKU0013,west,214,129.3629666386894,164.14250070590353,34.77953406721414,3,388.08889991606816,104.33860220164243,492.42750211771056,278.42750211771056,200,STABLE,2025-12-26
SKU0030,east,371,131.28858292989727,162.35675334441083,31.06817041451356,4,525.1543317195891,124.27268165805424,649.4270133776433,278.42701337764333,100,STABLE,2025-12-26
SKU0036,south,255,71.06238668584278,132.9251908936654,61.862804207822606,4,284.2495467433711,247.45121683129042,531.7007635746616,276.70076357466155,100,STABLE,2025-12-26
SKU0050,north,374,130.3866319210956,162.65782104168724,32.27118912059163,4,521.5465276843825,129.08475648236652,650.631284166749,276.63128416674897,50,STABLE,2025-12-26
SKU0020,north,239,130.82819533797982,171.6637879311399,40.83559259316007,3,392.48458601393946,122.50677777948022,514.9913637934196,275.9913637934196,200,STABLE,2025-12-26
SKU0036,north,267,88.68812557597022,135.71367917822505,47.02555360225483,4,354.7525023038809,188.10221440901933,542.8547167129002,275.8547167129002,100,STABLE,2025-12-26
SKU0008,east,138,356.3514724741786,413.44399468363633,57.09252220945774,1,356.3514724741786,57.09252220945774,413.44399468363633,275.44399468363633,50,STABLE,2025-12-26
SKU0002,south,319,176.43277531193291,197.9162017831329,21.483426471199977,3,529.2983259357987,64.45027941359993,593.7486053493986,274.74860534939864,200,STABLE,2025-12-26
SKU0030,east,371,130.79755514368617,161.39121274908325,30.593657605397084,4,523.1902205747447,122.37463042158834,645.564850996333,274.564850996333,100,STABLE,2025-12-26
SKU0036,south,255,78.09226754193784,132.34989057725718,54.25762303531934,4,312.3690701677514,217.03049214127736,529.3995623090287,274.39956230902874,100,STABLE,2025-12-26
SKU0020,west,224,124.96703054528705,165.81094058599533,40.84391004070828,3,374.9010916358611,122.53173012212484,497.43282175798595,273.43282175798595,200,STABLE,2025-12-26
SKU0050,west,210,88.55296523160152,120.81030749179962,32.2573422601981,4,354.2118609264061,129.0293690407924,483.2412299671985,273.2412299671985,50,STABLE,2025-12-26
SKU0020,north,239,129.63231231624746,170.45800073422834,40.82568841798087,3,388.8969369487424,122.47706525394261,511.374002202685,272.374002202685,200,STABLE,2025-12-26
SKU0030,east,371,129.7300906926436,160.7623485514234,31.032257858779786,4,518.9203627705745,124.12903143511915,643.0493942056936,272.0493942056936,100,STABLE,2025-12-26
SKU0013,north,287,151.65764443320276,186.2703444070756,34.61269997387285,3,454.97293329960826,103.83809992161855,558.8110332212268,271.8110332212268,200,STABLE,2025-12-26
SKU0002,south,319,175.16593893328667,196.6482916392974,21.482352706010744,3,525.49781679986,64.44705811803223,589.9448749178922,270.9448749178922,200,STABLE,2025-12-26
SKU0019,west,181,97.67544899032607,112.93216655739651,15.256717567070439,4,390.7017959613043,61.026870268281755,451.72866622958605,270.72866622958605,50,STABLE,2025-12-26
SKU0050,north,374,128.6702231390168,161.01258887419905,32.342365735182256,4,514.6808925560672,129.36946294072902,644.0503554967962,270.0503554967962,50,STABLE,2025-12-26
SKU0020,south,129,91.93840180169816,132.7611432745797,40.82274147288153,3,275.8152054050945,122.4682244186446,398.2834298237391,269.2834298237391,200,STABLE,2025-12-26
SKU0020,west,224,123.57661010205928,164.4059482312875,40.82933812922823,3,370.72983030617786,122.4880143876847,493.21784469386256,269.21784469386256,200,STABLE,2025-12-26
SKU0020,north,239,128.54572328817562,169.37958134750863,40.83385805933301,3,385.63716986452687,122.50157417799903,508.1387440425259,269.1387440425259,200,STABLE,2025-12-26
SKU0013,north,287,150.28431241099372,185.25489989705747,34.97058748606375,3,450.85293723298116,104.91176245819125,555.7646996911724,268.7646996911724,200,STABLE,2025-12-26
SKU0020,north,239,128.3203194378166,169.1577746891125,40.83745525129589,3,384.96095831344985,122.51236575388768,507.47332406733756,268.47332406733756,200,STABLE,2025-12-26
SKU0002,south,319,174.18946829409265,195.6681775850361,21.478709290943442,3,522.568404882278,64.43612787283033,587.0045327551082,268.00453275510824,200,STABLE,2025-12-26
SKU0008,west,209,413.8332889279175,476.5740357998939,62.7407468719764,1,413.8332889279175,62.7407468719764,476.5740357998939,267.5740357998939,50,STABLE,2025-12-26
SKU0020,north,239,127.98397007429467,168.84234706661852,40.85837699232384,3,383.951910222884,122.57513097697152,506.52704119985555,267.52704119985555,200,STABLE,2025-12-26
SKU0030,east,371,128.53115668140873,159.55538809035113,31.0242314089424,4,514.1246267256349,124.0969256357696,638.2215523614045,267.2215523614045,100,STABLE,2025-12-26
SKU0013,north,287,149.2106536189454,184.342376767308,35.131723148362596,3,447.6319608568362,105.39516944508779,553.027130301924,266.027130301924,200,STABLE,2025-12-26
SKU0050,north,374,127.5555411333278,159.8578427962629,32.30230166293511,4,510.2221645333112,129.20920665174043,639.4313711850516,265.4313711850516,50,STABLE,2025-12-26
SKU0020,north,239,127.2355003361334,168.09742209919443,40.861921763061034,3,381.7065010084002,122.5857652891831,504.2922662975833,265.2922662975833,200,STABLE,2025-12-26
SKU0002,south,319,173.2525581854718,194.74498062514763,21.492422439675835,3,519.7576745564154,64.4772673190275,584.2349418754429,265.2349418754429,200,STABLE,2025-12-26
SKU0050,north,374,127.38201584310846,159.69799572252418,32.31597987941572,4,509.52806337243385,129.26391951766288,638.7919828900967,264.79198289009673,50,STABLE,2025-12-26
SKU0036,north,267,71.06238668584278,132.9251908936654,61.862804207822606,4,284.2495467433711,247.45121683129042,531.7007635746616,264.70076357466155,100,STABLE,2025-12-26
SKU0008,east,138,346.3823424997778,401.6878920494648,55.30554954968699,1,346.3823424997778,55.30554954968699,401.6878920494648,263.6878920494648,50,STABLE,2025-12-26
SKU0020,west,224,121.68756070773328,162.54263655132445,40.855075843591166,3,365.06268212319986,122.5652275307735,487.62790965397335,263.62790965397335,200,STABLE,2025-12-26
SKU0030,east,371,127.48761661472568,158.575786423366,31.088169808640316,4,509.9504664589027,124.35267923456126,634.303145693464,263.303145693464,100,STABLE,2025-12-26
SKU0036,north,267,78.09226754193784,132.34989057725718,54.25762303531934,4,312.3690701677514,217.03049214127736,529.3995623090287,262.39956230902874,100,STABLE,2025-12-26
SKU0039,east,202,432.26746773429807,464.25670604486254,31.989238310564474,1,432.26746773429807,31.989238310564474,464.25670604486254,262.25670604486254,200,STABLE,2025-12-26
SKU0002,south,319,172.19347993850067,193.6807884770018,21.48730853850114,3,516.580439815502,64.46192561550342,581.0423654310055,262.04236543100546,200,STABLE,2025-12-26
SKU0030,east,371,127.5003446648938,158.0853334319964,30.584988767102587,4,510.0013786595752,122.33995506841035,632.3413337279856,261.34133372798556,100,STABLE,2025-12-26
SKU0030,east,371,127.00378406799804,158.0208439723607,31.017059904362654,4,508.01513627199216,124.06823961745062,632.0833758894428,261.0833758894428,100,STABLE,2025-12-26
SKU0002,south,319,171.73166934348114,193.21304277268143,21.48137342920029,3,515.1950080304434,64.44412028760087,579.6391283180443,260.6391283180443,200,STABLE,2025-12-26
SKU0020,north,239,124.96703054528705,165.81094058599533,40.84391004070828,3,374.9010916358611,122.53173012212484,497.43282175798595,258.43282175798595,200,STABLE,2025-12-26
SKU0050,north,374,125.77023758567368,158.02452765891323,32.254290073239545,4,503.08095034269473,129.01716029295818,632.0981106356529,258.0981106356529,50,STABLE,2025-12-26
SKU0013,north,287,146.77272517215326,181.0287813990099,34.25605622685663,3,440.31817551645975,102.76816868056989,543.0863441970296,256.0863441970296,200,STABLE,2025-12-26
SKU0030,east,371,125.9376323369254,156.51440479407802,30.576772457152614,4,503.7505293477016,122.30708982861046,626.0576191763121,255.05761917631207,100,STABLE,2025-12-26
SKU0020,north,239,123.57661010205928,164.4059482312875,40.82933812922823,3,370.72983030617786,122.4880143876847,493.21784469386256,254.21784469386256,200,STABLE,2025-12-26
SKU0030,east,371,124.83658685344967,155.9177321768293,31.08114532337963,4,499.3463474137987,124.32458129351852,623.6709287073172,252.67092870731722,100,STABLE,2025-12-26
SKU0013,north,287,145.01786316067168,179.67016653256965,34.65230337189797,3,435.053589482015,103.95691011569392,539.010499597709,252.01049959770899,200,STABLE,2025-12-26
SKU0013,north,287,144.56495276187087,179.38985810585163,34.82490534398076,3,433.6948582856126,104.47471603194228,538.1695743175549,251.16957431755486,200,STABLE,2025-12-26
SKU0002,west,353,179.76067627045148,201.2409350529648,21.480258782513317,3,539.2820288113544,64.44077634753995,603.7228051588943,250.7228051588943,200,STABLE,2025-12-26
SKU0030,east,371,124.82391445922592,155.3855097635844,30.561595304358477,4,499.2956578369037,122.2463812174339,621.5420390543376,250.54203905433758,100,STABLE,2025-12-26
SKU0002,west,353,179.456618728303,200.9471777941397,21.490559065836692,3,538.3698561849089,64.47167719751008,602.841533382419,249.84153338241902,200,STABLE,2025-12-26
SKU0002,west,353,179.31229352081584,200.79344063761476,21.481147116798923,3,537.9368805624475,64.44344135039677,602.3803219128442,249.38032191284424,200,STABLE,2025-12-26
SKU0020,east,149,91.93840180169816,132.7611432745797,40.82274147288153,3,275.8152054050945,122.4682244186446,398.2834298237391,249.28342982373908,200,STABLE,2025-12-26
SKU0020,west,224,116.8919608839272,157.7576889816334,40.86572809770621,3,350.6758826517816,122.59718429311863,473.2730669449002,249.27306694490022,200,STABLE,2025-12-26
SKU0013,north,287,144.28244955492613,178.74961295653463,34.4671634016085,3,432.8473486647784,103.4014902048255,536.2488388696039,249.2488388696039,200,STABLE,2025-12-26
SKU0020,west,224,116.85058291301604,157.70258451436075,40.85200160134471,3,350.5517487390481,122.55600480403413,473.10775354308225,249.10775354308225,200,STABLE,2025-12-26
SKU0020,north,239,121.68756070773328,162.54263655132445,40.855075843591166,3,365.06268212319986,122.5652275307735,487.62790965397335,248.62790965397335,200,STABLE,2025-12-26
SKU0030,east,371,124.3159278976959,154.88490983842442,30.56898194072852,4,497.2637115907836,122.27592776291408,619.5396393536977,248.53963935369768,100,STABLE,2025-12-26
SKU0050,north,374,123.21296587863527,155.53687964266322,32.32391376402795,4,492.8518635145411,129.2956550561118,622.1475185706529,248.1475185706529,50,STABLE,2025-12-26
SKU0002,south,319,167.11718943082496,188.5966378868005,21.47944845597553,3,501.3515682924749,64.43834536792659,565.7899136604015,246.78991366040145,200,STABLE,2025-12-26
SKU0042,north,158,158.64177791789976,202.09077027100875,43.44899235310899,2,317.2835558357995,86.89798470621798,404.1815405420175,246.1815405420175,50,STABLE,2025-12-26
SKU0008,west,209,394.17789697027104,454.9859378335702,60.80804086329914,1,394.17789697027104,60.80804086329914,454.9859378335702,245.98593783357018,50,STABLE,2025-12-26
SKU0013,north,287,142.5005350637164,177.5767382771589,35.07620321344251,3,427.5016051911492,105.22860964032753,532.7302148314768,245.73021483147681,200,STABLE,2025-12-26
SKU0008,east,138,330.1314462329676,383.6944789161168,53.563032683149174,1,330.1314462329676,53.563032683149174,383.6944789161168,245.6944789161168,50,STABLE,2025-12-26
SKU0050,north,374,122.26632760935334,154.5574276253366,32.29110001598326,4,489.06531043741336,129.16440006393304,618.2297105013464,244.2297105013464,50,STABLE,2025-12-26
SKU0030,east,371,122.67476902160448,153.731276824903,31.05650780329853,4,490.6990760864179,124.22603121319412,614.925107299612,243.92510729961202,100,STABLE,2025-12-26
SKU0050,north,374,122.04492837896704,154.39799508094637,32.35306670197933,4,488.1797135158682,129.41226680791732,617.5919803237855,243.5919803237855,50,STABLE,2025-12-26
SKU0020,west,224,114.72803514683665,155.55485450967203,40.82681936283538,3,344.18410544050994,122.48045808850614,466.66456352901605,242.66456352901605,200,STABLE,2025-12-26
SKU0020,west,224,114.6630351956716,155.49527804010802,40.83224284443642,3,343.9891055870148,122.49672853330927,466.48583412032406,242.48583412032406,200,STABLE,2025-12-26
SKU0030,east,371,122.21223099127717,153.24883529326237,31.036604301985207,4,488.84892396510867,124.14641720794083,612.9953411730495,241.9953411730495,100,STABLE,2025-12-26
SKU0030,north,436,138.43961900200532,169.4808081464154,31.041189144410083,4,553.7584760080213,124.16475657764033,677.9232325856616,241.9232325856616,100,STABLE,2025-12-26
SKU0002,west,353,176.43277531193291,197.9162017831329,21.483426471199977,3,529.2983259357987,64.45027941359993,593.7486053493986,240.74860534939864,200,STABLE,2025-12-26
SKU0030,east,371,122.27462402540954,152.82921577374407,30.55459174833453,4,489.09849610163815,122.21836699333812,611.3168630949763,240.31686309497627,100,STABLE,2025-12-26
SKU0013,north,287,141.29893500245328,175.66934517346786,34.37041017101458,3,423.89680500735983,103.11123051304375,527.0080355204036,240.0080355204036,200,STABLE,2025-12-26
SKU0013,north,287,140.3708686278835,174.94529474391192,34.574426116028405,3,421.11260588365053,103.72327834808522,524.8358842317357,237.8358842317357,200,STABLE,2025-12-26
SKU0042,north,158,153.44339328714042,197.70726211150745,44.26386882436702,2,306.88678657428085,88.52773764873405,395.4145242230149,237.4145242230149,50,STABLE,2025-12-26
SKU0030,north,436,137.2824814332951,168.31061889908557,31.02813746579048,4,549.1299257331804,124.11254986316192,673.2424755963423,237.24247559634227,100,STABLE,2025-12-26
SKU0002,west,353,175.16593893328667,196.6482916392974,21.482352706010744,3,525.49781679986,64.44705811803223,589.9448749178922,236.9448749178922,200,STABLE,2025-12-26
SKU0030,east,371,120.70430018168024,151.72482877864618,31.020528596965946,4,482.81720072672096,124.08211438786378,606.8993151145847,235.89931511458474,100,STABLE,2025-12-26
SKU0030,north,436,136.80290670481563,167.86509035659793,31.062183651782306,4,547.2116268192625,124.24873460712922,671.4603614263917,235.46036142639173,100,STABLE,2025-12-26
SKU0020,west,224,111.94834657892854,152.82726279875587,40.87891621982733,3,335.8450397367856,122.636748659482,458.48178839626763,234.48178839626763,200,STABLE,2025-12-26
SKU0020,north,239,116.8919608839272,157.7576889816334,40.86572809770621,3,350.6758826517816,122.59718429311863,473.2730669449002,234.27306694490022,200,STABLE,2025-12-26
SKU0020,north,239,116.85058291301604,157.70258451436075,40.85200160134471,3,350.5517487390481,122.55600480403413,473.10775354308225,234.10775354308225,200,STABLE,2025-12-26
SKU0002,west,353,174.18946829409265,195.6681775850361,21.478709290943442,3,522.568404882278,64.43612787283033,587.0045327551082,234.00453275510824,200,STABLE,2025-12-26
SKU0020,west,224,111.00528787037564,151.82894251167502,40.823654641299385,3,333.0158636111269,122.47096392389815,455.4868275350251,231.4868275350251,200,STABLE,2025-12-26
SKU0002,west,353,173.2525581854718,194.74498062514763,21.492422439675835,3,519.7576745564154,64.4772673190275,584.2349418754429,231.23494187544293,200,STABLE,2025-12-26
SKU0042,north,158,155.96047852998387,193.94375302398964,37.98327449400577,2,311.92095705996775,75.96654898801154,387.8875060479793,229.8875060479793,50,STABLE,2025-12-26
SKU0013,north,287,137.3522214796211,172.2726025286747,34.92038104905359,3,412.0566644388633,104.76114314716077,516.8178075860241,229.81780758602406,200,STABLE,2025-12-26
SKU0039,east,202,400.02047508038913,431.6607186598071,31.640243579417984,1,400.02047508038913,31.640243579417984,431.6607186598071,229.66071865980712,200,STABLE,2025-12-26
SKU0013,north,287,137.65173048841513,171.99205146803965,34.34032097962452,3,412.9551914652454,103.02096293887357,515.9761544041189,228.97615440411892,200,STABLE,2025-12-26
SKU0013,north,287,137.7231911664373,171.92774860306733,34.20455743663004,3,413.16957349931187,102.61367230989012,515.783245809202,228.78324580920196,200,STABLE,2025-12-26
SKU0036,west,230,58.33685823315865,114.66980824110529,56.332950007946636,4,233.3474329326346,225.33180003178654,458.67923296442115,228.67923296442115,100,STABLE,2025-12-26
SKU0013,north,287,137.37394837595343,171.77550480978846,34.401556433835026,3,412.1218451278603,103.20466930150508,515.3265144293654,228.32651442936537,200,STABLE,2025-12-26
SKU0002,west,353,172.19347993850067,193.6807884770018,21.48730853850114,3,516.580439815502,64.46192561550342,581.0423654310055,228.04236543100546,200,STABLE,2025-12-26
SKU0030,east,371,119.21926296243257,149.75495007516872,30.535687112736156,4,476.87705184973026,122.14274845094462,599.0198003006749,228.0198003006749,100,STABLE,2025-12-26
SKU0042,north,158,156.40988776943104,192.9063503176548,36.496462548223775,2,312.8197755388621,72.99292509644755,385.8127006353096,227.81270063530962,50,STABLE,2025-12-26
SKU0037,east,154,157.98635532895656,190.89608875560015,32.909733426643584,2,315.9727106579131,65.81946685328717,381.7921775112003,227.7921775112003,100,STABLE,2025-12-26
SKU0020,north,239,114.72803514683665,155.55485450967203,40.82681936283538,3,344.18410544050994,122.48045808850614,466.66456352901605,227.66456352901605,200,STABLE,2025-12-26
SKU0020,north,239,114.6630351956716,155.49527804010802,40.83224284443642,3,343.9891055870148,122.49672853330927,466.48583412032406,227.48583412032406,200,STABLE,2025-12-26
SKU0030,north,436,134.79443702359458,165.84046242739274,31.046025403798154,4,539.1777480943783,124.18410161519262,663.361849709571,227.36184970957095,100,STABLE,2025-12-26
SKU0002,west,353,171.73166934348114,193.21304277268143,21.48137342920029,3,515.1950080304434,64.44412028760087,579.6391283180443,226.6391283180443,200,STABLE,2025-12-26
SKU0002,south,319,160.37232008718885,181.858214061288,21.485893974099156,3,481.11696026156653,64.45768192229747,545.574642183864,226.57464218386394,200,STABLE,2025-12-26
SKU0013,north,287,136.4850421193467,170.79629650360386,34.311254384257154,3,409.4551263580401,102.93376315277146,512.3888895108116,225.38888951081162,200,STABLE,2025-12-26
SKU0042,north,158,146.50493623486096,191.51572682522567,45.01079059036471,2,293.0098724697219,90.02158118072941,383.03145365045134,225.03145365045134,50,STABLE,2025-12-26
SKU0002,south,319,159.78834312528934,181.29991548194448,21.511572356655137,3,479.36502937586806,64.53471706996541,543.8997464458334,224.89974644583344,200,STABLE,2025-12-26
SKU0030,north,436,134.08100552627104,165.1554905501935,31.07448502392245,4,536.3240221050842,124.2979400956898,660.621962200774,224.62196220077396,100,STABLE,2025-12-26
SKU0042,north,158,144.92945302124252,190.94873687982292,46.019283858580394,2,289.85890604248505,92.03856771716079,381.89747375964583,223.89747375964583,50,STABLE,2025-12-26
SKU0002,south,319,159.33004310005177,180.8267471626606,21.496704062608842,3,477.99012930015533,64.49011218782653,542.4802414879819,223.48024148798186,200,STABLE,2025-12-26
SKU0013,north,287,135.53125708985928,170.06869644398014,34.53743935412086,3,406.5937712695778,103.61231806236259,510.2060893319404,223.2060893319404,200,STABLE,2025-12-26
SKU0030,east,371,117.72188900520555,148.26354491772332,30.54165591251777,4,470.8875560208222,122.16662365007107,593.0541796708933,222.0541796708933,100,STABLE,2025-12-26
SKU0030,north,436,133.41119930008463,164.4623261022749,31.051126802190254,4,533.6447972003385,124.20450720876102,657.8493044090995,221.84930440909955,100,STABLE,2025-12-26
SKU0030,east,371,117.49967995259476,148.0476314828185,30.54795153022374,4,469.99871981037904,122.19180612089497,592.190525931274,221.190525931274,100,STABLE,2025-12-26
SKU0020,west,224,107.50324171299032,148.32513286064912,40.8218911476588,3,322.50972513897096,122.46567344297641,444.9753985819474,220.9753985819474,200,STABLE,2025-12-26
SKU0002,south,319,158.48649683703374,179.9711004187298,21.484603581696064,3,475.4594905111012,64.45381074508819,539.9133012561894,220.91330125618936,200,STABLE,2025-12-26
SKU0020,north,239,111.94834657892854,152.82726279875587,40.87891621982733,3,335.8450397367856,122.636748659482,458.48178839626763,219.48178839626763,200,STABLE,2025-12-26
SKU0042,north,158,147.36152469195963,188.4155701173762,41.054045425416575,2,294.72304938391926,82.10809085083315,376.8311402347524,218.8311402347524,50,STABLE,2025-12-26
SKU0013,north,287,134.14320330292563,168.42638024688495,34.28317694395932,3,402.4296099087769,102.84953083187796,505.27914074065484,218.27914074065484,200,STABLE,2025-12-26
SKU0050,north,374,115.64360609419174,147.92553359134544,32.2819274971537,4,462.57442437676696,129.1277099886148,591.7021343653818,217.70213436538177,50,STABLE,2025-12-26
SKU0013,north,287,133.8488184667482,168.07867925045423,34.229860783706016,3,401.54645540024467,102.68958235111805,504.2360377513627,217.2360377513627,200,STABLE,2025-12-26
SKU0042,north,158,148.15162227936122,187.4615081393404,39.309885859979175,2,296.30324455872244,78.61977171995835,374.9230162786808,216.9230162786808,50,STABLE,2025-12-26
SKU0020,north,239,111.00528787037564,151.82894251167502,40.823654641299385,3,333.0158636111269,122.47096392389815,455.4868275350251,216.4868275350251,200,STABLE,2025-12-26
SKU0042,north,158,145.14353762402823,186.72299241882223,41.579454794794,2,290.28707524805645,83.158909589588,373.44598483764446,215.44598483764446,50,STABLE,2025-12-26
SKU0008,west,209,365.29281758492425,424.2188146033701,58.925997018445855,1,365.29281758492425,58.925997018445855,424.2188146033701,215.2188146033701,50,STABLE,2025-12-26
SKU0030,north,436,131.28858292989727,162.35675334441083,31.06817041451356,4,525.1543317195891,124.27268165805424,649.4270133776433,213.42701337764333,100,STABLE,2025-12-26
SKU0002,west,353,167.11718943082496,188.5966378868005,21.47944845597553,3,501.3515682924749,64.43834536792659,565.7899136604015,212.78991366040145,200,STABLE,2025-12-26
SKU0008,east,138,298.60337826882034,350.4663176895519,51.86293942073155,1,298.60337826882034,51.86293942073155,350.4663176895519,212.4663176895519,50,STABLE,2025-12-26
SKU0042,north,158,146.56085327350007,185.2256784646309,38.66482519113083,2,293.12170654700014,77.32965038226166,370.4513569292618,212.4513569292618,50,STABLE,2025-12-26
SKU0042,north,158,140.32598919083307,184.97133387117643,44.64534468034336,2,280.65197838166614,89.29068936068671,369.94266774235285,211.94266774235285,50,STABLE,2025-12-26
SKU0013,north,287,131.6556355067004,166.15733396799897,34.50169846129856,3,394.96690652010125,103.50509538389568,498.4720019039969,211.4720019039969,200,STABLE,2025-12-26
SKU0020,west,224,104.28002194463215,145.10465723948482,40.82463529485267,3,312.84006583389646,122.47390588455801,435.31397171845447,211.31397171845447,200,STABLE,2025-12-26
SKU0039,north,253,432.26746773429807,464.25670604486254,31.989238310564474,1,432.26746773429807,31.989238310564474,464.25670604486254,211.25670604486254,200,STABLE,2025-12-26
SKU0042,north,158,141.93136767841975,184.488973898486,42.55760622006625,2,283.8627353568395,85.1152124401325,368.977947796972,210.977947796972,50,STABLE,2025-12-26
SKU0042,north,158,142.04824467288364,184.1283414436377,42.08009677075407,2,284.0964893457673,84.16019354150814,368.2566828872754,210.25668288727542,50,STABLE,2025-12-26
SKU0042,north,158,144.11745699793573,184.03888373726485,39.92142673932912,2,288.23491399587147,79.84285347865824,368.0777674745297,210.0777674745297,50,STABLE,2025-12-26
SKU0008,east,138,297.4389675521102,347.642212114955,50.20324456284476,1,297.4389675521102,50.20324456284476,347.642212114955,209.642212114955,50,STABLE,2025-12-26
SKU0030,north,436,130.79755514368617,161.39121274908325,30.593657605397084,4,523.1902205747447,122.37463042158834,645.564850996333,209.564850996333,100,STABLE,2025-12-26
SKU0030,east,371,114.25293202388968,144.7829602797706,30.53002825588092,4,457.01172809555874,122.12011302352369,579.1318411190824,208.13184111908242,100,STABLE,2025-12-26
SKU0037,east,154,147.97177249110678,180.8742083467832,32.90243585567643,2,295.94354498221355,65.80487171135286,361.7484166935664,207.7484166935664,100,STABLE,2025-12-26
SKU0002,south,319,153.94047049003245,175.44526794563907,21.50479745560662,3,461.82141147009736,64.51439236681986,526.3358038369172,207.3358038369172,200,STABLE,2025-12-26
SKU0042,north,158,136.9399080790049,182.63689711515832,45.69698903615341,2,273.8798161580098,91.39397807230682,365.27379423031664,207.27379423031664,50,STABLE,2025-12-26
SKU0030,north,436,129.7300906926436,160.7623485514234,31.032257858779786,4,518.9203627705745,124.12903143511915,643.0493942056936,207.0493942056936,100,STABLE,2025-12-26
SKU0042,north,158,141.8765031912677,182.37855171883425,40.50204852756656,2,283.7530063825354,81.00409705513312,364.7571034376685,206.7571034376685,50,STABLE,2025-12-26
SKU0008,north,270,413.8332889279175,476.5740357998939,62.7407468719764,1,413.8332889279175,62.7407468719764,476.5740357998939,206.57403579989392,50,STABLE,2025-12-26
SKU0020,north,239,107.50324171299032,148.32513286064912,40.8218911476588,3,322.50972513897096,122.46567344297641,444.9753985819474,205.9753985819474,200,STABLE,2025-12-26
SKU0013,north,287,129.3629666386894,164.14250070590353,34.77953406721414,3,388.08889991606816,104.33860220164243,492.42750211771056,205.42750211771056,200,STABLE,2025-12-26
SKU0008,west,209,356.3514724741786,413.44399468363633,57.09252220945774,1,356.3514724741786,57.09252220945774,413.44399468363633,204.44399468363633,50,STABLE,2025-12-26
SKU0036,south,255,58.33685823315865,114.66980824110529,56.332950007946636,4,233.3474329326346,225.33180003178654,458.67923296442115,203.67923296442115,100,STABLE,2025-12-26
SKU0042,north,158,134.23674408602153,180.5653899573417,46.32864587132016,2,268.47348817204306,92.65729174264033,361.1307799146834,203.1307799146834,50,STABLE,2025-12-26
SKU0037,east,154,145.26982212504825,178.2310625891095,32.96124046406126,2,290.5396442500965,65.92248092812252,356.462125178219,202.46212517821903,100,STABLE,2025-12-26
SKU0030,north,436,128.53115668140873,159.55538809035113,31.0242314089424,4,514.1246267256349,124.0969256357696,638.2215523614045,202.22155236140452,100,STABLE,2025-12-26
SKU0002,south,319,152.20158573405345,173.70343436264426,21.501848628590807,3,456.6047572021604,64.50554588577242,521.1103030879328,202.11030308793283,200,STABLE,2025-12-26
SKU0037,north,180,157.98635532895656,190.89608875560015,32.909733426643584,2,315.9727106579131,65.81946685328717,381.7921775112003,201.7921775112003,100,STABLE,2025-12-26
SKU0008,south,275,413.8332889279175,476.5740357998939,62.7407468719764,1,413.8332889279175,62.7407468719764,476.5740357998939,201.57403579989392,50,STABLE,2025-12-26
SKU0002,south,319,151.69541840516047,173.1898834410178,21.49446503585733,3,455.0862552154814,64.483395107572,519.5696503230533,200.56965032305334,200,STABLE,2025-12-26
SKU0045,east,189,104.60529913513912,129.79506665182703,25.18976751668791,3,313.81589740541733,75.56930255006372,389.3851999554811,200.38519995548108,100,STABLE,2025-12-26
SKU0042,east,204,158.64177791789976,202.09077027100875,43.44899235310899,2,317.2835558357995,86.89798470621798,404.1815405420175,200.1815405420175,50,STABLE,2025-12-26
SKU0002,west,353,140.8900359797982,162.4251255245675,21.535089544769306,3,422.6701079393946,64.60526863430792,487.2753765737025,200.0,200,STABLE,2025-12-26
SKU0002,south,319,140.8900359797982,162.4251255245675,21.535089544769306,3,422.6701079393946,64.60526863430792,487.2753765737025,200.0,200,STABLE,2025-12-26
SKU0002,west,353,135.95010448219182,157.47959181727578,21.529487335083957,3,407.85031344657546,64.58846200525187,472.4387754518273,200.0,200,STABLE,2025-12-26
SKU0002,south,319,135.95010448219182,157.47959181727578,21.529487335083957,3,407.85031344657546,64.58846200525187,472.4387754518273,200.0,200,STABLE,2025-12-26
SKU0002,west,353,128.33434862776383,149.85872408146196,21.524375453698127,3,385.0030458832915,64.57312636109438,449.57617224438593,200.0,200,STABLE,2025-12-26
SKU0002,south,319,128.33434862776383,149.85872408146196,21.524375453698127,3,385.0030458832915,64.57312636109438,449.57617224438593,200.0,200,STABLE,2025-12-26
SKU0002,west,353,135.08668810481396,156.60639924256384,21.51971113774988,3,405.2600643144419,64.55913341324964,469.8191977276915,200.0,200,STABLE,2025-12-26
SKU0002,south,319,135.08668810481396,156.60639924256384,21.51971113774988,3,405.2600643144419,64.55913341324964,469.8191977276915,200.0,200,STABLE,2025-12-26
SKU0002,west,353,143.55604422657638,165.071499555645,21.51545532906863,3,430.6681326797291,64.54636598720589,495.214498666935,200.0,200,STABLE,2025-12-26
SKU0002,south,319,143.55604422657638,165.071499555645,21.51545532906863,3,430.6681326797291,64.54636598720589,495.214498666935,200.0,200,STABLE,2025-12-26
SKU0002,west,353,159.78834312528934,181.29991548194448,21.511572356655137,3,479.36502937586806,64.53471706996541,543.8997464458334,200.0,200,STABLE,2025-12-26
SKU0002,west,353,149.68629818584134,171.19432783232077,21.50802964647943,3,449.058894557524,64.52408893943829,513.5829834969622,200.0,200,STABLE,2025-12-26
SKU0002,south,319,149.68629818584134,171.19432783232077,21.50802964647943,3,449.058894557524,64.52408893943829,513.5829834969622,200.0,200,STABLE,2025-12-26
SKU0002,west,353,153.94047049003245,175.44526794563907,21.50479745560662,3,461.82141147009736,64.51439236681986,526.3358038369172,200.0,200,STABLE,2025-12-26
SKU0002,west,353,152.20158573405345,173.70343436264426,21.501848628590807,3,456.6047572021604,64.50554588577242,521.1103030879328,200.0,200,STABLE,2025-12-26
SKU0002,west,353,142.81741661046192,164.3165749849378,21.499158374475883,3,428.45224983138576,64.49747512342765,492.9497249548134,200.0,200,STABLE,2025-12-26
SKU0002,south,319,142.81741661046192,164.3165749849378,21.499158374475883,3,428.45224983138576,64.49747512342765,492.9497249548134,200.0,200,STABLE,2025-12-26
SKU0002,west,353,159.33004310005177,180.8267471626606,21.496704062608842,3,477.99012930015533,64.49011218782653,542.4802414879819,200.0,200,STABLE,2025-12-26
SKU0002,west,353,151.69541840516047,173.1898834410178,21.49446503585733,3,455.0862552154814,64.483395107572,519.5696503230533,200.0,200,STABLE,2025-12-26
SKU0002,west,353,132.91180814615245,154.4006673556332,21.48885920948075,3,398.73542443845736,64.46657762844225,463.2020020668996,200.0,200,STABLE,2025-12-26
SKU0002,south,319,132.91180814615245,154.4006673556332,21.48885920948075,3,398.73542443845736,64.46657762844225,463.2020020668996,200.0,200,STABLE,2025-12-26
SKU0002,west,353,160.37232008718885,181.858214061288,21.485893974099156,3,481.11696026156653,64.45768192229747,545.574642183864,200.0,200,STABLE,2025-12-26
SKU0002,west,353,158.48649683703374,179.9711004187298,21.484603581696064,3,475.4594905111012,64.45381074508819,539.9133012561894,200.0,200,STABLE,2025-12-26
SKU0002,west,353,137.53629531070362,159.01433035207955,21.478035041375932,3,412.60888593211087,64.4341051241278,477.04299105623863,200.0,200,STABLE,2025-12-26
SKU0002,south,319,137.53629531070362,159.01433035207955,21.478035041375932,3,412.60888593211087,64.4341051241278,477.04299105623863,200.0,200,STABLE,2025-12-26
SKU0020,north,239,104.28002194463215,145.10465723948482,40.82463529485267,3,312.84006583389646,122.47390588455801,435.31397171845447,200.0,200,STABLE,2025-12-26
SKU0020,north,239,91.93840180169816,132.7611432745797,40.82274147288153,3,275.8152054050945,122.4682244186446,398.2834298237391,200.0,200,STABLE,2025-12-26
SKU0020,west,224,91.93840180169816,132.7611432745797,40.82274147288153,3,275.8152054050945,122.4682244186446,398.2834298237391,200.0,200,STABLE,2025-12-26
SKU0033,north,122,115.3127473423709,135.86076767411913,20.548020331748234,1,115.3127473423709,20.548020331748234,135.86076767411913,200.0,200,STABLE,2025-12-26
SKU0033,west,114,115.3127473423709,135.86076767411913,20.548020331748234,1,115.3127473423709,20.548020331748234,135.86076767411913,200.0,200,STABLE,2025-12-26
SKU0033,south,132,115.3127473423709,135.86076767411913,20.548020331748234,1,115.3127473423709,20.548020331748234,135.86076767411913,200.0,200,STABLE,2025-12-26
SKU0033,north,122,115.17137844965356,135.7088370146866,20.537458565033035,1,115.17137844965356,20.537458565033035,135.7088370146866,200.0,200,STABLE,2025-12-26
SKU0033,west,114,115.17137844965356,135.7088370146866,20.537458565033035,1,115.17137844965356,20.537458565033035,135.7088370146866,200.0,200,STABLE,2025-12-26
SKU0033,south,132,115.17137844965356,135.7088370146866,20.537458565033035,1,115.17137844965356,20.537458565033035,135.7088370146866,200.0,200,STABLE,2025-12-26
SKU0033,north,122,111.34042187153574,131.86801401259174,20.527592141056004,1,111.34042187153574,20.527592141056004,131.86801401259174,200.0,200,STABLE,2025-12-26
SKU0033,west,114,111.34042187153574,131.86801401259174,20.527592141056004,1,111.34042187153574,20.527592141056004,131.86801401259174,200.0,200,STABLE,2025-12-26
SKU0033,north,122,109.91123202644783,130.4296078302067,20.518375803758858,1,109.91123202644783,20.518375803758858,130.4296078302067,200.0,200,STABLE,2025-12-26
SKU0033,west,114,109.91123202644783,130.4296078302067,20.518375803758858,1,109.91123202644783,20.518375803758858,130.4296078302067,200.0,200,STABLE,2025-12-26
SKU0033,west,114,98.1069881808973,118.61675535745093,20.509767176553623,1,98.1069881808973,20.509767176553623,118.61675535745093,200.0,200,STABLE,2025-12-26
SKU0033,north,122,102.65628683333708,123.15801342084164,20.501726587504564,1,102.65628683333708,20.501726587504564,123.15801342084164,200.0,200,STABLE,2025-12-26
SKU0033,west,114,102.65628683333708,123.15801342084164,20.501726587504564,1,102.65628683333708,20.501726587504564,123.15801342084164,200.0,200,STABLE,2025-12-26
SKU0033,west,114,96.43467412070274,116.9288910246734,20.494216903970667,1,96.43467412070274,20.494216903970667,116.9288910246734,200.0,200,STABLE,2025-12-26
SKU0033,north,122,104.59845061657524,125.08565399301824,20.487203376443006,1,104.59845061657524,20.487203376443006,125.08565399301824,200.0,200,STABLE,2025-12-26
SKU0033,west,114,104.59845061657524,125.08565399301824,20.487203376443006,1,104.59845061657524,20.487203376443006,125.08565399301824,200.0,200,STABLE,2025-12-26
SKU0033,west,114,100.78994097002098,121.26447780128356,20.474536831262583,1,100.78994097002098,20.474536831262583,121.26447780128356,200.0,200,STABLE,2025-12-26
SKU0033,north,122,102.96641608001536,123.4352410256502,20.468824945634836,1,102.96641608001536,20.468824945634836,123.4352410256502,200.0,200,STABLE,2025-12-26
SKU0033,west,114,102.96641608001536,123.4352410256502,20.468824945634836,1,102.96641608001536,20.468824945634836,123.4352410256502,200.0,200,STABLE,2025-12-26
SKU0033,west,114,101.24482160759328,121.70831283341433,20.463491225821045,1,101.24482160759328,20.463491225821045,121.70831283341433,200.0,200,STABLE,2025-12-26
SKU0033,north,122,107.61325015118264,128.0717609410516,20.458510789868953,1,107.61325015118264,20.458510789868953,128.0717609410516,200.0,200,STABLE,2025-12-26
SKU0033,west,114,107.61325015118264,128.0717609410516,20.458510789868953,1,107.61325015118264,20.458510789868953,128.0717609410516,200.0,200,STABLE,2025-12-26
SKU0033,north,122,105.95398466145622,126.40784503465406,20.45386037319784,1,105.95398466145622,20.45386037319784,126.40784503465406,200.0,200,STABLE,2025-12-26
SKU0033,west,114,105.95398466145622,126.40784503465406,20.45386037319784,1,105.95398466145622,20.45386037319784,126.40784503465406,200.0,200,STABLE,2025-12-26
SKU0033,west,114,96.46253373426607,116.91205196024616,20.449518225980086,1,96.46253373426607,20.449518225980086,116.91205196024616,200.0,200,STABLE,2025-12-26
SKU0033,west,114,97.02343338066784,117.468897397382,20.445464016714155,1,97.02343338066784,20.445464016714155,117.468897397382,200.0,200,STABLE,2025-12-26
SKU0033,west,114,95.7234995889265,116.1583447019521,20.434845113025602,1,95.7234995889265,20.434845113025602,116.1583447019521,200.0,200,STABLE,2025-12-26
SKU0038,north,202,99.72545542214502,129.28939139056845,29.563935968423436,2,199.45091084429004,59.12787193684687,258.5787827811369,200.0,200,STABLE,2025-12-26
SKU0038,east,145,99.72545542214502,129.28939139056845,29.563935968423436,2,199.45091084429004,59.12787193684687,258.5787827811369,200.0,200,STABLE,2025-12-26
SKU0038,west,234,99.72545542214502,129.28939139056845,29.563935968423436,2,199.45091084429004,59.12787193684687,258.5787827811369,200.0,200,STABLE,2025-12-26
SKU0038,north,202,118.7475916807609,148.3053866684178,29.557794987656905,2,237.4951833615218,59.11558997531381,296.6107733368356,200.0,200,STABLE,2025-12-26
SKU0038,east,145,118.7475916807609,148.3053866684178,29.557794987656905,2,237.4951833615218,59.11558997531381,296.6107733368356,200.0,200,STABLE,2025-12-26
SKU0038,west,234,118.7475916807609,148.3053866684178,29.557794987656905,2,237.4951833615218,59.11558997531381,296.6107733368356,200.0,200,STABLE,2025-12-26
SKU0038,north,202,121.49898498982418,151.05130640588823,29.552321416064046,2,242.99796997964836,59.10464283212809,302.10261281177645,200.0,200,STABLE,2025-12-26
SKU0038,east,145,121.49898498982418,151.05130640588823,29.552321416064046,2,242.99796997964836,59.10464283212809,302.10261281177645,200.0,200,STABLE,2025-12-26
SKU0038,west,234,121.49898498982418,151.05130640588823,29.552321416064046,2,242.99796997964836,59.10464283212809,302.10261281177645,200.0,200,STABLE,2025-12-26
SKU0038,north,202,107.1289296528696,136.67637165394186,29.547442001072255,2,214.2578593057392,59.09488400214451,273.3527433078837,200.0,200,STABLE,2025-12-26
SKU0038,east,145,107.1289296528696,136.67637165394186,29.547442001072255,2,214.2578593057392,59.09488400214451,273.3527433078837,200.0,200,STABLE,2025-12-26
SKU0038,west,234,107.1289296528696,136.67637165394186,29.547442001072255,2,214.2578593057392,59.09488400214451,273.3527433078837,200.0,200,STABLE,2025-12-26
SKU0038,north,202,111.98130257936933,141.5243949705093,29.543092391139965,2,223.96260515873865,59.08618478227993,283.0487899410186,200.0,200,STABLE,2025-12-26
SKU0038,east,145,111.98130257936933,141.5243949705093,29.543092391139965,2,223.96260515873865,59.08618478227993,283.0487899410186,200.0,200,STABLE,2025-12-26
SKU0038,west,234,111.98130257936933,141.5243949705093,29.543092391139965,2,223.96260515873865,59.08618478227993,283.0487899410186,200.0,200,STABLE,2025-12-26
SKU0038,north,202,114.07636137947767,143.61557655461598,29.53921517513831,2,228.15272275895535,59.07843035027662,287.23115310923197,200.0,200,STABLE,2025-12-26
SKU0038,east,145,114.07636137947767,143.61557655461598,29.53921517513831,2,228.15272275895535,59.07843035027662,287.23115310923197,200.0,200,STABLE,2025-12-26
SKU0038,west,234,114.07636137947767,143.61557655461598,29.53921517513831,2,228.15272275895535,59.07843035027662,287.23115310923197,200.0,200,STABLE,2025-12-26
SKU0038,north,202,108.05608474413592,137.59184388373438,29.53575913959847,2,216.11216948827183,59.07151827919694,275.18368776746877,200.0,200,STABLE,2025-12-26
SKU0038,east,145,108.05608474413592,137.59184388373438,29.53575913959847,2,216.11216948827183,59.07151827919694,275.18368776746877,200.0,200,STABLE,2025-12-26
SKU0038,west,234,108.05608474413592,137.59184388373438,29.53575913959847,2,216.11216948827183,59.07151827919694,275.18368776746877,200.0,200,STABLE,2025-12-26
SKU0038,north,202,105.18837191443242,134.72105051892495,29.53267860449253,2,210.37674382886485,59.06535720898506,269.4421010378499,200.0,200,STABLE,2025-12-26
SKU0038,east,145,105.18837191443242,134.72105051892495,29.53267860449253,2,210.37674382886485,59.06535720898506,269.4421010378499,200.0,200,STABLE,2025-12-26
SKU0038,west,234,105.18837191443242,134.72105051892495,29.53267860449253,2,210.37674382886485,59.06535720898506,269.4421010378499,200.0,200,STABLE,2025-12-26
SKU0038,north,202,109.41476324375331,138.9446960729618,29.529932829208477,2,218.82952648750663,59.05986565841695,277.8893921459236,200.0,200,STABLE,2025-12-26
SKU0038,east,145,109.41476324375331,138.9446960729618,29.529932829208477,2,218.82952648750663,59.05986565841695,277.8893921459236,200.0,200,STABLE,2025-12-26
SKU0038,west,234,109.41476324375331,138.9446960729618,29.529932829208477,2,218.82952648750663,59.05986565841695,277.8893921459236,200.0,200,STABLE,2025-12-26
SKU0038,north,202,104.6724170581976,134.19990253970428,29.527485481506687,2,209.3448341163952,59.054970963013375,268.39980507940857,200.0,200,STABLE,2025-12-26
SKU0038,east,145,104.6724170581976,134.19990253970428,29.527485481506687,2,209.3448341163952,59.054970963013375,268.39980507940857,200.0,200,STABLE,2025-12-26
SKU0038,west,234,104.6724170581976,134.19990253970428,29.527485481506687,2,209.3448341163952,59.054970963013375,268.39980507940857,200.0,200,STABLE,2025-12-26
SKU0038,north,202,103.63602270846071,133.1613268714023,29.525304162941595,2,207.27204541692143,59.05060832588319,266.3226537428046,200.0,200,STABLE,2025-12-26
SKU0038,east,145,103.63602270846071,133.1613268714023,29.525304162941595,2,207.27204541692143,59.05060832588319,266.3226537428046,200.0,200,STABLE,2025-12-26
SKU0038,west,234,103.63602270846071,133.1613268714023,29.525304162941595,2,207.27204541692143,59.05060832588319,266.3226537428046,200.0,200,STABLE,2025-12-26
SKU0038,north,202,89.40042880051037,118.92378878538406,29.523359984873693,2,178.80085760102074,59.046719969747386,237.84757757076812,200.0,200,STABLE,2025-12-26
SKU0038,east,145,89.40042880051037,118.92378878538406,29.523359984873693,2,178.80085760102074,59.046719969747386,237.84757757076812,200.0,200,STABLE,2025-12-26
SKU0038,west,234,89.40042880051037,118.92378878538406,29.523359984873693,2,178.80085760102074,59.046719969747386,237.84757757076812,200.0,200,STABLE,2025-12-26
SKU0038,north,202,98.87182462747408,128.39345181725653,29.52162718978245,2,197.74364925494817,59.0432543795649,256.78690363451307,200.0,200,STABLE,2025-12-26
SKU0038,east,145,98.87182462747408,128.39345181725653,29.52162718978245,2,197.74364925494817,59.0432543795649,256.78690363451307,200.0,200,STABLE,2025-12-26
SKU0038,west,234,98.87182462747408,128.39345181725653,29.52162718978245,2,197.74364925494817,59.0432543795649,256.78690363451307,200.0,200,STABLE,2025-12-26
SKU0038,north,202,94.29572455696344,123.8158073700844,29.520082813120965,2,188.59144911392687,59.04016562624193,247.6316147401688,200.0,200,STABLE,2025-12-26
SKU0038,east,145,94.29572455696344,123.8158073700844,29.520082813120965,2,188.59144911392687,59.04016562624193,247.6316147401688,200.0,200,STABLE,2025-12-26
SKU0038,west,234,94.29572455696344,123.8158073700844,29.520082813120965,2,188.59144911392687,59.04016562624193,247.6316147401688,200.0,200,STABLE,2025-12-26
SKU0038,north,202,113.13961900174098,142.65832538317792,29.518706381436942,2,226.27923800348196,59.037412762873885,285.31665076635585,200.0,200,STABLE,2025-12-26
SKU0038,east,145,113.13961900174098,142.65832538317792,29.518706381436942,2,226.27923800348196,59.037412762873885,285.31665076635585,200.0,200,STABLE,2025-12-26
SKU0038,west,234,113.13961900174098,142.65832538317792,29.518706381436942,2,226.27923800348196,59.037412762873885,285.31665076635585,200.0,200,STABLE,2025-12-26
SKU0038,north,202,108.06747214835283,137.584951791276,29.517479642923178,2,216.13494429670567,59.034959285846355,275.169903582552,200.0,200,STABLE,2025-12-26
SKU0038,east,145,108.06747214835283,137.584951791276,29.517479642923178,2,216.13494429670567,59.034959285846355,275.169903582552,200.0,200,STABLE,2025-12-26
SKU0038,west,234,108.06747214835283,137.584951791276,29.517479642923178,2,216.13494429670567,59.034959285846355,275.169903582552,200.0,200,STABLE,2025-12-26
SKU0038,north,202,100.20756155857744,129.72394788553083,29.516386326953395,2,200.41512311715488,59.03277265390679,259.44789577106167,200.0,200,STABLE,2025-12-26
SKU0038,east,145,100.20756155857744,129.72394788553083,29.516386326953395,2,200.41512311715488,59.03277265390679,259.44789577106167,200.0,200,STABLE,2025-12-26
SKU0038,west,234,100.20756155857744,129.72394788553083,29.516386326953395,2,200.41512311715488,59.03277265390679,259.44789577106167,200.0,200,STABLE,2025-12-26
SKU0038,north,202,97.16671220614924,126.68212413566852,29.515411929519274,2,194.33342441229848,59.03082385903855,253.36424827133703,200.0,200,STABLE,2025-12-26
SKU0038,east,145,97.16671220614924,126.68212413566852,29.515411929519274,2,194.33342441229848,59.03082385903855,253.36424827133703,200.0,200,STABLE,2025-12-26
SKU0038,west,234,97.16671220614924,126.68212413566852,29.515411929519274,2,194.33342441229848,59.03082385903855,253.36424827133703,200.0,200,STABLE,2025-12-26
SKU0038,north,202,84.57591693984341,114.09046046164784,29.514543521804427,2,169.15183387968682,59.029087043608854,228.18092092329567,200.0,200,STABLE,2025-12-26
SKU0038,east,145,84.57591693984341,114.09046046164784,29.514543521804427,2,169.15183387968682,59.029087043608854,228.18092092329567,200.0,200,STABLE,2025-12-26
SKU0038,north,202,95.96065854186864,125.4744281212894,29.513769579420767,2,191.92131708373728,59.027539158841535,250.9488562425788,200.0,200,STABLE,2025-12-26
SKU0038,east,145,95.96065854186864,125.4744281212894,29.513769579420767,2,191.92131708373728,59.027539158841535,250.9488562425788,200.0,200,STABLE,2025-12-26
SKU0038,west,234,95.96065854186864,125.4744281212894,29.513769579420767,2,191.92131708373728,59.027539158841535,250.9488562425788,200.0,200,STABLE,2025-12-26
SKU0038,north,202,89.33871307231605,118.8517929024096,29.513079830093545,2,178.6774261446321,59.02615966018709,237.7035858048192,200.0,200,STABLE,2025-12-26
SKU0038,east,145,89.33871307231605,118.8517929024096,29.513079830093545,2,178.6774261446321,59.02615966018709,237.7035858048192,200.0,200,STABLE,2025-12-26
SKU0038,west,234,89.33871307231605,118.8517929024096,29.513079830093545,2,178.6774261446321,59.02615966018709,237.7035858048192,200.0,200,STABLE,2025-12-26
SKU0038,north,202,83.86672272569722,113.37918784351348,29.512465117816262,2,167.73344545139443,59.024930235632525,226.75837568702696,200.0,200,STABLE,2025-12-26
SKU0038,east,145,83.86672272569722,113.37918784351348,29.512465117816262,2,167.73344545139443,59.024930235632525,226.75837568702696,200.0,200,STABLE,2025-12-26
SKU0038,north,202,86.02547982989529,115.53739711344843,29.511917283553146,2,172.05095965979058,59.02383456710629,231.07479422689687,200.0,200,STABLE,2025-12-26
SKU0038,east,145,86.02547982989529,115.53739711344843,29.511917283553146,2,172.05095965979058,59.02383456710629,231.07479422689687,200.0,200,STABLE,2025-12-26
SKU0038,north,202,91.86836994677344,121.37980415377234,29.5114342069989,2,183.73673989354688,59.0228684139978,242.75960830754468,200.0,200,STABLE,2025-12-26
SKU0038,east,145,91.86836994677344,121.37980415377234,29.5114342069989,2,183.73673989354688,59.0228684139978,242.75960830754468,200.0,200,STABLE,2025-12-26
SKU0038,west,234,91.86836994677344,121.37980415377234,29.5114342069989,2,183.73673989354688,59.0228684139978,242.75960830754468,200.0,200,STABLE,2025-12-26
SKU0038,north,202,92.20676014840316,121.65728206588808,29.45052191748492,2,184.41352029680633,58.90104383496984,243.31456413177617,200.0,200,STABLE,2025-12-26
SKU0038,east,145,92.20676014840316,121.65728206588808,29.45052191748492,2,184.41352029680633,58.90104383496984,243.31456413177617,200.0,200,STABLE,2025-12-26
SKU0038,west,234,92.20676014840316,121.65728206588808,29.45052191748492,2,184.41352029680633,58.90104383496984,243.31456413177617,200.0,200,STABLE,2025-12-26
SKU0038,north,202,81.35169909509312,110.79972790859613,29.448028813503,2,162.70339819018625,58.896057627006,221.59945581719225,200.0,200,STABLE,2025-12-26
SKU0038,east,145,81.35169909509312,110.79972790859613,29.448028813503,2,162.70339819018625,58.896057627006,221.59945581719225,200.0,200,STABLE,2025-12-26
SKU0039,east,202,190.55863372282505,219.00039521723423,28.441761494409178,1,190.55863372282505,28.441761494409178,219.00039521723423,200.0,200,STABLE,2025-12-26
SKU0039,east,202,178.44755692353766,206.9957119838376,28.548155060299933,1,178.44755692353766,28.548155060299933,206.9957119838376,200.0,200,STABLE,2025-12-26
SKU0039,east,202,190.7829081535279,219.4462292915568,28.66332113802889,1,190.7829081535279,28.66332113802889,219.4462292915568,200.0,200,STABLE,2025-12-26
SKU0039,east,202,174.77351919707442,203.5614367234849,28.787917526410467,1,174.77351919707442,28.787917526410467,203.5614367234849,200.0,200,STABLE,2025-12-26
SKU0039,east,202,177.4782437630113,206.40088526386447,28.92264150085316,1,177.4782437630113,28.92264150085316,206.40088526386447,200.0,200,STABLE,2025-12-26
SKU0039,east,202,208.04749372064995,237.1157245611307,29.068230840480737,1,208.04749372064995,29.068230840480737,237.1157245611307,200.0,200,STABLE,2025-12-26
SKU0039,north,253,240.79312653104333,270.0185912486337,29.22546471759037,1,240.79312653104333,29.22546471759037,270.0185912486337,200.0,200,STABLE,2025-12-26
SKU0039,east,202,240.79312653104333,270.0185912486337,29.22546471759037,1,240.79312653104333,29.22546471759037,270.0185912486337,200.0,200,STABLE,2025-12-26
SKU0039,west,266,240.79312653104333,270.0185912486337,29.22546471759037,1,240.79312653104333,29.22546471759037,270.0185912486337,200.0,200,STABLE,2025-12-26
SKU0039,north,253,238.17251129596104,267.56767573126194,29.3951644353009,1,238.17251129596104,29.3951644353009,267.56767573126194,200.0,200,STABLE,2025-12-26
SKU0039,east,202,238.17251129596104,267.56767573126194,29.3951644353009,1,238.17251129596104,29.3951644353009,267.56767573126194,200.0,200,STABLE,2025-12-26
SKU0039,west,266,238.17251129596104,267.56767573126194,29.3951644353009,1,238.17251129596104,29.3951644353009,267.56767573126194,200.0,200,STABLE,2025-12-26
SKU0039,north,253,258.41964770115936,287.9978417032995,29.57819400214015,1,258.41964770115936,29.57819400214015,287.9978417032995,200.0,200,STABLE,2025-12-26
SKU0039,east,202,258.41964770115936,287.9978417032995,29.57819400214015,1,258.41964770115936,29.57819400214015,287.9978417032995,200.0,200,STABLE,2025-12-26
SKU0039,west,266,258.41964770115936,287.9978417032995,29.57819400214015,1,258.41964770115936,29.57819400214015,287.9978417032995,200.0,200,STABLE,2025-12-26
SKU0039,north,253,267.3678599768757,297.1433205129507,29.775460536075002,1,267.3678599768757,29.775460536075002,297.1433205129507,200.0,200,STABLE,2025-12-26
SKU0039,east,202,267.3678599768757,297.1433205129507,29.775460536075002,1,267.3678599768757,29.775460536075002,297.1433205129507,200.0,200,STABLE,2025-12-26
SKU0039,west,266,267.3678599768757,297.1433205129507,29.775460536075002,1,267.3678599768757,29.775460536075002,297.1433205129507,200.0,200,STABLE,2025-12-26
SKU0039,north,253,283.3156733001876,313.3035877952564,29.98791449506882,1,283.3156733001876,29.98791449506882,313.3035877952564,200.0,200,STABLE,2025-12-26
SKU0039,east,202,283.3156733001876,313.3035877952564,29.98791449506882,1,283.3156733001876,29.98791449506882,313.3035877952564,200.0,200,STABLE,2025-12-26
SKU0039,west,266,283.3156733001876,313.3035877952564,29.98791449506882,1,283.3156733001876,29.98791449506882,313.3035877952564,200.0,200,STABLE,2025-12-26
SKU0039,north,253,324.9043844548153,355.12093419140854,30.216549736593265,1,324.9043844548153,30.216549736593265,355.12093419140854,200.0,200,STABLE,2025-12-26
SKU0039,east,202,324.9043844548153,355.12093419140854,30.216549736593265,1,324.9043844548153,30.216549736593265,355.12093419140854,200.0,200,STABLE,2025-12-26
SKU0039,west,266,324.9043844548153,355.12093419140854,30.216549736593265,1,324.9043844548153,30.216549736593265,355.12093419140854,200.0,200,STABLE,2025-12-26
SKU0039,north,253,342.76113536676934,373.22353878127024,30.462403414500898,1,342.76113536676934,30.462403414500898,373.22353878127024,200.0,200,STABLE,2025-12-26
SKU0039,east,202,342.76113536676934,373.22353878127024,30.462403414500898,1,342.76113536676934,30.462403414500898,373.22353878127024,200.0,200,STABLE,2025-12-26
SKU0039,west,266,342.76113536676934,373.22353878127024,30.462403414500898,1,342.76113536676934,30.462403414500898,373.22353878127024,200.0,200,STABLE,2025-12-26
SKU0039,north,253,318.6357970928992,349.36235282097886,30.72655572807963,1,318.6357970928992,30.72655572807963,349.36235282097886,200.0,200,STABLE,2025-12-26
SKU0039,east,202,318.6357970928992,349.36235282097886,30.72655572807963,1,318.6357970928992,30.72655572807963,349.36235282097886,200.0,200,STABLE,2025-12-26
SKU0039,west,266,318.6357970928992,349.36235282097886,30.72655572807963,1,318.6357970928992,30.72655572807963,349.36235282097886,200.0,200,STABLE,2025-12-26
SKU0039,north,253,333.43158972663883,364.4417192713824,31.010129544743563,1,333.43158972663883,31.010129544743563,364.4417192713824,200.0,200,STABLE,2025-12-26
SKU0039,east,202,333.43158972663883,364.4417192713824,31.010129544743563,1,333.43158972663883,31.010129544743563,364.4417192713824,200.0,200,STABLE,2025-12-26
SKU0039,west,266,333.43158972663883,364.4417192713824,31.010129544743563,1,333.43158972663883,31.010129544743563,364.4417192713824,200.0,200,STABLE,2025-12-26
SKU0039,north,253,365.5099327504722,396.8242226748369,31.314289924364687,1,365.5099327504722,31.314289924364687,396.8242226748369,200.0,200,STABLE,2025-12-26
SKU0039,east,202,365.5099327504722,396.8242226748369,31.314289924364687,1,365.5099327504722,31.314289924364687,396.8242226748369,200.0,200,STABLE,2025-12-26
SKU0039,west,266,365.5099327504722,396.8242226748369,31.314289924364687,1,365.5099327504722,31.314289924364687,396.8242226748369,200.0,200,STABLE,2025-12-26
SKU0039,north,253,400.02047508038913,431.6607186598071,31.640243579417984,1,400.02047508038913,31.640243579417984,431.6607186598071,200.0,200,STABLE,2025-12-26
SKU0039,west,266,400.02047508038913,431.6607186598071,31.640243579417984,1,400.02047508038913,31.640243579417984,431.6607186598071,200.0,200,STABLE,2025-12-26
SKU0039,west,266,432.26746773429807,464.25670604486254,31.989238310564474,1,432.26746773429807,31.989238310564474,464.25670604486254,200.0,200,STABLE,2025-12-26
SKU0042,north,158,135.1202302641909,178.9856550412626,43.865424777071695,2,270.2404605283818,87.73084955414339,357.9713100825252,199.97131008252518,50,STABLE,2025-12-26
SKU0050,north,374,111.18222576284086,143.49102539890683,32.30879963606597,4,444.72890305136343,129.23519854426388,573.9641015956273,199.9641015956273,50,STABLE,2025-12-26
SKU0030,east,371,112.05794907870953,142.58261240785433,30.5246633291448,4,448.2317963148381,122.0986533165792,570.3304496314173,199.3304496314173,100,STABLE,2025-12-26
SKU0037,east,154,143.2789055267218,176.21263690980675,32.93373138308496,2,286.5578110534436,65.86746276616992,352.4252738196135,198.4252738196135,100,STABLE,2025-12-26
SKU0030,north,436,127.48761661472568,158.575786423366,31.088169808640316,4,509.9504664589027,124.35267923456126,634.303145693464,198.303145693464,100,STABLE,2025-12-26
SKU0042,west,207,158.64177791789976,202.09077027100875,43.44899235310899,2,317.2835558357995,86.89798470621798,404.1815405420175,197.1815405420175,50,STABLE,2025-12-26
SKU0030,north,436,127.5003446648938,158.0853334319964,30.584988767102587,4,510.0013786595752,122.33995506841035,632.3413337279856,196.34133372798556,100,STABLE,2025-12-26
SKU0045,east,189,103.23172640713122,128.44651446038463,25.214788053253415,3,309.6951792213937,75.64436415976024,385.33954338115393,196.33954338115393,100,STABLE,2025-12-26
SKU0030,north,436,127.00378406799804,158.0208439723607,31.017059904362654,4,508.01513627199216,124.06823961745062,632.0833758894428,196.08337588944278,100,STABLE,2025-12-26
SKU0037,east,154,141.8371466312852,174.78879733357536,32.95165070229015,2,283.6742932625704,65.9033014045803,349.5775946671507,195.57759466715072,100,STABLE,2025-12-26
SKU0042,north,158,131.3329721709792,176.69404410852798,45.361071937548786,2,262.6659443419584,90.72214387509757,353.38808821705595,195.38808821705595,50,STABLE,2025-12-26
SKU0036,west,230,48.98755100824584,106.30993490153232,57.32238389328648,4,195.95020403298335,229.2895355731459,425.23973960612926,195.23973960612926,100,STABLE,2025-12-26
SKU0037,east,154,141.17298624978798,174.11547351150125,32.94248726171327,2,282.34597249957596,65.88497452342654,348.2309470230025,194.2309470230025,100,STABLE,2025-12-26
SKU0008,west,209,346.3823424997778,401.6878920494648,55.30554954968699,1,346.3823424997778,55.30554954968699,401.6878920494648,192.68789204946478,50,STABLE,2025-12-26
SKU0042,north,158,140.28154301357205,175.09604385283143,34.81450083925938,2,280.5630860271441,69.62900167851876,350.19208770566286,192.19208770566286,50,STABLE,2025-12-26
SKU0036,north,267,58.33685823315865,114.66980824110529,56.332950007946636,4,233.3474329326346,225.33180003178654,458.67923296442115,191.67923296442115,100,STABLE,2025-12-26
SKU0042,east,204,153.44339328714042,197.70726211150745,44.26386882436702,2,306.88678657428085,88.52773764873405,395.4145242230149,191.4145242230149,50,STABLE,2025-12-26
SKU0042,north,158,140.5500549733752,174.4356546435443,33.885599670169086,2,281.1001099467504,67.77119934033817,348.8713092870886,190.8713092870886,50,STABLE,2025-12-26
SKU0045,east,189,101.3758440941767,126.6197564909927,25.243912396816,3,304.12753228253007,75.731737190448,379.8592694729781,190.8592694729781,100,STABLE,2025-12-26
SKU0037,east,154,139.41854481098358,172.34390992339877,32.92536511241519,2,278.83708962196715,65.85073022483039,344.68781984679754,190.68781984679754,100,STABLE,2025-12-26
SKU0030,north,436,125.9376323369254,156.51440479407802,30.576772457152614,4,503.7505293477016,122.30708982861046,626.0576191763121,190.05761917631207,100,STABLE,2025-12-26
SKU0045,east,189,100.95808820434706,126.2548620236396,25.29677381929254,3,302.8742646130412,75.89032145787762,378.7645860709188,189.76458607091882,100,STABLE,2025-12-26
SKU0030,west,489,138.43961900200532,169.4808081464154,31.041189144410083,4,553.7584760080213,124.16475657764033,677.9232325856616,188.9232325856616,100,STABLE,2025-12-26
SKU0042,west,207,153.44339328714042,197.70726211150745,44.26386882436702,2,306.88678657428085,88.52773764873405,395.4145242230149,188.4145242230149,50,STABLE,2025-12-26
SKU0042,north,158,129.95767140211078,172.97113019404958,43.0134587919388,2,259.91534280422155,86.0269175838776,345.94226038809916,187.94226038809916,50,STABLE,2025-12-26
SKU0030,north,436,124.83658685344967,155.9177321768293,31.08114532337963,4,499.3463474137987,124.32458129351852,623.6709287073172,187.67092870731722,100,STABLE,2025-12-26
SKU0037,east,154,137.2593848469446,170.23064969917888,32.97126485223427,2,274.5187696938892,65.94252970446854,340.46129939835777,186.46129939835777,100,STABLE,2025-12-26
SKU0045,east,189,99.6902550140312,124.95047206705529,25.260217053024093,3,299.07076504209357,75.78065115907228,374.8514162011659,185.85141620116588,100,STABLE,2025-12-26
SKU0042,north,158,136.1676839945867,171.85023123028253,35.682547235695836,2,272.3353679891734,71.36509447139167,343.70046246056506,185.70046246056506,50,STABLE,2025-12-26
SKU0030,north,436,124.82391445922592,155.3855097635844,30.561595304358477,4,499.2956578369037,122.2463812174339,621.5420390543376,185.54203905433758,100,STABLE,2025-12-26
SKU0008,north,270,394.17789697027104,454.9859378335702,60.80804086329914,1,394.17789697027104,60.80804086329914,454.9859378335702,184.98593783357018,50,STABLE,2025-12-26
SKU0030,west,489,137.2824814332951,168.31061889908557,31.02813746579048,4,549.1299257331804,124.11254986316192,673.2424755963423,184.24247559634227,100,STABLE,2025-12-26
SKU0042,east,204,155.96047852998387,193.94375302398964,37.98327449400577,2,311.92095705996775,75.96654898801154,387.8875060479793,183.8875060479793,50,STABLE,2025-12-26
SKU0030,north,436,124.3159278976959,154.88490983842442,30.56898194072852,4,497.2637115907836,122.27592776291408,619.5396393536977,183.53963935369768,100,STABLE,2025-12-26
SKU0016,south,192,96.8630508974582,125.03984013084671,28.17678923338852,3,290.58915269237457,84.53036770016556,375.11952039254015,183.11952039254015,100,STABLE,2025-12-26
SKU0016,south,192,98.11809047893108,124.91816243444852,26.80007195551744,3,294.3542714367932,80.40021586655232,374.7544873033455,182.7544873033455,100,STABLE,2025-12-26
SKU0030,west,489,136.80290670481563,167.86509035659793,31.062183651782306,4,547.2116268192625,124.24873460712922,671.4603614263917,182.46036142639173,100,STABLE,2025-12-26
SKU0016,south,192,92.24359119253744,124.66472835535988,32.42113716282245,3,276.7307735776123,97.26341148846734,373.99418506607964,181.99418506607964,100,STABLE,2025-12-26
SKU0042,east,204,156.40988776943104,192.9063503176548,36.496462548223775,2,312.8197755388621,72.99292509644755,385.8127006353096,181.81270063530962,50,STABLE,2025-12-26
SKU0037,north,180,147.97177249110678,180.8742083467832,32.90243585567643,2,295.94354498221355,65.80487171135286,361.7484166935664,181.7484166935664,100,STABLE,2025-12-26
SKU0037,east,154,134.72880463595968,167.61760667129897,32.888802035339296,2,269.45760927191935,65.77760407067859,335.23521334259794,181.23521334259794,100,STABLE,2025-12-26
SKU0042,west,207,155.96047852998387,193.94375302398964,37.98327449400577,2,311.92095705996775,75.96654898801154,387.8875060479793,180.8875060479793,50,STABLE,2025-12-26
SKU0016,south,192,93.62110827548028,124.1256750014268,30.504566725946518,3,280.8633248264408,91.51370017783955,372.37702500428037,180.37702500428037,100,STABLE,2025-12-26
SKU0045,east,189,97.723522905731,123.00132731360492,25.277804407873916,3,293.170568717193,75.83341322362175,369.00398194081475,180.00398194081475,100,STABLE,2025-12-26
SKU0008,south,275,394.17789697027104,454.9859378335702,60.80804086329914,1,394.17789697027104,60.80804086329914,454.9859378335702,179.98593783357018,50,STABLE,2025-12-26
SKU0016,south,192,98.6722482449756,123.8998792277931,25.227630982817487,3,296.0167447349268,75.68289294845246,371.69963768337925,179.69963768337925,100,STABLE,2025-12-26
SKU0042,east,204,146.50493623486096,191.51572682522567,45.01079059036471,2,293.0098724697219,90.02158118072941,383.03145365045134,179.03145365045134,50,STABLE,2025-12-26
SKU0016,south,192,92.1612764235876,123.6671237854046,31.505847361817004,3,276.4838292707628,94.51754208545101,371.0013713562138,179.00137135621378,100,STABLE,2025-12-26
SKU0030,north,436,122.67476902160448,153.731276824903,31.05650780329853,4,490.6990760864179,124.22603121319412,614.925107299612,178.92510729961202,100,STABLE,2025-12-26
SKU0042,west,207,156.40988776943104,192.9063503176548,36.496462548223775,2,312.8197755388621,72.99292509644755,385.8127006353096,178.81270063530962,50,STABLE,2025-12-26
SKU0042,east,204,144.92945302124252,190.94873687982292,46.019283858580394,2,289.85890604248505,92.03856771716079,381.89747375964583,177.89747375964583,50,STABLE,2025-12-26
SKU0042,north,158,136.0828377005444,167.89291594514924,31.810078244604853,2,272.1656754010888,63.620156489209705,335.7858318902985,177.78583189029848,50,STABLE,2025-12-26
SKU0050,north,374,105.64396382882566,137.89694222432985,32.252978395504186,4,422.57585531530265,129.01191358201675,551.5877688973194,177.5877688973194,50,STABLE,2025-12-26
SKU0030,north,436,122.21223099127717,153.24883529326237,31.036604301985207,4,488.84892396510867,124.14641720794083,612.9953411730495,176.9953411730495,100,STABLE,2025-12-26
SKU0016,south,192,93.47888240792032,122.88070968280442,29.4018272748841,3,280.436647223761,88.2054818246523,368.64212904841327,176.64212904841327,100,STABLE,2025-12-26
SKU0037,north,180,145.26982212504825,178.2310625891095,32.96124046406126,2,290.5396442500965,65.92248092812252,356.462125178219,176.46212517821903,100,STABLE,2025-12-26
SKU0045,east,189,96.46774325641915,121.69654128949124,25.22879803307208,3,289.40322976925745,75.68639409921624,365.0896238684737,176.08962386847372,100,STABLE,2025-12-26
SKU0042,west,207,146.50493623486096,191.51572682522567,45.01079059036471,2,293.0098724697219,90.02158118072941,383.03145365045134,176.03145365045134,50,STABLE,2025-12-26
SKU0042,north,158,134.00484803360513,166.89242880632804,32.88758077272291,2,268.00969606721026,65.77516154544583,333.7848576126561,175.78485761265608,50,STABLE,2025-12-26
SKU0019,east,464,144.52269718661603,159.83863923200988,15.315942045393854,4,578.0907887464641,61.263768181575415,639.3545569280395,175.35455692803953,50,STABLE,2025-12-26
SKU0030,north,436,122.27462402540954,152.82921577374407,30.55459174833453,4,489.09849610163815,122.21836699333812,611.3168630949763,175.31686309497627,100,STABLE,2025-12-26
SKU0050,north,374,104.9695806297891,137.22869396893498,32.25911333914587,4,419.8783225191564,129.03645335658348,548.9147758757399,174.9147758757399,50,STABLE,2025-12-26
SKU0042,west,207,144.92945302124252,190.94873687982292,46.019283858580394,2,289.85890604248505,92.03856771716079,381.89747375964583,174.89747375964583,50,STABLE,2025-12-26
SKU0037,east,154,131.5674929398889,164.44385012694585,32.87635718705695,2,263.1349858797778,65.7527143741139,328.8877002538917,174.8877002538917,100,STABLE,2025-12-26
SKU0008,west,209,330.1314462329676,383.6944789161168,53.563032683149174,1,330.1314462329676,53.563032683149174,383.6944789161168,174.6944789161168,50,STABLE,2025-12-26
SKU0037,east,154,131.48070492476404,164.34570322297688,32.86499829821284,2,262.9614098495281,65.72999659642568,328.69140644595376,174.69140644595376,100,STABLE,2025-12-26
SKU0030,west,489,134.79443702359458,165.84046242739274,31.046025403798154,4,539.1777480943783,124.18410161519262,663.361849709571,174.36184970957095,100,STABLE,2025-12-26
SKU0016,south,192,87.88669247636486,121.92549843103612,34.03880595467126,3,263.6600774290946,102.11641786401378,365.7764952931084,173.77649529310838,100,STABLE,2025-12-26
SKU0037,east,154,130.7697977755234,163.65223541909313,32.882437643569745,2,261.5395955510468,65.76487528713949,327.30447083818626,173.30447083818626,100,STABLE,2025-12-26
SKU0042,east,204,147.36152469195963,188.4155701173762,41.054045425416575,2,294.72304938391926,82.10809085083315,376.8311402347524,172.8311402347524,50,STABLE,2025-12-26
SKU0042,north,158,127.98993240896108,165.2517452329074,37.26181282394633,2,255.97986481792216,74.52362564789266,330.5034904658148,172.50349046581482,50,STABLE,2025-12-26
SKU0037,north,180,143.2789055267218,176.21263690980675,32.93373138308496,2,286.5578110534436,65.86746276616992,352.4252738196135,172.4252738196135,100,STABLE,2025-12-26
SKU0016,south,192,88.05250142520363,121.31482652252984,33.26232509732621,3,264.1575042756109,99.78697529197864,363.94447956758955,171.94447956758955,100,STABLE,2025-12-26
SKU0008,east,138,262.65616076597524,309.65309452847794,46.99693376250269,1,262.65616076597524,46.99693376250269,309.65309452847794,171.65309452847794,50,STABLE,2025-12-26
SKU0030,west,489,134.08100552627104,165.1554905501935,31.07448502392245,4,536.3240221050842,124.2979400956898,660.621962200774,171.62196220077396,100,STABLE,2025-12-26
SKU0016,south,192,86.22128548734847,120.97945795184629,34.75817246449782,3,258.6638564620454,104.27451739349345,362.9383738555388,170.93837385553883,100,STABLE,2025-12-26
SKU0042,east,204,148.15162227936122,187.4615081393404,39.309885859979175,2,296.30324455872244,78.61977171995835,374.9230162786808,170.9230162786808,50,STABLE,2025-12-26
SKU0030,north,436,120.70430018168024,151.72482877864618,31.020528596965946,4,482.81720072672096,124.08211438786378,606.8993151145847,170.89931511458474,100,STABLE,2025-12-26
SKU0036,south,255,48.98755100824584,106.30993490153232,57.32238389328648,4,195.95020403298335,229.2895355731459,425.23973960612926,170.23973960612926,100,STABLE,2025-12-26
SKU0042,west,207,147.36152469195963,188.4155701173762,41.054045425416575,2,294.72304938391926,82.10809085083315,376.8311402347524,169.8311402347524,50,STABLE,2025-12-26
SKU0037,north,180,141.8371466312852,174.78879733357536,32.95165070229015,2,283.6742932625704,65.9033014045803,349.5775946671507,169.57759466715072,100,STABLE,2025-12-26
SKU0042,east,204,145.14353762402823,186.72299241882223,41.579454794794,2,290.28707524805645,83.158909589588,373.44598483764446,169.44598483764446,50,STABLE,2025-12-26
SKU0030,west,489,133.41119930008463,164.4623261022749,31.051126802190254,4,533.6447972003385,124.20450720876102,657.8493044090995,168.84930440909955,100,STABLE,2025-12-26
SKU0037,east,154,128.2419707904504,161.13743431053123,32.895463520080824,2,256.4839415809008,65.79092704016165,322.27486862106247,168.27486862106247,100,STABLE,2025-12-26
SKU0037,north,180,141.17298624978798,174.11547351150125,32.94248726171327,2,282.34597249957596,65.88497452342654,348.2309470230025,168.2309470230025,100,STABLE,2025-12-26
SKU0042,west,207,148.15162227936122,187.4615081393404,39.309885859979175,2,296.30324455872244,78.61977171995835,374.9230162786808,167.9230162786808,50,STABLE,2025-12-26
SKU0016,south,192,83.75420106998664,119.80374640109812,36.04954533111149,3,251.2626032099599,108.14863599333447,359.4112392032944,167.41123920329437,100,STABLE,2025-12-26
SKU0042,east,204,146.56085327350007,185.2256784646309,38.66482519113083,2,293.12170654700014,77.32965038226166,370.4513569292618,166.4513569292618,50,STABLE,2025-12-26
SKU0042,west,207,145.14353762402823,186.72299241882223,41.579454794794,2,290.28707524805645,83.158909589588,373.44598483764446,166.44598483764446,50,STABLE,2025-12-26
SKU0042,east,204,140.32598919083307,184.97133387117643,44.64534468034336,2,280.65197838166614,89.29068936068671,369.94266774235285,165.94266774235285,50,STABLE,2025-12-26
SKU0016,south,192,81.59423701553493,119.27985150973764,37.68561449420271,3,244.7827110466048,113.05684348260813,357.83955452921293,165.83955452921293,100,STABLE,2025-12-26
SKU0037,east,154,126.70480177801876,159.5373069560554,32.83250517803664,2,253.40960355603752,65.66501035607328,319.0746139121108,165.0746139121108,100,STABLE,2025-12-26
SKU0042,east,204,141.93136767841975,184.488973898486,42.55760622006625,2,283.8627353568395,85.1152124401325,368.977947796972,164.977947796972,50,STABLE,2025-12-26
SKU0045,east,189,92.76998338844555,117.97178600011053,25.201802611664974,3,278.30995016533666,75.60540783499492,353.9153580003316,164.9153580003316,100,STABLE,2025-12-26
SKU0016,south,192,83.50482301272518,118.93149917838056,35.42667616565538,3,250.51446903817555,106.28002849696614,356.79449753514166,164.79449753514166,100,STABLE,2025-12-26
SKU0050,north,374,102.38218269723748,134.67860400589876,32.29642130866128,4,409.52873078894993,129.18568523464512,538.714416023595,164.71441602359505,50,STABLE,2025-12-26
SKU0037,north,180,139.41854481098358,172.34390992339877,32.92536511241519,2,278.83708962196715,65.85073022483039,344.68781984679754,164.68781984679754,100,STABLE,2025-12-26
SKU0045,east,189,92.72442386175632,117.85134393471328,25.126920072956963,3,278.17327158526894,75.38076021887089,353.5540318041398,164.5540318041398,100,STABLE,2025-12-26
SKU0037,east,154,126.40369045489705,159.274238537719,32.87054808282194,2,252.8073809097941,65.74109616564388,318.548477075438,164.54847707543797,100,STABLE,2025-12-26
SKU0042,east,204,142.04824467288364,184.1283414436377,42.08009677075407,2,284.0964893457673,84.16019354150814,368.2566828872754,164.25668288727542,50,STABLE,2025-12-26
SKU0016,south,192,82.1052568606715,118.73646776266928,36.631210901997775,3,246.31577058201452,109.89363270599333,356.2094032880078,164.20940328800782,100,STABLE,2025-12-26
SKU0042,east,204,144.11745699793573,184.03888373726485,39.92142673932912,2,288.23491399587147,79.84285347865824,368.0777674745297,164.0777674745297,50,STABLE,2025-12-26
SKU0050,north,374,102.35724130920347,134.39637880618952,32.039137496986044,4,409.4289652368139,128.15654998794417,537.5855152247581,163.58551522475807,50,STABLE,2025-12-26
SKU0042,west,207,146.56085327350007,185.2256784646309,38.66482519113083,2,293.12170654700014,77.32965038226166,370.4513569292618,163.4513569292618,50,STABLE,2025-12-26
SKU0030,north,436,119.21926296243257,149.75495007516872,30.535687112736156,4,476.87705184973026,122.14274845094462,599.0198003006749,163.0198003006749,100,STABLE,2025-12-26
SKU0042,west,207,140.32598919083307,184.97133387117643,44.64534468034336,2,280.65197838166614,89.29068936068671,369.94266774235285,162.94266774235285,50,STABLE,2025-12-26
SKU0045,east,189,92.14208884623908,117.2836887538045,25.14159990756542,3,276.42626653871724,75.42479972269626,351.8510662614135,162.8510662614135,100,STABLE,2025-12-26
SKU0037,east,154,125.2397559650692,158.0943871342721,32.854631169202904,2,250.4795119301384,65.70926233840581,316.1887742685442,162.1887742685442,100,STABLE,2025-12-26
SKU0042,west,207,141.93136767841975,184.488973898486,42.55760622006625,2,283.8627353568395,85.1152124401325,368.977947796972,161.977947796972,50,STABLE,2025-12-26
SKU0045,east,189,91.7381567335959,116.91677058051197,25.178613846916065,3,275.2144702007877,75.5358415407482,350.7503117415359,161.75031174153588,100,STABLE,2025-12-26
SKU0008,east,138,251.0327329916105,299.6146546962906,48.5819217046801,1,251.0327329916105,48.5819217046801,299.6146546962906,161.6146546962906,50,STABLE,2025-12-26
SKU0037,east,154,124.86981078412464,157.78718205582086,32.917371271696226,2,249.73962156824928,65.83474254339245,315.5743641116417,161.57436411164173,100,STABLE,2025-12-26
SKU0050,north,374,101.60600212229662,133.88041930905828,32.27441718676167,4,406.42400848918646,129.09766874704667,535.5216772362331,161.52167723623313,50,STABLE,2025-12-26
SKU0042,east,204,136.9399080790049,182.63689711515832,45.69698903615341,2,273.8798161580098,91.39397807230682,365.27379423031664,161.27379423031664,50,STABLE,2025-12-26
SKU0042,west,207,142.04824467288364,184.1283414436377,42.08009677075407,2,284.0964893457673,84.16019354150814,368.2566828872754,161.25668288727542,50,STABLE,2025-12-26
SKU0042,west,207,144.11745699793573,184.03888373726485,39.92142673932912,2,288.23491399587147,79.84285347865824,368.0777674745297,161.0777674745297,50,STABLE,2025-12-26
SKU0042,east,204,141.8765031912677,182.37855171883425,40.50204852756656,2,283.7530063825354,81.00409705513312,364.7571034376685,160.7571034376685,50,STABLE,2025-12-26
SKU0037,north,180,137.2593848469446,170.23064969917888,32.97126485223427,2,274.5187696938892,65.94252970446854,340.46129939835777,160.46129939835777,100,STABLE,2025-12-26
SKU0030,west,489,131.28858292989727,162.35675334441083,31.06817041451356,4,525.1543317195891,124.27268165805424,649.4270133776433,160.42701337764333,100,STABLE,2025-12-26
SKU0016,south,192,79.85250158265544,117.02797275588534,37.17547117322991,3,239.5575047479663,111.52641351968973,351.08391826765603,159.08391826765603,100,STABLE,2025-12-26
SKU0042,west,207,136.9399080790049,182.63689711515832,45.69698903615341,2,273.8798161580098,91.39397807230682,365.27379423031664,158.27379423031664,50,STABLE,2025-12-26
SKU0036,north,267,48.98755100824584,106.30993490153232,57.32238389328648,4,195.95020403298335,229.2895355731459,425.23973960612926,158.23973960612926,100,STABLE,2025-12-26
SKU0045,east,189,90.53628399556352,115.69498330598827,25.15869931042475,3,271.6088519866906,75.47609793127425,347.0849499179648,158.08494991796482,100,STABLE,2025-12-26
SKU0042,west,207,141.8765031912677,182.37855171883425,40.50204852756656,2,283.7530063825354,81.00409705513312,364.7571034376685,157.7571034376685,50,STABLE,2025-12-26
SKU0050,north,374,100.57180488343856,132.904484951973,32.33268006853443,4,402.28721953375424,129.33072027413772,531.617939807892,157.61793980789196,50,STABLE,2025-12-26
SKU0008,east,138,249.96844163434983,295.4146635161805,45.44622188183067,1,249.96844163434983,45.44622188183067,295.4146635161805,157.4146635161805,50,STABLE,2025-12-26
SKU0042,east,204,134.23674408602153,180.5653899573417,46.32864587132016,2,268.47348817204306,92.65729174264033,361.1307799146834,157.1307799146834,50,STABLE,2025-12-26
SKU0030,north,436,117.72188900520555,148.26354491772332,30.54165591251777,4,470.8875560208222,122.16662365007107,593.0541796708933,157.0541796708933,100,STABLE,2025-12-26
SKU0030,west,489,130.79755514368617,161.39121274908325,30.593657605397084,4,523.1902205747447,122.37463042158834,645.564850996333,156.564850996333,100,STABLE,2025-12-26
SKU0030,north,436,117.49967995259476,148.0476314828185,30.54795153022374,4,469.99871981037904,122.19180612089497,592.190525931274,156.190525931274,100,STABLE,2025-12-26
SKU0016,south,192,77.83236299580771,115.99671884072964,38.16435584492193,3,233.49708898742313,114.49306753476579,347.9901565221889,155.9901565221889,100,STABLE,2025-12-26
SKU0016,south,192,77.33309708882472,115.94748940360785,38.61439231478313,3,231.99929126647413,115.8431769443494,347.84246821082354,155.84246821082354,100,STABLE,2025-12-26
SKU0037,north,180,134.72880463595968,167.61760667129897,32.888802035339296,2,269.45760927191935,65.77760407067859,335.23521334259794,155.23521334259794,100,STABLE,2025-12-26
SKU0008,north,270,365.29281758492425,424.2188146033701,58.925997018445855,1,365.29281758492425,58.925997018445855,424.2188146033701,154.2188146033701,50,STABLE,2025-12-26
SKU0042,west,207,134.23674408602153,180.5653899573417,46.32864587132016,2,268.47348817204306,92.65729174264033,361.1307799146834,154.1307799146834,50,STABLE,2025-12-26
SKU0030,west,489,129.7300906926436,160.7623485514234,31.032257858779786,4,518.9203627705745,124.12903143511915,643.0493942056936,154.0493942056936,100,STABLE,2025-12-26
SKU0042,east,204,135.1202302641909,178.9856550412626,43.865424777071695,2,270.2404605283818,87.73084955414339,357.9713100825252,153.97131008252518,50,STABLE,2025-12-26
SKU0036,west,230,35.55654166889443,95.67813420094612,60.121592532051686,4,142.22616667557773,240.48637012820674,382.7125368037845,152.71253680378447,100,STABLE,2025-12-26
SKU0037,east,154,120.3313108382002,153.1764805162203,32.8451696780201,2,240.6626216764004,65.6903393560402,306.3529610324406,152.3529610324406,100,STABLE,2025-12-26
SKU0045,east,189,88.597017478501,113.7309975061493,25.133980027648292,3,265.791052435503,75.40194008294488,341.19299251844785,152.19299251844785,100,STABLE,2025-12-26
SKU0016,south,192,75.63721635077583,114.67517538715312,39.03795903637729,3,226.9116490523275,117.11387710913186,344.02552616145937,152.02552616145937,100,STABLE,2025-12-26
SKU0042,west,207,135.1202302641909,178.9856550412626,43.865424777071695,2,270.2404605283818,87.73084955414339,357.9713100825252,150.97131008252518,50,STABLE,2025-12-26
SKU0037,east,154,119.49280825348151,152.32934335661,32.83653510312848,2,238.98561650696303,65.67307020625697,304.65868671322,150.65868671322,100,STABLE,2025-12-26
SKU0003,north,221,151.76344635539405,185.66667806227937,33.90323170688532,2,303.5268927107881,67.80646341377064,371.33335612455875,150.33335612455875,100,STABLE,2025-12-26
SKU0037,east,154,119.27886052826052,152.11961420269972,32.8407536744392,2,238.55772105652105,65.6815073488784,304.23922840539944,150.23922840539944,100,STABLE,2025-12-26
SKU0016,south,192,74.49318809900976,113.93023797694678,39.43704987793703,3,223.47956429702927,118.31114963381108,341.79071393084035,149.79071393084035,100,STABLE,2025-12-26
SKU0037,east,154,118.97637167223333,151.80140509041456,32.825033418181235,2,237.95274334446665,65.65006683636247,303.6028101808291,149.60281018082912,100,STABLE,2025-12-26
SKU0042,east,204,131.3329721709792,176.69404410852798,45.361071937548786,2,262.6659443419584,90.72214387509757,353.38808821705595,149.38808821705595,50,STABLE,2025-12-26
SKU0030,west,489,128.53115668140873,159.55538809035113,31.0242314089424,4,514.1246267256349,124.0969256357696,638.2215523614045,149.22155236140452,100,STABLE,2025-12-26
SKU0008,south,275,365.29281758492425,424.2188146033701,58.925997018445855,1,365.29281758492425,58.925997018445855,424.2188146033701,149.2188146033701,50,STABLE,2025-12-26
SKU0037,north,180,131.5674929398889,164.44385012694585,32.87635718705695,2,263.1349858797778,65.7527143741139,328.8877002538917,148.8877002538917,100,STABLE,2025-12-26
SKU0037,north,180,131.48070492476404,164.34570322297688,32.86499829821284,2,262.9614098495281,65.72999659642568,328.69140644595376,148.69140644595376,100,STABLE,2025-12-26
SKU0016,south,192,73.36549126620301,113.17894264605944,39.81345137985643,3,220.09647379860903,119.4403541395693,339.5368279381783,147.5368279381783,100,STABLE,2025-12-26
SKU0037,north,180,130.7697977755234,163.65223541909313,32.882437643569745,2,261.5395955510468,65.76487528713949,327.30447083818626,147.30447083818626,100,STABLE,2025-12-26
SKU0003,north,221,149.972652476559,183.87432729136637,33.901674814807365,2,299.945304953118,67.80334962961473,367.74865458273274,146.74865458273274,100,STABLE,2025-12-26
SKU0042,west,207,131.3329721709792,176.69404410852798,45.361071937548786,2,262.6659443419584,90.72214387509757,353.38808821705595,146.38808821705595,50,STABLE,2025-12-26
SKU0042,east,204,140.28154301357205,175.09604385283143,34.81450083925938,2,280.5630860271441,69.62900167851876,350.19208770566286,146.19208770566286,50,STABLE,2025-12-26
SKU0016,south,192,72.54252964888687,112.7113016894127,40.16877204052582,3,217.6275889466606,120.50631612157747,338.13390506823805,146.13390506823805,100,STABLE,2025-12-26
SKU0019,east,464,137.1422158715364,152.43051932333898,15.28830345180259,4,548.5688634861456,61.15321380721036,609.7220772933559,145.72207729335594,50,STABLE,2025-12-26
SKU0045,east,189,86.40457638733412,111.49879922411787,25.094222836783757,3,259.2137291620023,75.28266851035127,334.4963976723536,145.49639767235362,100,STABLE,2025-12-26
SKU0030,west,489,127.48761661472568,158.575786423366,31.088169808640316,4,509.9504664589027,124.35267923456126,634.303145693464,145.303145693464,100,STABLE,2025-12-26
SKU0042,east,204,140.5500549733752,174.4356546435443,33.885599670169086,2,281.1001099467504,67.77119934033817,348.8713092870886,144.8713092870886,50,STABLE,2025-12-26
SKU0045,east,189,86.05250936417326,111.22078695522636,25.168277591053098,3,258.1575280925198,75.5048327731593,333.6623608656791,144.6623608656791,100,STABLE,2025-12-26
SKU0016,south,192,71.52936274637699,112.03382910915396,40.50446636277697,3,214.58808823913097,121.5133990883309,336.1014873274619,144.10148732746188,100,STABLE,2025-12-26
SKU0008,north,270,356.3514724741786,413.44399468363633,57.09252220945774,1,356.3514724741786,57.09252220945774,413.44399468363633,143.44399468363633,50,STABLE,2025-12-26
SKU0030,west,489,127.5003446648938,158.0853334319964,30.584988767102587,4,510.0013786595752,122.33995506841035,632.3413337279856,143.34133372798556,100,STABLE,2025-12-26
SKU0016,south,192,70.9133381652625,111.73519294263832,40.82185477737582,3,212.7400144957875,122.46556433212746,335.20557882791496,143.20557882791496,100,STABLE,2025-12-26
SKU0042,west,207,140.28154301357205,175.09604385283143,34.81450083925938,2,280.5630860271441,69.62900167851876,350.19208770566286,143.19208770566286,50,STABLE,2025-12-26
SKU0030,north,436,114.25293202388968,144.7829602797706,30.53002825588092,4,457.01172809555874,122.12011302352369,579.1318411190824,143.13184111908242,100,STABLE,2025-12-26
SKU0030,west,489,127.00378406799804,158.0208439723607,31.017059904362654,4,508.01513627199216,124.06823961745062,632.0833758894428,143.08337588944278,100,STABLE,2025-12-26
SKU0037,east,154,115.4198942516287,148.26968655650109,32.84979230487238,2,230.8397885032574,65.69958460974476,296.53937311300217,142.53937311300217,100,STABLE,2025-12-26
SKU0037,north,180,128.2419707904504,161.13743431053123,32.895463520080824,2,256.4839415809008,65.79092704016165,322.27486862106247,142.27486862106247,100,STABLE,2025-12-26
SKU0037,east,154,115.22739896508848,148.05605448748685,32.828655522398364,2,230.45479793017697,65.65731104479673,296.1121089749737,142.1121089749737,100,STABLE,2025-12-26
SKU0042,east,204,129.95767140211078,172.97113019404958,43.0134587919388,2,259.91534280422155,86.0269175838776,345.94226038809916,141.94226038809916,50,STABLE,2025-12-26
SKU0042,west,207,140.5500549733752,174.4356546435443,33.885599670169086,2,281.1001099467504,67.77119934033817,348.8713092870886,141.8713092870886,50,STABLE,2025-12-26
SKU0008,west,209,298.60337826882034,350.4663176895519,51.86293942073155,1,298.60337826882034,51.86293942073155,350.4663176895519,141.4663176895519,50,STABLE,2025-12-26
SKU0016,south,192,69.91746695380505,111.03960724148192,41.12214028767687,3,209.75240086141514,123.36642086303061,333.11882172444575,141.11882172444575,100,STABLE,2025-12-26
SKU0019,east,464,135.68613209823957,151.01460407425705,15.328471976017482,4,542.7445283929583,61.31388790406993,604.0584162970282,140.0584162970282,50,STABLE,2025-12-26
SKU0037,east,154,114.13508041875096,146.99477674621392,32.859696327462956,2,228.27016083750192,65.71939265492591,293.98955349242783,139.98955349242783,100,STABLE,2025-12-26
SKU0042,east,204,136.1676839945867,171.85023123028253,35.682547235695836,2,272.3353679891734,71.36509447139167,343.70046246056506,139.70046246056506,50,STABLE,2025-12-26
SKU0037,north,180,126.70480177801876,159.5373069560554,32.83250517803664,2,253.40960355603752,65.66501035607328,319.0746139121108,139.0746139121108,100,STABLE,2025-12-26
SKU0042,west,207,129.95767140211078,172.97113019404958,43.0134587919388,2,259.91534280422155,86.0269175838776,345.94226038809916,138.94226038809916,50,STABLE,2025-12-26
SKU0016,south,192,68.8812350676879,110.287657549022,41.406422481334104,3,206.6437052030637,124.21926744400231,330.862972647066,138.862972647066,100,STABLE,2025-12-26
SKU0037,west,243,157.98635532895656,190.89608875560015,32.909733426643584,2,315.9727106579131,65.81946685328717,381.7921775112003,138.7921775112003,100,STABLE,2025-12-26
SKU0008,west,209,297.4389675521102,347.642212114955,50.20324456284476,1,297.4389675521102,50.20324456284476,347.642212114955,138.642212114955,50,STABLE,2025-12-26
SKU0037,north,180,126.40369045489705,159.274238537719,32.87054808282194,2,252.8073809097941,65.74109616564388,318.548477075438,138.54847707543797,100,STABLE,2025-12-26
SKU0008,south,275,356.3514724741786,413.44399468363633,57.09252220945774,1,356.3514724741786,57.09252220945774,413.44399468363633,138.44399468363633,50,STABLE,2025-12-26
SKU0045,east,189,83.96926635197823,109.08358555137552,25.114319199397286,3,251.9077990559347,75.34295759819186,327.2507566541266,138.25075665412658,100,STABLE,2025-12-26
SKU0016,south,192,68.35431799762215,110.0300274063832,41.67570940876105,3,205.06295399286643,125.02712822628315,330.09008221914956,138.09008221914956,100,STABLE,2025-12-26
SKU0045,north,252,104.60529913513912,129.79506665182703,25.18976751668791,3,313.81589740541733,75.56930255006372,389.3851999554811,137.38519995548108,100,STABLE,2025-12-26
SKU0030,west,489,125.9376323369254,156.51440479407802,30.576772457152614,4,503.7505293477016,122.30708982861046,626.0576191763121,137.05761917631207,100,STABLE,2025-12-26
SKU0003,north,221,145.1069395235413,179.01367239973257,33.906732876191256,2,290.2138790470826,67.81346575238251,358.02734479946514,137.02734479946514,100,STABLE,2025-12-26
SKU0042,west,207,136.1676839945867,171.85023123028253,35.682547235695836,2,272.3353679891734,71.36509447139167,343.70046246056506,136.70046246056506,50,STABLE,2025-12-26
SKU0003,north,221,144.73788689350067,178.64643282609666,33.908545932595985,2,289.47577378700134,67.81709186519197,357.2928656521933,136.2928656521933,100,STABLE,2025-12-26
SKU0037,north,180,125.2397559650692,158.0943871342721,32.854631169202904,2,250.4795119301384,65.70926233840581,316.1887742685442,136.1887742685442,100,STABLE,2025-12-26
SKU0045,east,189,83.1001535198275,108.22053263828614,25.120379118458644,3,249.3004605594825,75.36113735537593,324.6615979148584,135.66159791485842,100,STABLE,2025-12-26
SKU0037,north,180,124.86981078412464,157.78718205582086,32.917371271696226,2,249.73962156824928,65.83474254339245,315.5743641116417,135.57436411164173,100,STABLE,2025-12-26
SKU0045,east,189,82.93457822127954,108.0844020442464,25.149823822966866,3,248.8037346638386,75.4494714689006,324.2532061327392,135.2532061327392,100,STABLE,2025-12-26
SKU0019,east,464,134.48379372856215,149.76248451295623,15.278690784394087,4,537.9351749142486,61.11476313757635,599.0499380518249,135.04993805182494,50,STABLE,2025-12-26
SKU0030,west,489,124.83658685344967,155.9177321768293,31.08114532337963,4,499.3463474137987,124.32458129351852,623.6709287073172,134.67092870731722,100,STABLE,2025-12-26
SKU0030,north,436,112.05794907870953,142.58261240785433,30.5246633291448,4,448.2317963148381,122.0986533165792,570.3304496314173,134.3304496314173,100,STABLE,2025-12-26
SKU0045,north,252,103.23172640713122,128.44651446038463,25.214788053253415,3,309.6951792213937,75.64436415976024,385.33954338115393,133.33954338115393,100,STABLE,2025-12-26
SKU0019,east,464,133.94149499797857,149.24673613788318,15.30524113990461,4,535.7659799919143,61.22096455961844,596.9869445515327,132.9869445515327,50,STABLE,2025-12-26
SKU0030,west,489,124.82391445922592,155.3855097635844,30.561595304358477,4,499.2956578369037,122.2463812174339,621.5420390543376,132.54203905433758,100,STABLE,2025-12-26
SKU0036,east,580,111.48553331348076,178.07842289249749,66.59288957901673,4,445.94213325392303,266.3715583160669,712.3136915699899,132.31369156998994,100,STABLE,2025-12-26
SKU0042,east,204,136.0828377005444,167.89291594514924,31.810078244604853,2,272.1656754010888,63.620156489209705,335.7858318902985,131.78583189029848,50,STABLE,2025-12-26
SKU0008,north,270,346.3823424997778,401.6878920494648,55.30554954968699,1,346.3823424997778,55.30554954968699,401.6878920494648,131.68789204946478,50,STABLE,2025-12-26
SKU0045,east,189,81.54685924226658,106.65556434378604,25.108705101519462,3,244.64057772679973,75.32611530455839,319.9666930313581,130.9666930313581,100,STABLE,2025-12-26
SKU0030,west,489,124.3159278976959,154.88490983842442,30.56898194072852,4,497.2637115907836,122.27592776291408,619.5396393536977,130.53963935369768,100,STABLE,2025-12-26
SKU0042,east,204,134.00484803360513,166.89242880632804,32.88758077272291,2,268.00969606721026,65.77516154544583,333.7848576126561,129.78485761265608,50,STABLE,2025-12-26
SKU0008,east,138,223.43540883883145,267.363101121669,43.92769228283754,1,223.43540883883145,43.92769228283754,267.363101121669,129.363101121669,50,STABLE,2025-12-26
SKU0042,west,207,136.0828377005444,167.89291594514924,31.810078244604853,2,272.1656754010888,63.620156489209705,335.7858318902985,128.78583189029848,50,STABLE,2025-12-26
SKU0045,north,252,101.3758440941767,126.6197564909927,25.243912396816,3,304.12753228253007,75.731737190448,379.8592694729781,127.8592694729781,100,STABLE,2025-12-26
SKU0036,south,255,35.55654166889443,95.67813420094612,60.121592532051686,4,142.22616667557773,240.48637012820674,382.7125368037845,127.71253680378447,100,STABLE,2025-12-26
SKU0045,west,262,104.60529913513912,129.79506665182703,25.18976751668791,3,313.81589740541733,75.56930255006372,389.3851999554811,127.38519995548108,100,STABLE,2025-12-26
SKU0042,west,207,134.00484803360513,166.89242880632804,32.88758077272291,2,268.00969606721026,65.77516154544583,333.7848576126561,126.78485761265608,50,STABLE,2025-12-26
SKU0045,north,252,100.95808820434706,126.2548620236396,25.29677381929254,3,302.8742646130412,75.89032145787762,378.7645860709188,126.76458607091882,100,STABLE,2025-12-26
SKU0008,south,275,346.3823424997778,401.6878920494648,55.30554954968699,1,346.3823424997778,55.30554954968699,401.6878920494648,126.68789204946478,50,STABLE,2025-12-26
SKU0042,east,204,127.98993240896108,165.2517452329074,37.26181282394633,2,255.97986481792216,74.52362564789266,330.5034904658148,126.50349046581482,50,STABLE,2025-12-26
SKU0037,north,180,120.3313108382002,153.1764805162203,32.8451696780201,2,240.6626216764004,65.6903393560402,306.3529610324406,126.35296103244059,100,STABLE,2025-12-26
SKU0030,west,489,122.67476902160448,153.731276824903,31.05650780329853,4,490.6990760864179,124.22603121319412,614.925107299612,125.92510729961202,100,STABLE,2025-12-26
SKU0037,east,154,107.9081632015594,139.89204230888768,31.983879107328278,2,215.8163264031188,63.967758214656556,279.78408461777536,125.78408461777536,100,STABLE,2025-12-26
SKU0008,east,138,221.2157317207894,263.6549321737249,42.439200452935495,1,221.2157317207894,42.439200452935495,263.6549321737249,125.65493217372489,50,STABLE,2025-12-26
SKU0037,north,180,119.49280825348151,152.32934335661,32.83653510312848,2,238.98561650696303,65.67307020625697,304.65868671322,124.65868671321999,100,STABLE,2025-12-26
SKU0045,east,189,79.31908829399686,104.42259245954916,25.10350416555231,3,237.95726488199057,75.31051249665693,313.2677773786475,124.26777737864751,100,STABLE,2025-12-26
SKU0037,north,180,119.27886052826052,152.11961420269972,32.8407536744392,2,238.55772105652105,65.6815073488784,304.23922840539944,124.23922840539944,100,STABLE,2025-12-26
SKU0030,west,489,122.21223099127717,153.24883529326237,31.036604301985207,4,488.84892396510867,124.14641720794083,612.9953411730495,123.9953411730495,100,STABLE,2025-12-26
SKU0037,north,180,118.97637167223333,151.80140509041456,32.825033418181235,2,237.95274334446665,65.65006683636247,303.6028101808291,123.60281018082912,100,STABLE,2025-12-26
SKU0042,west,207,127.98993240896108,165.2517452329074,37.26181282394633,2,255.97986481792216,74.52362564789266,330.5034904658148,123.50349046581482,50,STABLE,2025-12-26
SKU0045,west,262,103.23172640713122,128.44651446038463,25.214788053253415,3,309.6951792213937,75.64436415976024,385.33954338115393,123.33954338115393,100,STABLE,2025-12-26
SKU0037,east,154,106.47138980186142,138.44373722317692,31.972347421315504,2,212.94277960372284,63.94469484263101,276.88747444635385,122.88747444635385,100,STABLE,2025-12-26
SKU0045,north,252,99.6902550140312,124.95047206705529,25.260217053024093,3,299.07076504209357,75.78065115907228,374.8514162011659,122.85141620116588,100,STABLE,2025-12-26
SKU0030,west,489,122.27462402540954,152.82921577374407,30.55459174833453,4,489.09849610163815,122.21836699333812,611.3168630949763,122.31686309497627,100,STABLE,2025-12-26
SKU0003,north,221,136.31803115949396,170.22868862771043,33.91065746821647,2,272.6360623189879,67.82131493643294,340.45737725542085,119.45737725542085,100,STABLE,2025-12-26
SKU0045,east,189,77.70875177048941,102.7914625321495,25.08271076166008,3,233.12625531146824,75.24813228498024,308.3743875964485,119.37438759644851,100,STABLE,2025-12-26
SKU0037,west,243,147.97177249110678,180.8742083467832,32.90243585567643,2,295.94354498221355,65.80487171135286,361.7484166935664,118.74841669356641,100,STABLE,2025-12-26
SKU0030,west,489,120.70430018168024,151.72482877864618,31.020528596965946,4,482.81720072672096,124.08211438786378,606.8993151145847,117.89931511458474,100,STABLE,2025-12-26
SKU0045,west,262,101.3758440941767,126.6197564909927,25.243912396816,3,304.12753228253007,75.731737190448,379.8592694729781,117.8592694729781,100,STABLE,2025-12-26
SKU0003,north,221,135.44006069311754,169.35546666259012,33.91540596947257,2,270.8801213862351,67.83081193894515,338.71093332518024,117.71093332518024,100,STABLE,2025-12-26
SKU0019,east,464,130.02367953174277,145.2971201694529,15.273440637710138,4,520.0947181269711,61.09376255084055,581.1884806778116,117.18848067781164,50,STABLE,2025-12-26
SKU0045,north,252,97.723522905731,123.00132731360492,25.277804407873916,3,293.170568717193,75.83341322362175,369.00398194081475,117.00398194081475,100,STABLE,2025-12-26
SKU0045,west,262,100.95808820434706,126.2548620236396,25.29677381929254,3,302.8742646130412,75.89032145787762,378.7645860709188,116.76458607091882,100,STABLE,2025-12-26
SKU0037,north,180,115.4198942516287,148.26968655650109,32.84979230487238,2,230.8397885032574,65.69958460974476,296.53937311300217,116.53937311300217,100,STABLE,2025-12-26
SKU0031,west,154,108.92588994691847,135.07227212641496,26.146382179496484,2,217.85177989383695,52.29276435899297,270.1445442528299,116.14454425282992,100,STABLE,2025-12-26
SKU0037,north,180,115.22739896508848,148.05605448748685,32.828655522398364,2,230.45479793017697,65.65731104479673,296.1121089749737,116.1121089749737,100,STABLE,2025-12-26
SKU0036,north,267,35.55654166889443,95.67813420094612,60.121592532051686,4,142.22616667557773,240.48637012820674,382.7125368037845,115.71253680378447,100,STABLE,2025-12-26
SKU0008,east,138,214.07916417656503,253.62254251472984,39.543378338164814,1,214.07916417656503,39.543378338164814,253.62254251472984,115.62254251472984,50,STABLE,2025-12-26
SKU0019,east,464,129.58370014973457,144.87574968862796,15.292049538893394,4,518.3348005989383,61.16819815557358,579.5029987545119,115.50299875451185,50,STABLE,2025-12-26
SKU0037,north,180,114.13508041875096,146.99477674621392,32.859696327462956,2,228.27016083750192,65.71939265492591,293.98955349242783,113.98955349242783,100,STABLE,2025-12-26
SKU0003,north,221,133.54359210284466,167.47102152225824,33.927429419413585,2,267.0871842056893,67.85485883882717,334.9420430445165,113.94204304451648,100,STABLE,2025-12-26
SKU0008,north,270,330.1314462329676,383.6944789161168,53.563032683149174,1,330.1314462329676,53.563032683149174,383.6944789161168,113.6944789161168,50,STABLE,2025-12-26
SKU0037,west,243,145.26982212504825,178.2310625891095,32.96124046406126,2,290.5396442500965,65.92248092812252,356.462125178219,113.46212517821903,100,STABLE,2025-12-26
SKU0045,north,252,96.46774325641915,121.69654128949124,25.22879803307208,3,289.40322976925745,75.68639409921624,365.0896238684737,113.08962386847372,100,STABLE,2025-12-26
SKU0019,east,464,128.9241839005806,144.24614406056622,15.321960159985622,4,515.6967356023224,61.28784063994249,576.9845762422649,112.9845762422649,50,STABLE,2025-12-26
SKU0045,west,262,99.6902550140312,124.95047206705529,25.260217053024093,3,299.07076504209357,75.78065115907228,374.8514162011659,112.85141620116588,100,STABLE,2025-12-26
SKU0031,west,154,107.0624701997712,133.20118889977823,26.138718700007033,2,214.1249403995424,52.277437400014065,266.40237779955646,112.40237779955646,100,STABLE,2025-12-26
SKU0031,west,154,106.57607108056236,132.7113507407946,26.13527966023223,2,213.15214216112471,52.27055932046446,265.4227014815892,111.42270148158917,100,STABLE,2025-12-26
SKU0031,west,154,105.91551276343648,132.0392563545387,26.123743591102226,2,211.83102552687296,52.24748718220445,264.0785127090774,110.07851270907742,100,STABLE,2025-12-26
SKU0030,west,489,119.21926296243257,149.75495007516872,30.535687112736156,4,476.87705184973026,122.14274845094462,599.0198003006749,110.01980030067489,100,STABLE,2025-12-26
SKU0045,east,189,74.49409794718221,99.58035637088727,25.08625842370506,3,223.48229384154664,75.25877527111518,298.7410691126618,109.74106911266182,100,STABLE,2025-12-26
SKU0037,west,243,143.2789055267218,176.21263690980675,32.93373138308496,2,286.5578110534436,65.86746276616992,352.4252738196135,109.4252738196135,100,STABLE,2025-12-26
SKU0050,north,374,88.55296523160152,120.81030749179962,32.2573422601981,4,354.2118609264061,129.0293690407924,483.2412299671985,109.24122996719848,50,STABLE,2025-12-26
SKU0008,south,275,330.1314462329676,383.6944789161168,53.563032683149174,1,330.1314462329676,53.563032683149174,383.6944789161168,108.6944789161168,50,STABLE,2025-12-26
SKU0019,east,464,127.63486664260452,142.97038422967813,15.33551758707361,4,510.5394665704181,61.34207034829444,571.8815369187125,107.88153691871253,50,STABLE,2025-12-26
SKU0003,north,221,130.37269899559357,164.29077043215855,33.918071436564986,2,260.74539799118713,67.83614287312997,328.5815408643171,107.5815408643171,100,STABLE,2025-12-26
SKU0045,west,262,97.723522905731,123.00132731360492,25.277804407873916,3,293.170568717193,75.83341322362175,369.00398194081475,107.00398194081475,100,STABLE,2025-12-26
SKU0045,east,189,73.46211945237953,98.5522077752143,25.090088322834774,3,220.3863583571386,75.27026496850432,295.6566233256429,106.6566233256429,100,STABLE,2025-12-26
SKU0037,west,243,141.8371466312852,174.78879733357536,32.95165070229015,2,283.6742932625704,65.9033014045803,349.5775946671507,106.57759466715072,100,STABLE,2025-12-26
SKU0031,west,154,103.98523222347076,130.1506637191256,26.16543149565483,2,207.97046444694152,52.33086299130966,260.3013274382512,106.30132743825118,100,STABLE,2025-12-26
SKU0003,north,221,129.51939022692545,163.41298092002094,33.89359069309549,2,259.0387804538509,67.78718138619098,326.8259618400419,105.82596184004188,100,STABLE,2025-12-26
SKU0037,west,243,141.17298624978798,174.11547351150125,32.94248726171327,2,282.34597249957596,65.88497452342654,348.2309470230025,105.2309470230025,100,STABLE,2025-12-26
SKU0031,west,154,103.13376939998994,129.31097649523528,26.177207095245336,2,206.2675387999799,52.35441419049067,258.62195299047056,104.62195299047056,100,STABLE,2025-12-26
SKU0003,north,221,128.88882933224093,162.78535643953794,33.896527107297004,2,257.77765866448186,67.79305421459401,325.57071287907587,104.57071287907587,100,STABLE,2025-12-26
SKU0019,east,464,126.79188756993696,142.09237970534826,15.300492135411304,4,507.16755027974784,61.201968541645215,568.3695188213931,104.36951882139306,50,STABLE,2025-12-26
SKU0030,west,489,117.72188900520555,148.26354491772332,30.54165591251777,4,470.8875560208222,122.16662365007107,593.0541796708933,104.05417967089329,100,STABLE,2025-12-26
SKU0031,west,154,102.55060221571888,128.72171101281864,26.171108797099762,2,205.10120443143776,52.342217594199525,257.4434220256373,103.44342202563729,100,STABLE,2025-12-26
SKU0030,west,489,117.49967995259476,148.0476314828185,30.54795153022374,4,469.99871981037904,122.19180612089497,592.190525931274,103.19052593127401,100,STABLE,2025-12-26
SKU0045,west,262,96.46774325641915,121.69654128949124,25.22879803307208,3,289.40322976925745,75.68639409921624,365.0896238684737,103.08962386847372,100,STABLE,2025-12-26
SKU0045,east,189,72.2483868263904,97.324767519687,25.0763806932966,3,216.7451604791712,75.2291420798898,291.974302559061,102.97430255906102,100,STABLE,2025-12-26
SKU0031,west,154,102.18284732826184,128.38119741364991,26.19835008538807,2,204.3656946565237,52.39670017077614,256.76239482729983,102.76239482729983,100,STABLE,2025-12-26
SKU0003,north,221,127.80577186847464,161.72983699881345,33.92406513033882,2,255.61154373694927,67.84813026067764,323.4596739976269,102.45967399762691,100,STABLE,2025-12-26
SKU0003,north,221,127.68724333043684,161.61830847261325,33.93106514217641,2,255.37448666087369,67.86213028435282,323.2366169452265,102.2366169452265,100,STABLE,2025-12-26
SKU0031,west,154,101.96701699211437,128.099095480147,26.132078488032647,2,203.93403398422873,52.264156976065294,256.198190960294,102.19819096029403,100,STABLE,2025-12-26
SKU0045,north,252,92.76998338844555,117.97178600011053,25.201802611664974,3,278.30995016533666,75.60540783499492,353.9153580003316,101.9153580003316,100,STABLE,2025-12-26
SKU0037,west,243,139.41854481098358,172.34390992339877,32.92536511241519,2,278.83708962196715,65.85073022483039,344.68781984679754,101.68781984679754,100,STABLE,2025-12-26
SKU0003,north,221,127.3784330361714,161.31342718701472,33.93499415084332,2,254.7568660723428,67.86998830168665,322.62685437402945,101.62685437402945,100,STABLE,2025-12-26
SKU0045,north,252,92.72442386175632,117.85134393471328,25.126920072956963,3,278.17327158526894,75.38076021887089,353.5540318041398,101.55403180413981,100,STABLE,2025-12-26
SKU0008,east,138,198.39184414539355,239.3703760387447,40.978531893351146,1,198.39184414539355,40.978531893351146,239.3703760387447,101.3703760387447,50,STABLE,2025-12-26
SKU0008,west,209,262.65616076597524,309.65309452847794,46.99693376250269,1,262.65616076597524,46.99693376250269,309.65309452847794,100.65309452847794,50,STABLE,2025-12-26
SKU0003,south,289,117.41969787787492,151.35893792687463,33.93924004899971,2,234.83939575574985,67.87848009799941,302.71787585374926,100.0,100,STABLE,2025-12-26
SKU0003,north,221,117.41969787787492,151.35893792687463,33.93924004899971,2,234.83939575574985,67.87848009799941,302.71787585374926,100.0,100,STABLE,2025-12-26
SKU0003,south,289,127.3784330361714,161.31342718701472,33.93499415084332,2,254.7568660723428,67.86998830168665,322.62685437402945,100.0,100,STABLE,2025-12-26
SKU0003,south,289,127.68724333043684,161.61830847261325,33.93106514217641,2,255.37448666087369,67.86213028435282,323.2366169452265,100.0,100,STABLE,2025-12-26
SKU0003,south,289,133.54359210284466,167.47102152225824,33.927429419413585,2,267.0871842056893,67.85485883882717,334.9420430445165,100.0,100,STABLE,2025-12-26
SKU0003,south,289,127.80577186847464,161.72983699881345,33.92406513033882,2,255.61154373694927,67.84813026067764,323.4596739976269,100.0,100,STABLE,2025-12-26
SKU0003,south,289,115.3228551026381,149.24380714773082,33.92095204509272,2,230.6457102052762,67.84190409018544,298.48761429546164,100.0,100,STABLE,2025-12-26
SKU0003,north,221,115.3228551026381,149.24380714773082,33.92095204509272,2,230.6457102052762,67.84190409018544,298.48761429546164,100.0,100,STABLE,2025-12-26
SKU0003,south,289,130.37269899559357,164.29077043215855,33.918071436564986,2,260.74539799118713,67.83614287312997,328.5815408643171,100.0,100,STABLE,2025-12-26
SKU0003,south,289,135.44006069311754,169.35546666259012,33.91540596947257,2,270.8801213862351,67.83081193894515,338.71093332518024,100.0,100,STABLE,2025-12-26
SKU0003,south,289,117.26422151282232,151.17716111035784,33.91293959753553,2,234.52844302564463,67.82587919507105,302.3543222207157,100.0,100,STABLE,2025-12-26
SKU0003,north,221,117.26422151282232,151.17716111035784,33.91293959753553,2,234.52844302564463,67.82587919507105,302.3543222207157,100.0,100,STABLE,2025-12-26
SKU0003,south,289,136.31803115949396,170.22868862771043,33.91065746821647,2,272.6360623189879,67.82131493643294,340.45737725542085,100.0,100,STABLE,2025-12-26
SKU0003,south,289,144.73788689350067,178.64643282609666,33.908545932595985,2,289.47577378700134,67.81709186519197,357.2928656521933,100.0,100,STABLE,2025-12-26
SKU0003,south,289,145.1069395235413,179.01367239973257,33.906732876191256,2,290.2138790470826,67.81346575238251,358.02734479946514,100.0,100,STABLE,2025-12-26
SKU0003,south,289,124.50774133553853,158.4126556808634,33.90491434532487,2,249.01548267107705,67.80982869064974,316.8253113617268,100.0,100,STABLE,2025-12-26
SKU0003,north,221,124.50774133553853,158.4126556808634,33.90491434532487,2,249.01548267107705,67.80982869064974,316.8253113617268,100.0,100,STABLE,2025-12-26
SKU0003,south,289,151.76344635539405,185.66667806227937,33.90323170688532,2,303.5268927107881,67.80646341377064,371.33335612455875,100.0,100,STABLE,2025-12-26
SKU0003,south,289,149.972652476559,183.87432729136637,33.901674814807365,2,299.945304953118,67.80334962961473,367.74865458273274,100.0,100,STABLE,2025-12-26
SKU0003,south,289,117.83923009249456,151.7394643718003,33.900234279305735,2,235.67846018498912,67.80046855861147,303.4789287436006,100.0,100,STABLE,2025-12-26
SKU0003,north,221,117.83923009249456,151.7394643718003,33.900234279305735,2,235.67846018498912,67.80046855861147,303.4789287436006,100.0,100,STABLE,2025-12-26
SKU0003,south,289,115.46261083295197,149.3615122436341,33.89890141068214,2,230.92522166590393,67.79780282136429,298.7230244872682,100.0,100,STABLE,2025-12-26
SKU0003,north,221,115.46261083295197,149.3615122436341,33.89890141068214,2,230.92522166590393,67.79780282136429,298.7230244872682,100.0,100,STABLE,2025-12-26
SKU0003,north,221,106.32915592870602,140.2268240959879,33.89766816728188,2,212.65831185741203,67.79533633456376,280.4536481919758,100.0,100,STABLE,2025-12-26
SKU0003,south,289,128.88882933224093,162.78535643953794,33.896527107297004,2,257.77765866448186,67.79305421459401,325.57071287907587,100.0,100,STABLE,2025-12-26
SKU0003,south,289,119.48855917571312,153.38403051984864,33.895471344135515,2,238.97711835142624,67.79094268827103,306.7680610396973,100.0,100,STABLE,2025-12-26
SKU0003,north,221,119.48855917571312,153.38403051984864,33.895471344135515,2,238.97711835142624,67.79094268827103,306.7680610396973,100.0,100,STABLE,2025-12-26
SKU0003,north,221,106.5584246313704,140.45291913646483,33.89449450509443,2,213.1168492627408,67.78898901018886,280.90583827292966,100.0,100,STABLE,2025-12-26
SKU0003,south,289,129.51939022692545,163.41298092002094,33.89359069309549,2,259.0387804538509,67.78718138619098,326.8259618400419,100.0,100,STABLE,2025-12-26
SKU0003,south,289,112.43721403920256,146.32996849046066,33.8927544512581,2,224.87442807840512,67.7855089025162,292.6599369809213,100.0,100,STABLE,2025-12-26
SKU0003,north,221,112.43721403920256,146.32996849046066,33.8927544512581,2,224.87442807840512,67.7855089025162,292.6599369809213,100.0,100,STABLE,2025-12-26
SKU0003,south,289,116.38261841257852,150.27459914267902,33.8919807301005,2,232.76523682515705,67.783961460201,300.54919828535805,100.0,100,STABLE,2025-12-26
SKU0003,north,221,116.38261841257852,150.27459914267902,33.8919807301005,2,232.76523682515705,67.783961460201,300.54919828535805,100.0,100,STABLE,2025-12-26
SKU0003,north,221,99.99216295667578,133.88342781385228,33.891264857176495,2,199.98432591335157,67.78252971435299,267.76685562770456,100.0,100,STABLE,2025-12-26
SKU0003,south,289,111.0880282787079,144.9786307876752,33.890602508967305,2,222.1760565574158,67.78120501793461,289.9572615753504,100.0,100,STABLE,2025-12-26
SKU0003,north,221,111.0880282787079,144.9786307876752,33.890602508967305,2,222.1760565574158,67.78120501793461,289.9572615753504,100.0,100,STABLE,2025-12-26
SKU0016,north,285,98.6722482449756,123.8998792277931,25.227630982817487,3,296.0167447349268,75.68289294845246,371.69963768337925,100.0,100,STABLE,2025-12-26
SKU0016,north,285,98.11809047893108,124.91816243444852,26.80007195551744,3,294.3542714367932,80.40021586655232,374.7544873033455,100.0,100,STABLE,2025-12-26
SKU0016,north,285,96.8630508974582,125.03984013084671,28.17678923338852,3,290.58915269237457,84.53036770016556,375.11952039254015,100.0,100,STABLE,2025-12-26
SKU0016,north,285,93.47888240792032,122.88070968280442,29.4018272748841,3,280.436647223761,88.2054818246523,368.64212904841327,100.0,100,STABLE,2025-12-26
SKU0016,north,285,93.62110827548028,124.1256750014268,30.504566725946518,3,280.8633248264408,91.51370017783955,372.37702500428037,100.0,100,STABLE,2025-12-26
SKU0016,north,285,92.1612764235876,123.6671237854046,31.505847361817004,3,276.4838292707628,94.51754208545101,371.0013713562138,100.0,100,STABLE,2025-12-26
SKU0016,north,285,92.24359119253744,124.66472835535988,32.42113716282245,3,276.7307735776123,97.26341148846734,373.99418506607964,100.0,100,STABLE,2025-12-26
SKU0016,north,285,88.05250142520363,121.31482652252984,33.26232509732621,3,264.1575042756109,99.78697529197864,363.94447956758955,100.0,100,STABLE,2025-12-26
SKU0016,north,285,87.88669247636486,121.92549843103612,34.03880595467126,3,263.6600774290946,102.11641786401378,365.7764952931084,100.0,100,STABLE,2025-12-26
SKU0016,north,285,86.22128548734847,120.97945795184629,34.75817246449782,3,258.6638564620454,104.27451739349345,362.9383738555388,100.0,100,STABLE,2025-12-26
SKU0016,north,285,83.50482301272518,118.93149917838056,35.42667616565538,3,250.51446903817555,106.28002849696614,356.79449753514166,100.0,100,STABLE,2025-12-26
SKU0016,north,285,83.75420106998664,119.80374640109812,36.04954533111149,3,251.2626032099599,108.14863599333447,359.4112392032944,100.0,100,STABLE,2025-12-26
SKU0016,north,285,82.1052568606715,118.73646776266928,36.631210901997775,3,246.31577058201452,109.89363270599333,356.2094032880078,100.0,100,STABLE,2025-12-26
SKU0016,north,285,79.85250158265544,117.02797275588534,37.17547117322991,3,239.5575047479663,111.52641351968973,351.08391826765603,100.0,100,STABLE,2025-12-26
SKU0016,north,285,81.59423701553493,119.27985150973764,37.68561449420271,3,244.7827110466048,113.05684348260813,357.83955452921293,100.0,100,STABLE,2025-12-26
SKU0016,north,285,77.83236299580771,115.99671884072964,38.16435584492193,3,233.49708898742313,114.49306753476579,347.9901565221889,100.0,100,STABLE,2025-12-26
SKU0016,north,285,77.33309708882472,115.94748940360785,38.61439231478313,3,231.99929126647413,115.8431769443494,347.84246821082354,100.0,100,STABLE,2025-12-26
SKU0016,north,285,75.63721635077583,114.67517538715312,39.03795903637729,3,226.9116490523275,117.11387710913186,344.02552616145937,100.0,100,STABLE,2025-12-26
SKU0016,north,285,74.49318809900976,113.93023797694678,39.43704987793703,3,223.47956429702927,118.31114963381108,341.79071393084035,100.0,100,STABLE,2025-12-26
SKU0016,north,285,73.36549126620301,113.17894264605944,39.81345137985643,3,220.09647379860903,119.4403541395693,339.5368279381783,100.0,100,STABLE,2025-12-26
SKU0016,north,285,72.54252964888687,112.7113016894127,40.16877204052582,3,217.6275889466606,120.50631612157747,338.13390506823805,100.0,100,STABLE,2025-12-26
SKU0016,north,285,71.52936274637699,112.03382910915396,40.50446636277697,3,214.58808823913097,121.5133990883309,336.1014873274619,100.0,100,STABLE,2025-12-26
SKU0016,north,285,70.9133381652625,111.73519294263832,40.82185477737582,3,212.7400144957875,122.46556433212746,335.20557882791496,100.0,100,STABLE,2025-12-26
SKU0016,north,285,69.91746695380505,111.03960724148192,41.12214028767687,3,209.75240086141514,123.36642086303061,333.11882172444575,100.0,100,STABLE,2025-12-26
SKU0016,north,285,68.8812350676879,110.287657549022,41.406422481334104,3,206.6437052030637,124.21926744400231,330.862972647066,100.0,100,STABLE,2025-12-26
SKU0016,north,285,68.35431799762215,110.0300274063832,41.67570940876105,3,205.06295399286643,125.02712822628315,330.09008221914956,100.0,100,STABLE,2025-12-26
SKU0029,west,133,66.25943161367113,77.2030190662324,10.943587452561275,3,198.77829484101338,32.830762357683824,231.6090571986972,100.0,100,STABLE,2025-12-26
SKU0029,east,222,66.25943161367113,77.2030190662324,10.943587452561275,3,198.77829484101338,32.830762357683824,231.6090571986972,100.0,100,STABLE,2025-12-26
SKU0029,south,195,66.25943161367113,77.2030190662324,10.943587452561275,3,198.77829484101338,32.830762357683824,231.6090571986972,100.0,100,STABLE,2025-12-26
SKU0029,west,133,65.40603029666377,76.63619851595502,11.230168219291244,3,196.21809088999132,33.69050465787373,229.90859554786505,100.0,100,STABLE,2025-12-26
SKU0029,east,222,65.40603029666377,76.63619851595502,11.230168219291244,3,196.21809088999132,33.69050465787373,229.90859554786505,100.0,100,STABLE,2025-12-26
SKU0029,south,195,65.40603029666377,76.63619851595502,11.230168219291244,3,196.21809088999132,33.69050465787373,229.90859554786505,100.0,100,STABLE,2025-12-26
SKU0029,west,133,64.49779365606646,75.99381353154226,11.496019875475795,3,193.4933809681994,34.488059626427386,227.9814405946268,100.0,100,STABLE,2025-12-26
SKU0029,east,222,64.49779365606646,75.99381353154226,11.496019875475795,3,193.4933809681994,34.488059626427386,227.9814405946268,100.0,100,STABLE,2025-12-26
SKU0029,south,195,64.49779365606646,75.99381353154226,11.496019875475795,3,193.4933809681994,34.488059626427386,227.9814405946268,100.0,100,STABLE,2025-12-26
SKU0029,west,133,63.12105186583703,74.86465868518714,11.743606819350106,3,189.36315559751108,35.23082045805032,224.5939760555614,100.0,100,STABLE,2025-12-26
SKU0029,east,222,63.12105186583703,74.86465868518714,11.743606819350106,3,189.36315559751108,35.23082045805032,224.5939760555614,100.0,100,STABLE,2025-12-26
SKU0029,south,195,63.12105186583703,74.86465868518714,11.743606819350106,3,189.36315559751108,35.23082045805032,224.5939760555614,100.0,100,STABLE,2025-12-26
SKU0029,west,133,63.25071093001928,75.22565286471277,11.97494193469349,3,189.75213279005783,35.92482580408047,225.67695859413828,100.0,100,STABLE,2025-12-26
SKU0029,east,222,63.25071093001928,75.22565286471277,11.97494193469349,3,189.75213279005783,35.92482580408047,225.67695859413828,100.0,100,STABLE,2025-12-26
SKU0029,south,195,63.25071093001928,75.22565286471277,11.97494193469349,3,189.75213279005783,35.92482580408047,225.67695859413828,100.0,100,STABLE,2025-12-26
SKU0029,west,133,62.36015148214206,74.55184860499108,12.191697122849021,3,187.0804544464262,36.575091368547064,223.65554581497327,100.0,100,STABLE,2025-12-26
SKU0029,east,222,62.36015148214206,74.55184860499108,12.191697122849021,3,187.0804544464262,36.575091368547064,223.65554581497327,100.0,100,STABLE,2025-12-26
SKU0029,south,195,62.36015148214206,74.55184860499108,12.191697122849021,3,187.0804544464262,36.575091368547064,223.65554581497327,100.0,100,STABLE,2025-12-26
SKU0029,west,133,62.47022823486931,74.86550921621875,12.395280981349444,3,187.41068470460795,37.18584294404833,224.59652764865626,100.0,100,STABLE,2025-12-26
SKU0029,east,222,62.47022823486931,74.86550921621875,12.395280981349444,3,187.41068470460795,37.18584294404833,224.59652764865626,100.0,100,STABLE,2025-12-26
SKU0029,south,195,62.47022823486931,74.86550921621875,12.395280981349444,3,187.41068470460795,37.18584294404833,224.59652764865626,100.0,100,STABLE,2025-12-26
SKU0029,west,133,60.87059340170016,73.45748827482012,12.58689487311996,3,182.6117802051005,37.76068461935988,220.3724648244604,100.0,100,STABLE,2025-12-26
SKU0029,south,195,60.87059340170016,73.45748827482012,12.58689487311996,3,182.6117802051005,37.76068461935988,220.3724648244604,100.0,100,STABLE,2025-12-26
SKU0029,west,133,60.50078178399088,73.26835612306473,12.767574339073853,3,181.50234535197265,38.30272301722156,219.8050683691942,100.0,100,STABLE,2025-12-26
SKU0029,south,195,60.50078178399088,73.26835612306473,12.767574339073853,3,181.50234535197265,38.30272301722156,219.8050683691942,100.0,100,STABLE,2025-12-26
SKU0029,west,133,60.92419103957802,73.86241134273179,12.93822030315377,3,182.77257311873404,38.81466090946131,221.58723402819535,100.0,100,STABLE,2025-12-26
SKU0029,south,195,60.92419103957802,73.86241134273179,12.93822030315377,3,182.77257311873404,38.81466090946131,221.58723402819535,100.0,100,STABLE,2025-12-26
SKU0029,west,133,58.76444960810523,71.86407261039585,13.09962300229062,3,176.2933488243157,39.29886900687186,215.59221783118755,100.0,100,STABLE,2025-12-26
SKU0029,south,195,58.76444960810523,71.86407261039585,13.09962300229062,3,176.2933488243157,39.29886900687186,215.59221783118755,100.0,100,STABLE,2025-12-26
SKU0029,west,133,58.040553450190544,71.29303407503191,13.252480624841368,3,174.12166035057163,39.757441874524105,213.87910222509572,100.0,100,STABLE,2025-12-26
SKU0029,south,195,58.040553450190544,71.29303407503191,13.252480624841368,3,174.12166035057163,39.757441874524105,213.87910222509572,100.0,100,STABLE,2025-12-26
SKU0029,west,133,57.42019255009831,70.8176065803147,13.397414030216396,3,172.26057765029492,40.19224209064919,212.4528197409441,100.0,100,STABLE,2025-12-26
SKU0029,south,195,57.42019255009831,70.8176065803147,13.397414030216396,3,172.26057765029492,40.19224209064919,212.4528197409441,100.0,100,STABLE,2025-12-26
SKU0029,west,133,56.99502378255927,70.53000230172537,13.534978519166103,3,170.98507134767783,40.60493555749831,211.59000690517615,100.0,100,STABLE,2025-12-26
SKU0029,south,195,56.99502378255927,70.53000230172537,13.534978519166103,3,170.98507134767783,40.60493555749831,211.59000690517615,100.0,100,STABLE,2025-12-26
SKU0029,west,133,56.12176048870212,69.78743384067457,13.665673351972444,3,168.36528146610635,40.99702005591733,209.3623015220237,100.0,100,STABLE,2025-12-26
SKU0029,south,195,56.12176048870212,69.78743384067457,13.665673351972444,3,168.36528146610635,40.99702005591733,209.3623015220237,100.0,100,STABLE,2025-12-26
SKU0029,west,133,55.44326934513152,69.23321886941939,13.78994952428787,3,166.32980803539456,41.36984857286361,207.69965660825818,100.0,100,STABLE,2025-12-26
SKU0029,south,195,55.44326934513152,69.23321886941939,13.78994952428787,3,166.32980803539456,41.36984857286361,207.69965660825818,100.0,100,STABLE,2025-12-26
SKU0029,west,133,55.18901586060321,69.09723203945384,13.90821617885063,3,165.56704758180965,41.72464853655189,207.29169611836153,100.0,100,STABLE,2025-12-26
SKU0029,south,195,55.18901586060321,69.09723203945384,13.90821617885063,3,165.56704758180965,41.72464853655189,207.29169611836153,100.0,100,STABLE,2025-12-26
SKU0029,west,133,54.60089086101276,68.62173679854837,14.020845937535611,3,163.80267258303826,42.062537812606834,205.86521039564508,100.0,100,STABLE,2025-12-26
SKU0029,south,195,54.60089086101276,68.62173679854837,14.020845937535611,3,163.80267258303826,42.062537812606834,205.86521039564508,100.0,100,STABLE,2025-12-26
SKU0029,west,133,53.97726980935804,68.10544917968946,14.128179370331416,3,161.93180942807413,42.38453811099425,204.31634753906837,100.0,100,STABLE,2025-12-26
SKU0029,south,195,53.97726980935804,68.10544917968946,14.128179370331416,3,161.93180942807413,42.38453811099425,204.31634753906837,100.0,100,STABLE,2025-12-26
SKU0029,west,133,53.22609208040976,67.4566208484451,14.230528768035342,3,159.67827624122927,42.691586304106025,202.3698625453353,100.0,100,STABLE,2025-12-26
SKU0029,south,195,53.22609208040976,67.4566208484451,14.230528768035342,3,159.67827624122927,42.691586304106025,202.3698625453353,100.0,100,STABLE,2025-12-26
SKU0029,west,133,52.1634292573024,66.49161060575702,14.32818134845462,3,156.4902877719072,42.98454404536386,199.47483181727105,100.0,100,STABLE,2025-12-26
SKU0029,south,195,52.1634292573024,66.49161060575702,14.32818134845462,3,156.4902877719072,42.98454404536386,199.47483181727105,100.0,100,STABLE,2025-12-26
SKU0029,west,133,52.53458797111718,66.955989969202,14.42140199808481,3,157.60376391335154,43.26420599425443,200.86796990760598,100.0,100,STABLE,2025-12-26
SKU0029,south,195,52.53458797111718,66.955989969202,14.42140199808481,3,157.60376391335154,43.26420599425443,200.86796990760598,100.0,100,STABLE,2025-12-26
SKU0029,west,133,51.39961441790766,65.91005004800775,14.51043563010009,3,154.19884325372297,43.53130689030027,197.73015014402324,100.0,100,STABLE,2025-12-26
SKU0029,south,195,51.39961441790766,65.91005004800775,14.51043563010009,3,154.19884325372297,43.53130689030027,197.73015014402324,100.0,100,STABLE,2025-12-26
SKU0029,west,133,50.22821766637413,64.82372688964223,14.595509223268103,3,150.6846529991224,43.78652766980431,194.4711806689267,100.0,100,STABLE,2025-12-26
SKU0029,west,133,49.45658752466679,64.13342111850405,14.676833593837259,3,148.36976257400036,44.030500781511776,192.40026335551215,100.0,100,STABLE,2025-12-26
SKU0029,west,133,50.003234627585655,64.75783957021176,14.754604942626102,3,150.00970388275698,44.263814827878306,194.2735187106353,100.0,100,STABLE,2025-12-26
SKU0030,west,489,114.25293202388968,144.7829602797706,30.53002825588092,4,457.01172809555874,122.12011302352369,579.1318411190824,100.0,100,STABLE,2025-12-26
SKU0030,west,489,112.05794907870953,142.58261240785433,30.5246633291448,4,448.2317963148381,122.0986533165792,570.3304496314173,100.0,100,STABLE,2025-12-26
SKU0031,west,154,97.5128580239402,123.7374034134694,26.224545389529197,2,195.0257160478804,52.449090779058395,247.4748068269388,100.0,100,STABLE,2025-12-26
SKU0031,west,154,97.63435020247528,123.84953373904592,26.21518353657065,2,195.26870040495055,52.4303670731413,247.69906747809185,100.0,100,STABLE,2025-12-26
SKU0031,west,154,96.42393857508372,122.63040505806734,26.206466482983615,2,192.84787715016745,52.41293296596723,245.26081011613468,100.0,100,STABLE,2025-12-26
SKU0031,west,154,87.62484453395855,113.81563772932871,26.190793195370162,2,175.2496890679171,52.381586390740324,227.63127545865743,100.0,100,STABLE,2025-12-26
SKU0031,west,154,93.47838481921356,119.6621422708106,26.183757451597046,2,186.95676963842712,52.36751490319409,239.3242845416212,100.0,100,STABLE,2025-12-26
SKU0031,north,260,103.98523222347076,130.1506637191256,26.16543149565483,2,207.97046444694152,52.33086299130966,260.3013274382512,100.0,100,STABLE,2025-12-26
SKU0031,west,154,89.84023911889784,116.00038536448103,26.160146245583192,2,179.68047823779568,52.320292491166384,232.00077072896207,100.0,100,STABLE,2025-12-26
SKU0031,west,154,93.72658376058092,119.88180983654432,26.155226075963398,2,187.45316752116184,52.310452151926796,239.76361967308864,100.0,100,STABLE,2025-12-26
SKU0031,west,154,100.02375065383896,126.17439651152662,26.150645857687664,2,200.04750130767792,52.30129171537533,252.34879302305325,100.0,100,STABLE,2025-12-26
SKU0031,north,260,108.92588994691847,135.07227212641496,26.146382179496484,2,217.85177989383695,52.29276435899297,270.1445442528299,100.0,100,STABLE,2025-12-26
SKU0031,west,154,78.12194187863622,104.26435511075329,26.142413232117065,2,156.24388375727244,52.28482646423413,208.52871022150657,100.0,100,STABLE,2025-12-26
SKU0031,north,260,107.0624701997712,133.20118889977823,26.138718700007033,2,214.1249403995424,52.277437400014065,266.40237779955646,100.0,100,STABLE,2025-12-26
SKU0031,north,260,106.57607108056236,132.7113507407946,26.13527966023223,2,213.15214216112471,52.27055932046446,265.4227014815892,100.0,100,STABLE,2025-12-26
SKU0031,west,154,87.50253493003036,113.631633698686,26.129098768655638,2,175.00506986006073,52.258197537311275,227.263267397372,100.0,100,STABLE,2025-12-26
SKU0031,west,154,99.9573470687433,126.08367228380112,26.12632521505782,2,199.9146941374866,52.25265043011564,252.16734456760224,100.0,100,STABLE,2025-12-26
SKU0031,north,260,105.91551276343648,132.0392563545387,26.123743591102226,2,211.83102552687296,52.24748718220445,264.0785127090774,100.0,100,STABLE,2025-12-26
SKU0031,west,154,94.89630955718688,121.0176501983342,26.121340641147313,2,189.79261911437376,52.242681282294626,242.0353003966684,100.0,100,STABLE,2025-12-26
SKU0031,west,154,95.96340697283313,122.08251404701616,26.119107074183034,2,191.92681394566625,52.23821414836607,244.16502809403232,100.0,100,STABLE,2025-12-26
SKU0031,west,154,83.76637135658092,109.8842051842523,26.117833827671376,2,167.53274271316184,52.23566765534275,219.7684103685046,100.0,100,STABLE,2025-12-26
SKU0031,west,154,92.10549981842146,118.22085467288537,26.115354854463902,2,184.21099963684293,52.230709708927805,236.44170934577073,100.0,100,STABLE,2025-12-26
SKU0031,west,154,85.82582316083258,111.93887062545826,26.11304746462568,2,171.65164632166517,52.22609492925136,223.87774125091653,100.0,100,STABLE,2025-12-26
SKU0031,west,154,82.84128091948872,108.95218071878232,26.11089979929359,2,165.68256183897745,52.22179959858718,217.90436143756463,100.0,100,STABLE,2025-12-26
SKU0036,east,580,121.2439266848727,159.99098708681,38.747060401937304,4,484.9757067394908,154.98824160774922,639.96394834724,100.0,100,STABLE,2025-12-26
SKU0036,east,580,121.65071016645588,162.26932792798675,40.61861776153087,4,486.6028406658235,162.47447104612348,649.077311711947,100.0,100,STABLE,2025-12-26
SKU0036,east,580,113.8344241834894,156.19909576856026,42.36467158507085,4,455.3376967339576,169.4586863402834,624.796383074241,100.0,100,STABLE,2025-12-26
SKU0036,east,580,104.30837333582484,148.31347939214135,44.00510605631651,4,417.23349334329936,176.02042422526603,593.2539175685654,100.0,100,STABLE,2025-12-26
SKU0036,east,580,102.83006899864613,151.25657999948817,48.42651100084204,4,411.3202759945845,193.70604400336816,605.0263199979527,100.0,100,STABLE,2025-12-26
SKU0036,east,580,103.25507383863976,153.02036361635135,49.76528977771159,4,413.02029535455904,199.06115911084635,612.0814544654054,100.0,100,STABLE,2025-12-26
SKU0036,east,580,101.3410069797782,152.2053121676159,50.86430518783769,4,405.3640279191128,203.45722075135075,608.8212486704635,100.0,100,STABLE,2025-12-26
SKU0036,east,580,99.6662605341882,152.83311793673374,53.166857402545546,4,398.6650421367528,212.66742961018218,611.332471746935,100.0,100,STABLE,2025-12-26
SKU0036,east,580,94.48172086702314,153.69670405672431,59.21498318970117,4,377.92688346809257,236.8599327588047,614.7868162268973,100.0,100,STABLE,2025-12-26
SKU0036,east,580,88.46051743884671,151.97682225395542,63.51630481510871,4,353.84206975538683,254.06521926043484,607.9072890158217,100.0,100,STABLE,2025-12-26
SKU0036,east,580,81.02550748920723,145.33838577758405,64.31287828837682,4,324.1020299568289,257.2515131535073,581.3535431103362,100.0,100,STABLE,2025-12-26
SKU0036,east,580,95.07852848834288,160.1691330819338,65.09060459359092,4,380.31411395337153,260.3624183743637,640.6765323277352,100.0,100,STABLE,2025-12-26
SKU0036,east,580,88.79944059011694,154.6497840309131,65.85034344079617,4,355.1977623604678,263.40137376318467,618.5991361236524,100.0,100,STABLE,2025-12-26
SKU0037,west,243,137.2593848469446,170.23064969917888,32.97126485223427,2,274.5187696938892,65.94252970446854,340.46129939835777,100.0,100,STABLE,2025-12-26
SKU0037,south,305,137.2593848469446,170.23064969917888,32.97126485223427,2,274.5187696938892,65.94252970446854,340.46129939835777,100.0,100,STABLE,2025-12-26
SKU0037,south,305,145.26982212504825,178.2310625891095,32.96124046406126,2,290.5396442500965,65.92248092812252,356.462125178219,100.0,100,STABLE,2025-12-26
SKU0037,south,305,141.8371466312852,174.78879733357536,32.95165070229015,2,283.6742932625704,65.9033014045803,349.5775946671507,100.0,100,STABLE,2025-12-26
SKU0037,south,305,141.17298624978798,174.11547351150125,32.94248726171327,2,282.34597249957596,65.88497452342654,348.2309470230025,100.0,100,STABLE,2025-12-26
SKU0037,south,305,143.2789055267218,176.21263690980675,32.93373138308496,2,286.5578110534436,65.86746276616992,352.4252738196135,100.0,100,STABLE,2025-12-26
SKU0037,south,305,139.41854481098358,172.34390992339877,32.92536511241519,2,278.83708962196715,65.85073022483039,344.68781984679754,100.0,100,STABLE,2025-12-26
SKU0037,west,243,124.86981078412464,157.78718205582086,32.917371271696226,2,249.73962156824928,65.83474254339245,315.5743641116417,100.0,100,STABLE,2025-12-26
SKU0037,south,305,124.86981078412464,157.78718205582086,32.917371271696226,2,249.73962156824928,65.83474254339245,315.5743641116417,100.0,100,STABLE,2025-12-26
SKU0037,south,305,157.98635532895656,190.89608875560015,32.909733426643584,2,315.9727106579131,65.81946685328717,381.7921775112003,100.0,100,STABLE,2025-12-26
SKU0037,south,305,147.97177249110678,180.8742083467832,32.90243585567643,2,295.94354498221355,65.80487171135286,361.7484166935664,100.0,100,STABLE,2025-12-26
SKU0037,west,243,128.2419707904504,161.13743431053123,32.895463520080824,2,256.4839415809008,65.79092704016165,322.27486862106247,100.0,100,STABLE,2025-12-26
SKU0037,south,305,128.2419707904504,161.13743431053123,32.895463520080824,2,256.4839415809008,65.79092704016165,322.27486862106247,100.0,100,STABLE,2025-12-26
SKU0037,west,243,134.72880463595968,167.61760667129897,32.888802035339296,2,269.45760927191935,65.77760407067859,335.23521334259794,100.0,100,STABLE,2025-12-26
SKU0037,south,305,134.72880463595968,167.61760667129897,32.888802035339296,2,269.45760927191935,65.77760407067859,335.23521334259794,100.0,100,STABLE,2025-12-26
SKU0037,west,243,130.7697977755234,163.65223541909313,32.882437643569745,2,261.5395955510468,65.76487528713949,327.30447083818626,100.0,100,STABLE,2025-12-26
SKU0037,south,305,130.7697977755234,163.65223541909313,32.882437643569745,2,261.5395955510468,65.76487528713949,327.30447083818626,100.0,100,STABLE,2025-12-26
SKU0037,west,243,131.5674929398889,164.44385012694585,32.87635718705695,2,263.1349858797778,65.7527143741139,328.8877002538917,100.0,100,STABLE,2025-12-26
SKU0037,south,305,131.5674929398889,164.44385012694585,32.87635718705695,2,263.1349858797778,65.7527143741139,328.8877002538917,100.0,100,STABLE,2025-12-26
SKU0037,west,243,126.40369045489705,159.274238537719,32.87054808282194,2,252.8073809097941,65.74109616564388,318.548477075438,100.0,100,STABLE,2025-12-26
SKU0037,south,305,126.40369045489705,159.274238537719,32.87054808282194,2,252.8073809097941,65.74109616564388,318.548477075438,100.0,100,STABLE,2025-12-26
SKU0037,west,243,131.48070492476404,164.34570322297688,32.86499829821284,2,262.9614098495281,65.72999659642568,328.69140644595376,100.0,100,STABLE,2025-12-26
SKU0037,south,305,131.48070492476404,164.34570322297688,32.86499829821284,2,262.9614098495281,65.72999659642568,328.69140644595376,100.0,100,STABLE,2025-12-26
SKU0037,west,243,114.13508041875096,146.99477674621392,32.859696327462956,2,228.27016083750192,65.71939265492591,293.98955349242783,100.0,100,STABLE,2025-12-26
SKU0037,west,243,125.2397559650692,158.0943871342721,32.854631169202904,2,250.4795119301384,65.70926233840581,316.1887742685442,100.0,100,STABLE,2025-12-26
SKU0037,south,305,125.2397559650692,158.0943871342721,32.854631169202904,2,250.4795119301384,65.70926233840581,316.1887742685442,100.0,100,STABLE,2025-12-26
SKU0037,west,243,115.4198942516287,148.26968655650109,32.84979230487238,2,230.8397885032574,65.69958460974476,296.53937311300217,100.0,100,STABLE,2025-12-26
SKU0037,west,243,120.3313108382002,153.1764805162203,32.8451696780201,2,240.6626216764004,65.6903393560402,306.3529610324406,100.0,100,STABLE,2025-12-26
SKU0037,south,305,120.3313108382002,153.1764805162203,32.8451696780201,2,240.6626216764004,65.6903393560402,306.3529610324406,100.0,100,STABLE,2025-12-26
SKU0037,west,243,119.27886052826052,152.11961420269972,32.8407536744392,2,238.55772105652105,65.6815073488784,304.23922840539944,100.0,100,STABLE,2025-12-26
SKU0037,west,243,119.49280825348151,152.32934335661,32.83653510312848,2,238.98561650696303,65.67307020625697,304.65868671322,100.0,100,STABLE,2025-12-26
SKU0037,west,243,126.70480177801876,159.5373069560554,32.83250517803664,2,253.40960355603752,65.66501035607328,319.0746139121108,100.0,100,STABLE,2025-12-26
SKU0037,south,305,126.70480177801876,159.5373069560554,32.83250517803664,2,253.40960355603752,65.66501035607328,319.0746139121108,100.0,100,STABLE,2025-12-26
SKU0037,west,243,115.22739896508848,148.05605448748685,32.828655522398364,2,230.45479793017697,65.65731104479673,296.1121089749737,100.0,100,STABLE,2025-12-26
SKU0037,west,243,118.97637167223333,151.80140509041456,32.825033418181235,2,237.95274334446665,65.65006683636247,303.6028101808291,100.0,100,STABLE,2025-12-26
SKU0037,north,180,107.9081632015594,139.89204230888768,31.983879107328278,2,215.8163264031188,63.967758214656556,279.78408461777536,100.0,100,STABLE,2025-12-26
SKU0037,west,243,107.9081632015594,139.89204230888768,31.983879107328278,2,215.8163264031188,63.967758214656556,279.78408461777536,100.0,100,STABLE,2025-12-26
SKU0037,north,180,106.47138980186142,138.44373722317692,31.972347421315504,2,212.94277960372284,63.94469484263101,276.88747444635385,100.0,100,STABLE,2025-12-26
SKU0037,west,243,106.47138980186142,138.44373722317692,31.972347421315504,2,212.94277960372284,63.94469484263101,276.88747444635385,100.0,100,STABLE,2025-12-26
SKU0043,east,149,149.7159382468189,192.4300445303201,42.714106283501195,1,149.7159382468189,42.714106283501195,192.4300445303201,100.0,100,STABLE,2025-12-26
SKU0043,west,186,149.7159382468189,192.4300445303201,42.714106283501195,1,149.7159382468189,42.714106283501195,192.4300445303201,100.0,100,STABLE,2025-12-26
SKU0043,east,149,145.3106561019614,188.01391053701067,42.703254435049274,1,145.3106561019614,42.703254435049274,188.01391053701067,100.0,100,STABLE,2025-12-26
SKU0043,west,186,145.3106561019614,188.01391053701067,42.703254435049274,1,145.3106561019614,42.703254435049274,188.01391053701067,100.0,100,STABLE,2025-12-26
SKU0043,east,149,127.0499405299135,169.7428636389792,42.6929231090657,1,127.0499405299135,42.6929231090657,169.7428636389792,100.0,100,STABLE,2025-12-26
SKU0043,east,149,134.66720892169658,177.35029643381267,42.68308751211609,1,134.66720892169658,42.68308751211609,177.35029643381267,100.0,100,STABLE,2025-12-26
SKU0043,east,149,146.94437271103797,189.61809672635147,42.673724015313496,1,146.94437271103797,42.673724015313496,189.61809672635147,100.0,100,STABLE,2025-12-26
SKU0043,west,186,146.94437271103797,189.61809672635147,42.673724015313496,1,146.94437271103797,42.673724015313496,189.61809672635147,100.0,100,STABLE,2025-12-26
SKU0043,east,149,145.36381026430334,188.02862036565463,42.66481010135129,1,145.36381026430334,42.66481010135129,188.02862036565463,100.0,100,STABLE,2025-12-26
SKU0043,west,186,145.36381026430334,188.02862036565463,42.66481010135129,1,145.36381026430334,42.66481010135129,188.02862036565463,100.0,100,STABLE,2025-12-26
SKU0043,east,149,146.12712128794172,188.78344560151723,42.65632431357551,1,146.12712128794172,42.65632431357551,188.78344560151723,100.0,100,STABLE,2025-12-26
SKU0043,west,186,146.12712128794172,188.78344560151723,42.65632431357551,1,146.12712128794172,42.65632431357551,188.78344560151723,100.0,100,STABLE,2025-12-26
SKU0043,east,149,145.37580835429145,188.02405456155452,42.64824620726307,1,145.37580835429145,42.64824620726307,188.02405456155452,100.0,100,STABLE,2025-12-26
SKU0043,west,186,145.37580835429145,188.02405456155452,42.64824620726307,1,145.37580835429145,42.64824620726307,188.02405456155452,100.0,100,STABLE,2025-12-26
SKU0043,east,149,164.3266565009654,206.9672128039895,42.640556303024084,1,164.3266565009654,42.640556303024084,206.9672128039895,100.0,100,STABLE,2025-12-26
SKU0043,west,186,164.3266565009654,206.9672128039895,42.640556303024084,1,164.3266565009654,42.640556303024084,206.9672128039895,100.0,100,STABLE,2025-12-26
SKU0043,east,149,123.51028457393748,166.14352061618123,42.63323604224375,1,123.51028457393748,42.63323604224375,166.14352061618123,100.0,100,STABLE,2025-12-26
SKU0043,east,149,156.40245531644774,199.0287230609348,42.62626774448705,1,156.40245531644774,42.62626774448705,199.0287230609348,100.0,100,STABLE,2025-12-26
SKU0043,west,186,156.40245531644774,199.0287230609348,42.62626774448705,1,156.40245531644774,42.62626774448705,199.0287230609348,100.0,100,STABLE,2025-12-26
SKU0043,east,149,131.84064957614515,174.46028414293176,42.6196345667866,1,131.84064957614515,42.6196345667866,174.46028414293176,100.0,100,STABLE,2025-12-26
SKU0043,east,149,148.19570195134463,190.80902241608436,42.61332046473973,1,148.19570195134463,42.61332046473973,190.80902241608436,100.0,100,STABLE,2025-12-26
SKU0043,west,186,148.19570195134463,190.80902241608436,42.61332046473973,1,148.19570195134463,42.61332046473973,190.80902241608436,100.0,100,STABLE,2025-12-26
SKU0043,east,149,139.11447840961242,181.72178856495373,42.60731015534131,1,139.11447840961242,42.60731015534131,181.72178856495373,100.0,100,STABLE,2025-12-26
SKU0043,east,149,139.3156521651853,181.91724124666624,42.60158908148094,1,139.3156521651853,42.60158908148094,181.91724124666624,100.0,100,STABLE,2025-12-26
SKU0043,east,149,170.78762024991536,213.38376362716932,42.59614337725395,1,170.78762024991536,42.59614337725395,213.38376362716932,100.0,100,STABLE,2025-12-26
SKU0043,west,186,170.78762024991536,213.38376362716932,42.59614337725395,1,170.78762024991536,42.59614337725395,213.38376362716932,100.0,100,STABLE,2025-12-26
SKU0043,east,149,129.75769379065372,172.34865284881215,42.59095905815843,1,129.75769379065372,42.59095905815843,172.34865284881215,100.0,100,STABLE,2025-12-26
SKU0043,east,149,152.79741216738915,195.38263269301115,42.58522052562199,1,152.79741216738915,42.58522052562199,195.38263269301115,100.0,100,STABLE,2025-12-26
SKU0043,west,186,152.79741216738915,195.38263269301115,42.58522052562199,1,152.79741216738915,42.58522052562199,195.38263269301115,100.0,100,STABLE,2025-12-26
SKU0043,east,149,168.95157418351064,211.5321356593219,42.580561475811265,1,168.95157418351064,42.580561475811265,211.5321356593219,100.0,100,STABLE,2025-12-26
SKU0043,west,186,168.95157418351064,211.5321356593219,42.580561475811265,1,168.95157418351064,42.580561475811265,211.5321356593219,100.0,100,STABLE,2025-12-26
SKU0043,east,149,129.81598838840026,172.39211522789952,42.57612683949927,1,129.81598838840026,42.57612683949927,172.39211522789952,100.0,100,STABLE,2025-12-26
SKU0043,east,149,134.02710892932797,176.5990147690709,42.571905839742925,1,134.02710892932797,42.571905839742925,176.5990147690709,100.0,100,STABLE,2025-12-26
SKU0043,east,149,140.95904309172988,183.52693130582497,42.56788821409509,1,140.95904309172988,42.56788821409509,183.52693130582497,100.0,100,STABLE,2025-12-26
SKU0043,east,149,145.58741539595118,188.15147958627895,42.56406419032777,1,145.58741539595118,42.56406419032777,188.15147958627895,100.0,100,STABLE,2025-12-26
SKU0043,west,186,145.58741539595118,188.15147958627895,42.56406419032777,1,145.58741539595118,42.56406419032777,188.15147958627895,100.0,100,STABLE,2025-12-26
SKU0043,east,149,124.3252329763838,166.88565743965788,42.560424463274074,1,124.3252329763838,42.560424463274074,166.88565743965788,100.0,100,STABLE,2025-12-26
SKU0043,east,149,123.5811781412818,166.1381383140207,42.5569601727389,1,123.5811781412818,42.5569601727389,166.1381383140207,100.0,100,STABLE,2025-12-26
SKU0043,east,149,152.63525183291986,195.18891471535304,42.55366288243317,1,152.63525183291986,42.55366288243317,195.18891471535304,100.0,100,STABLE,2025-12-26
SKU0043,west,186,152.63525183291986,195.18891471535304,42.55366288243317,1,152.63525183291986,42.55366288243317,195.18891471535304,100.0,100,STABLE,2025-12-26
SKU0045,west,262,92.76998338844555,117.97178600011053,25.201802611664974,3,278.30995016533666,75.60540783499492,353.9153580003316,100.0,100,STABLE,2025-12-26
SKU0045,north,252,91.7381567335959,116.91677058051197,25.178613846916065,3,275.2144702007877,75.5358415407482,350.7503117415359,100.0,100,STABLE,2025-12-26
SKU0045,west,262,91.7381567335959,116.91677058051197,25.178613846916065,3,275.2144702007877,75.5358415407482,350.7503117415359,100.0,100,STABLE,2025-12-26
SKU0045,north,252,86.05250936417326,111.22078695522636,25.168277591053098,3,258.1575280925198,75.5048327731593,333.6623608656791,100.0,100,STABLE,2025-12-26
SKU0045,west,262,86.05250936417326,111.22078695522636,25.168277591053098,3,258.1575280925198,75.5048327731593,333.6623608656791,100.0,100,STABLE,2025-12-26
SKU0045,north,252,90.53628399556352,115.69498330598827,25.15869931042475,3,271.6088519866906,75.47609793127425,347.0849499179648,100.0,100,STABLE,2025-12-26
SKU0045,west,262,90.53628399556352,115.69498330598827,25.15869931042475,3,271.6088519866906,75.47609793127425,347.0849499179648,100.0,100,STABLE,2025-12-26
SKU0045,north,252,82.93457822127954,108.0844020442464,25.149823822966866,3,248.8037346638386,75.4494714689006,324.2532061327392,100.0,100,STABLE,2025-12-26
SKU0045,west,262,82.93457822127954,108.0844020442464,25.149823822966866,3,248.8037346638386,75.4494714689006,324.2532061327392,100.0,100,STABLE,2025-12-26
SKU0045,north,252,92.14208884623908,117.2836887538045,25.14159990756542,3,276.42626653871724,75.42479972269626,351.8510662614135,100.0,100,STABLE,2025-12-26
SKU0045,west,262,92.14208884623908,117.2836887538045,25.14159990756542,3,276.42626653871724,75.42479972269626,351.8510662614135,100.0,100,STABLE,2025-12-26
SKU0045,north,252,88.597017478501,113.7309975061493,25.133980027648292,3,265.791052435503,75.40194008294488,341.19299251844785,100.0,100,STABLE,2025-12-26
SKU0045,west,262,88.597017478501,113.7309975061493,25.133980027648292,3,265.791052435503,75.40194008294488,341.19299251844785,100.0,100,STABLE,2025-12-26
SKU0045,west,262,92.72442386175632,117.85134393471328,25.126920072956963,3,278.17327158526894,75.38076021887089,353.5540318041398,100.0,100,STABLE,2025-12-26
SKU0045,north,252,83.1001535198275,108.22053263828614,25.120379118458644,3,249.3004605594825,75.36113735537593,324.6615979148584,100.0,100,STABLE,2025-12-26
SKU0045,west,262,83.1001535198275,108.22053263828614,25.120379118458644,3,249.3004605594825,75.36113735537593,324.6615979148584,100.0,100,STABLE,2025-12-26
SKU0045,north,252,83.96926635197823,109.08358555137552,25.114319199397286,3,251.9077990559347,75.34295759819186,327.2507566541266,100.0,100,STABLE,2025-12-26
SKU0045,west,262,83.96926635197823,109.08358555137552,25.114319199397286,3,251.9077990559347,75.34295759819186,327.2507566541266,100.0,100,STABLE,2025-12-26
SKU0045,north,252,81.54685924226658,106.65556434378604,25.108705101519462,3,244.64057772679973,75.32611530455839,319.9666930313581,100.0,100,STABLE,2025-12-26
SKU0045,west,262,81.54685924226658,106.65556434378604,25.108705101519462,3,244.64057772679973,75.32611530455839,319.9666930313581,100.0,100,STABLE,2025-12-26
SKU0045,north,252,79.31908829399686,104.42259245954916,25.10350416555231,3,237.95726488199057,75.31051249665693,313.2677773786475,100.0,100,STABLE,2025-12-26
SKU0045,west,262,79.31908829399686,104.42259245954916,25.10350416555231,3,237.95726488199057,75.31051249665693,313.2677773786475,100.0,100,STABLE,2025-12-26
SKU0045,north,252,71.14059019313603,96.23927629818806,25.098686105052025,3,213.4217705794081,75.29605831515607,288.71782889456415,100.0,100,STABLE,2025-12-26
SKU0045,east,189,71.14059019313603,96.23927629818806,25.098686105052025,3,213.4217705794081,75.29605831515607,288.71782889456415,100.0,100,STABLE,2025-12-26
SKU0045,west,262,71.14059019313603,96.23927629818806,25.098686105052025,3,213.4217705794081,75.29605831515607,288.71782889456415,100.0,100,STABLE,2025-12-26
SKU0045,north,252,86.40457638733412,111.49879922411787,25.094222836783757,3,259.2137291620023,75.28266851035127,334.4963976723536,100.0,100,STABLE,2025-12-26
SKU0045,west,262,86.40457638733412,111.49879922411787,25.094222836783757,3,259.2137291620023,75.28266851035127,334.4963976723536,100.0,100,STABLE,2025-12-26
SKU0045,north,252,73.46211945237953,98.5522077752143,25.090088322834774,3,220.3863583571386,75.27026496850432,295.6566233256429,100.0,100,STABLE,2025-12-26
SKU0045,west,262,73.46211945237953,98.5522077752143,25.090088322834774,3,220.3863583571386,75.27026496850432,295.6566233256429,100.0,100,STABLE,2025-12-26
SKU0045,north,252,74.49409794718221,99.58035637088727,25.08625842370506,3,223.48229384154664,75.25877527111518,298.7410691126618,100.0,100,STABLE,2025-12-26
SKU0045,west,262,74.49409794718221,99.58035637088727,25.08625842370506,3,223.48229384154664,75.25877527111518,298.7410691126618,100.0,100,STABLE,2025-12-26
SKU0045,north,252,77.70875177048941,102.7914625321495,25.08271076166008,3,233.12625531146824,75.24813228498024,308.3743875964485,100.0,100,STABLE,2025-12-26
SKU0045,west,262,77.70875177048941,102.7914625321495,25.08271076166008,3,233.12625531146824,75.24813228498024,308.3743875964485,100.0,100,STABLE,2025-12-26
SKU0045,north,252,70.15156534022677,95.23098993389652,25.079424593669756,3,210.4546960206803,75.23827378100927,285.69296980168957,100.0,100,STABLE,2025-12-26
SKU0045,east,189,70.15156534022677,95.23098993389652,25.079424593669756,3,210.4546960206803,75.23827378100927,285.69296980168957,100.0,100,STABLE,2025-12-26
SKU0045,west,262,70.15156534022677,95.23098993389652,25.079424593669756,3,210.4546960206803,75.23827378100927,285.69296980168957,100.0,100,STABLE,2025-12-26
SKU0045,north,252,72.2483868263904,97.324767519687,25.0763806932966,3,216.7451604791712,75.2291420798898,291.974302559061,100.0,100,STABLE,2025-12-26
SKU0045,west,262,72.2483868263904,97.324767519687,25.0763806932966,3,216.7451604791712,75.2291420798898,291.974302559061,100.0,100,STABLE,2025-12-26
SKU0019,east,464,124.401632158148,139.7447724311508,15.343140273002803,4,497.606528632592,61.37256109201121,558.9790897246032,94.97908972460323,50,STABLE,2025-12-26
SKU0019,east,464,124.44764872622612,139.74375274993795,15.296104023711834,4,497.7905949049045,61.184416094847336,558.9750109997518,94.97501099975182,50,STABLE,2025-12-26
SKU0008,east,138,194.1714803937014,232.30278834172853,38.13130794802714,1,194.1714803937014,38.13130794802714,232.30278834172853,94.30278834172853,50,STABLE,2025-12-26
SKU0019,north,548,144.52269718661603,159.83863923200988,15.315942045393854,4,578.0907887464641,61.263768181575415,639.3545569280395,91.35455692803953,50,STABLE,2025-12-26
SKU0008,west,209,251.0327329916105,299.6146546962906,48.5819217046801,1,251.0327329916105,48.5819217046801,299.6146546962906,90.61465469629059,50,STABLE,2025-12-26
SKU0019,east,464,123.29541911669418,138.60579961637083,15.310380499676654,4,493.1816764667767,61.24152199870662,554.4231984654833,90.42319846548332,50,STABLE,2025-12-26
SKU0019,east,464,123.23638758803422,138.51803244371624,15.281644855682018,4,492.9455503521369,61.12657942272807,554.072129774865,90.07212977486495,50,STABLE,2025-12-26
SKU0008,west,209,249.96844163434983,295.4146635161805,45.44622188183067,1,249.96844163434983,45.44622188183067,295.4146635161805,86.4146635161805,50,STABLE,2025-12-26
SKU0001,east,343,376.9055652356325,428.34163543837616,51.43607020274368,1,376.9055652356325,51.43607020274368,428.34163543837616,85.34163543837616,50,STABLE,2025-12-26
SKU0019,east,464,121.15377166777078,136.42488335922135,15.271111691450571,4,484.61508667108313,61.084446765802284,545.6995334368854,81.69953343688542,50,STABLE,2025-12-26
SKU0008,north,270,298.60337826882034,350.4663176895519,51.86293942073155,1,298.60337826882034,51.86293942073155,350.4663176895519,80.46631768955189,50,STABLE,2025-12-26
SKU0001,west,350,376.9055652356325,428.34163543837616,51.43607020274368,1,376.9055652356325,51.43607020274368,428.34163543837616,78.34163543837616,50,STABLE,2025-12-26
SKU0008,north,270,297.4389675521102,347.642212114955,50.20324456284476,1,297.4389675521102,50.20324456284476,347.642212114955,77.64221211495499,50,STABLE,2025-12-26
SKU0008,south,275,298.60337826882034,350.4663176895519,51.86293942073155,1,298.60337826882034,51.86293942073155,350.4663176895519,75.46631768955189,50,STABLE,2025-12-26
SKU0019,east,464,119.15694334085468,134.42590363981785,15.268960298963165,4,476.6277733634187,61.07584119585266,537.7036145592714,73.70361455927139,50,STABLE,2025-12-26
SKU0008,south,275,297.4389675521102,347.642212114955,50.20324456284476,1,297.4389675521102,50.20324456284476,347.642212114955,72.64221211495499,50,STABLE,2025-12-26
SKU0040,west,135,146.33931793863488,204.07184683215732,57.73252889352244,1,146.33931793863488,57.73252889352244,204.07184683215732,69.07184683215732,50,STABLE,2025-12-26
SKU0040,west,135,143.99802223697,203.3613030793101,59.36328084234009,1,143.99802223697,59.36328084234009,203.3613030793101,68.36130307931009,50,STABLE,2025-12-26
SKU0040,west,135,139.14208979961566,199.3126976722795,60.17060787266385,1,139.14208979961566,60.17060787266385,199.3126976722795,64.31269767227951,50,STABLE,2025-12-26
SKU0008,east,138,164.8536214070656,201.5933487754276,36.739727368362,1,164.8536214070656,36.739727368362,201.5933487754276,63.593348775427586,50,STABLE,2025-12-26
SKU0019,north,548,137.1422158715364,152.43051932333898,15.28830345180259,4,548.5688634861456,61.15321380721036,609.7220772933559,61.72207729335594,50,STABLE,2025-12-26
SKU0019,east,464,116.02728008210669,131.3032418201868,15.275961738080113,4,464.10912032842674,61.10384695232045,525.2129672807472,61.21296728074719,50,STABLE,2025-12-26
SKU0008,west,209,223.43540883883145,267.363101121669,43.92769228283754,1,223.43540883883145,43.92769228283754,267.363101121669,58.36310112166899,50,STABLE,2025-12-26
SKU0040,west,135,137.44687606706287,192.68638412861625,55.23950806155338,1,137.44687606706287,55.23950806155338,192.68638412861625,57.686384128616254,50,STABLE,2025-12-26
SKU0019,north,548,135.68613209823957,151.01460407425705,15.328471976017482,4,542.7445283929583,61.31388790406993,604.0584162970282,56.0584162970282,50,STABLE,2025-12-26
SKU0040,west,135,131.7552190675448,190.30594330033492,58.55072423279012,1,131.7552190675448,58.55072423279012,190.30594330033492,55.30594330033492,50,STABLE,2025-12-26
SKU0019,east,464,114.40666727441076,129.6915096956709,15.284842421260137,4,457.62666909764306,61.13936968504055,518.7660387826836,54.76603878268361,50,STABLE,2025-12-26
SKU0008,west,209,221.2157317207894,263.6549321737249,42.439200452935495,1,221.2157317207894,42.439200452935495,263.6549321737249,54.65493217372489,50,STABLE,2025-12-26
SKU0040,west,135,132.3572224232975,189.2654756144877,56.90825319119023,1,132.3572224232975,56.90825319119023,189.2654756144877,54.26547561448771,50,STABLE,2025-12-26
SKU0019,east,464,114.21753106130332,129.4845040239582,15.26697296265489,4,456.8701242452133,61.06789185061956,517.9380160958328,53.938016095832836,50,STABLE,2025-12-26
SKU0040,west,135,132.5682028692373,188.64562203096312,56.07741916172583,1,132.5682028692373,56.07741916172583,188.64562203096312,53.645622030963125,50,STABLE,2025-12-26
SKU0040,west,135,143.26968841093856,187.62530215145523,44.355613740516674,1,143.26968841093856,44.355613740516674,187.62530215145523,52.62530215145523,50,STABLE,2025-12-26
SKU0040,west,135,134.65975320505487,186.4647288057106,51.80497560065572,1,134.65975320505487,51.80497560065572,186.4647288057106,51.46472880571059,50,STABLE,2025-12-26
SKU0019,north,548,134.48379372856215,149.76248451295623,15.278690784394087,4,537.9351749142486,61.11476313757635,599.0499380518249,51.04993805182494,50,STABLE,2025-12-26
SKU0040,west,135,131.44793571702024,185.84189091642395,54.393955199403706,1,131.44793571702024,54.393955199403706,185.84189091642395,50.84189091642395,50,STABLE,2025-12-26
SKU0001,east,343,293.9062715322062,345.3406555408928,51.43438400868661,1,293.9062715322062,51.43438400868661,345.3406555408928,50.0,50,STABLE,2025-12-26
SKU0001,west,350,298.83083116096094,350.2638525117391,51.433021350778176,1,298.83083116096094,51.433021350778176,350.2638525117391,50.0,50,STABLE,2025-12-26
SKU0001,east,343,298.83083116096094,350.2638525117391,51.433021350778176,1,298.83083116096094,51.433021350778176,350.2638525117391,50.0,50,STABLE,2025-12-26
SKU0006,north,192,98.16084423319109,113.56119874468804,15.400354511496957,2,196.32168846638217,30.800709022993914,227.12239748937608,50.0,50,STABLE,2025-12-26
SKU0006,north,192,97.68793012413236,113.07751038194355,15.38958025781119,2,195.37586024826473,30.77916051562238,226.1550207638871,50.0,50,STABLE,2025-12-26
SKU0006,north,192,87.78403427071326,103.16364768497148,15.379613414258216,2,175.56806854142653,30.759226828516432,206.32729536994296,50.0,50,STABLE,2025-12-26
SKU0006,north,192,95.8055670378838,111.175961292544,15.370394254660198,2,191.6111340757676,30.740788509320396,222.351922585088,50.0,50,STABLE,2025-12-26
SKU0006,north,192,90.9951982627223,106.35706562224924,15.36186735952694,2,181.9903965254446,30.72373471905388,212.71413124449847,50.0,50,STABLE,2025-12-26
SKU0006,north,192,89.26551951873314,104.61950084009489,15.353981321361744,2,178.5310390374663,30.707962642723487,209.23900168018977,50.0,50,STABLE,2025-12-26
SKU0006,north,192,88.82683195851833,104.17352042639,15.346688467871672,2,177.65366391703665,30.693376935743345,208.34704085278,50.0,50,STABLE,2025-12-26
SKU0006,north,192,86.81662497714964,102.15656957947655,15.33994460232691,2,173.6332499542993,30.67988920465382,204.3131391589531,50.0,50,STABLE,2025-12-26
SKU0006,north,192,89.13422100887715,104.46792976916468,15.333708760287536,2,178.2684420177543,30.66741752057507,208.93585953832937,50.0,50,STABLE,2025-12-26
SKU0006,north,192,90.05623692860429,105.38417991051516,15.327942981910866,2,180.11247385720858,30.65588596382173,210.76835982103032,50.0,50,STABLE,2025-12-26
SKU0006,north,192,88.86607037622399,104.18868247527509,15.3226120990511,2,177.73214075244798,30.6452241981022,208.37736495055017,50.0,50,STABLE,2025-12-26
SKU0006,north,192,82.7014348782643,98.0191184146347,15.31768353637041,2,165.4028697565286,30.63536707274082,196.0382368292694,50.0,50,STABLE,2025-12-26
SKU0006,north,192,81.57453753091008,96.88766465660667,15.313127125696596,2,163.14907506182016,30.626254251393192,193.77532931321335,50.0,50,STABLE,2025-12-26
SKU0008,east,138,139.85661871230434,164.37757798279924,24.5209592704949,1,139.85661871230434,24.5209592704949,164.37757798279924,50.0,50,STABLE,2025-12-26
SKU0008,east,138,136.77475824796477,162.6938480614468,25.91908981348203,1,136.77475824796477,25.91908981348203,162.6938480614468,50.0,50,STABLE,2025-12-26
SKU0008,east,138,138.4234369708233,165.71118880190693,27.287751831083625,1,138.4234369708233,27.287751831083625,165.71118880190693,50.0,50,STABLE,2025-12-26
SKU0008,east,138,130.59021764960872,159.2285232964196,28.638305646810892,1,130.59021764960872,28.638305646810892,159.2285232964196,50.0,50,STABLE,2025-12-26
SKU0008,east,138,152.95026268827624,182.92958630785816,29.97932361958192,1,152.95026268827624,29.97932361958192,182.92958630785816,50.0,50,STABLE,2025-12-26
SKU0008,east,138,139.6491066218755,170.96664545273663,31.31753883086114,1,139.6491066218755,31.31753883086114,170.96664545273663,50.0,50,STABLE,2025-12-26
SKU0008,east,138,107.16121442385403,139.81963542765686,32.65842100380283,1,107.16121442385403,32.65842100380283,139.81963542765686,50.0,50,STABLE,2025-12-26
SKU0008,east,138,152.04404486294044,186.05058925280704,34.006544389866605,1,152.04404486294044,34.006544389866605,186.05058925280704,50.0,50,STABLE,2025-12-26
SKU0008,east,138,132.10347461281555,167.4693072346457,35.36583262183015,1,132.10347461281555,35.36583262183015,167.4693072346457,50.0,50,STABLE,2025-12-26
SKU0008,west,209,194.1714803937014,232.30278834172853,38.13130794802714,1,194.1714803937014,38.13130794802714,232.30278834172853,50.0,50,STABLE,2025-12-26
SKU0008,west,209,214.07916417656503,253.62254251472984,39.543378338164814,1,214.07916417656503,39.543378338164814,253.62254251472984,50.0,50,STABLE,2025-12-26
SKU0008,west,209,198.39184414539355,239.3703760387447,40.978531893351146,1,198.39184414539355,40.978531893351146,239.3703760387447,50.0,50,STABLE,2025-12-26
SKU0008,north,270,249.96844163434983,295.4146635161805,45.44622188183067,1,249.96844163434983,45.44622188183067,295.4146635161805,50.0,50,STABLE,2025-12-26
SKU0008,south,275,249.96844163434983,295.4146635161805,45.44622188183067,1,249.96844163434983,45.44622188183067,295.4146635161805,50.0,50,STABLE,2025-12-26
SKU0008,north,270,262.65616076597524,309.65309452847794,46.99693376250269,1,262.65616076597524,46.99693376250269,309.65309452847794,50.0,50,STABLE,2025-12-26
SKU0008,south,275,262.65616076597524,309.65309452847794,46.99693376250269,1,262.65616076597524,46.99693376250269,309.65309452847794,50.0,50,STABLE,2025-12-26
SKU0008,north,270,251.0327329916105,299.6146546962906,48.5819217046801,1,251.0327329916105,48.5819217046801,299.6146546962906,50.0,50,STABLE,2025-12-26
SKU0008,south,275,251.0327329916105,299.6146546962906,48.5819217046801,1,251.0327329916105,48.5819217046801,299.6146546962906,50.0,50,STABLE,2025-12-26
SKU0019,north,548,124.401632158148,139.7447724311508,15.343140273002803,4,497.606528632592,61.37256109201121,558.9790897246032,50.0,50,STABLE,2025-12-26
SKU0019,north,548,127.63486664260452,142.97038422967813,15.33551758707361,4,510.5394665704181,61.34207034829444,571.8815369187125,50.0,50,STABLE,2025-12-26
SKU0019,north,548,128.9241839005806,144.24614406056622,15.321960159985622,4,515.6967356023224,61.28784063994249,576.9845762422649,50.0,50,STABLE,2025-12-26
SKU0019,north,548,123.29541911669418,138.60579961637083,15.310380499676654,4,493.1816764667767,61.24152199870662,554.4231984654833,50.0,50,STABLE,2025-12-26
SKU0019,north,548,133.94149499797857,149.24673613788318,15.30524113990461,4,535.7659799919143,61.22096455961844,596.9869445515327,50.0,50,STABLE,2025-12-26
SKU0019,north,548,126.79188756993696,142.09237970534826,15.300492135411304,4,507.16755027974784,61.201968541645215,568.3695188213931,50.0,50,STABLE,2025-12-26
SKU0019,north,548,124.44764872622612,139.74375274993795,15.296104023711834,4,497.7905949049045,61.184416094847336,558.9750109997518,50.0,50,STABLE,2025-12-26
SKU0019,north,548,129.58370014973457,144.87574968862796,15.292049538893394,4,518.3348005989383,61.16819815557358,579.5029987545119,50.0,50,STABLE,2025-12-26
SKU0019,north,548,123.23638758803422,138.51803244371624,15.281644855682018,4,492.9455503521369,61.12657942272807,554.072129774865,50.0,50,STABLE,2025-12-26
SKU0019,north,548,130.02367953174277,145.2971201694529,15.273440637710138,4,520.0947181269711,61.09376255084055,581.1884806778116,50.0,50,STABLE,2025-12-26
SKU0019,east,464,111.98501289971816,127.25015010506166,15.265137205343507,4,447.9400515988726,61.06054882137403,509.00060042024666,50.0,50,STABLE,2025-12-26
SKU0019,east,464,101.45418072610543,116.71762222006342,15.263441493957984,4,405.81672290442174,61.053765975831936,466.8704888802537,50.0,50,STABLE,2025-12-26
SKU0019,east,464,111.17506899528595,126.43694416408,15.261875168794049,4,444.7002759811438,61.047500675176195,505.74777665632,50.0,50,STABLE,2025-12-26
SKU0019,east,464,112.00056895374937,127.2609973317452,15.260428377995837,4,448.00227581499746,61.041713511983346,509.0439893269808,50.0,50,STABLE,2025-12-26
SKU0019,east,464,106.60624734723626,121.86533936407176,15.259092016835496,4,426.42498938894505,61.03636806734198,487.46135745628703,50.0,50,STABLE,2025-12-26
SKU0019,east,464,104.21077676380628,119.46863443531588,15.257857671509598,4,416.8431070552251,61.03143068603839,477.8745377412635,50.0,50,STABLE,2025-12-26
SKU0040,west,135,129.6949025564596,166.32636517442506,36.63146261796547,1,129.6949025564596,36.63146261796547,166.32636517442506,50.0,50,STABLE,2025-12-26
SKU0040,south,165,129.6949025564596,166.32636517442506,36.63146261796547,1,129.6949025564596,36.63146261796547,166.32636517442506,50.0,50,STABLE,2025-12-26
SKU0040,west,135,124.54454783482244,162.39452500523385,37.84997717041141,1,124.54454783482244,37.84997717041141,162.39452500523385,50.0,50,STABLE,2025-12-26
SKU0040,west,135,111.23511095319566,150.25600053193284,39.02088957873718,1,111.23511095319566,39.02088957873718,150.25600053193284,50.0,50,STABLE,2025-12-26
SKU0040,west,135,118.919680260142,159.07059520680696,40.150914946664955,1,118.919680260142,40.150914946664955,159.07059520680696,50.0,50,STABLE,2025-12-26
SKU0040,west,135,109.69825165880476,150.94365677970703,41.24540512090226,1,109.69825165880476,41.24540512090226,150.94365677970703,50.0,50,STABLE,2025-12-26
SKU0040,west,135,110.0020967462338,152.3108122515391,42.30871550530529,1,110.0020967462338,42.30871550530529,152.3108122515391,50.0,50,STABLE,2025-12-26
SKU0040,west,135,130.90791039333655,174.25235671825934,43.344446324922785,1,130.90791039333655,43.344446324922785,174.25235671825934,50.0,50,STABLE,2025-12-26
SKU0040,south,165,130.90791039333655,174.25235671825934,43.344446324922785,1,130.90791039333655,43.344446324922785,174.25235671825934,50.0,50,STABLE,2025-12-26
SKU0040,south,165,143.26968841093856,187.62530215145523,44.355613740516674,1,143.26968841093856,44.355613740516674,187.62530215145523,50.0,50,STABLE,2025-12-26
SKU0040,west,135,119.88042243294204,165.2251966559462,45.344774223004165,1,119.88042243294204,45.344774223004165,165.2251966559462,50.0,50,STABLE,2025-12-26
SKU0040,south,165,119.88042243294204,165.2251966559462,45.344774223004165,1,119.88042243294204,45.344774223004165,165.2251966559462,50.0,50,STABLE,2025-12-26
SKU0040,west,135,105.437547762736,151.75166465386044,46.31411689112444,1,105.437547762736,46.31411689112444,151.75166465386044,50.0,50,STABLE,2025-12-26
SKU0040,west,135,100.5167301946192,147.78226354049104,47.265533345871845,1,100.5167301946192,47.265533345871845,147.78226354049104,50.0,50,STABLE,2025-12-26
SKU0040,west,135,115.42133486980018,163.6220062250342,48.20067135523402,1,115.42133486980018,48.20067135523402,163.6220062250342,50.0,50,STABLE,2025-12-26
SKU0040,west,135,117.11508107423803,166.2360578011514,49.120976726913355,1,117.11508107423803,49.120976726913355,166.2360578011514,50.0,50,STABLE,2025-12-26
SKU0040,south,165,117.11508107423803,166.2360578011514,49.120976726913355,1,117.11508107423803,49.120976726913355,166.2360578011514,50.0,50,STABLE,2025-12-26
SKU0040,west,135,108.12509960257104,158.15282599698276,50.027726394411715,1,108.12509960257104,50.027726394411715,158.15282599698276,50.0,50,STABLE,2025-12-26
SKU0040,west,135,114.49032425976438,165.412379127006,50.92205486724163,1,114.49032425976438,50.92205486724163,165.412379127006,50.0,50,STABLE,2025-12-26
SKU0040,south,165,114.49032425976438,165.412379127006,50.92205486724163,1,114.49032425976438,50.92205486724163,165.412379127006,50.0,50,STABLE,2025-12-26
SKU0040,south,165,134.65975320505487,186.4647288057106,51.80497560065572,1,134.65975320505487,51.80497560065572,186.4647288057106,50.0,50,STABLE,2025-12-26
SKU0040,west,135,115.96425218256913,168.64165060986238,52.677398427293255,1,115.96425218256913,52.677398427293255,168.64165060986238,50.0,50,STABLE,2025-12-26
SKU0040,south,165,115.96425218256913,168.64165060986238,52.677398427293255,1,115.96425218256913,52.677398427293255,168.64165060986238,50.0,50,STABLE,2025-12-26
SKU0040,west,135,120.9847043553365,174.52484825699173,53.54014390165523,1,120.9847043553365,53.54014390165523,174.52484825699173,50.0,50,STABLE,2025-12-26
SKU0040,south,165,120.9847043553365,174.52484825699173,53.54014390165523,1,120.9847043553365,53.54014390165523,174.52484825699173,50.0,50,STABLE,2025-12-26
SKU0040,south,165,131.44793571702024,185.84189091642395,54.393955199403706,1,131.44793571702024,54.393955199403706,185.84189091642395,50.0,50,STABLE,2025-12-26
SKU0040,south,165,137.44687606706287,192.68638412861625,55.23950806155338,1,137.44687606706287,55.23950806155338,192.68638412861625,50.0,50,STABLE,2025-12-26
SKU0040,south,165,132.5682028692373,188.64562203096312,56.07741916172583,1,132.5682028692373,56.07741916172583,188.64562203096312,50.0,50,STABLE,2025-12-26
SKU0040,south,165,132.3572224232975,189.2654756144877,56.90825319119023,1,132.3572224232975,56.90825319119023,189.2654756144877,50.0,50,STABLE,2025-12-26
SKU0040,south,165,146.33931793863488,204.07184683215732,57.73252889352244,1,146.33931793863488,57.73252889352244,204.07184683215732,50.0,50,STABLE,2025-12-26
SKU0040,south,165,131.7552190675448,190.30594330033492,58.55072423279012,1,131.7552190675448,58.55072423279012,190.30594330033492,50.0,50,STABLE,2025-12-26
SKU0040,south,165,143.99802223697,203.3613030793101,59.36328084234009,1,143.99802223697,59.36328084234009,203.3613030793101,50.0,50,STABLE,2025-12-26
SKU0040,south,165,139.14208979961566,199.3126976722795,60.17060787266385,1,139.14208979961566,60.17060787266385,199.3126976722795,50.0,50,STABLE,2025-12-26
SKU0001,south,561,178.29044571210318,230.0448661915616,51.75442047945842,1,178.29044571210318,51.75442047945842,230.0448661915616,0.0,50,STABLE,2025-12-26
SKU0001,north,560,178.29044571210318,230.0448661915616,51.75442047945842,1,178.29044571210318,51.75442047945842,230.0448661915616,0.0,50,STABLE,2025-12-26
SKU0001,west,350,178.29044571210318,230.0448661915616,51.75442047945842,1,178.29044571210318,51.75442047945842,230.0448661915616,0.0,50,STABLE,2025-12-26
SKU0001,east,343,178.29044571210318,230.0448661915616,51.75442047945842,1,178.29044571210318,51.75442047945842,230.0448661915616,0.0,50,STABLE,2025-12-26
SKU0001,south,561,150.72404474208136,202.4159631502337,51.69191840815233,1,150.72404474208136,51.69191840815233,202.4159631502337,0.0,50,STABLE,2025-12-26
SKU0001,north,560,150.72404474208136,202.4159631502337,51.69191840815233,1,150.72404474208136,51.69191840815233,202.4159631502337,0.0,50,STABLE,2025-12-26
SKU0001,west,350,150.72404474208136,202.4159631502337,51.69191840815233,1,150.72404474208136,51.69191840815233,202.4159631502337,0.0,50,STABLE,2025-12-26
SKU0001,east,343,150.72404474208136,202.4159631502337,51.69191840815233,1,150.72404474208136,51.69191840815233,202.4159631502337,0.0,50,STABLE,2025-12-26
SKU0001,south,561,126.98152368925425,178.6228387466599,51.64131505740566,1,126.98152368925425,51.64131505740566,178.6228387466599,0.0,50,STABLE,2025-12-26
SKU0001,north,560,126.98152368925425,178.6228387466599,51.64131505740566,1,126.98152368925425,51.64131505740566,178.6228387466599,0.0,50,STABLE,2025-12-26
SKU0001,west,350,126.98152368925425,178.6228387466599,51.64131505740566,1,126.98152368925425,51.64131505740566,178.6228387466599,0.0,50,STABLE,2025-12-26
SKU0001,east,343,126.98152368925425,178.6228387466599,51.64131505740566,1,126.98152368925425,51.64131505740566,178.6228387466599,0.0,50,STABLE,2025-12-26
SKU0001,south,561,137.2199375075273,188.8202972018618,51.600359694334486,1,137.2199375075273,51.600359694334486,188.8202972018618,0.0,50,STABLE,2025-12-26
SKU0001,north,560,137.2199375075273,188.8202972018618,51.600359694334486,1,137.2199375075273,51.600359694334486,188.8202972018618,0.0,50,STABLE,2025-12-26
SKU0001,west,350,137.2199375075273,188.8202972018618,51.600359694334486,1,137.2199375075273,51.600359694334486,188.8202972018618,0.0,50,STABLE,2025-12-26
SKU0001,east,343,137.2199375075273,188.8202972018618,51.600359694334486,1,137.2199375075273,51.600359694334486,188.8202972018618,0.0,50,STABLE,2025-12-26
SKU0001,south,561,184.0762401577305,235.64346276571808,51.56722260798759,1,184.0762401577305,51.56722260798759,235.64346276571808,0.0,50,STABLE,2025-12-26
SKU0001,north,560,184.0762401577305,235.64346276571808,51.56722260798759,1,184.0762401577305,51.56722260798759,235.64346276571808,0.0,50,STABLE,2025-12-26
SKU0001,west,350,184.0762401577305,235.64346276571808,51.56722260798759,1,184.0762401577305,51.56722260798759,235.64346276571808,0.0,50,STABLE,2025-12-26
SKU0001,east,343,184.0762401577305,235.64346276571808,51.56722260798759,1,184.0762401577305,51.56722260798759,235.64346276571808,0.0,50,STABLE,2025-12-26
SKU0001,south,561,176.0940902307164,227.6345079556609,51.54041772494449,1,176.0940902307164,51.54041772494449,227.6345079556609,0.0,50,STABLE,2025-12-26
SKU0001,north,560,176.0940902307164,227.6345079556609,51.54041772494449,1,176.0940902307164,51.54041772494449,227.6345079556609,0.0,50,STABLE,2025-12-26
SKU0001,west,350,176.0940902307164,227.6345079556609,51.54041772494449,1,176.0940902307164,51.54041772494449,227.6345079556609,0.0,50,STABLE,2025-12-26
SKU0001,east,343,176.0940902307164,227.6345079556609,51.54041772494449,1,176.0940902307164,51.54041772494449,227.6345079556609,0.0,50,STABLE,2025-12-26
SKU0001,south,561,217.1136755579707,268.6324147858048,51.51873922783412,1,217.1136755579707,51.51873922783412,268.6324147858048,0.0,50,STABLE,2025-12-26
SKU0001,north,560,217.1136755579707,268.6324147858048,51.51873922783412,1,217.1136755579707,51.51873922783412,268.6324147858048,0.0,50,STABLE,2025-12-26
SKU0001,west,350,217.1136755579707,268.6324147858048,51.51873922783412,1,217.1136755579707,51.51873922783412,268.6324147858048,0.0,50,STABLE,2025-12-26
SKU0001,east,343,217.1136755579707,268.6324147858048,51.51873922783412,1,217.1136755579707,51.51873922783412,268.6324147858048,0.0,50,STABLE,2025-12-26
SKU0001,south,561,205.91849494019883,257.41970440522726,51.50120946502844,1,205.91849494019883,51.50120946502844,257.41970440522726,0.0,50,STABLE,2025-12-26
SKU0001,north,560,205.91849494019883,257.41970440522726,51.50120946502844,1,205.91849494019883,51.50120946502844,257.41970440522726,0.0,50,STABLE,2025-12-26
SKU0001,west,350,205.91849494019883,257.41970440522726,51.50120946502844,1,205.91849494019883,51.50120946502844,257.41970440522726,0.0,50,STABLE,2025-12-26
SKU0001,east,343,205.91849494019883,257.41970440522726,51.50120946502844,1,205.91849494019883,51.50120946502844,257.41970440522726,0.0,50,STABLE,2025-12-26
SKU0001,south,561,171.7870372040592,223.27407348274863,51.48703627868943,1,171.7870372040592,51.48703627868943,223.27407348274863,0.0,50,STABLE,2025-12-26
SKU0001,north,560,171.7870372040592,223.27407348274863,51.48703627868943,1,171.7870372040592,51.48703627868943,223.27407348274863,0.0,50,STABLE,2025-12-26
SKU0001,west,350,171.7870372040592,223.27407348274863,51.48703627868943,1,171.7870372040592,51.48703627868943,223.27407348274863,0.0,50,STABLE,2025-12-26
SKU0001,east,343,171.7870372040592,223.27407348274863,51.48703627868943,1,171.7870372040592,51.48703627868943,223.27407348274863,0.0,50,STABLE,2025-12-26
SKU0001,south,561,198.15098063421635,249.6265587741176,51.475578139901245,1,198.15098063421635,51.475578139901245,249.6265587741176,0.0,50,STABLE,2025-12-26
SKU0001,north,560,198.15098063421635,249.6265587741176,51.475578139901245,1,198.15098063421635,51.475578139901245,249.6265587741176,0.0,50,STABLE,2025-12-26
SKU0001,west,350,198.15098063421635,249.6265587741176,51.475578139901245,1,198.15098063421635,51.475578139901245,249.6265587741176,0.0,50,STABLE,2025-12-26
SKU0001,east,343,198.15098063421635,249.6265587741176,51.475578139901245,1,198.15098063421635,51.475578139901245,249.6265587741176,0.0,50,STABLE,2025-12-26
SKU0001,south,561,235.28624077765457,286.7525565005021,51.466315722847554,1,235.28624077765457,51.466315722847554,286.7525565005021,0.0,50,STABLE,2025-12-26
SKU0001,north,560,235.28624077765457,286.7525565005021,51.466315722847554,1,235.28624077765457,51.466315722847554,286.7525565005021,0.0,50,STABLE,2025-12-26
SKU0001,west,350,235.28624077765457,286.7525565005021,51.466315722847554,1,235.28624077765457,51.466315722847554,286.7525565005021,0.0,50,STABLE,2025-12-26
SKU0001,east,343,235.28624077765457,286.7525565005021,51.466315722847554,1,235.28624077765457,51.466315722847554,286.7525565005021,0.0,50,STABLE,2025-12-26
SKU0001,south,561,290.279017870551,341.7378466390175,51.4588287684665,1,290.279017870551,51.4588287684665,341.7378466390175,0.0,50,STABLE,2025-12-26
SKU0001,north,560,290.279017870551,341.7378466390175,51.4588287684665,1,290.279017870551,51.4588287684665,341.7378466390175,0.0,50,STABLE,2025-12-26
SKU0001,west,350,290.279017870551,341.7378466390175,51.4588287684665,1,290.279017870551,51.4588287684665,341.7378466390175,0.0,50,STABLE,2025-12-26
SKU0001,east,343,290.279017870551,341.7378466390175,51.4588287684665,1,290.279017870551,51.4588287684665,341.7378466390175,0.0,50,STABLE,2025-12-26
SKU0001,south,561,238.8403978035628,290.29317508289233,51.452777279329524,1,238.8403978035628,51.452777279329524,290.29317508289233,0.0,50,STABLE,2025-12-26
SKU0001,north,560,238.8403978035628,290.29317508289233,51.452777279329524,1,238.8403978035628,51.452777279329524,290.29317508289233,0.0,50,STABLE,2025-12-26
SKU0001,west,350,238.8403978035628,290.29317508289233,51.452777279329524,1,238.8403978035628,51.452777279329524,290.29317508289233,0.0,50,STABLE,2025-12-26
SKU0001,east,343,238.8403978035628,290.29317508289233,51.452777279329524,1,238.8403978035628,51.452777279329524,290.29317508289233,0.0,50,STABLE,2025-12-26
SKU0001,south,561,258.5000740169138,309.9479602688909,51.44788625197708,1,258.5000740169138,51.44788625197708,309.9479602688909,0.0,50,STABLE,2025-12-26
SKU0001,north,560,258.5000740169138,309.9479602688909,51.44788625197708,1,258.5000740169138,51.44788625197708,309.9479602688909,0.0,50,STABLE,2025-12-26
SKU0001,west,350,258.5000740169138,309.9479602688909,51.44788625197708,1,258.5000740169138,51.44788625197708,309.9479602688909,0.0,50,STABLE,2025-12-26
SKU0001,east,343,258.5000740169138,309.9479602688909,51.44788625197708,1,258.5000740169138,51.44788625197708,309.9479602688909,0.0,50,STABLE,2025-12-26
SKU0001,south,561,155.73407897571883,207.1780122681694,51.443933292450566,1,155.73407897571883,51.443933292450566,207.1780122681694,0.0,50,STABLE,2025-12-26
SKU0001,north,560,155.73407897571883,207.1780122681694,51.443933292450566,1,155.73407897571883,51.443933292450566,207.1780122681694,0.0,50,STABLE,2025-12-26
SKU0001,west,350,155.73407897571883,207.1780122681694,51.443933292450566,1,155.73407897571883,51.443933292450566,207.1780122681694,0.0,50,STABLE,2025-12-26
SKU0001,east,343,155.73407897571883,207.1780122681694,51.443933292450566,1,155.73407897571883,51.443933292450566,207.1780122681694,0.0,50,STABLE,2025-12-26
SKU0001,south,561,206.61146200241728,258.052200580283,51.440738577865716,1,206.61146200241728,51.440738577865716,258.052200580283,0.0,50,STABLE,2025-12-26
SKU0001,north,560,206.61146200241728,258.052200580283,51.440738577865716,1,206.61146200241728,51.440738577865716,258.052200580283,0.0,50,STABLE,2025-12-26
SKU0001,west,350,206.61146200241728,258.052200580283,51.440738577865716,1,206.61146200241728,51.440738577865716,258.052200580283,0.0,50,STABLE,2025-12-26
SKU0001,east,343,206.61146200241728,258.052200580283,51.440738577865716,1,206.61146200241728,51.440738577865716,258.052200580283,0.0,50,STABLE,2025-12-26
SKU0001,south,561,257.5553896039962,308.99354632839106,51.438156724394844,1,257.5553896039962,51.438156724394844,308.99354632839106,0.0,50,STABLE,2025-12-26
SKU0001,north,560,257.5553896039962,308.99354632839106,51.438156724394844,1,257.5553896039962,51.438156724394844,308.99354632839106,0.0,50,STABLE,2025-12-26
SKU0001,west,350,257.5553896039962,308.99354632839106,51.438156724394844,1,257.5553896039962,51.438156724394844,308.99354632839106,0.0,50,STABLE,2025-12-26
SKU0001,east,343,257.5553896039962,308.99354632839106,51.438156724394844,1,257.5553896039962,51.438156724394844,308.99354632839106,0.0,50,STABLE,2025-12-26
SKU0001,south,561,376.9055652356325,428.34163543837616,51.43607020274368,1,376.9055652356325,51.43607020274368,428.34163543837616,0.0,50,STABLE,2025-12-26
SKU0001,north,560,376.9055652356325,428.34163543837616,51.43607020274368,1,376.9055652356325,51.43607020274368,428.34163543837616,0.0,50,STABLE,2025-12-26
SKU0001,south,561,293.9062715322062,345.3406555408928,51.43438400868661,1,293.9062715322062,51.43438400868661,345.3406555408928,0.0,50,STABLE,2025-12-26
SKU0001,north,560,293.9062715322062,345.3406555408928,51.43438400868661,1,293.9062715322062,51.43438400868661,345.3406555408928,0.0,50,STABLE,2025-12-26
SKU0001,west,350,293.9062715322062,345.3406555408928,51.43438400868661,1,293.9062715322062,51.43438400868661,345.3406555408928,0.0,50,STABLE,2025-12-26
SKU0001,south,561,298.83083116096094,350.2638525117391,51.433021350778176,1,298.83083116096094,51.433021350778176,350.2638525117391,0.0,50,STABLE,2025-12-26
SKU0001,north,560,298.83083116096094,350.2638525117391,51.433021350778176,1,298.83083116096094,51.433021350778176,350.2638525117391,0.0,50,STABLE,2025-12-26
SKU0001,south,561,220.35217731187416,271.78409747385166,51.4319201619775,1,220.35217731187416,51.4319201619775,271.78409747385166,0.0,50,STABLE,2025-12-26
SKU0001,north,560,220.35217731187416,271.78409747385166,51.4319201619775,1,220.35217731187416,51.4319201619775,271.78409747385166,0.0,50,STABLE,2025-12-26
SKU0001,west,350,220.35217731187416,271.78409747385166,51.4319201619775,1,220.35217731187416,51.4319201619775,271.78409747385166,0.0,50,STABLE,2025-12-26
SKU0001,east,343,220.35217731187416,271.78409747385166,51.4319201619775,1,220.35217731187416,51.4319201619775,271.78409747385166,0.0,50,STABLE,2025-12-26
SKU0001,south,561,202.2745713474072,253.7056016257469,51.431030278339705,1,202.2745713474072,51.431030278339705,253.7056016257469,0.0,50,STABLE,2025-12-26
SKU0001,north,560,202.2745713474072,253.7056016257469,51.431030278339705,1,202.2745713474072,51.431030278339705,253.7056016257469,0.0,50,STABLE,2025-12-26
SKU0001,west,350,202.2745713474072,253.7056016257469,51.431030278339705,1,202.2745713474072,51.431030278339705,253.7056016257469,0.0,50,STABLE,2025-12-26
SKU0001,east,343,202.2745713474072,253.7056016257469,51.431030278339705,1,202.2745713474072,51.431030278339705,253.7056016257469,0.0,50,STABLE,2025-12-26
SKU0001,south,561,228.6157826037528,280.04609376134164,51.43031115758885,1,228.6157826037528,51.43031115758885,280.04609376134164,0.0,50,STABLE,2025-12-26
SKU0001,north,560,228.6157826037528,280.04609376134164,51.43031115758885,1,228.6157826037528,51.43031115758885,280.04609376134164,0.0,50,STABLE,2025-12-26
SKU0001,west,350,228.6157826037528,280.04609376134164,51.43031115758885,1,228.6157826037528,51.43031115758885,280.04609376134164,0.0,50,STABLE,2025-12-26
SKU0001,east,343,228.6157826037528,280.04609376134164,51.43031115758885,1,228.6157826037528,51.43031115758885,280.04609376134164,0.0,50,STABLE,2025-12-26
SKU0001,south,561,182.19572261898716,233.62545265349064,51.42973003450348,1,182.19572261898716,51.42973003450348,233.62545265349064,0.0,50,STABLE,2025-12-26
SKU0001,north,560,182.19572261898716,233.62545265349064,51.42973003450348,1,182.19572261898716,51.42973003450348,233.62545265349064,0.0,50,STABLE,2025-12-26
SKU0001,west,350,182.19572261898716,233.62545265349064,51.42973003450348,1,182.19572261898716,51.42973003450348,233.62545265349064,0.0,50,STABLE,2025-12-26
SKU0001,east,343,182.19572261898716,233.62545265349064,51.42973003450348,1,182.19572261898716,51.42973003450348,233.62545265349064,0.0,50,STABLE,2025-12-26
SKU0001,south,561,247.65175146048549,299.08101189012854,51.42926042964305,1,247.65175146048549,51.42926042964305,299.08101189012854,0.0,50,STABLE,2025-12-26
SKU0001,north,560,247.65175146048549,299.08101189012854,51.42926042964305,1,247.65175146048549,51.42926042964305,299.08101189012854,0.0,50,STABLE,2025-12-26
SKU0001,west,350,247.65175146048549,299.08101189012854,51.42926042964305,1,247.65175146048549,51.42926042964305,299.08101189012854,0.0,50,STABLE,2025-12-26
SKU0001,east,343,247.65175146048549,299.08101189012854,51.42926042964305,1,247.65175146048549,51.42926042964305,299.08101189012854,0.0,50,STABLE,2025-12-26
SKU0001,south,561,189.7403310485526,241.1692119923855,51.428880943832894,1,189.7403310485526,51.428880943832894,241.1692119923855,0.0,50,STABLE,2025-12-26
SKU0001,north,560,189.7403310485526,241.1692119923855,51.428880943832894,1,189.7403310485526,51.428880943832894,241.1692119923855,0.0,50,STABLE,2025-12-26
SKU0001,west,350,189.7403310485526,241.1692119923855,51.428880943832894,1,189.7403310485526,51.428880943832894,241.1692119923855,0.0,50,STABLE,2025-12-26
SKU0001,east,343,189.7403310485526,241.1692119923855,51.428880943832894,1,189.7403310485526,51.428880943832894,241.1692119923855,0.0,50,STABLE,2025-12-26
SKU0003,west,380,117.41969787787492,151.35893792687463,33.93924004899971,2,234.83939575574985,67.87848009799941,302.71787585374926,0.0,100,STABLE,2025-12-26
SKU0003,east,553,117.41969787787492,151.35893792687463,33.93924004899971,2,234.83939575574985,67.87848009799941,302.71787585374926,0.0,100,STABLE,2025-12-26
SKU0003,west,380,127.3784330361714,161.31342718701472,33.93499415084332,2,254.7568660723428,67.86998830168665,322.62685437402945,0.0,100,STABLE,2025-12-26
SKU0003,east,553,127.3784330361714,161.31342718701472,33.93499415084332,2,254.7568660723428,67.86998830168665,322.62685437402945,0.0,100,STABLE,2025-12-26
SKU0003,west,380,127.68724333043684,161.61830847261325,33.93106514217641,2,255.37448666087369,67.86213028435282,323.2366169452265,0.0,100,STABLE,2025-12-26
SKU0003,east,553,127.68724333043684,161.61830847261325,33.93106514217641,2,255.37448666087369,67.86213028435282,323.2366169452265,0.0,100,STABLE,2025-12-26
SKU0003,west,380,133.54359210284466,167.47102152225824,33.927429419413585,2,267.0871842056893,67.85485883882717,334.9420430445165,0.0,100,STABLE,2025-12-26
SKU0003,east,553,133.54359210284466,167.47102152225824,33.927429419413585,2,267.0871842056893,67.85485883882717,334.9420430445165,0.0,100,STABLE,2025-12-26
SKU0003,west,380,127.80577186847464,161.72983699881345,33.92406513033882,2,255.61154373694927,67.84813026067764,323.4596739976269,0.0,100,STABLE,2025-12-26
SKU0003,east,553,127.80577186847464,161.72983699881345,33.92406513033882,2,255.61154373694927,67.84813026067764,323.4596739976269,0.0,100,STABLE,2025-12-26
SKU0003,west,380,115.3228551026381,149.24380714773082,33.92095204509272,2,230.6457102052762,67.84190409018544,298.48761429546164,0.0,100,STABLE,2025-12-26
SKU0003,east,553,115.3228551026381,149.24380714773082,33.92095204509272,2,230.6457102052762,67.84190409018544,298.48761429546164,0.0,100,STABLE,2025-12-26
SKU0003,west,380,130.37269899559357,164.29077043215855,33.918071436564986,2,260.74539799118713,67.83614287312997,328.5815408643171,0.0,100,STABLE,2025-12-26
SKU0003,east,553,130.37269899559357,164.29077043215855,33.918071436564986,2,260.74539799118713,67.83614287312997,328.5815408643171,0.0,100,STABLE,2025-12-26
SKU0003,west,380,135.44006069311754,169.35546666259012,33.91540596947257,2,270.8801213862351,67.83081193894515,338.71093332518024,0.0,100,STABLE,2025-12-26
SKU0003,east,553,135.44006069311754,169.35546666259012,33.91540596947257,2,270.8801213862351,67.83081193894515,338.71093332518024,0.0,100,STABLE,2025-12-26
SKU0003,west,380,117.26422151282232,151.17716111035784,33.91293959753553,2,234.52844302564463,67.82587919507105,302.3543222207157,0.0,100,STABLE,2025-12-26
SKU0003,east,553,117.26422151282232,151.17716111035784,33.91293959753553,2,234.52844302564463,67.82587919507105,302.3543222207157,0.0,100,STABLE,2025-12-26
SKU0003,west,380,136.31803115949396,170.22868862771043,33.91065746821647,2,272.6360623189879,67.82131493643294,340.45737725542085,0.0,100,STABLE,2025-12-26
SKU0003,east,553,136.31803115949396,170.22868862771043,33.91065746821647,2,272.6360623189879,67.82131493643294,340.45737725542085,0.0,100,STABLE,2025-12-26
SKU0003,west,380,144.73788689350067,178.64643282609666,33.908545932595985,2,289.47577378700134,67.81709186519197,357.2928656521933,0.0,100,STABLE,2025-12-26
SKU0003,east,553,144.73788689350067,178.64643282609666,33.908545932595985,2,289.47577378700134,67.81709186519197,357.2928656521933,0.0,100,STABLE,2025-12-26
SKU0003,west,380,145.1069395235413,179.01367239973257,33.906732876191256,2,290.2138790470826,67.81346575238251,358.02734479946514,0.0,100,STABLE,2025-12-26
SKU0003,east,553,145.1069395235413,179.01367239973257,33.906732876191256,2,290.2138790470826,67.81346575238251,358.02734479946514,0.0,100,STABLE,2025-12-26
SKU0003,west,380,124.50774133553853,158.4126556808634,33.90491434532487,2,249.01548267107705,67.80982869064974,316.8253113617268,0.0,100,STABLE,2025-12-26
SKU0003,east,553,124.50774133553853,158.4126556808634,33.90491434532487,2,249.01548267107705,67.80982869064974,316.8253113617268,0.0,100,STABLE,2025-12-26
SKU0003,west,380,151.76344635539405,185.66667806227937,33.90323170688532,2,303.5268927107881,67.80646341377064,371.33335612455875,0.0,100,STABLE,2025-12-26
SKU0003,east,553,151.76344635539405,185.66667806227937,33.90323170688532,2,303.5268927107881,67.80646341377064,371.33335612455875,0.0,100,STABLE,2025-12-26
SKU0003,west,380,149.972652476559,183.87432729136637,33.901674814807365,2,299.945304953118,67.80334962961473,367.74865458273274,0.0,100,STABLE,2025-12-26
SKU0003,east,553,149.972652476559,183.87432729136637,33.901674814807365,2,299.945304953118,67.80334962961473,367.74865458273274,0.0,100,STABLE,2025-12-26
SKU0003,west,380,117.83923009249456,151.7394643718003,33.900234279305735,2,235.67846018498912,67.80046855861147,303.4789287436006,0.0,100,STABLE,2025-12-26
SKU0003,east,553,117.83923009249456,151.7394643718003,33.900234279305735,2,235.67846018498912,67.80046855861147,303.4789287436006,0.0,100,STABLE,2025-12-26
SKU0003,west,380,115.46261083295197,149.3615122436341,33.89890141068214,2,230.92522166590393,67.79780282136429,298.7230244872682,0.0,100,STABLE,2025-12-26
SKU0003,east,553,115.46261083295197,149.3615122436341,33.89890141068214,2,230.92522166590393,67.79780282136429,298.7230244872682,0.0,100,STABLE,2025-12-26
SKU0003,south,289,106.32915592870602,140.2268240959879,33.89766816728188,2,212.65831185741203,67.79533633456376,280.4536481919758,0.0,100,STABLE,2025-12-26
SKU0003,west,380,106.32915592870602,140.2268240959879,33.89766816728188,2,212.65831185741203,67.79533633456376,280.4536481919758,0.0,100,STABLE,2025-12-26
SKU0003,east,553,106.32915592870602,140.2268240959879,33.89766816728188,2,212.65831185741203,67.79533633456376,280.4536481919758,0.0,100,STABLE,2025-12-26
SKU0003,west,380,128.88882933224093,162.78535643953794,33.896527107297004,2,257.77765866448186,67.79305421459401,325.57071287907587,0.0,100,STABLE,2025-12-26
SKU0003,east,553,128.88882933224093,162.78535643953794,33.896527107297004,2,257.77765866448186,67.79305421459401,325.57071287907587,0.0,100,STABLE,2025-12-26
SKU0003,west,380,119.48855917571312,153.38403051984864,33.895471344135515,2,238.97711835142624,67.79094268827103,306.7680610396973,0.0,100,STABLE,2025-12-26
SKU0003,east,553,119.48855917571312,153.38403051984864,33.895471344135515,2,238.97711835142624,67.79094268827103,306.7680610396973,0.0,100,STABLE,2025-12-26
SKU0003,south,289,106.5584246313704,140.45291913646483,33.89449450509443,2,213.1168492627408,67.78898901018886,280.90583827292966,0.0,100,STABLE,2025-12-26
SKU0003,west,380,106.5584246313704,140.45291913646483,33.89449450509443,2,213.1168492627408,67.78898901018886,280.90583827292966,0.0,100,STABLE,2025-12-26
SKU0003,east,553,106.5584246313704,140.45291913646483,33.89449450509443,2,213.1168492627408,67.78898901018886,280.90583827292966,0.0,100,STABLE,2025-12-26
SKU0003,west,380,129.51939022692545,163.41298092002094,33.89359069309549,2,259.0387804538509,67.78718138619098,326.8259618400419,0.0,100,STABLE,2025-12-26
SKU0003,east,553,129.51939022692545,163.41298092002094,33.89359069309549,2,259.0387804538509,67.78718138619098,326.8259618400419,0.0,100,STABLE,2025-12-26
SKU0003,west,380,112.43721403920256,146.32996849046066,33.8927544512581,2,224.87442807840512,67.7855089025162,292.6599369809213,0.0,100,STABLE,2025-12-26
SKU0003,east,553,112.43721403920256,146.32996849046066,33.8927544512581,2,224.87442807840512,67.7855089025162,292.6599369809213,0.0,100,STABLE,2025-12-26
SKU0003,west,380,116.38261841257852,150.27459914267902,33.8919807301005,2,232.76523682515705,67.783961460201,300.54919828535805,0.0,100,STABLE,2025-12-26
SKU0003,east,553,116.38261841257852,150.27459914267902,33.8919807301005,2,232.76523682515705,67.783961460201,300.54919828535805,0.0,100,STABLE,2025-12-26
SKU0003,south,289,99.99216295667578,133.88342781385228,33.891264857176495,2,199.98432591335157,67.78252971435299,267.76685562770456,0.0,100,STABLE,2025-12-26
SKU0003,west,380,99.99216295667578,133.88342781385228,33.891264857176495,2,199.98432591335157,67.78252971435299,267.76685562770456,0.0,100,STABLE,2025-12-26
SKU0003,east,553,99.99216295667578,133.88342781385228,33.891264857176495,2,199.98432591335157,67.78252971435299,267.76685562770456,0.0,100,STABLE,2025-12-26
SKU0003,west,380,111.0880282787079,144.9786307876752,33.890602508967305,2,222.1760565574158,67.78120501793461,289.9572615753504,0.0,100,STABLE,2025-12-26
SKU0003,east,553,111.0880282787079,144.9786307876752,33.890602508967305,2,222.1760565574158,67.78120501793461,289.9572615753504,0.0,100,STABLE,2025-12-26
SKU0004,west,566,128.60182948746717,187.87386444259613,59.27203495512896,3,385.8054884624015,177.81610486538688,563.6215933277883,0.0,500,STABLE,2025-12-26
SKU0004,west,566,127.97472515440548,187.23524490272672,59.260519748321244,3,383.92417546321644,177.78155924496372,561.7057347081802,0.0,500,STABLE,2025-12-26
SKU0004,west,566,128.05398877551454,187.3088769639474,59.25488818843286,3,384.1619663265436,177.76466456529857,561.9266308918423,0.0,500,STABLE,2025-12-26
SKU0004,west,566,126.48681249084586,185.73622813471823,59.24941564387237,3,379.4604374725376,177.7482469316171,557.2086844041547,0.0,500,STABLE,2025-12-26
SKU0004,west,566,124.82212744401934,184.0662250927964,59.24409764877706,3,374.46638233205806,177.73229294633117,552.1986752783893,0.0,500,STABLE,2025-12-26
SKU0004,west,566,121.77496874730298,181.01389860866936,59.23892986136639,3,365.32490624190893,177.71678958409916,543.0416958260081,0.0,500,STABLE,2025-12-26
SKU0004,west,566,124.33594789744213,183.5698559580113,59.23390806056916,3,373.0078436923264,177.7017241817075,550.7095678740338,0.0,500,STABLE,2025-12-26
SKU0004,west,566,124.68268112325995,183.91170926599708,59.22902814273712,3,374.04804336977986,177.68708442821136,551.7351277979913,0.0,500,STABLE,2025-12-26
SKU0004,west,566,120.396479304496,179.62076542294062,59.224286118444624,3,361.189437913488,177.67285835533386,538.8622962688219,0.0,500,STABLE,2025-12-26
SKU0004,west,566,120.2440382307523,179.46371634012422,59.21967810937193,3,360.7321146922569,177.65903432811578,538.3911490203727,0.0,500,STABLE,2025-12-26
SKU0004,west,566,118.17929322155666,177.39449356682655,59.21520034526989,3,354.53787966466996,177.64560103580968,532.1834807004797,0.0,500,STABLE,2025-12-26
SKU0004,west,566,114.27688058259228,173.4877297435968,59.210849161004504,3,342.83064174777684,177.63254748301352,520.4631892307904,0.0,500,STABLE,2025-12-26
SKU0004,west,566,114.88550405952353,174.09212505320255,59.206620993679024,3,344.65651217857055,177.61986298103707,522.2763751596076,0.0,500,STABLE,2025-12-26
SKU0004,west,566,116.26417101140947,175.46668339124136,59.20251237983189,3,348.7925130342284,177.60753713949566,526.4000501737241,0.0,500,STABLE,2025-12-26
SKU0004,west,566,113.42367194250512,172.6221918952141,59.19851995270896,3,340.2710158275154,177.59555985812688,517.8665756856423,0.0,500,STABLE,2025-12-26
SKU0004,west,566,115.66075903732415,174.85539947693198,59.194640439607824,3,346.98227711197245,177.58392131882346,524.5661984307959,0.0,500,STABLE,2025-12-26
SKU0004,west,566,114.05731004999834,173.24818070929075,59.190870659292415,3,342.171930149995,177.57261197787724,519.7445421278723,0.0,500,STABLE,2025-12-26
SKU0004,west,566,108.99039973514424,168.17760725462074,59.1872075194765,3,326.9711992054327,177.56162255842952,504.5328217638622,0.0,500,STABLE,2025-12-26
SKU0004,west,566,110.7379851744364,169.92163318881083,59.18364801437443,3,332.2139555233092,177.55094404312328,509.7648995664325,0.0,500,STABLE,2025-12-26
SKU0004,west,566,108.34195001745158,167.52213923976825,59.18018922231667,3,325.0258500523547,177.54056766695,502.5664177193047,0.0,500,STABLE,2025-12-26
SKU0004,west,566,107.9610674368172,167.13789574024693,59.17682830342973,3,323.8832023104516,177.5304849102892,501.4136872207408,0.0,500,STABLE,2025-12-26
SKU0004,west,566,108.53755315336792,167.71111565074557,59.173562497377645,3,325.61265946010377,177.52068749213294,503.1333469522367,0.0,500,STABLE,2025-12-26
SKU0004,west,566,107.53972307307792,166.71011219424253,59.170389121164604,3,322.61916921923375,177.51116736349383,500.1303365827276,0.0,500,STABLE,2025-12-26
SKU0005,north,266,175.14110902510626,242.75772644098564,67.61661741587938,1,175.14110902510626,67.61661741587938,242.75772644098564,0.0,500,STABLE,2025-12-26
SKU0005,south,589,175.14110902510626,242.75772644098564,67.61661741587938,1,175.14110902510626,67.61661741587938,242.75772644098564,0.0,500,STABLE,2025-12-26
SKU0005,south,589,227.3232864560929,294.9278915293796,67.60460507328673,1,227.3232864560929,67.60460507328673,294.9278915293796,0.0,500,STABLE,2025-12-26
SKU0005,south,589,225.89701522082248,293.4914922366406,67.59447701581814,1,225.89701522082248,67.59447701581814,293.4914922366406,0.0,500,STABLE,2025-12-26
SKU0005,south,589,201.37125177475548,268.9571330799822,67.58588130522674,1,201.37125177475548,67.58588130522674,268.9571330799822,0.0,500,STABLE,2025-12-26
SKU0005,north,266,192.82850737141467,260.4070936653158,67.57858629390114,1,192.82850737141467,67.57858629390114,260.4070936653158,0.0,500,STABLE,2025-12-26
SKU0005,south,589,192.82850737141467,260.4070936653158,67.57858629390114,1,192.82850737141467,67.57858629390114,260.4070936653158,0.0,500,STABLE,2025-12-26
SKU0005,south,589,216.13959859425003,283.71199395371315,67.57239535946312,1,216.13959859425003,67.57239535946312,283.71199395371315,0.0,500,STABLE,2025-12-26
SKU0005,south,589,240.7569624018977,308.3241039486652,67.56714154676749,1,240.7569624018977,67.56714154676749,308.3241039486652,0.0,500,STABLE,2025-12-26
SKU0005,south,589,215.39081090601985,282.95349401303434,67.5626831070145,1,215.39081090601985,67.5626831070145,282.95349401303434,0.0,500,STABLE,2025-12-26
SKU0005,south,589,245.0568418797581,312.6157415831503,67.55889970339217,1,245.0568418797581,67.55889970339217,312.6157415831503,0.0,500,STABLE,2025-12-26
SKU0005,south,589,307.75741129006764,375.3131004748208,67.55568918475319,1,307.75741129006764,67.55568918475319,375.3131004748208,0.0,500,STABLE,2025-12-26
SKU0005,south,589,256.94464107173275,324.4976059149008,67.55296484316807,1,256.94464107173275,67.55296484316807,324.4976059149008,0.0,500,STABLE,2025-12-26
SKU0005,south,589,217.17468798725093,284.7253410706661,67.55065308341517,1,217.17468798725093,67.55065308341517,284.7253410706661,0.0,500,STABLE,2025-12-26
SKU0005,south,589,248.2932294741842,315.84192091717534,67.54869144299116,1,248.2932294741842,67.54869144299116,315.84192091717534,0.0,500,STABLE,2025-12-26
SKU0005,south,589,250.18812783834468,317.7351547485921,67.54702691024741,1,250.18812783834468,67.54702691024741,317.7351547485921,0.0,500,STABLE,2025-12-26
SKU0005,south,589,394.9753818152006,462.5209963112039,67.54561449600328,1,394.9753818152006,67.54561449600328,462.5209963112039,0.0,500,STABLE,2025-12-26
SKU0005,south,589,291.90440008547625,359.4488161060797,67.54441602060342,1,291.90440008547625,67.54441602060342,359.4488161060797,0.0,500,STABLE,2025-12-26
SKU0005,south,589,223.04314630832437,290.5865453923726,67.54339908404825,1,223.04314630832437,67.54339908404825,290.5865453923726,0.0,500,STABLE,2025-12-26
SKU0005,south,589,255.59865968557173,323.1411958772245,67.54253619165277,1,255.59865968557173,67.54253619165277,323.1411958772245,0.0,500,STABLE,2025-12-26
SKU0005,south,589,306.52439691412565,374.0662009259365,67.54180401181088,1,306.52439691412565,67.54180401181088,374.0662009259365,0.0,500,STABLE,2025-12-26
SKU0005,south,589,350.13438511156613,417.6755678575176,67.54118274595146,1,350.13438511156613,67.54118274595146,417.6755678575176,0.0,500,STABLE,2025-12-26
SKU0005,south,589,276.52252307721,344.06317867097016,67.54065559376016,1,276.52252307721,67.54065559376016,344.06317867097016,0.0,500,STABLE,2025-12-26
SKU0005,south,589,205.39550168106624,272.9357099803536,67.54020829928734,1,205.39550168106624,67.54020829928734,272.9357099803536,0.0,500,STABLE,2025-12-26
SKU0005,south,589,341.87129643947924,409.41112520520295,67.53982876572371,1,341.87129643947924,67.53982876572371,409.41112520520295,0.0,500,STABLE,2025-12-26
SKU0005,south,589,206.05979052033192,273.5992972488005,67.53950672846858,1,206.05979052033192,67.53950672846858,273.5992972488005,0.0,500,STABLE,2025-12-26
SKU0005,north,266,138.6544748840235,206.19370836170245,67.53923347767895,1,138.6544748840235,67.53923347767895,206.19370836170245,0.0,500,STABLE,2025-12-26
SKU0005,south,589,138.6544748840235,206.19370836170245,67.53923347767895,1,138.6544748840235,67.53923347767895,206.19370836170245,0.0,500,STABLE,2025-12-26
SKU0005,south,589,293.5138374481322,361.0528390709476,67.53900162281536,1,293.5138374481322,67.53900162281536,361.0528390709476,0.0,500,STABLE,2025-12-26
SKU0006,west,577,98.16084423319109,113.56119874468804,15.400354511496957,2,196.32168846638217,30.800709022993914,227.12239748937608,0.0,50,STABLE,2025-12-26
SKU0006,east,255,98.16084423319109,113.56119874468804,15.400354511496957,2,196.32168846638217,30.800709022993914,227.12239748937608,0.0,50,STABLE,2025-12-26
SKU0006,south,441,98.16084423319109,113.56119874468804,15.400354511496957,2,196.32168846638217,30.800709022993914,227.12239748937608,0.0,50,STABLE,2025-12-26
SKU0006,west,577,97.68793012413236,113.07751038194355,15.38958025781119,2,195.37586024826473,30.77916051562238,226.1550207638871,0.0,50,STABLE,2025-12-26
SKU0006,east,255,97.68793012413236,113.07751038194355,15.38958025781119,2,195.37586024826473,30.77916051562238,226.1550207638871,0.0,50,STABLE,2025-12-26
SKU0006,south,441,97.68793012413236,113.07751038194355,15.38958025781119,2,195.37586024826473,30.77916051562238,226.1550207638871,0.0,50,STABLE,2025-12-26
SKU0006,west,577,87.78403427071326,103.16364768497148,15.379613414258216,2,175.56806854142653,30.759226828516432,206.32729536994296,0.0,50,STABLE,2025-12-26
SKU0006,east,255,87.78403427071326,103.16364768497148,15.379613414258216,2,175.56806854142653,30.759226828516432,206.32729536994296,0.0,50,STABLE,2025-12-26
SKU0006,south,441,87.78403427071326,103.16364768497148,15.379613414258216,2,175.56806854142653,30.759226828516432,206.32729536994296,0.0,50,STABLE,2025-12-26
SKU0006,west,577,95.8055670378838,111.175961292544,15.370394254660198,2,191.6111340757676,30.740788509320396,222.351922585088,0.0,50,STABLE,2025-12-26
SKU0006,east,255,95.8055670378838,111.175961292544,15.370394254660198,2,191.6111340757676,30.740788509320396,222.351922585088,0.0,50,STABLE,2025-12-26
SKU0006,south,441,95.8055670378838,111.175961292544,15.370394254660198,2,191.6111340757676,30.740788509320396,222.351922585088,0.0,50,STABLE,2025-12-26
SKU0006,west,577,90.9951982627223,106.35706562224924,15.36186735952694,2,181.9903965254446,30.72373471905388,212.71413124449847,0.0,50,STABLE,2025-12-26
SKU0006,east,255,90.9951982627223,106.35706562224924,15.36186735952694,2,181.9903965254446,30.72373471905388,212.71413124449847,0.0,50,STABLE,2025-12-26
SKU0006,south,441,90.9951982627223,106.35706562224924,15.36186735952694,2,181.9903965254446,30.72373471905388,212.71413124449847,0.0,50,STABLE,2025-12-26
SKU0006,west,577,89.26551951873314,104.61950084009489,15.353981321361744,2,178.5310390374663,30.707962642723487,209.23900168018977,0.0,50,STABLE,2025-12-26
SKU0006,east,255,89.26551951873314,104.61950084009489,15.353981321361744,2,178.5310390374663,30.707962642723487,209.23900168018977,0.0,50,STABLE,2025-12-26
SKU0006,south,441,89.26551951873314,104.61950084009489,15.353981321361744,2,178.5310390374663,30.707962642723487,209.23900168018977,0.0,50,STABLE,2025-12-26
SKU0006,west,577,88.82683195851833,104.17352042639,15.346688467871672,2,177.65366391703665,30.693376935743345,208.34704085278,0.0,50,STABLE,2025-12-26
SKU0006,east,255,88.82683195851833,104.17352042639,15.346688467871672,2,177.65366391703665,30.693376935743345,208.34704085278,0.0,50,STABLE,2025-12-26
SKU0006,south,441,88.82683195851833,104.17352042639,15.346688467871672,2,177.65366391703665,30.693376935743345,208.34704085278,0.0,50,STABLE,2025-12-26
SKU0006,west,577,86.81662497714964,102.15656957947655,15.33994460232691,2,173.6332499542993,30.67988920465382,204.3131391589531,0.0,50,STABLE,2025-12-26
SKU0006,east,255,86.81662497714964,102.15656957947655,15.33994460232691,2,173.6332499542993,30.67988920465382,204.3131391589531,0.0,50,STABLE,2025-12-26
SKU0006,south,441,86.81662497714964,102.15656957947655,15.33994460232691,2,173.6332499542993,30.67988920465382,204.3131391589531,0.0,50,STABLE,2025-12-26
SKU0006,west,577,89.13422100887715,104.46792976916468,15.333708760287536,2,178.2684420177543,30.66741752057507,208.93585953832937,0.0,50,STABLE,2025-12-26
SKU0006,east,255,89.13422100887715,104.46792976916468,15.333708760287536,2,178.2684420177543,30.66741752057507,208.93585953832937,0.0,50,STABLE,2025-12-26
SKU0006,south,441,89.13422100887715,104.46792976916468,15.333708760287536,2,178.2684420177543,30.66741752057507,208.93585953832937,0.0,50,STABLE,2025-12-26
SKU0006,west,577,90.05623692860429,105.38417991051516,15.327942981910866,2,180.11247385720858,30.65588596382173,210.76835982103032,0.0,50,STABLE,2025-12-26
SKU0006,east,255,90.05623692860429,105.38417991051516,15.327942981910866,2,180.11247385720858,30.65588596382173,210.76835982103032,0.0,50,STABLE,2025-12-26
SKU0006,south,441,90.05623692860429,105.38417991051516,15.327942981910866,2,180.11247385720858,30.65588596382173,210.76835982103032,0.0,50,STABLE,2025-12-26
SKU0006,west,577,88.86607037622399,104.18868247527509,15.3226120990511,2,177.73214075244798,30.6452241981022,208.37736495055017,0.0,50,STABLE,2025-12-26
SKU0006,east,255,88.86607037622399,104.18868247527509,15.3226120990511,2,177.73214075244798,30.6452241981022,208.37736495055017,0.0,50,STABLE,2025-12-26
SKU0006,south,441,88.86607037622399,104.18868247527509,15.3226120990511,2,177.73214075244798,30.6452241981022,208.37736495055017,0.0,50,STABLE,2025-12-26
SKU0006,west,577,82.7014348782643,98.0191184146347,15.31768353637041,2,165.4028697565286,30.63536707274082,196.0382368292694,0.0,50,STABLE,2025-12-26
SKU0006,east,255,82.7014348782643,98.0191184146347,15.31768353637041,2,165.4028697565286,30.63536707274082,196.0382368292694,0.0,50,STABLE,2025-12-26
SKU0006,south,441,82.7014348782643,98.0191184146347,15.31768353637041,2,165.4028697565286,30.63536707274082,196.0382368292694,0.0,50,STABLE,2025-12-26
SKU0006,west,577,81.57453753091008,96.88766465660667,15.313127125696596,2,163.14907506182016,30.626254251393192,193.77532931321335,0.0,50,STABLE,2025-12-26
SKU0006,east,255,81.57453753091008,96.88766465660667,15.313127125696596,2,163.14907506182016,30.626254251393192,193.77532931321335,0.0,50,STABLE,2025-12-26
SKU0006,south,441,81.57453753091008,96.88766465660667,15.313127125696596,2,163.14907506182016,30.626254251393192,193.77532931321335,0.0,50,STABLE,2025-12-26
SKU0006,north,192,77.97408534311622,93.28300027599428,15.308914932878068,2,155.94817068623243,30.617829865756136,186.56600055198857,0.0,50,STABLE,2025-12-26
SKU0006,west,577,77.97408534311622,93.28300027599428,15.308914932878068,2,155.94817068623243,30.617829865756136,186.56600055198857,0.0,50,STABLE,2025-12-26
SKU0006,east,255,77.97408534311622,93.28300027599428,15.308914932878068,2,155.94817068623243,30.617829865756136,186.56600055198857,0.0,50,STABLE,2025-12-26
SKU0006,south,441,77.97408534311622,93.28300027599428,15.308914932878068,2,155.94817068623243,30.617829865756136,186.56600055198857,0.0,50,STABLE,2025-12-26
SKU0006,north,192,75.1175347619258,90.42255585833657,15.30502109641077,2,150.2350695238516,30.61004219282154,180.84511171667313,0.0,50,STABLE,2025-12-26
SKU0006,west,577,75.1175347619258,90.42255585833657,15.30502109641077,2,150.2350695238516,30.61004219282154,180.84511171667313,0.0,50,STABLE,2025-12-26
SKU0006,east,255,75.1175347619258,90.42255585833657,15.30502109641077,2,150.2350695238516,30.61004219282154,180.84511171667313,0.0,50,STABLE,2025-12-26
SKU0006,south,441,75.1175347619258,90.42255585833657,15.30502109641077,2,150.2350695238516,30.61004219282154,180.84511171667313,0.0,50,STABLE,2025-12-26
SKU0006,north,192,78.18931428524792,93.4907359623835,15.301421677135579,2,156.37862857049583,30.602843354271158,186.981471924767,0.0,50,STABLE,2025-12-26
SKU0006,west,577,78.18931428524792,93.4907359623835,15.301421677135579,2,156.37862857049583,30.602843354271158,186.981471924767,0.0,50,STABLE,2025-12-26
SKU0006,east,255,78.18931428524792,93.4907359623835,15.301421677135579,2,156.37862857049583,30.602843354271158,186.981471924767,0.0,50,STABLE,2025-12-26
SKU0006,south,441,78.18931428524792,93.4907359623835,15.301421677135579,2,156.37862857049583,30.602843354271158,186.981471924767,0.0,50,STABLE,2025-12-26
SKU0006,north,192,73.06223188927433,88.36032640760669,15.298094518332363,2,146.12446377854866,30.596189036664725,176.72065281521338,0.0,50,STABLE,2025-12-26
SKU0006,west,577,73.06223188927433,88.36032640760669,15.298094518332363,2,146.12446377854866,30.596189036664725,176.72065281521338,0.0,50,STABLE,2025-12-26
SKU0006,east,255,73.06223188927433,88.36032640760669,15.298094518332363,2,146.12446377854866,30.596189036664725,176.72065281521338,0.0,50,STABLE,2025-12-26
SKU0006,south,441,73.06223188927433,88.36032640760669,15.298094518332363,2,146.12446377854866,30.596189036664725,176.72065281521338,0.0,50,STABLE,2025-12-26
SKU0006,north,192,77.61643203905895,92.91145115462314,15.295019115564187,2,155.2328640781179,30.590038231128375,185.82290230924627,0.0,50,STABLE,2025-12-26
SKU0006,west,577,77.61643203905895,92.91145115462314,15.295019115564187,2,155.2328640781179,30.590038231128375,185.82290230924627,0.0,50,STABLE,2025-12-26
SKU0006,east,255,77.61643203905895,92.91145115462314,15.295019115564187,2,155.2328640781179,30.590038231128375,185.82290230924627,0.0,50,STABLE,2025-12-26
SKU0006,south,441,77.61643203905895,92.91145115462314,15.295019115564187,2,155.2328640781179,30.590038231128375,185.82290230924627,0.0,50,STABLE,2025-12-26
SKU0006,north,192,76.11549657682092,91.4076730724762,15.292176495655283,2,152.23099315364183,30.584352991310567,182.8153461449524,0.0,50,STABLE,2025-12-26
SKU0006,west,577,76.11549657682092,91.4076730724762,15.292176495655283,2,152.23099315364183,30.584352991310567,182.8153461449524,0.0,50,STABLE,2025-12-26
SKU0006,east,255,76.11549657682092,91.4076730724762,15.292176495655283,2,152.23099315364183,30.584352991310567,182.8153461449524,0.0,50,STABLE,2025-12-26
SKU0006,south,441,76.11549657682092,91.4076730724762,15.292176495655283,2,152.23099315364183,30.584352991310567,182.8153461449524,0.0,50,STABLE,2025-12-26
SKU0006,north,192,69.45253505878914,84.74208416300499,15.289549104215851,2,138.90507011757828,30.579098208431702,169.48416832600998,0.0,50,STABLE,2025-12-26
SKU0006,west,577,69.45253505878914,84.74208416300499,15.289549104215851,2,138.90507011757828,30.579098208431702,169.48416832600998,0.0,50,STABLE,2025-12-26
SKU0006,east,255,69.45253505878914,84.74208416300499,15.289549104215851,2,138.90507011757828,30.579098208431702,169.48416832600998,0.0,50,STABLE,2025-12-26
SKU0006,south,441,69.45253505878914,84.74208416300499,15.289549104215851,2,138.90507011757828,30.579098208431702,169.48416832600998,0.0,50,STABLE,2025-12-26
SKU0006,north,192,68.17653214760043,83.46365284875657,15.287120701156141,2,136.35306429520085,30.574241402312282,166.92730569751313,0.0,50,STABLE,2025-12-26
SKU0006,west,577,68.17653214760043,83.46365284875657,15.287120701156141,2,136.35306429520085,30.574241402312282,166.92730569751313,0.0,50,STABLE,2025-12-26
SKU0006,east,255,68.17653214760043,83.46365284875657,15.287120701156141,2,136.35306429520085,30.574241402312282,166.92730569751313,0.0,50,STABLE,2025-12-26
SKU0006,south,441,68.17653214760043,83.46365284875657,15.287120701156141,2,136.35306429520085,30.574241402312282,166.92730569751313,0.0,50,STABLE,2025-12-26
SKU0006,north,192,73.359481812972,88.64435807663398,15.284876263661971,2,146.718963625944,30.569752527323942,177.28871615326796,0.0,50,STABLE,2025-12-26
SKU0006,west,577,73.359481812972,88.64435807663398,15.284876263661971,2,146.718963625944,30.569752527323942,177.28871615326796,0.0,50,STABLE,2025-12-26
SKU0006,east,255,73.359481812972,88.64435807663398,15.284876263661971,2,146.718963625944,30.569752527323942,177.28871615326796,0.0,50,STABLE,2025-12-26
SKU0006,south,441,73.359481812972,88.64435807663398,15.284876263661971,2,146.718963625944,30.569752527323942,177.28871615326796,0.0,50,STABLE,2025-12-26
SKU0006,north,192,71.41084780194187,86.69364969807484,15.282801896132966,2,142.82169560388374,30.565603792265932,173.38729939614967,0.0,50,STABLE,2025-12-26
SKU0006,west,577,71.41084780194187,86.69364969807484,15.282801896132966,2,142.82169560388374,30.565603792265932,173.38729939614967,0.0,50,STABLE,2025-12-26
SKU0006,east,255,71.41084780194187,86.69364969807484,15.282801896132966,2,142.82169560388374,30.565603792265932,173.38729939614967,0.0,50,STABLE,2025-12-26
SKU0006,south,441,71.41084780194187,86.69364969807484,15.282801896132966,2,142.82169560388374,30.565603792265932,173.38729939614967,0.0,50,STABLE,2025-12-26
SKU0006,north,192,66.44248948845413,81.72337423506704,15.280884746612912,2,132.88497897690826,30.561769493225825,163.44674847013408,0.0,50,STABLE,2025-12-26
SKU0006,west,577,66.44248948845413,81.72337423506704,15.280884746612912,2,132.88497897690826,30.561769493225825,163.44674847013408,0.0,50,STABLE,2025-12-26
SKU0006,east,255,66.44248948845413,81.72337423506704,15.280884746612912,2,132.88497897690826,30.561769493225825,163.44674847013408,0.0,50,STABLE,2025-12-26
SKU0006,south,441,66.44248948845413,81.72337423506704,15.280884746612912,2,132.88497897690826,30.561769493225825,163.44674847013408,0.0,50,STABLE,2025-12-26
SKU0006,north,192,63.46036093695598,78.73947386622521,15.279112929269232,2,126.92072187391196,30.558225858538464,157.47894773245042,0.0,50,STABLE,2025-12-26
SKU0006,west,577,63.46036093695598,78.73947386622521,15.279112929269232,2,126.92072187391196,30.558225858538464,157.47894773245042,0.0,50,STABLE,2025-12-26
SKU0006,east,255,63.46036093695598,78.73947386622521,15.279112929269232,2,126.92072187391196,30.558225858538464,157.47894773245042,0.0,50,STABLE,2025-12-26
SKU0006,south,441,63.46036093695598,78.73947386622521,15.279112929269232,2,126.92072187391196,30.558225858538464,157.47894773245042,0.0,50,STABLE,2025-12-26
SKU0006,north,192,65.86113691414823,81.13861236665335,15.277475452505115,2,131.72227382829647,30.55495090501023,162.2772247333067,0.0,50,STABLE,2025-12-26
SKU0006,west,577,65.86113691414823,81.13861236665335,15.277475452505115,2,131.72227382829647,30.55495090501023,162.2772247333067,0.0,50,STABLE,2025-12-26
SKU0006,east,255,65.86113691414823,81.13861236665335,15.277475452505115,2,131.72227382829647,30.55495090501023,162.2772247333067,0.0,50,STABLE,2025-12-26
SKU0006,south,441,65.86113691414823,81.13861236665335,15.277475452505115,2,131.72227382829647,30.55495090501023,162.2772247333067,0.0,50,STABLE,2025-12-26
SKU0008,north,270,139.85661871230434,164.37757798279924,24.5209592704949,1,139.85661871230434,24.5209592704949,164.37757798279924,0.0,50,STABLE,2025-12-26
SKU0008,west,209,139.85661871230434,164.37757798279924,24.5209592704949,1,139.85661871230434,24.5209592704949,164.37757798279924,0.0,50,STABLE,2025-12-26
SKU0008,south,275,139.85661871230434,164.37757798279924,24.5209592704949,1,139.85661871230434,24.5209592704949,164.37757798279924,0.0,50,STABLE,2025-12-26
SKU0008,north,270,136.77475824796477,162.6938480614468,25.91908981348203,1,136.77475824796477,25.91908981348203,162.6938480614468,0.0,50,STABLE,2025-12-26
SKU0008,west,209,136.77475824796477,162.6938480614468,25.91908981348203,1,136.77475824796477,25.91908981348203,162.6938480614468,0.0,50,STABLE,2025-12-26
SKU0008,south,275,136.77475824796477,162.6938480614468,25.91908981348203,1,136.77475824796477,25.91908981348203,162.6938480614468,0.0,50,STABLE,2025-12-26
SKU0008,north,270,138.4234369708233,165.71118880190693,27.287751831083625,1,138.4234369708233,27.287751831083625,165.71118880190693,0.0,50,STABLE,2025-12-26
SKU0008,west,209,138.4234369708233,165.71118880190693,27.287751831083625,1,138.4234369708233,27.287751831083625,165.71118880190693,0.0,50,STABLE,2025-12-26
SKU0008,south,275,138.4234369708233,165.71118880190693,27.287751831083625,1,138.4234369708233,27.287751831083625,165.71118880190693,0.0,50,STABLE,2025-12-26
SKU0008,north,270,130.59021764960872,159.2285232964196,28.638305646810892,1,130.59021764960872,28.638305646810892,159.2285232964196,0.0,50,STABLE,2025-12-26
SKU0008,west,209,130.59021764960872,159.2285232964196,28.638305646810892,1,130.59021764960872,28.638305646810892,159.2285232964196,0.0,50,STABLE,2025-12-26
SKU0008,south,275,130.59021764960872,159.2285232964196,28.638305646810892,1,130.59021764960872,28.638305646810892,159.2285232964196,0.0,50,STABLE,2025-12-26
SKU0008,north,270,152.95026268827624,182.92958630785816,29.97932361958192,1,152.95026268827624,29.97932361958192,182.92958630785816,0.0,50,STABLE,2025-12-26
SKU0008,west,209,152.95026268827624,182.92958630785816,29.97932361958192,1,152.95026268827624,29.97932361958192,182.92958630785816,0.0,50,STABLE,2025-12-26
SKU0008,south,275,152.95026268827624,182.92958630785816,29.97932361958192,1,152.95026268827624,29.97932361958192,182.92958630785816,0.0,50,STABLE,2025-12-26
SKU0008,north,270,139.6491066218755,170.96664545273663,31.31753883086114,1,139.6491066218755,31.31753883086114,170.96664545273663,0.0,50,STABLE,2025-12-26
SKU0008,west,209,139.6491066218755,170.96664545273663,31.31753883086114,1,139.6491066218755,31.31753883086114,170.96664545273663,0.0,50,STABLE,2025-12-26
SKU0008,south,275,139.6491066218755,170.96664545273663,31.31753883086114,1,139.6491066218755,31.31753883086114,170.96664545273663,0.0,50,STABLE,2025-12-26
SKU0008,north,270,107.16121442385403,139.81963542765686,32.65842100380283,1,107.16121442385403,32.65842100380283,139.81963542765686,0.0,50,STABLE,2025-12-26
SKU0008,west,209,107.16121442385403,139.81963542765686,32.65842100380283,1,107.16121442385403,32.65842100380283,139.81963542765686,0.0,50,STABLE,2025-12-26
SKU0008,south,275,107.16121442385403,139.81963542765686,32.65842100380283,1,107.16121442385403,32.65842100380283,139.81963542765686,0.0,50,STABLE,2025-12-26
SKU0008,north,270,152.04404486294044,186.05058925280704,34.006544389866605,1,152.04404486294044,34.006544389866605,186.05058925280704,0.0,50,STABLE,2025-12-26
SKU0008,west,209,152.04404486294044,186.05058925280704,34.006544389866605,1,152.04404486294044,34.006544389866605,186.05058925280704,0.0,50,STABLE,2025-12-26
SKU0008,south,275,152.04404486294044,186.05058925280704,34.006544389866605,1,152.04404486294044,34.006544389866605,186.05058925280704,0.0,50,STABLE,2025-12-26
SKU0008,north,270,132.10347461281555,167.4693072346457,35.36583262183015,1,132.10347461281555,35.36583262183015,167.4693072346457,0.0,50,STABLE,2025-12-26
SKU0008,west,209,132.10347461281555,167.4693072346457,35.36583262183015,1,132.10347461281555,35.36583262183015,167.4693072346457,0.0,50,STABLE,2025-12-26
SKU0008,south,275,132.10347461281555,167.4693072346457,35.36583262183015,1,132.10347461281555,35.36583262183015,167.4693072346457,0.0,50,STABLE,2025-12-26
SKU0008,north,270,164.8536214070656,201.5933487754276,36.739727368362,1,164.8536214070656,36.739727368362,201.5933487754276,0.0,50,STABLE,2025-12-26
SKU0008,west,209,164.8536214070656,201.5933487754276,36.739727368362,1,164.8536214070656,36.739727368362,201.5933487754276,0.0,50,STABLE,2025-12-26
SKU0008,south,275,164.8536214070656,201.5933487754276,36.739727368362,1,164.8536214070656,36.739727368362,201.5933487754276,0.0,50,STABLE,2025-12-26
SKU0008,north,270,194.1714803937014,232.30278834172853,38.13130794802714,1,194.1714803937014,38.13130794802714,232.30278834172853,0.0,50,STABLE,2025-12-26
SKU0008,south,275,194.1714803937014,232.30278834172853,38.13130794802714,1,194.1714803937014,38.13130794802714,232.30278834172853,0.0,50,STABLE,2025-12-26
SKU0008,north,270,214.07916417656503,253.62254251472984,39.543378338164814,1,214.07916417656503,39.543378338164814,253.62254251472984,0.0,50,STABLE,2025-12-26
SKU0008,south,275,214.07916417656503,253.62254251472984,39.543378338164814,1,214.07916417656503,39.543378338164814,253.62254251472984,0.0,50,STABLE,2025-12-26
SKU0008,north,270,198.39184414539355,239.3703760387447,40.978531893351146,1,198.39184414539355,40.978531893351146,239.3703760387447,0.0,50,STABLE,2025-12-26
SKU0008,south,275,198.39184414539355,239.3703760387447,40.978531893351146,1,198.39184414539355,40.978531893351146,239.3703760387447,0.0,50,STABLE,2025-12-26
SKU0008,north,270,221.2157317207894,263.6549321737249,42.439200452935495,1,221.2157317207894,42.439200452935495,263.6549321737249,0.0,50,STABLE,2025-12-26
SKU0008,south,275,221.2157317207894,263.6549321737249,42.439200452935495,1,221.2157317207894,42.439200452935495,263.6549321737249,0.0,50,STABLE,2025-12-26
SKU0008,north,270,223.43540883883145,267.363101121669,43.92769228283754,1,223.43540883883145,43.92769228283754,267.363101121669,0.0,50,STABLE,2025-12-26
SKU0008,south,275,223.43540883883145,267.363101121669,43.92769228283754,1,223.43540883883145,43.92769228283754,267.363101121669,0.0,50,STABLE,2025-12-26
SKU0015,north,341,87.64618270675997,108.37390599866136,20.727723291901384,3,262.9385481202799,62.18316987570415,325.12171799598406,0.0,500,STABLE,2025-12-26
SKU0015,west,358,87.64618270675997,108.37390599866136,20.727723291901384,3,262.9385481202799,62.18316987570415,325.12171799598406,0.0,500,STABLE,2025-12-26
SKU0015,north,341,85.49764772923079,109.16264831847876,23.665000589247967,3,256.4929431876924,70.9950017677439,327.4879449554363,0.0,500,STABLE,2025-12-26
SKU0015,west,358,85.49764772923079,109.16264831847876,23.665000589247967,3,256.4929431876924,70.9950017677439,327.4879449554363,0.0,500,STABLE,2025-12-26
SKU0015,north,341,81.87660054571057,108.04129238315758,26.16469183744701,3,245.62980163713172,78.49407551234103,324.1238771494727,0.0,500,STABLE,2025-12-26
SKU0015,west,358,81.87660054571057,108.04129238315758,26.16469183744701,3,245.62980163713172,78.49407551234103,324.1238771494727,0.0,500,STABLE,2025-12-26
SKU0015,west,358,88.77866546813368,119.2398852918004,30.461219823666724,3,266.33599640440104,91.38365947100017,357.7196558754012,0.0,500,STABLE,2025-12-26
SKU0016,west,597,98.6722482449756,123.8998792277931,25.227630982817487,3,296.0167447349268,75.68289294845246,371.69963768337925,0.0,100,STABLE,2025-12-26
SKU0016,east,567,98.6722482449756,123.8998792277931,25.227630982817487,3,296.0167447349268,75.68289294845246,371.69963768337925,0.0,100,STABLE,2025-12-26
SKU0016,west,597,98.11809047893108,124.91816243444852,26.80007195551744,3,294.3542714367932,80.40021586655232,374.7544873033455,0.0,100,STABLE,2025-12-26
SKU0016,east,567,98.11809047893108,124.91816243444852,26.80007195551744,3,294.3542714367932,80.40021586655232,374.7544873033455,0.0,100,STABLE,2025-12-26
SKU0016,west,597,96.8630508974582,125.03984013084671,28.17678923338852,3,290.58915269237457,84.53036770016556,375.11952039254015,0.0,100,STABLE,2025-12-26
SKU0016,east,567,96.8630508974582,125.03984013084671,28.17678923338852,3,290.58915269237457,84.53036770016556,375.11952039254015,0.0,100,STABLE,2025-12-26
SKU0016,west,597,93.47888240792032,122.88070968280442,29.4018272748841,3,280.436647223761,88.2054818246523,368.64212904841327,0.0,100,STABLE,2025-12-26
SKU0016,east,567,93.47888240792032,122.88070968280442,29.4018272748841,3,280.436647223761,88.2054818246523,368.64212904841327,0.0,100,STABLE,2025-12-26
SKU0016,west,597,93.62110827548028,124.1256750014268,30.504566725946518,3,280.8633248264408,91.51370017783955,372.37702500428037,0.0,100,STABLE,2025-12-26
SKU0016,east,567,93.62110827548028,124.1256750014268,30.504566725946518,3,280.8633248264408,91.51370017783955,372.37702500428037,0.0,100,STABLE,2025-12-26
SKU0016,west,597,92.1612764235876,123.6671237854046,31.505847361817004,3,276.4838292707628,94.51754208545101,371.0013713562138,0.0,100,STABLE,2025-12-26
SKU0016,east,567,92.1612764235876,123.6671237854046,31.505847361817004,3,276.4838292707628,94.51754208545101,371.0013713562138,0.0,100,STABLE,2025-12-26
SKU0016,west,597,92.24359119253744,124.66472835535988,32.42113716282245,3,276.7307735776123,97.26341148846734,373.99418506607964,0.0,100,STABLE,2025-12-26
SKU0016,east,567,92.24359119253744,124.66472835535988,32.42113716282245,3,276.7307735776123,97.26341148846734,373.99418506607964,0.0,100,STABLE,2025-12-26
SKU0016,west,597,88.05250142520363,121.31482652252984,33.26232509732621,3,264.1575042756109,99.78697529197864,363.94447956758955,0.0,100,STABLE,2025-12-26
SKU0016,east,567,88.05250142520363,121.31482652252984,33.26232509732621,3,264.1575042756109,99.78697529197864,363.94447956758955,0.0,100,STABLE,2025-12-26
SKU0016,west,597,87.88669247636486,121.92549843103612,34.03880595467126,3,263.6600774290946,102.11641786401378,365.7764952931084,0.0,100,STABLE,2025-12-26
SKU0016,east,567,87.88669247636486,121.92549843103612,34.03880595467126,3,263.6600774290946,102.11641786401378,365.7764952931084,0.0,100,STABLE,2025-12-26
SKU0016,west,597,86.22128548734847,120.97945795184629,34.75817246449782,3,258.6638564620454,104.27451739349345,362.9383738555388,0.0,100,STABLE,2025-12-26
SKU0016,east,567,86.22128548734847,120.97945795184629,34.75817246449782,3,258.6638564620454,104.27451739349345,362.9383738555388,0.0,100,STABLE,2025-12-26
SKU0016,west,597,83.50482301272518,118.93149917838056,35.42667616565538,3,250.51446903817555,106.28002849696614,356.79449753514166,0.0,100,STABLE,2025-12-26
SKU0016,east,567,83.50482301272518,118.93149917838056,35.42667616565538,3,250.51446903817555,106.28002849696614,356.79449753514166,0.0,100,STABLE,2025-12-26
SKU0016,west,597,83.75420106998664,119.80374640109812,36.04954533111149,3,251.2626032099599,108.14863599333447,359.4112392032944,0.0,100,STABLE,2025-12-26
SKU0016,east,567,83.75420106998664,119.80374640109812,36.04954533111149,3,251.2626032099599,108.14863599333447,359.4112392032944,0.0,100,STABLE,2025-12-26
SKU0016,west,597,82.1052568606715,118.73646776266928,36.631210901997775,3,246.31577058201452,109.89363270599333,356.2094032880078,0.0,100,STABLE,2025-12-26
SKU0016,east,567,82.1052568606715,118.73646776266928,36.631210901997775,3,246.31577058201452,109.89363270599333,356.2094032880078,0.0,100,STABLE,2025-12-26
SKU0016,west,597,79.85250158265544,117.02797275588534,37.17547117322991,3,239.5575047479663,111.52641351968973,351.08391826765603,0.0,100,STABLE,2025-12-26
SKU0016,east,567,79.85250158265544,117.02797275588534,37.17547117322991,3,239.5575047479663,111.52641351968973,351.08391826765603,0.0,100,STABLE,2025-12-26
SKU0016,west,597,81.59423701553493,119.27985150973764,37.68561449420271,3,244.7827110466048,113.05684348260813,357.83955452921293,0.0,100,STABLE,2025-12-26
SKU0016,east,567,81.59423701553493,119.27985150973764,37.68561449420271,3,244.7827110466048,113.05684348260813,357.83955452921293,0.0,100,STABLE,2025-12-26
SKU0016,west,597,77.83236299580771,115.99671884072964,38.16435584492193,3,233.49708898742313,114.49306753476579,347.9901565221889,0.0,100,STABLE,2025-12-26
SKU0016,east,567,77.83236299580771,115.99671884072964,38.16435584492193,3,233.49708898742313,114.49306753476579,347.9901565221889,0.0,100,STABLE,2025-12-26
SKU0016,west,597,77.33309708882472,115.94748940360785,38.61439231478313,3,231.99929126647413,115.8431769443494,347.84246821082354,0.0,100,STABLE,2025-12-26
SKU0016,east,567,77.33309708882472,115.94748940360785,38.61439231478313,3,231.99929126647413,115.8431769443494,347.84246821082354,0.0,100,STABLE,2025-12-26
SKU0016,west,597,75.63721635077583,114.67517538715312,39.03795903637729,3,226.9116490523275,117.11387710913186,344.02552616145937,0.0,100,STABLE,2025-12-26
SKU0016,east,567,75.63721635077583,114.67517538715312,39.03795903637729,3,226.9116490523275,117.11387710913186,344.02552616145937,0.0,100,STABLE,2025-12-26
SKU0016,west,597,74.49318809900976,113.93023797694678,39.43704987793703,3,223.47956429702927,118.31114963381108,341.79071393084035,0.0,100,STABLE,2025-12-26
SKU0016,east,567,74.49318809900976,113.93023797694678,39.43704987793703,3,223.47956429702927,118.31114963381108,341.79071393084035,0.0,100,STABLE,2025-12-26
SKU0016,west,597,73.36549126620301,113.17894264605944,39.81345137985643,3,220.09647379860903,119.4403541395693,339.5368279381783,0.0,100,STABLE,2025-12-26
SKU0016,east,567,73.36549126620301,113.17894264605944,39.81345137985643,3,220.09647379860903,119.4403541395693,339.5368279381783,0.0,100,STABLE,2025-12-26
SKU0016,west,597,72.54252964888687,112.7113016894127,40.16877204052582,3,217.6275889466606,120.50631612157747,338.13390506823805,0.0,100,STABLE,2025-12-26
SKU0016,east,567,72.54252964888687,112.7113016894127,40.16877204052582,3,217.6275889466606,120.50631612157747,338.13390506823805,0.0,100,STABLE,2025-12-26
SKU0016,west,597,71.52936274637699,112.03382910915396,40.50446636277697,3,214.58808823913097,121.5133990883309,336.1014873274619,0.0,100,STABLE,2025-12-26
SKU0016,east,567,71.52936274637699,112.03382910915396,40.50446636277697,3,214.58808823913097,121.5133990883309,336.1014873274619,0.0,100,STABLE,2025-12-26
SKU0016,west,597,70.9133381652625,111.73519294263832,40.82185477737582,3,212.7400144957875,122.46556433212746,335.20557882791496,0.0,100,STABLE,2025-12-26
SKU0016,east,567,70.9133381652625,111.73519294263832,40.82185477737582,3,212.7400144957875,122.46556433212746,335.20557882791496,0.0,100,STABLE,2025-12-26
SKU0016,west,597,69.91746695380505,111.03960724148192,41.12214028767687,3,209.75240086141514,123.36642086303061,333.11882172444575,0.0,100,STABLE,2025-12-26
SKU0016,east,567,69.91746695380505,111.03960724148192,41.12214028767687,3,209.75240086141514,123.36642086303061,333.11882172444575,0.0,100,STABLE,2025-12-26
SKU0016,west,597,68.8812350676879,110.287657549022,41.406422481334104,3,206.6437052030637,124.21926744400231,330.862972647066,0.0,100,STABLE,2025-12-26
SKU0016,east,567,68.8812350676879,110.287657549022,41.406422481334104,3,206.6437052030637,124.21926744400231,330.862972647066,0.0,100,STABLE,2025-12-26
SKU0016,west,597,68.35431799762215,110.0300274063832,41.67570940876105,3,205.06295399286643,125.02712822628315,330.09008221914956,0.0,100,STABLE,2025-12-26
SKU0016,east,567,68.35431799762215,110.0300274063832,41.67570940876105,3,205.06295399286643,125.02712822628315,330.09008221914956,0.0,100,STABLE,2025-12-26
SKU0017,west,361,143.74817800160645,162.95864006337703,19.210462061770585,2,287.4963560032129,38.42092412354117,325.91728012675406,0.0,500,STABLE,2025-12-26
SKU0017,south,511,143.74817800160645,162.95864006337703,19.210462061770585,2,287.4963560032129,38.42092412354117,325.91728012675406,0.0,500,STABLE,2025-12-26
SKU0017,west,361,135.49939689522563,154.6943854492111,19.194988553985468,2,270.99879379045126,38.389977107970935,309.3887708984222,0.0,500,STABLE,2025-12-26
SKU0017,south,511,135.49939689522563,154.6943854492111,19.194988553985468,2,270.99879379045126,38.389977107970935,309.3887708984222,0.0,500,STABLE,2025-12-26
SKU0017,west,361,146.46520746822,165.64542443969574,19.180216971475744,2,292.93041493644,38.36043394295149,331.2908488793915,0.0,500,STABLE,2025-12-26
SKU0017,south,511,146.46520746822,165.64542443969574,19.180216971475744,2,292.93041493644,38.36043394295149,331.2908488793915,0.0,500,STABLE,2025-12-26
SKU0017,west,361,139.93920064069255,159.1053171521463,19.166116511453765,2,279.8784012813851,38.33223302290753,318.2106343042926,0.0,500,STABLE,2025-12-26
SKU0017,south,511,139.93920064069255,159.1053171521463,19.166116511453765,2,279.8784012813851,38.33223302290753,318.2106343042926,0.0,500,STABLE,2025-12-26
SKU0017,south,511,168.8940600786149,188.04671761830548,19.15265753969058,2,337.7881201572298,38.30531507938116,376.09343523661096,0.0,500,STABLE,2025-12-26
SKU0017,west,361,157.41404615099017,176.55385780730572,19.139811656315544,2,314.82809230198035,38.27962331263109,353.10771561461144,0.0,500,STABLE,2025-12-26
SKU0017,south,511,157.41404615099017,176.55385780730572,19.139811656315544,2,314.82809230198035,38.27962331263109,353.10771561461144,0.0,500,STABLE,2025-12-26
SKU0017,west,361,138.8680620351981,157.99561368595155,19.127551650753446,2,277.7361240703962,38.25510330150689,315.9912273719031,0.0,500,STABLE,2025-12-26
SKU0017,south,511,138.8680620351981,157.99561368595155,19.127551650753446,2,277.7361240703962,38.25510330150689,315.9912273719031,0.0,500,STABLE,2025-12-26
SKU0017,south,511,179.15979493804983,198.27564639580348,19.11585145775365,2,358.31958987609966,38.2317029155073,396.55129279160695,0.0,500,STABLE,2025-12-26
SKU0017,south,511,162.74767412380473,181.8523602383512,19.104686114546467,2,325.49534824760946,38.209372229092935,363.7047204767024,0.0,500,STABLE,2025-12-26
SKU0017,south,511,173.88794532372256,192.9819770428632,19.094031719140645,2,347.7758906474451,38.18806343828129,385.9639540857264,0.0,500,STABLE,2025-12-26
SKU0017,west,361,153.35022449299856,172.43408988277255,19.08386538977399,2,306.7004489859971,38.16773077954798,344.8681797655451,0.0,500,STABLE,2025-12-26
SKU0017,south,511,153.35022449299856,172.43408988277255,19.08386538977399,2,306.7004489859971,38.16773077954798,344.8681797655451,0.0,500,STABLE,2025-12-26
SKU0017,south,511,164.53541333322056,183.60957855874383,19.074165225523274,2,329.0708266664411,38.14833045104655,367.21915711748767,0.0,500,STABLE,2025-12-26
SKU0017,south,511,169.4855735051424,188.5504837732167,19.0649102680743,2,338.9711470102848,38.1298205361486,377.1009675464334,0.0,500,STABLE,2025-12-26
SKU0017,south,511,166.11415646259542,185.17023692724663,19.056080464651217,2,332.22831292519083,38.11216092930243,370.34047385449327,0.0,500,STABLE,2025-12-26
SKU0017,west,361,137.73647115482677,156.7841277869262,19.047656632099432,2,275.47294230965355,38.095313264198865,313.5682555738524,0.0,500,STABLE,2025-12-26
SKU0017,south,511,137.73647115482677,156.7841277869262,19.047656632099432,2,275.47294230965355,38.095313264198865,313.5682555738524,0.0,500,STABLE,2025-12-26
SKU0017,south,511,161.51854039752016,180.5581608196325,19.039620422112336,2,323.0370807950403,38.07924084422467,361.116321639265,0.0,500,STABLE,2025-12-26
SKU0017,south,511,171.5554371147229,190.5873914023155,19.031954287592583,2,343.1108742294458,38.06390857518517,381.174782804631,0.0,500,STABLE,2025-12-26
SKU0017,west,361,151.16185934942297,170.18650079955466,19.024641450131696,2,302.32371869884594,38.04928290026339,340.37300159910933,0.0,500,STABLE,2025-12-26
SKU0017,south,511,151.16185934942297,170.18650079955466,19.024641450131696,2,302.32371869884594,38.04928290026339,340.37300159910933,0.0,500,STABLE,2025-12-26
SKU0017,west,361,160.81916333804372,179.83682920663773,19.01766586859401,2,321.63832667608744,38.03533173718802,359.67365841327546,0.0,500,STABLE,2025-12-26
SKU0017,south,511,160.81916333804372,179.83682920663773,19.01766586859401,2,321.63832667608744,38.03533173718802,359.67365841327546,0.0,500,STABLE,2025-12-26
SKU0017,west,361,146.30208508060855,165.31309728939416,19.011012208785615,2,292.6041701612171,38.02202441757123,330.62619457878833,0.0,500,STABLE,2025-12-26
SKU0017,south,511,146.30208508060855,165.31309728939416,19.011012208785615,2,292.6041701612171,38.02202441757123,330.62619457878833,0.0,500,STABLE,2025-12-26
SKU0017,west,361,141.8133478668439,160.81801368103262,19.004665814188712,2,283.6266957336878,38.009331628377424,321.63602736206525,0.0,500,STABLE,2025-12-26
SKU0017,south,511,141.8133478668439,160.81801368103262,19.004665814188712,2,283.6266957336878,38.009331628377424,321.63602736206525,0.0,500,STABLE,2025-12-26
SKU0017,west,361,117.73790999819433,136.7365226759354,18.998612677741065,2,235.47581999638865,37.99722535548213,273.4730453518708,0.0,500,STABLE,2025-12-26
SKU0017,south,511,117.73790999819433,136.7365226759354,18.998612677741065,2,235.47581999638865,37.99722535548213,273.4730453518708,0.0,500,STABLE,2025-12-26
SKU0017,west,361,150.82429820363996,169.81713761827788,18.992839414637928,2,301.6485964072799,37.985678829275855,339.63427523655577,0.0,500,STABLE,2025-12-26
SKU0017,south,511,150.82429820363996,169.81713761827788,18.992839414637928,2,301.6485964072799,37.985678829275855,339.63427523655577,0.0,500,STABLE,2025-12-26
SKU0017,west,361,131.78794029097816,150.7752735271105,18.987333236132343,2,263.5758805819563,37.97466647226469,301.550547054221,0.0,500,STABLE,2025-12-26
SKU0017,south,511,131.78794029097816,150.7752735271105,18.987333236132343,2,263.5758805819563,37.97466647226469,301.550547054221,0.0,500,STABLE,2025-12-26
SKU0017,west,361,137.37739561754336,156.3594775418547,18.98208192431133,2,274.7547912350867,37.96416384862266,312.7189550837094,0.0,500,STABLE,2025-12-26
SKU0017,south,511,137.37739561754336,156.3594775418547,18.98208192431133,2,274.7547912350867,37.96416384862266,312.7189550837094,0.0,500,STABLE,2025-12-26
SKU0017,west,361,139.6458093245301,158.62288313235155,18.977073807821455,2,279.2916186490602,37.95414761564291,317.2457662647031,0.0,500,STABLE,2025-12-26
SKU0017,south,511,139.6458093245301,158.62288313235155,18.977073807821455,2,279.2916186490602,37.95414761564291,317.2457662647031,0.0,500,STABLE,2025-12-26
SKU0019,north,548,114.40666727441076,129.6915096956709,15.284842421260137,4,457.62666909764306,61.13936968504055,518.7660387826836,0.0,50,STABLE,2025-12-26
SKU0019,north,548,116.02728008210669,131.3032418201868,15.275961738080113,4,464.10912032842674,61.10384695232045,525.2129672807472,0.0,50,STABLE,2025-12-26
SKU0019,north,548,121.15377166777078,136.42488335922135,15.271111691450571,4,484.61508667108313,61.084446765802284,545.6995334368854,0.0,50,STABLE,2025-12-26
SKU0019,north,548,119.15694334085468,134.42590363981785,15.268960298963165,4,476.6277733634187,61.07584119585266,537.7036145592714,0.0,50,STABLE,2025-12-26
SKU0019,north,548,114.21753106130332,129.4845040239582,15.26697296265489,4,456.8701242452133,61.06789185061956,517.9380160958328,0.0,50,STABLE,2025-12-26
SKU0019,north,548,111.98501289971816,127.25015010506166,15.265137205343507,4,447.9400515988726,61.06054882137403,509.00060042024666,0.0,50,STABLE,2025-12-26
SKU0019,north,548,101.45418072610543,116.71762222006342,15.263441493957984,4,405.81672290442174,61.053765975831936,466.8704888802537,0.0,50,STABLE,2025-12-26
SKU0019,north,548,111.17506899528595,126.43694416408,15.261875168794049,4,444.7002759811438,61.047500675176195,505.74777665632,0.0,50,STABLE,2025-12-26
SKU0019,north,548,112.00056895374937,127.2609973317452,15.260428377995837,4,448.00227581499746,61.041713511983346,509.0439893269808,0.0,50,STABLE,2025-12-26
SKU0019,north,548,106.60624734723626,121.86533936407176,15.259092016835496,4,426.42498938894505,61.03636806734198,487.46135745628703,0.0,50,STABLE,2025-12-26
SKU0019,north,548,104.21077676380628,119.46863443531588,15.257857671509598,4,416.8431070552251,61.03143068603839,477.8745377412635,0.0,50,STABLE,2025-12-26
SKU0019,north,548,97.67544899032607,112.93216655739651,15.256717567070439,4,390.7017959613043,61.026870268281755,451.72866622958605,0.0,50,STABLE,2025-12-26
SKU0019,east,464,97.67544899032607,112.93216655739651,15.256717567070439,4,390.7017959613043,61.026870268281755,451.72866622958605,0.0,50,STABLE,2025-12-26
SKU0021,south,390,83.82262603216049,129.92226316193364,46.09963712977316,3,251.46787809648146,138.29891138931947,389.7667894858009,0.0,500,STABLE,2025-12-26
SKU0021,south,390,79.81991996510556,125.9010181829848,46.081098217879244,3,239.45975989531667,138.24329465363775,377.7030545489544,0.0,500,STABLE,2025-12-26
SKU0021,south,390,82.24749575799287,128.32126877512812,46.07377301713525,3,246.7424872739786,138.22131905140577,384.9638063253844,0.0,500,STABLE,2025-12-26
SKU0021,south,390,83.2909141395581,129.36142892493436,46.07051478537626,3,249.8727424186743,138.2115443561288,388.0842867748031,0.0,500,STABLE,2025-12-26
SKU0021,south,390,77.63297341193754,123.7004729534629,46.067499541525365,3,232.89892023581262,138.2024986245761,371.1014188603887,0.0,500,STABLE,2025-12-26
SKU0021,south,390,66.32040626470709,112.3851166789743,46.06471041426721,3,198.96121879412127,138.19413124280163,337.15535003692287,0.0,500,STABLE,2025-12-26
SKU0021,south,390,79.43061945169411,125.49124726607542,46.060627814381306,3,238.29185835508235,138.18188344314393,376.4737417982263,0.0,500,STABLE,2025-12-26
SKU0021,south,390,63.71152324167515,109.76986786573836,46.05834462406321,3,191.13456972502547,138.17503387218963,329.3096035972151,0.0,500,STABLE,2025-12-26
SKU0021,south,390,74.24703276288889,120.3032645327648,46.05623176987591,3,222.74109828866668,138.1686953096277,360.9097935982944,0.0,500,STABLE,2025-12-26
SKU0021,south,390,71.24740086784395,117.29986809317148,46.05246722532753,3,213.74220260353184,138.1574016759826,351.89960427951445,0.0,500,STABLE,2025-12-26
SKU0021,south,390,76.0773912362018,122.12818414128122,46.05079290507942,3,228.23217370860542,138.15237871523826,366.3845524238437,0.0,500,STABLE,2025-12-26
SKU0021,south,390,76.64745792197803,122.6967014481036,46.049243526125565,3,229.9423737659341,138.1477305783767,368.0901043443108,0.0,500,STABLE,2025-12-26
SKU0021,south,390,70.71860928864413,116.76641905934534,46.04780977070121,3,212.1558278659324,138.14342931210362,350.299257178036,0.0,500,STABLE,2025-12-26
SKU0021,south,390,61.70217830727705,107.74866132240425,46.046483015127194,3,185.10653492183116,138.13944904538158,323.24598396721274,0.0,500,STABLE,2025-12-26
SKU0021,south,390,72.10741116431328,118.15266644253632,46.04525527822304,3,216.32223349293983,138.13576583466912,354.45799932760895,0.0,500,STABLE,2025-12-26
SKU0021,south,390,64.16718399291291,110.2113031664502,46.04411917353728,3,192.50155197873875,138.13235752061183,330.6339094993506,0.0,500,STABLE,2025-12-26
SKU0021,south,390,65.14071922470933,111.1837870898248,46.043067865115475,3,195.422157674128,138.12920359534644,333.55136126947446,0.0,500,STABLE,2025-12-26
SKU0021,south,390,67.60817985879282,113.65027488533832,46.042095026545496,3,202.82453957637847,138.1262850796365,340.95082465601496,0.0,500,STABLE,2025-12-26
SKU0021,south,390,64.32206540142334,110.36326020446282,46.041194803039474,3,192.96619620427003,138.12358440911842,331.0897806133885,0.0,500,STABLE,2025-12-26
SKU0023,east,506,97.72685184565498,117.83728280676848,20.110430961113508,4,390.9074073826199,80.44172384445403,471.34913122707394,0.0,500,STABLE,2025-12-26
SKU0023,east,506,96.28288256014228,116.39060566538318,20.107723105240893,4,385.13153024056913,80.43089242096357,465.5624226615327,0.0,500,STABLE,2025-12-26
SKU0023,east,506,86.45781460859283,106.5630150055698,20.10520039697697,4,345.8312584343713,80.42080158790787,426.2520600222792,0.0,500,STABLE,2025-12-26
SKU0023,east,506,91.57860764191896,111.6814578471759,20.102850205256942,4,366.31443056767586,80.41140082102777,446.7258313887036,0.0,500,STABLE,2025-12-26
SKU0023,east,506,94.27932672192158,114.3799874791864,20.10066075726482,4,377.1173068876863,80.40264302905928,457.5199499167456,0.0,500,STABLE,2025-12-26
SKU0023,east,506,91.57689075386062,111.67551183417068,20.098621080310053,4,366.3075630154425,80.39448432124021,446.7020473366827,0.0,500,STABLE,2025-12-26
SKU0023,east,506,92.76631915339831,112.86304010127724,20.09672094787892,4,371.06527661359326,80.38688379151569,451.45216040510894,0.0,500,STABLE,2025-12-26
SKU0023,east,506,85.56845558790407,105.66340641722032,20.094950829316247,4,342.2738223516163,80.37980331726499,422.65362566888126,0.0,500,STABLE,2025-12-26
SKU0023,east,506,86.99603750227269,107.08933952793517,20.09330202566248,4,347.98415000909074,80.37320810264993,428.35735811174067,0.0,500,STABLE,2025-12-26
SKU0023,east,506,86.89342170980106,106.98580872802796,20.0923870182269,4,347.57368683920424,80.3695480729076,427.94323491211185,0.0,500,STABLE,2025-12-26
SKU0023,east,506,83.31487730213459,103.40578692198626,20.090909619851672,4,333.25950920853836,80.36363847940669,413.62314768794505,0.0,500,STABLE,2025-12-26
SKU0023,east,506,84.27382035648564,104.36335370507446,20.089533348588816,4,337.0952814259426,80.35813339435526,417.45341482029784,0.0,500,STABLE,2025-12-26
SKU0023,east,506,74.84837006029544,94.936621351167,20.08825129087157,4,299.39348024118175,80.35300516348627,379.746485404668,0.0,500,STABLE,2025-12-26
SKU0023,east,506,87.8305219996163,107.91757900427068,20.087057004654383,4,351.3220879984652,80.34822801861753,431.6703160170827,0.0,500,STABLE,2025-12-26
SKU0023,east,506,85.05082590422026,105.13677039162218,20.085944487401918,4,340.20330361688104,80.34377794960767,420.5470815664887,0.0,500,STABLE,2025-12-26
SKU0023,east,506,82.64053952562088,102.72544767185305,20.084908146232166,4,330.5621581024835,80.33963258492867,410.9017906874122,0.0,500,STABLE,2025-12-26
SKU0023,east,506,82.86102843531239,102.9449712053838,20.083942770071403,4,331.44411374124957,80.33577108028561,411.7798848215352,0.0,500,STABLE,2025-12-26
SKU0023,east,506,71.47754903796093,91.56059254164748,20.083043503686554,4,285.9101961518437,80.33217401474622,366.2423701665899,0.0,500,STABLE,2025-12-26
SKU0023,east,506,77.6368002872983,97.71900611076929,20.082205823470986,4,310.5472011491932,80.32882329388394,390.87602444307714,0.0,500,STABLE,2025-12-26
SKU0023,east,506,75.83450794384225,95.91593345870916,20.081425514866908,4,303.338031775369,80.32570205946763,383.66373383483665,0.0,500,STABLE,2025-12-26
SKU0023,east,506,71.46310088033181,91.54379953164695,20.080698651315146,4,285.85240352132723,80.32279460526058,366.1751981265878,0.0,500,STABLE,2025-12-26
SKU0023,east,506,70.57027143433595,90.65029300896614,20.080021574630194,4,282.2810857373438,80.32008629852078,362.6011720358646,0.0,500,STABLE,2025-12-26
SKU0023,east,506,72.98236518496893,93.06175606167434,20.079390876705418,4,291.9294607398757,80.31756350682167,372.2470242466974,0.0,500,STABLE,2025-12-26
SKU0023,east,506,71.61154311163372,91.69034649409258,20.078803382458858,4,286.4461724465349,80.31521352983543,366.7613859763703,0.0,500,STABLE,2025-12-26
SKU0023,east,506,68.16679361250885,88.24504974644569,20.078256133936833,4,272.6671744500354,80.31302453574733,352.98019898578275,0.0,500,STABLE,2025-12-26
SKU0023,east,506,64.75188781585629,84.82963419135307,20.077746375496773,4,259.00755126342517,80.31098550198709,339.31853676541226,0.0,500,STABLE,2025-12-26
SKU0028,north,392,109.53844485135704,149.2066164262578,39.668171574900754,1,109.53844485135704,39.668171574900754,149.2066164262578,0.0,500,STABLE,2025-12-26
SKU0028,east,180,109.53844485135704,149.2066164262578,39.668171574900754,1,109.53844485135704,39.668171574900754,149.2066164262578,0.0,500,STABLE,2025-12-26
SKU0028,south,308,109.53844485135704,149.2066164262578,39.668171574900754,1,109.53844485135704,39.668171574900754,149.2066164262578,0.0,500,STABLE,2025-12-26
SKU0028,north,392,102.49700766790286,142.1508916079714,39.65388394006854,1,102.49700766790286,39.65388394006854,142.1508916079714,0.0,500,STABLE,2025-12-26
SKU0028,west,148,102.49700766790286,142.1508916079714,39.65388394006854,1,102.49700766790286,39.65388394006854,142.1508916079714,0.0,500,STABLE,2025-12-26
SKU0028,east,180,102.49700766790286,142.1508916079714,39.65388394006854,1,102.49700766790286,39.65388394006854,142.1508916079714,0.0,500,STABLE,2025-12-26
SKU0028,south,308,102.49700766790286,142.1508916079714,39.65388394006854,1,102.49700766790286,39.65388394006854,142.1508916079714,0.0,500,STABLE,2025-12-26
SKU0028,north,392,108.63425998220325,148.2753083582785,39.64104837607525,1,108.63425998220325,39.64104837607525,148.2753083582785,0.0,500,STABLE,2025-12-26
SKU0028,east,180,108.63425998220325,148.2753083582785,39.64104837607525,1,108.63425998220325,39.64104837607525,148.2753083582785,0.0,500,STABLE,2025-12-26
SKU0028,south,308,108.63425998220325,148.2753083582785,39.64104837607525,1,108.63425998220325,39.64104837607525,148.2753083582785,0.0,500,STABLE,2025-12-26
SKU0028,north,392,100.80865059093398,140.43812712826963,39.62947653733565,1,100.80865059093398,39.62947653733565,140.43812712826963,0.0,500,STABLE,2025-12-26
SKU0028,west,148,100.80865059093398,140.43812712826963,39.62947653733565,1,100.80865059093398,39.62947653733565,140.43812712826963,0.0,500,STABLE,2025-12-26
SKU0028,east,180,100.80865059093398,140.43812712826963,39.62947653733565,1,100.80865059093398,39.62947653733565,140.43812712826963,0.0,500,STABLE,2025-12-26
SKU0028,south,308,100.80865059093398,140.43812712826963,39.62947653733565,1,100.80865059093398,39.62947653733565,140.43812712826963,0.0,500,STABLE,2025-12-26
SKU0028,north,392,106.1523880104659,145.771432519488,39.6190445090221,1,106.1523880104659,39.6190445090221,145.771432519488,0.0,500,STABLE,2025-12-26
SKU0028,west,148,106.1523880104659,145.771432519488,39.6190445090221,1,106.1523880104659,39.6190445090221,145.771432519488,0.0,500,STABLE,2025-12-26
SKU0028,east,180,106.1523880104659,145.771432519488,39.6190445090221,1,106.1523880104659,39.6190445090221,145.771432519488,0.0,500,STABLE,2025-12-26
SKU0028,south,308,106.1523880104659,145.771432519488,39.6190445090221,1,106.1523880104659,39.6190445090221,145.771432519488,0.0,500,STABLE,2025-12-26
SKU0028,north,392,109.45697137050428,149.0666118148821,39.60964044437782,1,109.45697137050428,39.60964044437782,149.0666118148821,0.0,500,STABLE,2025-12-26
SKU0028,east,180,109.45697137050428,149.0666118148821,39.60964044437782,1,109.45697137050428,39.60964044437782,149.0666118148821,0.0,500,STABLE,2025-12-26
SKU0028,south,308,109.45697137050428,149.0666118148821,39.60964044437782,1,109.45697137050428,39.60964044437782,149.0666118148821,0.0,500,STABLE,2025-12-26
SKU0028,north,392,107.42406379746352,147.025227190337,39.60116339287349,1,107.42406379746352,39.60116339287349,147.025227190337,0.0,500,STABLE,2025-12-26
SKU0028,west,148,107.42406379746352,147.025227190337,39.60116339287349,1,107.42406379746352,39.60116339287349,147.025227190337,0.0,500,STABLE,2025-12-26
SKU0028,east,180,107.42406379746352,147.025227190337,39.60116339287349,1,107.42406379746352,39.60116339287349,147.025227190337,0.0,500,STABLE,2025-12-26
SKU0028,south,308,107.42406379746352,147.025227190337,39.60116339287349,1,107.42406379746352,39.60116339287349,147.025227190337,0.0,500,STABLE,2025-12-26
SKU0028,north,392,100.75578268725424,140.34930494068067,39.59352225342643,1,100.75578268725424,39.59352225342643,140.34930494068067,0.0,500,STABLE,2025-12-26
SKU0028,west,148,100.75578268725424,140.34930494068067,39.59352225342643,1,100.75578268725424,39.59352225342643,140.34930494068067,0.0,500,STABLE,2025-12-26
SKU0028,east,180,100.75578268725424,140.34930494068067,39.59352225342643,1,100.75578268725424,39.59352225342643,140.34930494068067,0.0,500,STABLE,2025-12-26
SKU0028,south,308,100.75578268725424,140.34930494068067,39.59352225342643,1,100.75578268725424,39.59352225342643,140.34930494068067,0.0,500,STABLE,2025-12-26
SKU0028,north,392,94.85784443704956,134.44447926248793,39.58663482543837,1,94.85784443704956,39.58663482543837,134.44447926248793,0.0,500,STABLE,2025-12-26
SKU0028,west,148,94.85784443704956,134.44447926248793,39.58663482543837,1,94.85784443704956,39.58663482543837,134.44447926248793,0.0,500,STABLE,2025-12-26
SKU0028,east,180,94.85784443704956,134.44447926248793,39.58663482543837,1,94.85784443704956,39.58663482543837,134.44447926248793,0.0,500,STABLE,2025-12-26
SKU0028,south,308,94.85784443704956,134.44447926248793,39.58663482543837,1,94.85784443704956,39.58663482543837,134.44447926248793,0.0,500,STABLE,2025-12-26
SKU0028,north,392,107.97848851932034,147.55891546833172,39.58042694901138,1,107.97848851932034,39.58042694901138,147.55891546833172,0.0,500,STABLE,2025-12-26
SKU0028,west,148,107.97848851932034,147.55891546833172,39.58042694901138,1,107.97848851932034,39.58042694901138,147.55891546833172,0.0,500,STABLE,2025-12-26
SKU0028,east,180,107.97848851932034,147.55891546833172,39.58042694901138,1,107.97848851932034,39.58042694901138,147.55891546833172,0.0,500,STABLE,2025-12-26
SKU0028,south,308,107.97848851932034,147.55891546833172,39.58042694901138,1,107.97848851932034,39.58042694901138,147.55891546833172,0.0,500,STABLE,2025-12-26
SKU0028,north,392,110.60896328503406,150.18379501142832,39.57483172639425,1,110.60896328503406,39.57483172639425,150.18379501142832,0.0,500,STABLE,2025-12-26
SKU0028,east,180,110.60896328503406,150.18379501142832,39.57483172639425,1,110.60896328503406,39.57483172639425,150.18379501142832,0.0,500,STABLE,2025-12-26
SKU0028,south,308,110.60896328503406,150.18379501142832,39.57483172639425,1,110.60896328503406,39.57483172639425,150.18379501142832,0.0,500,STABLE,2025-12-26
SKU0028,north,392,100.16275758780812,139.73254640512462,39.56978881731651,1,100.16275758780812,39.56978881731651,139.73254640512462,0.0,500,STABLE,2025-12-26
SKU0028,west,148,100.16275758780812,139.73254640512462,39.56978881731651,1,100.16275758780812,39.56978881731651,139.73254640512462,0.0,500,STABLE,2025-12-26
SKU0028,east,180,100.16275758780812,139.73254640512462,39.56978881731651,1,100.16275758780812,39.56978881731651,139.73254640512462,0.0,500,STABLE,2025-12-26
SKU0028,south,308,100.16275758780812,139.73254640512462,39.56978881731651,1,100.16275758780812,39.56978881731651,139.73254640512462,0.0,500,STABLE,2025-12-26
SKU0028,north,392,99.59194662473746,139.1571904262276,39.56524380149014,1,99.59194662473746,39.56524380149014,139.1571904262276,0.0,500,STABLE,2025-12-26
SKU0028,west,148,99.59194662473746,139.1571904262276,39.56524380149014,1,99.59194662473746,39.56524380149014,139.1571904262276,0.0,500,STABLE,2025-12-26
SKU0028,east,180,99.59194662473746,139.1571904262276,39.56524380149014,1,99.59194662473746,39.56524380149014,139.1571904262276,0.0,500,STABLE,2025-12-26
SKU0028,south,308,99.59194662473746,139.1571904262276,39.56524380149014,1,99.59194662473746,39.56524380149014,139.1571904262276,0.0,500,STABLE,2025-12-26
SKU0028,north,392,104.224669025377,143.7858166274693,39.561147602092305,1,104.224669025377,39.561147602092305,143.7858166274693,0.0,500,STABLE,2025-12-26
SKU0028,west,148,104.224669025377,143.7858166274693,39.561147602092305,1,104.224669025377,39.561147602092305,143.7858166274693,0.0,500,STABLE,2025-12-26
SKU0028,east,180,104.224669025377,143.7858166274693,39.561147602092305,1,104.224669025377,39.561147602092305,143.7858166274693,0.0,500,STABLE,2025-12-26
SKU0028,south,308,104.224669025377,143.7858166274693,39.561147602092305,1,104.224669025377,39.561147602092305,143.7858166274693,0.0,500,STABLE,2025-12-26
SKU0028,north,392,107.026827988574,146.5842839531671,39.5574559645931,1,107.026827988574,39.5574559645931,146.5842839531671,0.0,500,STABLE,2025-12-26
SKU0028,west,148,107.026827988574,146.5842839531671,39.5574559645931,1,107.026827988574,39.5574559645931,146.5842839531671,0.0,500,STABLE,2025-12-26
SKU0028,east,180,107.026827988574,146.5842839531671,39.5574559645931,1,107.026827988574,39.5574559645931,146.5842839531671,0.0,500,STABLE,2025-12-26
SKU0028,south,308,107.026827988574,146.5842839531671,39.5574559645931,1,107.026827988574,39.5574559645931,146.5842839531671,0.0,500,STABLE,2025-12-26
SKU0028,north,392,109.83836190148789,149.39249088724324,39.554128985755355,1,109.83836190148789,39.554128985755355,149.39249088724324,0.0,500,STABLE,2025-12-26
SKU0028,east,180,109.83836190148789,149.39249088724324,39.554128985755355,1,109.83836190148789,39.554128985755355,149.39249088724324,0.0,500,STABLE,2025-12-26
SKU0028,south,308,109.83836190148789,149.39249088724324,39.554128985755355,1,109.83836190148789,39.554128985755355,149.39249088724324,0.0,500,STABLE,2025-12-26
SKU0028,north,392,88.13089264153128,127.68202332964202,39.551130688110746,1,88.13089264153128,39.551130688110746,127.68202332964202,0.0,500,STABLE,2025-12-26
SKU0028,west,148,88.13089264153128,127.68202332964202,39.551130688110746,1,88.13089264153128,39.551130688110746,127.68202332964202,0.0,500,STABLE,2025-12-26
SKU0028,east,180,88.13089264153128,127.68202332964202,39.551130688110746,1,88.13089264153128,39.551130688110746,127.68202332964202,0.0,500,STABLE,2025-12-26
SKU0028,south,308,88.13089264153128,127.68202332964202,39.551130688110746,1,88.13089264153128,39.551130688110746,127.68202332964202,0.0,500,STABLE,2025-12-26
SKU0028,north,392,113.2420870124108,152.79051564802,39.5484286356092,1,113.2420870124108,39.5484286356092,152.79051564802,0.0,500,STABLE,2025-12-26
SKU0028,east,180,113.2420870124108,152.79051564802,39.5484286356092,1,113.2420870124108,39.5484286356092,152.79051564802,0.0,500,STABLE,2025-12-26
SKU0028,south,308,113.2420870124108,152.79051564802,39.5484286356092,1,113.2420870124108,39.5484286356092,152.79051564802,0.0,500,STABLE,2025-12-26
SKU0028,north,392,89.94842507124102,129.4944186577936,39.545993586552584,1,89.94842507124102,39.545993586552584,129.4944186577936,0.0,500,STABLE,2025-12-26
SKU0028,west,148,89.94842507124102,129.4944186577936,39.545993586552584,1,89.94842507124102,39.545993586552584,129.4944186577936,0.0,500,STABLE,2025-12-26
SKU0028,east,180,89.94842507124102,129.4944186577936,39.545993586552584,1,89.94842507124102,39.545993586552584,129.4944186577936,0.0,500,STABLE,2025-12-26
SKU0028,south,308,89.94842507124102,129.4944186577936,39.545993586552584,1,89.94842507124102,39.545993586552584,129.4944186577936,0.0,500,STABLE,2025-12-26
SKU0028,north,392,82.81220518004238,122.35600436029029,39.5437991802479,1,82.81220518004238,39.5437991802479,122.35600436029029,0.0,500,STABLE,2025-12-26
SKU0028,west,148,82.81220518004238,122.35600436029029,39.5437991802479,1,82.81220518004238,39.5437991802479,122.35600436029029,0.0,500,STABLE,2025-12-26
SKU0028,east,180,82.81220518004238,122.35600436029029,39.5437991802479,1,82.81220518004238,39.5437991802479,122.35600436029029,0.0,500,STABLE,2025-12-26
SKU0028,south,308,82.81220518004238,122.35600436029029,39.5437991802479,1,82.81220518004238,39.5437991802479,122.35600436029029,0.0,500,STABLE,2025-12-26
SKU0028,north,392,86.01697885616252,125.55880051033432,39.5418216541718,1,86.01697885616252,39.5418216541718,125.55880051033432,0.0,500,STABLE,2025-12-26
SKU0028,west,148,86.01697885616252,125.55880051033432,39.5418216541718,1,86.01697885616252,39.5418216541718,125.55880051033432,0.0,500,STABLE,2025-12-26
SKU0028,east,180,86.01697885616252,125.55880051033432,39.5418216541718,1,86.01697885616252,39.5418216541718,125.55880051033432,0.0,500,STABLE,2025-12-26
SKU0028,south,308,86.01697885616252,125.55880051033432,39.5418216541718,1,86.01697885616252,39.5418216541718,125.55880051033432,0.0,500,STABLE,2025-12-26
SKU0028,north,392,76.39651435537706,115.93655394408296,39.540039588705895,1,76.39651435537706,39.540039588705895,115.93655394408296,0.0,500,STABLE,2025-12-26
SKU0028,west,148,76.39651435537706,115.93655394408296,39.540039588705895,1,76.39651435537706,39.540039588705895,115.93655394408296,0.0,500,STABLE,2025-12-26
SKU0028,east,180,76.39651435537706,115.93655394408296,39.540039588705895,1,76.39651435537706,39.540039588705895,115.93655394408296,0.0,500,STABLE,2025-12-26
SKU0028,south,308,76.39651435537706,115.93655394408296,39.540039588705895,1,76.39651435537706,39.540039588705895,115.93655394408296,0.0,500,STABLE,2025-12-26
SKU0028,north,392,90.17599325473252,129.71442693153617,39.53843367680365,1,90.17599325473252,39.53843367680365,129.71442693153617,0.0,500,STABLE,2025-12-26
SKU0028,west,148,90.17599325473252,129.71442693153617,39.53843367680365,1,90.17599325473252,39.53843367680365,129.71442693153617,0.0,500,STABLE,2025-12-26
SKU0028,east,180,90.17599325473252,129.71442693153617,39.53843367680365,1,90.17599325473252,39.53843367680365,129.71442693153617,0.0,500,STABLE,2025-12-26
SKU0028,south,308,90.17599325473252,129.71442693153617,39.53843367680365,1,90.17599325473252,39.53843367680365,129.71442693153617,0.0,500,STABLE,2025-12-26
SKU0028,north,392,62.56293154341424,102.09991805959694,39.53698651618271,1,62.56293154341424,39.53698651618271,102.09991805959694,0.0,500,STABLE,2025-12-26
SKU0028,west,148,62.56293154341424,102.09991805959694,39.53698651618271,1,62.56293154341424,39.53698651618271,102.09991805959694,0.0,500,STABLE,2025-12-26
SKU0028,east,180,62.56293154341424,102.09991805959694,39.53698651618271,1,62.56293154341424,39.53698651618271,102.09991805959694,0.0,500,STABLE,2025-12-26
SKU0028,south,308,62.56293154341424,102.09991805959694,39.53698651618271,1,62.56293154341424,39.53698651618271,102.09991805959694,0.0,500,STABLE,2025-12-26
SKU0028,north,392,65.16832773633456,104.70401019064164,39.53568245430708,1,65.16832773633456,39.53568245430708,104.70401019064164,0.0,500,STABLE,2025-12-26
SKU0028,west,148,65.16832773633456,104.70401019064164,39.53568245430708,1,65.16832773633456,39.53568245430708,104.70401019064164,0.0,500,STABLE,2025-12-26
SKU0028,east,180,65.16832773633456,104.70401019064164,39.53568245430708,1,65.16832773633456,39.53568245430708,104.70401019064164,0.0,500,STABLE,2025-12-26
SKU0028,south,308,65.16832773633456,104.70401019064164,39.53568245430708,1,65.16832773633456,39.53568245430708,104.70401019064164,0.0,500,STABLE,2025-12-26
SKU0028,north,392,81.16246752322705,120.69705810728576,39.534590584058705,1,81.16246752322705,39.534590584058705,120.69705810728576,0.0,500,STABLE,2025-12-26
SKU0028,west,148,81.16246752322705,120.69705810728576,39.534590584058705,1,81.16246752322705,39.534590584058705,120.69705810728576,0.0,500,STABLE,2025-12-26
SKU0028,east,180,81.16246752322705,120.69705810728576,39.534590584058705,1,81.16246752322705,39.534590584058705,120.69705810728576,0.0,500,STABLE,2025-12-26
SKU0028,south,308,81.16246752322705,120.69705810728576,39.534590584058705,1,81.16246752322705,39.534590584058705,120.69705810728576,0.0,500,STABLE,2025-12-26
SKU0029,north,325,66.25943161367113,77.2030190662324,10.943587452561275,3,198.77829484101338,32.830762357683824,231.6090571986972,0.0,100,STABLE,2025-12-26
SKU0029,north,325,65.40603029666377,76.63619851595502,11.230168219291244,3,196.21809088999132,33.69050465787373,229.90859554786505,0.0,100,STABLE,2025-12-26
SKU0029,north,325,64.49779365606646,75.99381353154226,11.496019875475795,3,193.4933809681994,34.488059626427386,227.9814405946268,0.0,100,STABLE,2025-12-26
SKU0029,north,325,63.12105186583703,74.86465868518714,11.743606819350106,3,189.36315559751108,35.23082045805032,224.5939760555614,0.0,100,STABLE,2025-12-26
SKU0029,north,325,63.25071093001928,75.22565286471277,11.97494193469349,3,189.75213279005783,35.92482580408047,225.67695859413828,0.0,100,STABLE,2025-12-26
SKU0029,north,325,62.36015148214206,74.55184860499108,12.191697122849021,3,187.0804544464262,36.575091368547064,223.65554581497327,0.0,100,STABLE,2025-12-26
SKU0029,north,325,62.47022823486931,74.86550921621875,12.395280981349444,3,187.41068470460795,37.18584294404833,224.59652764865626,0.0,100,STABLE,2025-12-26
SKU0029,north,325,60.87059340170016,73.45748827482012,12.58689487311996,3,182.6117802051005,37.76068461935988,220.3724648244604,0.0,100,STABLE,2025-12-26
SKU0029,east,222,60.87059340170016,73.45748827482012,12.58689487311996,3,182.6117802051005,37.76068461935988,220.3724648244604,0.0,100,STABLE,2025-12-26
SKU0029,north,325,60.50078178399088,73.26835612306473,12.767574339073853,3,181.50234535197265,38.30272301722156,219.8050683691942,0.0,100,STABLE,2025-12-26
SKU0029,east,222,60.50078178399088,73.26835612306473,12.767574339073853,3,181.50234535197265,38.30272301722156,219.8050683691942,0.0,100,STABLE,2025-12-26
SKU0029,north,325,60.92419103957802,73.86241134273179,12.93822030315377,3,182.77257311873404,38.81466090946131,221.58723402819535,0.0,100,STABLE,2025-12-26
SKU0029,east,222,60.92419103957802,73.86241134273179,12.93822030315377,3,182.77257311873404,38.81466090946131,221.58723402819535,0.0,100,STABLE,2025-12-26
SKU0029,north,325,58.76444960810523,71.86407261039585,13.09962300229062,3,176.2933488243157,39.29886900687186,215.59221783118755,0.0,100,STABLE,2025-12-26
SKU0029,east,222,58.76444960810523,71.86407261039585,13.09962300229062,3,176.2933488243157,39.29886900687186,215.59221783118755,0.0,100,STABLE,2025-12-26
SKU0029,north,325,58.040553450190544,71.29303407503191,13.252480624841368,3,174.12166035057163,39.757441874524105,213.87910222509572,0.0,100,STABLE,2025-12-26
SKU0029,east,222,58.040553450190544,71.29303407503191,13.252480624841368,3,174.12166035057163,39.757441874524105,213.87910222509572,0.0,100,STABLE,2025-12-26
SKU0029,north,325,57.42019255009831,70.8176065803147,13.397414030216396,3,172.26057765029492,40.19224209064919,212.4528197409441,0.0,100,STABLE,2025-12-26
SKU0029,east,222,57.42019255009831,70.8176065803147,13.397414030216396,3,172.26057765029492,40.19224209064919,212.4528197409441,0.0,100,STABLE,2025-12-26
SKU0029,north,325,56.99502378255927,70.53000230172537,13.534978519166103,3,170.98507134767783,40.60493555749831,211.59000690517615,0.0,100,STABLE,2025-12-26
SKU0029,east,222,56.99502378255927,70.53000230172537,13.534978519166103,3,170.98507134767783,40.60493555749831,211.59000690517615,0.0,100,STABLE,2025-12-26
SKU0029,north,325,56.12176048870212,69.78743384067457,13.665673351972444,3,168.36528146610635,40.99702005591733,209.3623015220237,0.0,100,STABLE,2025-12-26
SKU0029,east,222,56.12176048870212,69.78743384067457,13.665673351972444,3,168.36528146610635,40.99702005591733,209.3623015220237,0.0,100,STABLE,2025-12-26
SKU0029,north,325,55.44326934513152,69.23321886941939,13.78994952428787,3,166.32980803539456,41.36984857286361,207.69965660825818,0.0,100,STABLE,2025-12-26
SKU0029,east,222,55.44326934513152,69.23321886941939,13.78994952428787,3,166.32980803539456,41.36984857286361,207.69965660825818,0.0,100,STABLE,2025-12-26
SKU0029,north,325,55.18901586060321,69.09723203945384,13.90821617885063,3,165.56704758180965,41.72464853655189,207.29169611836153,0.0,100,STABLE,2025-12-26
SKU0029,east,222,55.18901586060321,69.09723203945384,13.90821617885063,3,165.56704758180965,41.72464853655189,207.29169611836153,0.0,100,STABLE,2025-12-26
SKU0029,north,325,54.60089086101276,68.62173679854837,14.020845937535611,3,163.80267258303826,42.062537812606834,205.86521039564508,0.0,100,STABLE,2025-12-26
SKU0029,east,222,54.60089086101276,68.62173679854837,14.020845937535611,3,163.80267258303826,42.062537812606834,205.86521039564508,0.0,100,STABLE,2025-12-26
SKU0029,north,325,53.97726980935804,68.10544917968946,14.128179370331416,3,161.93180942807413,42.38453811099425,204.31634753906837,0.0,100,STABLE,2025-12-26
SKU0029,east,222,53.97726980935804,68.10544917968946,14.128179370331416,3,161.93180942807413,42.38453811099425,204.31634753906837,0.0,100,STABLE,2025-12-26
SKU0029,north,325,53.22609208040976,67.4566208484451,14.230528768035342,3,159.67827624122927,42.691586304106025,202.3698625453353,0.0,100,STABLE,2025-12-26
SKU0029,east,222,53.22609208040976,67.4566208484451,14.230528768035342,3,159.67827624122927,42.691586304106025,202.3698625453353,0.0,100,STABLE,2025-12-26
SKU0029,north,325,52.1634292573024,66.49161060575702,14.32818134845462,3,156.4902877719072,42.98454404536386,199.47483181727105,0.0,100,STABLE,2025-12-26
SKU0029,east,222,52.1634292573024,66.49161060575702,14.32818134845462,3,156.4902877719072,42.98454404536386,199.47483181727105,0.0,100,STABLE,2025-12-26
SKU0029,north,325,52.53458797111718,66.955989969202,14.42140199808481,3,157.60376391335154,43.26420599425443,200.86796990760598,0.0,100,STABLE,2025-12-26
SKU0029,east,222,52.53458797111718,66.955989969202,14.42140199808481,3,157.60376391335154,43.26420599425443,200.86796990760598,0.0,100,STABLE,2025-12-26
SKU0029,north,325,51.39961441790766,65.91005004800775,14.51043563010009,3,154.19884325372297,43.53130689030027,197.73015014402324,0.0,100,STABLE,2025-12-26
SKU0029,east,222,51.39961441790766,65.91005004800775,14.51043563010009,3,154.19884325372297,43.53130689030027,197.73015014402324,0.0,100,STABLE,2025-12-26
SKU0029,north,325,50.22821766637413,64.82372688964223,14.595509223268103,3,150.6846529991224,43.78652766980431,194.4711806689267,0.0,100,STABLE,2025-12-26
SKU0029,east,222,50.22821766637413,64.82372688964223,14.595509223268103,3,150.6846529991224,43.78652766980431,194.4711806689267,0.0,100,STABLE,2025-12-26
SKU0029,south,195,50.22821766637413,64.82372688964223,14.595509223268103,3,150.6846529991224,43.78652766980431,194.4711806689267,0.0,100,STABLE,2025-12-26
SKU0029,north,325,49.45658752466679,64.13342111850405,14.676833593837259,3,148.36976257400036,44.030500781511776,192.40026335551215,0.0,100,STABLE,2025-12-26
SKU0029,east,222,49.45658752466679,64.13342111850405,14.676833593837259,3,148.36976257400036,44.030500781511776,192.40026335551215,0.0,100,STABLE,2025-12-26
SKU0029,south,195,49.45658752466679,64.13342111850405,14.676833593837259,3,148.36976257400036,44.030500781511776,192.40026335551215,0.0,100,STABLE,2025-12-26
SKU0029,north,325,50.003234627585655,64.75783957021176,14.754604942626102,3,150.00970388275698,44.263814827878306,194.2735187106353,0.0,100,STABLE,2025-12-26
SKU0029,east,222,50.003234627585655,64.75783957021176,14.754604942626102,3,150.00970388275698,44.263814827878306,194.2735187106353,0.0,100,STABLE,2025-12-26
SKU0029,south,195,50.003234627585655,64.75783957021176,14.754604942626102,3,150.00970388275698,44.263814827878306,194.2735187106353,0.0,100,STABLE,2025-12-26
SKU0031,north,260,97.5128580239402,123.7374034134694,26.224545389529197,2,195.0257160478804,52.449090779058395,247.4748068269388,0.0,100,STABLE,2025-12-26
SKU0031,east,275,97.5128580239402,123.7374034134694,26.224545389529197,2,195.0257160478804,52.449090779058395,247.4748068269388,0.0,100,STABLE,2025-12-26
SKU0031,south,466,97.5128580239402,123.7374034134694,26.224545389529197,2,195.0257160478804,52.449090779058395,247.4748068269388,0.0,100,STABLE,2025-12-26
SKU0031,north,260,97.63435020247528,123.84953373904592,26.21518353657065,2,195.26870040495055,52.4303670731413,247.69906747809185,0.0,100,STABLE,2025-12-26
SKU0031,east,275,97.63435020247528,123.84953373904592,26.21518353657065,2,195.26870040495055,52.4303670731413,247.69906747809185,0.0,100,STABLE,2025-12-26
SKU0031,south,466,97.63435020247528,123.84953373904592,26.21518353657065,2,195.26870040495055,52.4303670731413,247.69906747809185,0.0,100,STABLE,2025-12-26
SKU0031,north,260,96.42393857508372,122.63040505806734,26.206466482983615,2,192.84787715016745,52.41293296596723,245.26081011613468,0.0,100,STABLE,2025-12-26
SKU0031,east,275,96.42393857508372,122.63040505806734,26.206466482983615,2,192.84787715016745,52.41293296596723,245.26081011613468,0.0,100,STABLE,2025-12-26
SKU0031,south,466,96.42393857508372,122.63040505806734,26.206466482983615,2,192.84787715016745,52.41293296596723,245.26081011613468,0.0,100,STABLE,2025-12-26
SKU0031,north,260,102.18284732826184,128.38119741364991,26.19835008538807,2,204.3656946565237,52.39670017077614,256.76239482729983,0.0,100,STABLE,2025-12-26
SKU0031,east,275,102.18284732826184,128.38119741364991,26.19835008538807,2,204.3656946565237,52.39670017077614,256.76239482729983,0.0,100,STABLE,2025-12-26
SKU0031,south,466,102.18284732826184,128.38119741364991,26.19835008538807,2,204.3656946565237,52.39670017077614,256.76239482729983,0.0,100,STABLE,2025-12-26
SKU0031,north,260,87.62484453395855,113.81563772932871,26.190793195370162,2,175.2496890679171,52.381586390740324,227.63127545865743,0.0,100,STABLE,2025-12-26
SKU0031,east,275,87.62484453395855,113.81563772932871,26.190793195370162,2,175.2496890679171,52.381586390740324,227.63127545865743,0.0,100,STABLE,2025-12-26
SKU0031,south,466,87.62484453395855,113.81563772932871,26.190793195370162,2,175.2496890679171,52.381586390740324,227.63127545865743,0.0,100,STABLE,2025-12-26
SKU0031,north,260,93.47838481921356,119.6621422708106,26.183757451597046,2,186.95676963842712,52.36751490319409,239.3242845416212,0.0,100,STABLE,2025-12-26
SKU0031,east,275,93.47838481921356,119.6621422708106,26.183757451597046,2,186.95676963842712,52.36751490319409,239.3242845416212,0.0,100,STABLE,2025-12-26
SKU0031,south,466,93.47838481921356,119.6621422708106,26.183757451597046,2,186.95676963842712,52.36751490319409,239.3242845416212,0.0,100,STABLE,2025-12-26
SKU0031,north,260,103.13376939998994,129.31097649523528,26.177207095245336,2,206.2675387999799,52.35441419049067,258.62195299047056,0.0,100,STABLE,2025-12-26
SKU0031,east,275,103.13376939998994,129.31097649523528,26.177207095245336,2,206.2675387999799,52.35441419049067,258.62195299047056,0.0,100,STABLE,2025-12-26
SKU0031,south,466,103.13376939998994,129.31097649523528,26.177207095245336,2,206.2675387999799,52.35441419049067,258.62195299047056,0.0,100,STABLE,2025-12-26
SKU0031,north,260,102.55060221571888,128.72171101281864,26.171108797099762,2,205.10120443143776,52.342217594199525,257.4434220256373,0.0,100,STABLE,2025-12-26
SKU0031,east,275,102.55060221571888,128.72171101281864,26.171108797099762,2,205.10120443143776,52.342217594199525,257.4434220256373,0.0,100,STABLE,2025-12-26
SKU0031,south,466,102.55060221571888,128.72171101281864,26.171108797099762,2,205.10120443143776,52.342217594199525,257.4434220256373,0.0,100,STABLE,2025-12-26
SKU0031,east,275,103.98523222347076,130.1506637191256,26.16543149565483,2,207.97046444694152,52.33086299130966,260.3013274382512,0.0,100,STABLE,2025-12-26
SKU0031,south,466,103.98523222347076,130.1506637191256,26.16543149565483,2,207.97046444694152,52.33086299130966,260.3013274382512,0.0,100,STABLE,2025-12-26
SKU0031,north,260,89.84023911889784,116.00038536448103,26.160146245583192,2,179.68047823779568,52.320292491166384,232.00077072896207,0.0,100,STABLE,2025-12-26
SKU0031,east,275,89.84023911889784,116.00038536448103,26.160146245583192,2,179.68047823779568,52.320292491166384,232.00077072896207,0.0,100,STABLE,2025-12-26
SKU0031,south,466,89.84023911889784,116.00038536448103,26.160146245583192,2,179.68047823779568,52.320292491166384,232.00077072896207,0.0,100,STABLE,2025-12-26
SKU0031,north,260,93.72658376058092,119.88180983654432,26.155226075963398,2,187.45316752116184,52.310452151926796,239.76361967308864,0.0,100,STABLE,2025-12-26
SKU0031,east,275,93.72658376058092,119.88180983654432,26.155226075963398,2,187.45316752116184,52.310452151926796,239.76361967308864,0.0,100,STABLE,2025-12-26
SKU0031,south,466,93.72658376058092,119.88180983654432,26.155226075963398,2,187.45316752116184,52.310452151926796,239.76361967308864,0.0,100,STABLE,2025-12-26
SKU0031,north,260,100.02375065383896,126.17439651152662,26.150645857687664,2,200.04750130767792,52.30129171537533,252.34879302305325,0.0,100,STABLE,2025-12-26
SKU0031,east,275,100.02375065383896,126.17439651152662,26.150645857687664,2,200.04750130767792,52.30129171537533,252.34879302305325,0.0,100,STABLE,2025-12-26
SKU0031,south,466,100.02375065383896,126.17439651152662,26.150645857687664,2,200.04750130767792,52.30129171537533,252.34879302305325,0.0,100,STABLE,2025-12-26
SKU0031,east,275,108.92588994691847,135.07227212641496,26.146382179496484,2,217.85177989383695,52.29276435899297,270.1445442528299,0.0,100,STABLE,2025-12-26
SKU0031,south,466,108.92588994691847,135.07227212641496,26.146382179496484,2,217.85177989383695,52.29276435899297,270.1445442528299,0.0,100,STABLE,2025-12-26
SKU0031,north,260,78.12194187863622,104.26435511075329,26.142413232117065,2,156.24388375727244,52.28482646423413,208.52871022150657,0.0,100,STABLE,2025-12-26
SKU0031,east,275,78.12194187863622,104.26435511075329,26.142413232117065,2,156.24388375727244,52.28482646423413,208.52871022150657,0.0,100,STABLE,2025-12-26
SKU0031,south,466,78.12194187863622,104.26435511075329,26.142413232117065,2,156.24388375727244,52.28482646423413,208.52871022150657,0.0,100,STABLE,2025-12-26
SKU0031,east,275,107.0624701997712,133.20118889977823,26.138718700007033,2,214.1249403995424,52.277437400014065,266.40237779955646,0.0,100,STABLE,2025-12-26
SKU0031,south,466,107.0624701997712,133.20118889977823,26.138718700007033,2,214.1249403995424,52.277437400014065,266.40237779955646,0.0,100,STABLE,2025-12-26
SKU0031,east,275,106.57607108056236,132.7113507407946,26.13527966023223,2,213.15214216112471,52.27055932046446,265.4227014815892,0.0,100,STABLE,2025-12-26
SKU0031,south,466,106.57607108056236,132.7113507407946,26.13527966023223,2,213.15214216112471,52.27055932046446,265.4227014815892,0.0,100,STABLE,2025-12-26
SKU0031,north,260,101.96701699211437,128.099095480147,26.132078488032647,2,203.93403398422873,52.264156976065294,256.198190960294,0.0,100,STABLE,2025-12-26
SKU0031,east,275,101.96701699211437,128.099095480147,26.132078488032647,2,203.93403398422873,52.264156976065294,256.198190960294,0.0,100,STABLE,2025-12-26
SKU0031,south,466,101.96701699211437,128.099095480147,26.132078488032647,2,203.93403398422873,52.264156976065294,256.198190960294,0.0,100,STABLE,2025-12-26
SKU0031,north,260,87.50253493003036,113.631633698686,26.129098768655638,2,175.00506986006073,52.258197537311275,227.263267397372,0.0,100,STABLE,2025-12-26
SKU0031,east,275,87.50253493003036,113.631633698686,26.129098768655638,2,175.00506986006073,52.258197537311275,227.263267397372,0.0,100,STABLE,2025-12-26
SKU0031,south,466,87.50253493003036,113.631633698686,26.129098768655638,2,175.00506986006073,52.258197537311275,227.263267397372,0.0,100,STABLE,2025-12-26
SKU0031,north,260,99.9573470687433,126.08367228380112,26.12632521505782,2,199.9146941374866,52.25265043011564,252.16734456760224,0.0,100,STABLE,2025-12-26
SKU0031,east,275,99.9573470687433,126.08367228380112,26.12632521505782,2,199.9146941374866,52.25265043011564,252.16734456760224,0.0,100,STABLE,2025-12-26
SKU0031,south,466,99.9573470687433,126.08367228380112,26.12632521505782,2,199.9146941374866,52.25265043011564,252.16734456760224,0.0,100,STABLE,2025-12-26
SKU0031,east,275,105.91551276343648,132.0392563545387,26.123743591102226,2,211.83102552687296,52.24748718220445,264.0785127090774,0.0,100,STABLE,2025-12-26
SKU0031,south,466,105.91551276343648,132.0392563545387,26.123743591102226,2,211.83102552687296,52.24748718220445,264.0785127090774,0.0,100,STABLE,2025-12-26
SKU0031,north,260,94.89630955718688,121.0176501983342,26.121340641147313,2,189.79261911437376,52.242681282294626,242.0353003966684,0.0,100,STABLE,2025-12-26
SKU0031,east,275,94.89630955718688,121.0176501983342,26.121340641147313,2,189.79261911437376,52.242681282294626,242.0353003966684,0.0,100,STABLE,2025-12-26
SKU0031,south,466,94.89630955718688,121.0176501983342,26.121340641147313,2,189.79261911437376,52.242681282294626,242.0353003966684,0.0,100,STABLE,2025-12-26
SKU0031,north,260,95.96340697283313,122.08251404701616,26.119107074183034,2,191.92681394566625,52.23821414836607,244.16502809403232,0.0,100,STABLE,2025-12-26
SKU0031,east,275,95.96340697283313,122.08251404701616,26.119107074183034,2,191.92681394566625,52.23821414836607,244.16502809403232,0.0,100,STABLE,2025-12-26
SKU0031,south,466,95.96340697283313,122.08251404701616,26.119107074183034,2,191.92681394566625,52.23821414836607,244.16502809403232,0.0,100,STABLE,2025-12-26
SKU0031,north,260,83.76637135658092,109.8842051842523,26.117833827671376,2,167.53274271316184,52.23566765534275,219.7684103685046,0.0,100,STABLE,2025-12-26
SKU0031,east,275,83.76637135658092,109.8842051842523,26.117833827671376,2,167.53274271316184,52.23566765534275,219.7684103685046,0.0,100,STABLE,2025-12-26
SKU0031,south,466,83.76637135658092,109.8842051842523,26.117833827671376,2,167.53274271316184,52.23566765534275,219.7684103685046,0.0,100,STABLE,2025-12-26
SKU0031,north,260,92.10549981842146,118.22085467288537,26.115354854463902,2,184.21099963684293,52.230709708927805,236.44170934577073,0.0,100,STABLE,2025-12-26
SKU0031,east,275,92.10549981842146,118.22085467288537,26.115354854463902,2,184.21099963684293,52.230709708927805,236.44170934577073,0.0,100,STABLE,2025-12-26
SKU0031,south,466,92.10549981842146,118.22085467288537,26.115354854463902,2,184.21099963684293,52.230709708927805,236.44170934577073,0.0,100,STABLE,2025-12-26
SKU0031,north,260,85.82582316083258,111.93887062545826,26.11304746462568,2,171.65164632166517,52.22609492925136,223.87774125091653,0.0,100,STABLE,2025-12-26
SKU0031,east,275,85.82582316083258,111.93887062545826,26.11304746462568,2,171.65164632166517,52.22609492925136,223.87774125091653,0.0,100,STABLE,2025-12-26
SKU0031,south,466,85.82582316083258,111.93887062545826,26.11304746462568,2,171.65164632166517,52.22609492925136,223.87774125091653,0.0,100,STABLE,2025-12-26
SKU0031,north,260,82.84128091948872,108.95218071878232,26.11089979929359,2,165.68256183897745,52.22179959858718,217.90436143756463,0.0,100,STABLE,2025-12-26
SKU0031,east,275,82.84128091948872,108.95218071878232,26.11089979929359,2,165.68256183897745,52.22179959858718,217.90436143756463,0.0,100,STABLE,2025-12-26
SKU0031,south,466,82.84128091948872,108.95218071878232,26.11089979929359,2,165.68256183897745,52.22179959858718,217.90436143756463,0.0,100,STABLE,2025-12-26
SKU0033,east,399,115.3127473423709,135.86076767411913,20.548020331748234,1,115.3127473423709,20.548020331748234,135.86076767411913,0.0,200,STABLE,2025-12-26
SKU0033,east,399,115.17137844965356,135.7088370146866,20.537458565033035,1,115.17137844965356,20.537458565033035,135.7088370146866,0.0,200,STABLE,2025-12-26
SKU0033,east,399,111.34042187153574,131.86801401259174,20.527592141056004,1,111.34042187153574,20.527592141056004,131.86801401259174,0.0,200,STABLE,2025-12-26
SKU0033,south,132,111.34042187153574,131.86801401259174,20.527592141056004,1,111.34042187153574,20.527592141056004,131.86801401259174,0.0,200,STABLE,2025-12-26
SKU0033,east,399,109.91123202644783,130.4296078302067,20.518375803758858,1,109.91123202644783,20.518375803758858,130.4296078302067,0.0,200,STABLE,2025-12-26
SKU0033,south,132,109.91123202644783,130.4296078302067,20.518375803758858,1,109.91123202644783,20.518375803758858,130.4296078302067,0.0,200,STABLE,2025-12-26
SKU0033,north,122,98.1069881808973,118.61675535745093,20.509767176553623,1,98.1069881808973,20.509767176553623,118.61675535745093,0.0,200,STABLE,2025-12-26
SKU0033,east,399,98.1069881808973,118.61675535745093,20.509767176553623,1,98.1069881808973,20.509767176553623,118.61675535745093,0.0,200,STABLE,2025-12-26
SKU0033,south,132,98.1069881808973,118.61675535745093,20.509767176553623,1,98.1069881808973,20.509767176553623,118.61675535745093,0.0,200,STABLE,2025-12-26
SKU0033,east,399,102.65628683333708,123.15801342084164,20.501726587504564,1,102.65628683333708,20.501726587504564,123.15801342084164,0.0,200,STABLE,2025-12-26
SKU0033,south,132,102.65628683333708,123.15801342084164,20.501726587504564,1,102.65628683333708,20.501726587504564,123.15801342084164,0.0,200,STABLE,2025-12-26
SKU0033,north,122,96.43467412070274,116.9288910246734,20.494216903970667,1,96.43467412070274,20.494216903970667,116.9288910246734,0.0,200,STABLE,2025-12-26
SKU0033,east,399,96.43467412070274,116.9288910246734,20.494216903970667,1,96.43467412070274,20.494216903970667,116.9288910246734,0.0,200,STABLE,2025-12-26
SKU0033,south,132,96.43467412070274,116.9288910246734,20.494216903970667,1,96.43467412070274,20.494216903970667,116.9288910246734,0.0,200,STABLE,2025-12-26
SKU0033,east,399,104.59845061657524,125.08565399301824,20.487203376443006,1,104.59845061657524,20.487203376443006,125.08565399301824,0.0,200,STABLE,2025-12-26
SKU0033,south,132,104.59845061657524,125.08565399301824,20.487203376443006,1,104.59845061657524,20.487203376443006,125.08565399301824,0.0,200,STABLE,2025-12-26
SKU0033,north,122,90.58913925379156,111.06979274497373,20.480653491182167,1,90.58913925379156,20.480653491182167,111.06979274497373,0.0,200,STABLE,2025-12-26
SKU0033,west,114,90.58913925379156,111.06979274497373,20.480653491182167,1,90.58913925379156,20.480653491182167,111.06979274497373,0.0,200,STABLE,2025-12-26
SKU0033,east,399,90.58913925379156,111.06979274497373,20.480653491182167,1,90.58913925379156,20.480653491182167,111.06979274497373,0.0,200,STABLE,2025-12-26
SKU0033,south,132,90.58913925379156,111.06979274497373,20.480653491182167,1,90.58913925379156,20.480653491182167,111.06979274497373,0.0,200,STABLE,2025-12-26
SKU0033,north,122,100.78994097002098,121.26447780128356,20.474536831262583,1,100.78994097002098,20.474536831262583,121.26447780128356,0.0,200,STABLE,2025-12-26
SKU0033,east,399,100.78994097002098,121.26447780128356,20.474536831262583,1,100.78994097002098,20.474536831262583,121.26447780128356,0.0,200,STABLE,2025-12-26
SKU0033,south,132,100.78994097002098,121.26447780128356,20.474536831262583,1,100.78994097002098,20.474536831262583,121.26447780128356,0.0,200,STABLE,2025-12-26
SKU0033,east,399,102.96641608001536,123.4352410256502,20.468824945634836,1,102.96641608001536,20.468824945634836,123.4352410256502,0.0,200,STABLE,2025-12-26
SKU0033,south,132,102.96641608001536,123.4352410256502,20.468824945634836,1,102.96641608001536,20.468824945634836,123.4352410256502,0.0,200,STABLE,2025-12-26
SKU0033,north,122,101.24482160759328,121.70831283341433,20.463491225821045,1,101.24482160759328,20.463491225821045,121.70831283341433,0.0,200,STABLE,2025-12-26
SKU0033,east,399,101.24482160759328,121.70831283341433,20.463491225821045,1,101.24482160759328,20.463491225821045,121.70831283341433,0.0,200,STABLE,2025-12-26
SKU0033,south,132,101.24482160759328,121.70831283341433,20.463491225821045,1,101.24482160759328,20.463491225821045,121.70831283341433,0.0,200,STABLE,2025-12-26
SKU0033,east,399,107.61325015118264,128.0717609410516,20.458510789868953,1,107.61325015118264,20.458510789868953,128.0717609410516,0.0,200,STABLE,2025-12-26
SKU0033,south,132,107.61325015118264,128.0717609410516,20.458510789868953,1,107.61325015118264,20.458510789868953,128.0717609410516,0.0,200,STABLE,2025-12-26
SKU0033,east,399,105.95398466145622,126.40784503465406,20.45386037319784,1,105.95398466145622,20.45386037319784,126.40784503465406,0.0,200,STABLE,2025-12-26
SKU0033,south,132,105.95398466145622,126.40784503465406,20.45386037319784,1,105.95398466145622,20.45386037319784,126.40784503465406,0.0,200,STABLE,2025-12-26
SKU0033,north,122,96.46253373426607,116.91205196024616,20.449518225980086,1,96.46253373426607,20.449518225980086,116.91205196024616,0.0,200,STABLE,2025-12-26
SKU0033,east,399,96.46253373426607,116.91205196024616,20.449518225980086,1,96.46253373426607,20.449518225980086,116.91205196024616,0.0,200,STABLE,2025-12-26
SKU0033,south,132,96.46253373426607,116.91205196024616,20.449518225980086,1,96.46253373426607,20.449518225980086,116.91205196024616,0.0,200,STABLE,2025-12-26
SKU0033,north,122,97.02343338066784,117.468897397382,20.445464016714155,1,97.02343338066784,20.445464016714155,117.468897397382,0.0,200,STABLE,2025-12-26
SKU0033,east,399,97.02343338066784,117.468897397382,20.445464016714155,1,97.02343338066784,20.445464016714155,117.468897397382,0.0,200,STABLE,2025-12-26
SKU0033,south,132,97.02343338066784,117.468897397382,20.445464016714155,1,97.02343338066784,20.445464016714155,117.468897397382,0.0,200,STABLE,2025-12-26
SKU0033,north,122,92.1087275707192,112.55040631237512,20.44167874165592,1,92.1087275707192,20.44167874165592,112.55040631237512,0.0,200,STABLE,2025-12-26
SKU0033,west,114,92.1087275707192,112.55040631237512,20.44167874165592,1,92.1087275707192,20.44167874165592,112.55040631237512,0.0,200,STABLE,2025-12-26
SKU0033,east,399,92.1087275707192,112.55040631237512,20.44167874165592,1,92.1087275707192,20.44167874165592,112.55040631237512,0.0,200,STABLE,2025-12-26
SKU0033,south,132,92.1087275707192,112.55040631237512,20.44167874165592,1,92.1087275707192,20.44167874165592,112.55040631237512,0.0,200,STABLE,2025-12-26
SKU0033,north,122,91.34814606820623,111.7862907079952,20.438144639788973,1,91.34814606820623,20.438144639788973,111.7862907079952,0.0,200,STABLE,2025-12-26
SKU0033,west,114,91.34814606820623,111.7862907079952,20.438144639788973,1,91.34814606820623,20.438144639788973,111.7862907079952,0.0,200,STABLE,2025-12-26
SKU0033,east,399,91.34814606820623,111.7862907079952,20.438144639788973,1,91.34814606820623,20.438144639788973,111.7862907079952,0.0,200,STABLE,2025-12-26
SKU0033,south,132,91.34814606820623,111.7862907079952,20.438144639788973,1,91.34814606820623,20.438144639788973,111.7862907079952,0.0,200,STABLE,2025-12-26
SKU0033,north,122,95.7234995889265,116.1583447019521,20.434845113025602,1,95.7234995889265,20.434845113025602,116.1583447019521,0.0,200,STABLE,2025-12-26
SKU0033,east,399,95.7234995889265,116.1583447019521,20.434845113025602,1,95.7234995889265,20.434845113025602,116.1583447019521,0.0,200,STABLE,2025-12-26
SKU0033,south,132,95.7234995889265,116.1583447019521,20.434845113025602,1,95.7234995889265,20.434845113025602,116.1583447019521,0.0,200,STABLE,2025-12-26
SKU0033,north,122,90.10000614801852,110.5317707993636,20.431764651345077,1,90.10000614801852,20.431764651345077,110.5317707993636,0.0,200,STABLE,2025-12-26
SKU0033,west,114,90.10000614801852,110.5317707993636,20.431764651345077,1,90.10000614801852,20.431764651345077,110.5317707993636,0.0,200,STABLE,2025-12-26
SKU0033,east,399,90.10000614801852,110.5317707993636,20.431764651345077,1,90.10000614801852,20.431764651345077,110.5317707993636,0.0,200,STABLE,2025-12-26
SKU0033,south,132,90.10000614801852,110.5317707993636,20.431764651345077,1,90.10000614801852,20.431764651345077,110.5317707993636,0.0,200,STABLE,2025-12-26
SKU0033,north,122,93.54160664424106,113.97049540682812,20.428888762587064,1,93.54160664424106,20.428888762587064,113.97049540682812,0.0,200,STABLE,2025-12-26
SKU0033,west,114,93.54160664424106,113.97049540682812,20.428888762587064,1,93.54160664424106,20.428888762587064,113.97049540682812,0.0,200,STABLE,2025-12-26
SKU0033,east,399,93.54160664424106,113.97049540682812,20.428888762587064,1,93.54160664424106,20.428888762587064,113.97049540682812,0.0,200,STABLE,2025-12-26
SKU0033,south,132,93.54160664424106,113.97049540682812,20.428888762587064,1,93.54160664424106,20.428888762587064,113.97049540682812,0.0,200,STABLE,2025-12-26
SKU0033,north,122,90.32395173960003,110.7501556462318,20.42620390663177,1,90.32395173960003,20.42620390663177,110.7501556462318,0.0,200,STABLE,2025-12-26
SKU0033,west,114,90.32395173960003,110.7501556462318,20.42620390663177,1,90.32395173960003,20.42620390663177,110.7501556462318,0.0,200,STABLE,2025-12-26
SKU0033,east,399,90.32395173960003,110.7501556462318,20.42620390663177,1,90.32395173960003,20.42620390663177,110.7501556462318,0.0,200,STABLE,2025-12-26
SKU0033,south,132,90.32395173960003,110.7501556462318,20.42620390663177,1,90.32395173960003,20.42620390663177,110.7501556462318,0.0,200,STABLE,2025-12-26
SKU0033,north,122,87.32530221669913,107.74899965041097,20.423697433711837,1,87.32530221669913,20.423697433711837,107.74899965041097,0.0,200,STABLE,2025-12-26
SKU0033,west,114,87.32530221669913,107.74899965041097,20.423697433711837,1,87.32530221669913,20.423697433711837,107.74899965041097,0.0,200,STABLE,2025-12-26
SKU0033,east,399,87.32530221669913,107.74899965041097,20.423697433711837,1,87.32530221669913,20.423697433711837,107.74899965041097,0.0,200,STABLE,2025-12-26
SKU0033,south,132,87.32530221669913,107.74899965041097,20.423697433711837,1,87.32530221669913,20.423697433711837,107.74899965041097,0.0,200,STABLE,2025-12-26
SKU0033,north,122,91.03085164341464,111.45220917002608,20.421357526611445,1,91.03085164341464,20.421357526611445,111.45220917002608,0.0,200,STABLE,2025-12-26
SKU0033,west,114,91.03085164341464,111.45220917002608,20.421357526611445,1,91.03085164341464,20.421357526611445,111.45220917002608,0.0,200,STABLE,2025-12-26
SKU0033,east,399,91.03085164341464,111.45220917002608,20.421357526611445,1,91.03085164341464,20.421357526611445,111.45220917002608,0.0,200,STABLE,2025-12-26
SKU0033,south,132,91.03085164341464,111.45220917002608,20.421357526611445,1,91.03085164341464,20.421357526611445,111.45220917002608,0.0,200,STABLE,2025-12-26
SKU0033,north,122,81.98199264389669,102.40116579041953,20.419173146522837,1,81.98199264389669,20.419173146522837,102.40116579041953,0.0,200,STABLE,2025-12-26
SKU0033,west,114,81.98199264389669,102.40116579041953,20.419173146522837,1,81.98199264389669,20.419173146522837,102.40116579041953,0.0,200,STABLE,2025-12-26
SKU0033,east,399,81.98199264389669,102.40116579041953,20.419173146522837,1,81.98199264389669,20.419173146522837,102.40116579041953,0.0,200,STABLE,2025-12-26
SKU0033,south,132,81.98199264389669,102.40116579041953,20.419173146522837,1,81.98199264389669,20.419173146522837,102.40116579041953,0.0,200,STABLE,2025-12-26
SKU0033,north,122,86.514929466215,106.9320634485554,20.417133982340403,1,86.514929466215,20.417133982340403,106.9320634485554,0.0,200,STABLE,2025-12-26
SKU0033,west,114,86.514929466215,106.9320634485554,20.417133982340403,1,86.514929466215,20.417133982340403,106.9320634485554,0.0,200,STABLE,2025-12-26
SKU0033,east,399,86.514929466215,106.9320634485554,20.417133982340403,1,86.514929466215,20.417133982340403,106.9320634485554,0.0,200,STABLE,2025-12-26
SKU0033,south,132,86.514929466215,106.9320634485554,20.417133982340403,1,86.514929466215,20.417133982340403,106.9320634485554,0.0,200,STABLE,2025-12-26
SKU0036,east,580,95.81405723353612,141.36890843309914,45.55485119956302,4,383.2562289341445,182.21940479825207,565.4756337323965,0.0,100,STABLE,2025-12-26
SKU0036,east,580,88.68812557597022,135.71367917822505,47.02555360225483,4,354.7525023038809,188.10221440901933,542.8547167129002,0.0,100,STABLE,2025-12-26
SKU0036,east,580,91.15177743176118,143.18865514447674,52.036877712715565,4,364.6071097270447,208.14751085086226,572.754620577907,0.0,100,STABLE,2025-12-26
SKU0036,east,580,78.09226754193784,132.34989057725718,54.25762303531934,4,312.3690701677514,217.03049214127736,529.3995623090287,0.0,100,STABLE,2025-12-26
SKU0036,east,580,86.53902345690977,141.85114819254488,55.31212473563511,4,346.1560938276391,221.24849894254044,567.4045927701795,0.0,100,STABLE,2025-12-26
SKU0036,east,580,58.33685823315865,114.66980824110529,56.332950007946636,4,233.3474329326346,225.33180003178654,458.67923296442115,0.0,100,STABLE,2025-12-26
SKU0036,east,580,48.98755100824584,106.30993490153232,57.32238389328648,4,195.95020403298335,229.2895355731459,425.23973960612926,0.0,100,STABLE,2025-12-26
SKU0036,east,580,78.48908817745908,136.7715450122725,58.282456834813416,4,313.9563527098363,233.12982733925367,547.08618004909,0.0,100,STABLE,2025-12-26
SKU0036,east,580,35.55654166889443,95.67813420094612,60.121592532051686,4,142.22616667557773,240.48637012820674,382.7125368037845,0.0,100,STABLE,2025-12-26
SKU0036,east,580,76.21820841773518,137.2219637508181,61.00375533308292,4,304.87283367094074,244.01502133233168,548.8878550032724,0.0,100,STABLE,2025-12-26
SKU0036,east,580,71.06238668584278,132.9251908936654,61.862804207822606,4,284.2495467433711,247.45121683129042,531.7007635746616,0.0,100,STABLE,2025-12-26
SKU0036,east,580,76.1996640471895,138.8996156781843,62.69995163099479,4,304.798656188758,250.79980652397916,555.5984627127372,0.0,100,STABLE,2025-12-26
SKU0037,south,305,114.13508041875096,146.99477674621392,32.859696327462956,2,228.27016083750192,65.71939265492591,293.98955349242783,0.0,100,STABLE,2025-12-26
SKU0037,south,305,115.4198942516287,148.26968655650109,32.84979230487238,2,230.8397885032574,65.69958460974476,296.53937311300217,0.0,100,STABLE,2025-12-26
SKU0037,south,305,119.27886052826052,152.11961420269972,32.8407536744392,2,238.55772105652105,65.6815073488784,304.23922840539944,0.0,100,STABLE,2025-12-26
SKU0037,south,305,119.49280825348151,152.32934335661,32.83653510312848,2,238.98561650696303,65.67307020625697,304.65868671322,0.0,100,STABLE,2025-12-26
SKU0037,south,305,115.22739896508848,148.05605448748685,32.828655522398364,2,230.45479793017697,65.65731104479673,296.1121089749737,0.0,100,STABLE,2025-12-26
SKU0037,south,305,118.97637167223333,151.80140509041456,32.825033418181235,2,237.95274334446665,65.65006683636247,303.6028101808291,0.0,100,STABLE,2025-12-26
SKU0037,south,305,107.9081632015594,139.89204230888768,31.983879107328278,2,215.8163264031188,63.967758214656556,279.78408461777536,0.0,100,STABLE,2025-12-26
SKU0037,south,305,106.47138980186142,138.44373722317692,31.972347421315504,2,212.94277960372284,63.94469484263101,276.88747444635385,0.0,100,STABLE,2025-12-26
SKU0038,south,525,99.72545542214502,129.28939139056845,29.563935968423436,2,199.45091084429004,59.12787193684687,258.5787827811369,0.0,200,STABLE,2025-12-26
SKU0038,south,525,118.7475916807609,148.3053866684178,29.557794987656905,2,237.4951833615218,59.11558997531381,296.6107733368356,0.0,200,STABLE,2025-12-26
SKU0038,south,525,121.49898498982418,151.05130640588823,29.552321416064046,2,242.99796997964836,59.10464283212809,302.10261281177645,0.0,200,STABLE,2025-12-26
SKU0038,south,525,107.1289296528696,136.67637165394186,29.547442001072255,2,214.2578593057392,59.09488400214451,273.3527433078837,0.0,200,STABLE,2025-12-26
SKU0038,south,525,111.98130257936933,141.5243949705093,29.543092391139965,2,223.96260515873865,59.08618478227993,283.0487899410186,0.0,200,STABLE,2025-12-26
SKU0038,south,525,114.07636137947767,143.61557655461598,29.53921517513831,2,228.15272275895535,59.07843035027662,287.23115310923197,0.0,200,STABLE,2025-12-26
SKU0038,south,525,108.05608474413592,137.59184388373438,29.53575913959847,2,216.11216948827183,59.07151827919694,275.18368776746877,0.0,200,STABLE,2025-12-26
SKU0038,south,525,105.18837191443242,134.72105051892495,29.53267860449253,2,210.37674382886485,59.06535720898506,269.4421010378499,0.0,200,STABLE,2025-12-26
SKU0038,south,525,109.41476324375331,138.9446960729618,29.529932829208477,2,218.82952648750663,59.05986565841695,277.8893921459236,0.0,200,STABLE,2025-12-26
SKU0038,south,525,104.6724170581976,134.19990253970428,29.527485481506687,2,209.3448341163952,59.054970963013375,268.39980507940857,0.0,200,STABLE,2025-12-26
SKU0038,south,525,103.63602270846071,133.1613268714023,29.525304162941595,2,207.27204541692143,59.05060832588319,266.3226537428046,0.0,200,STABLE,2025-12-26
SKU0038,south,525,89.40042880051037,118.92378878538406,29.523359984873693,2,178.80085760102074,59.046719969747386,237.84757757076812,0.0,200,STABLE,2025-12-26
SKU0038,south,525,98.87182462747408,128.39345181725653,29.52162718978245,2,197.74364925494817,59.0432543795649,256.78690363451307,0.0,200,STABLE,2025-12-26
SKU0038,south,525,94.29572455696344,123.8158073700844,29.520082813120965,2,188.59144911392687,59.04016562624193,247.6316147401688,0.0,200,STABLE,2025-12-26
SKU0038,south,525,113.13961900174098,142.65832538317792,29.518706381436942,2,226.27923800348196,59.037412762873885,285.31665076635585,0.0,200,STABLE,2025-12-26
SKU0038,south,525,108.06747214835283,137.584951791276,29.517479642923178,2,216.13494429670567,59.034959285846355,275.169903582552,0.0,200,STABLE,2025-12-26
SKU0038,south,525,100.20756155857744,129.72394788553083,29.516386326953395,2,200.41512311715488,59.03277265390679,259.44789577106167,0.0,200,STABLE,2025-12-26
SKU0038,south,525,97.16671220614924,126.68212413566852,29.515411929519274,2,194.33342441229848,59.03082385903855,253.36424827133703,0.0,200,STABLE,2025-12-26
SKU0038,west,234,84.57591693984341,114.09046046164784,29.514543521804427,2,169.15183387968682,59.029087043608854,228.18092092329567,0.0,200,STABLE,2025-12-26
SKU0038,south,525,84.57591693984341,114.09046046164784,29.514543521804427,2,169.15183387968682,59.029087043608854,228.18092092329567,0.0,200,STABLE,2025-12-26
SKU0038,south,525,95.96065854186864,125.4744281212894,29.513769579420767,2,191.92131708373728,59.027539158841535,250.9488562425788,0.0,200,STABLE,2025-12-26
SKU0038,south,525,89.33871307231605,118.8517929024096,29.513079830093545,2,178.6774261446321,59.02615966018709,237.7035858048192,0.0,200,STABLE,2025-12-26
SKU0038,west,234,83.86672272569722,113.37918784351348,29.512465117816262,2,167.73344545139443,59.024930235632525,226.75837568702696,0.0,200,STABLE,2025-12-26
SKU0038,south,525,83.86672272569722,113.37918784351348,29.512465117816262,2,167.73344545139443,59.024930235632525,226.75837568702696,0.0,200,STABLE,2025-12-26
SKU0038,west,234,86.02547982989529,115.53739711344843,29.511917283553146,2,172.05095965979058,59.02383456710629,231.07479422689687,0.0,200,STABLE,2025-12-26
SKU0038,south,525,86.02547982989529,115.53739711344843,29.511917283553146,2,172.05095965979058,59.02383456710629,231.07479422689687,0.0,200,STABLE,2025-12-26
SKU0038,south,525,91.86836994677344,121.37980415377234,29.5114342069989,2,183.73673989354688,59.0228684139978,242.75960830754468,0.0,200,STABLE,2025-12-26
SKU0038,south,525,92.20676014840316,121.65728206588808,29.45052191748492,2,184.41352029680633,58.90104383496984,243.31456413177617,0.0,200,STABLE,2025-12-26
SKU0038,west,234,81.35169909509312,110.79972790859613,29.448028813503,2,162.70339819018625,58.896057627006,221.59945581719225,0.0,200,STABLE,2025-12-26
SKU0038,south,525,81.35169909509312,110.79972790859613,29.448028813503,2,162.70339819018625,58.896057627006,221.59945581719225,0.0,200,STABLE,2025-12-26
SKU0039,north,253,128.55034401077015,156.3898053523958,27.83946134162565,1,128.55034401077015,27.83946134162565,156.3898053523958,0.0,200,STABLE,2025-12-26
SKU0039,east,202,128.55034401077015,156.3898053523958,27.83946134162565,1,128.55034401077015,27.83946134162565,156.3898053523958,0.0,200,STABLE,2025-12-26
SKU0039,west,266,128.55034401077015,156.3898053523958,27.83946134162565,1,128.55034401077015,27.83946134162565,156.3898053523958,0.0,200,STABLE,2025-12-26
SKU0039,south,576,128.55034401077015,156.3898053523958,27.83946134162565,1,128.55034401077015,27.83946134162565,156.3898053523958,0.0,200,STABLE,2025-12-26
SKU0039,north,253,121.53643831908887,149.43153744002842,27.89509912093955,1,121.53643831908887,27.89509912093955,149.43153744002842,0.0,200,STABLE,2025-12-26
SKU0039,east,202,121.53643831908887,149.43153744002842,27.89509912093955,1,121.53643831908887,27.89509912093955,149.43153744002842,0.0,200,STABLE,2025-12-26
SKU0039,west,266,121.53643831908887,149.43153744002842,27.89509912093955,1,121.53643831908887,27.89509912093955,149.43153744002842,0.0,200,STABLE,2025-12-26
SKU0039,south,576,121.53643831908887,149.43153744002842,27.89509912093955,1,121.53643831908887,27.89509912093955,149.43153744002842,0.0,200,STABLE,2025-12-26
SKU0039,north,253,138.84149876237768,166.7969498224188,27.955451060041128,1,138.84149876237768,27.955451060041128,166.7969498224188,0.0,200,STABLE,2025-12-26
SKU0039,east,202,138.84149876237768,166.7969498224188,27.955451060041128,1,138.84149876237768,27.955451060041128,166.7969498224188,0.0,200,STABLE,2025-12-26
SKU0039,west,266,138.84149876237768,166.7969498224188,27.955451060041128,1,138.84149876237768,27.955451060041128,166.7969498224188,0.0,200,STABLE,2025-12-26
SKU0039,south,576,138.84149876237768,166.7969498224188,27.955451060041128,1,138.84149876237768,27.955451060041128,166.7969498224188,0.0,200,STABLE,2025-12-26
SKU0039,north,253,131.73505437028513,159.75602331434527,28.020968944060144,1,131.73505437028513,28.020968944060144,159.75602331434527,0.0,200,STABLE,2025-12-26
SKU0039,east,202,131.73505437028513,159.75602331434527,28.020968944060144,1,131.73505437028513,28.020968944060144,159.75602331434527,0.0,200,STABLE,2025-12-26
SKU0039,west,266,131.73505437028513,159.75602331434527,28.020968944060144,1,131.73505437028513,28.020968944060144,159.75602331434527,0.0,200,STABLE,2025-12-26
SKU0039,south,576,131.73505437028513,159.75602331434527,28.020968944060144,1,131.73505437028513,28.020968944060144,159.75602331434527,0.0,200,STABLE,2025-12-26
SKU0039,north,253,157.78158950255713,185.8736604702352,28.09207096767807,1,157.78158950255713,28.09207096767807,185.8736604702352,0.0,200,STABLE,2025-12-26
SKU0039,east,202,157.78158950255713,185.8736604702352,28.09207096767807,1,157.78158950255713,28.09207096767807,185.8736604702352,0.0,200,STABLE,2025-12-26
SKU0039,west,266,157.78158950255713,185.8736604702352,28.09207096767807,1,157.78158950255713,28.09207096767807,185.8736604702352,0.0,200,STABLE,2025-12-26
SKU0039,south,576,157.78158950255713,185.8736604702352,28.09207096767807,1,157.78158950255713,28.09207096767807,185.8736604702352,0.0,200,STABLE,2025-12-26
SKU0039,north,253,118.83446795213176,147.0036731510493,28.16920519891754,1,118.83446795213176,28.16920519891754,147.0036731510493,0.0,200,STABLE,2025-12-26
SKU0039,east,202,118.83446795213176,147.0036731510493,28.16920519891754,1,118.83446795213176,28.16920519891754,147.0036731510493,0.0,200,STABLE,2025-12-26
SKU0039,west,266,118.83446795213176,147.0036731510493,28.16920519891754,1,118.83446795213176,28.16920519891754,147.0036731510493,0.0,200,STABLE,2025-12-26
SKU0039,south,576,118.83446795213176,147.0036731510493,28.16920519891754,1,118.83446795213176,28.16920519891754,147.0036731510493,0.0,200,STABLE,2025-12-26
SKU0039,north,253,137.42554732056715,165.6783984110296,28.252851090462457,1,137.42554732056715,28.252851090462457,165.6783984110296,0.0,200,STABLE,2025-12-26
SKU0039,east,202,137.42554732056715,165.6783984110296,28.252851090462457,1,137.42554732056715,28.252851090462457,165.6783984110296,0.0,200,STABLE,2025-12-26
SKU0039,west,266,137.42554732056715,165.6783984110296,28.252851090462457,1,137.42554732056715,28.252851090462457,165.6783984110296,0.0,200,STABLE,2025-12-26
SKU0039,south,576,137.42554732056715,165.6783984110296,28.252851090462457,1,137.42554732056715,28.252851090462457,165.6783984110296,0.0,200,STABLE,2025-12-26
SKU0039,north,253,151.61908507378644,179.96260604334927,28.34352096956283,1,151.61908507378644,28.34352096956283,179.96260604334927,0.0,200,STABLE,2025-12-26
SKU0039,east,202,151.61908507378644,179.96260604334927,28.34352096956283,1,151.61908507378644,28.34352096956283,179.96260604334927,0.0,200,STABLE,2025-12-26
SKU0039,west,266,151.61908507378644,179.96260604334927,28.34352096956283,1,151.61908507378644,28.34352096956283,179.96260604334927,0.0,200,STABLE,2025-12-26
SKU0039,south,576,151.61908507378644,179.96260604334927,28.34352096956283,1,151.61908507378644,28.34352096956283,179.96260604334927,0.0,200,STABLE,2025-12-26
SKU0039,north,253,190.55863372282505,219.00039521723423,28.441761494409178,1,190.55863372282505,28.441761494409178,219.00039521723423,0.0,200,STABLE,2025-12-26
SKU0039,west,266,190.55863372282505,219.00039521723423,28.441761494409178,1,190.55863372282505,28.441761494409178,219.00039521723423,0.0,200,STABLE,2025-12-26
SKU0039,south,576,190.55863372282505,219.00039521723423,28.441761494409178,1,190.55863372282505,28.441761494409178,219.00039521723423,0.0,200,STABLE,2025-12-26
SKU0039,north,253,178.44755692353766,206.9957119838376,28.548155060299933,1,178.44755692353766,28.548155060299933,206.9957119838376,0.0,200,STABLE,2025-12-26
SKU0039,west,266,178.44755692353766,206.9957119838376,28.548155060299933,1,178.44755692353766,28.548155060299933,206.9957119838376,0.0,200,STABLE,2025-12-26
SKU0039,south,576,178.44755692353766,206.9957119838376,28.548155060299933,1,178.44755692353766,28.548155060299933,206.9957119838376,0.0,200,STABLE,2025-12-26
SKU0039,north,253,190.7829081535279,219.4462292915568,28.66332113802889,1,190.7829081535279,28.66332113802889,219.4462292915568,0.0,200,STABLE,2025-12-26
SKU0039,west,266,190.7829081535279,219.4462292915568,28.66332113802889,1,190.7829081535279,28.66332113802889,219.4462292915568,0.0,200,STABLE,2025-12-26
SKU0039,south,576,190.7829081535279,219.4462292915568,28.66332113802889,1,190.7829081535279,28.66332113802889,219.4462292915568,0.0,200,STABLE,2025-12-26
SKU0039,north,253,174.77351919707442,203.5614367234849,28.787917526410467,1,174.77351919707442,28.787917526410467,203.5614367234849,0.0,200,STABLE,2025-12-26
SKU0039,west,266,174.77351919707442,203.5614367234849,28.787917526410467,1,174.77351919707442,28.787917526410467,203.5614367234849,0.0,200,STABLE,2025-12-26
SKU0039,south,576,174.77351919707442,203.5614367234849,28.787917526410467,1,174.77351919707442,28.787917526410467,203.5614367234849,0.0,200,STABLE,2025-12-26
SKU0039,north,253,177.4782437630113,206.40088526386447,28.92264150085316,1,177.4782437630113,28.92264150085316,206.40088526386447,0.0,200,STABLE,2025-12-26
SKU0039,west,266,177.4782437630113,206.40088526386447,28.92264150085316,1,177.4782437630113,28.92264150085316,206.40088526386447,0.0,200,STABLE,2025-12-26
SKU0039,south,576,177.4782437630113,206.40088526386447,28.92264150085316,1,177.4782437630113,28.92264150085316,206.40088526386447,0.0,200,STABLE,2025-12-26
SKU0039,north,253,208.04749372064995,237.1157245611307,29.068230840480737,1,208.04749372064995,29.068230840480737,237.1157245611307,0.0,200,STABLE,2025-12-26
SKU0039,west,266,208.04749372064995,237.1157245611307,29.068230840480737,1,208.04749372064995,29.068230840480737,237.1157245611307,0.0,200,STABLE,2025-12-26
SKU0039,south,576,208.04749372064995,237.1157245611307,29.068230840480737,1,208.04749372064995,29.068230840480737,237.1157245611307,0.0,200,STABLE,2025-12-26
SKU0039,south,576,240.79312653104333,270.0185912486337,29.22546471759037,1,240.79312653104333,29.22546471759037,270.0185912486337,0.0,200,STABLE,2025-12-26
SKU0039,south,576,238.17251129596104,267.56767573126194,29.3951644353009,1,238.17251129596104,29.3951644353009,267.56767573126194,0.0,200,STABLE,2025-12-26
SKU0039,south,576,258.41964770115936,287.9978417032995,29.57819400214015,1,258.41964770115936,29.57819400214015,287.9978417032995,0.0,200,STABLE,2025-12-26
SKU0039,south,576,267.3678599768757,297.1433205129507,29.775460536075002,1,267.3678599768757,29.775460536075002,297.1433205129507,0.0,200,STABLE,2025-12-26
SKU0039,south,576,283.3156733001876,313.3035877952564,29.98791449506882,1,283.3156733001876,29.98791449506882,313.3035877952564,0.0,200,STABLE,2025-12-26
SKU0039,south,576,324.9043844548153,355.12093419140854,30.216549736593265,1,324.9043844548153,30.216549736593265,355.12093419140854,0.0,200,STABLE,2025-12-26
SKU0039,south,576,342.76113536676934,373.22353878127024,30.462403414500898,1,342.76113536676934,30.462403414500898,373.22353878127024,0.0,200,STABLE,2025-12-26
SKU0039,south,576,318.6357970928992,349.36235282097886,30.72655572807963,1,318.6357970928992,30.72655572807963,349.36235282097886,0.0,200,STABLE,2025-12-26
SKU0039,south,576,333.43158972663883,364.4417192713824,31.010129544743563,1,333.43158972663883,31.010129544743563,364.4417192713824,0.0,200,STABLE,2025-12-26
SKU0039,south,576,365.5099327504722,396.8242226748369,31.314289924364687,1,365.5099327504722,31.314289924364687,396.8242226748369,0.0,200,STABLE,2025-12-26
SKU0039,south,576,400.02047508038913,431.6607186598071,31.640243579417984,1,400.02047508038913,31.640243579417984,431.6607186598071,0.0,200,STABLE,2025-12-26
SKU0039,south,576,432.26746773429807,464.25670604486254,31.989238310564474,1,432.26746773429807,31.989238310564474,464.25670604486254,0.0,200,STABLE,2025-12-26
SKU0040,north,366,129.6949025564596,166.32636517442506,36.63146261796547,1,129.6949025564596,36.63146261796547,166.32636517442506,0.0,50,STABLE,2025-12-26
SKU0040,east,302,129.6949025564596,166.32636517442506,36.63146261796547,1,129.6949025564596,36.63146261796547,166.32636517442506,0.0,50,STABLE,2025-12-26
SKU0040,north,366,124.54454783482244,162.39452500523385,37.84997717041141,1,124.54454783482244,37.84997717041141,162.39452500523385,0.0,50,STABLE,2025-12-26
SKU0040,east,302,124.54454783482244,162.39452500523385,37.84997717041141,1,124.54454783482244,37.84997717041141,162.39452500523385,0.0,50,STABLE,2025-12-26
SKU0040,south,165,124.54454783482244,162.39452500523385,37.84997717041141,1,124.54454783482244,37.84997717041141,162.39452500523385,0.0,50,STABLE,2025-12-26
SKU0040,north,366,111.23511095319566,150.25600053193284,39.02088957873718,1,111.23511095319566,39.02088957873718,150.25600053193284,0.0,50,STABLE,2025-12-26
SKU0040,east,302,111.23511095319566,150.25600053193284,39.02088957873718,1,111.23511095319566,39.02088957873718,150.25600053193284,0.0,50,STABLE,2025-12-26
SKU0040,south,165,111.23511095319566,150.25600053193284,39.02088957873718,1,111.23511095319566,39.02088957873718,150.25600053193284,0.0,50,STABLE,2025-12-26
SKU0040,north,366,118.919680260142,159.07059520680696,40.150914946664955,1,118.919680260142,40.150914946664955,159.07059520680696,0.0,50,STABLE,2025-12-26
SKU0040,east,302,118.919680260142,159.07059520680696,40.150914946664955,1,118.919680260142,40.150914946664955,159.07059520680696,0.0,50,STABLE,2025-12-26
SKU0040,south,165,118.919680260142,159.07059520680696,40.150914946664955,1,118.919680260142,40.150914946664955,159.07059520680696,0.0,50,STABLE,2025-12-26
SKU0040,north,366,109.69825165880476,150.94365677970703,41.24540512090226,1,109.69825165880476,41.24540512090226,150.94365677970703,0.0,50,STABLE,2025-12-26
SKU0040,east,302,109.69825165880476,150.94365677970703,41.24540512090226,1,109.69825165880476,41.24540512090226,150.94365677970703,0.0,50,STABLE,2025-12-26
SKU0040,south,165,109.69825165880476,150.94365677970703,41.24540512090226,1,109.69825165880476,41.24540512090226,150.94365677970703,0.0,50,STABLE,2025-12-26
SKU0040,north,366,110.0020967462338,152.3108122515391,42.30871550530529,1,110.0020967462338,42.30871550530529,152.3108122515391,0.0,50,STABLE,2025-12-26
SKU0040,east,302,110.0020967462338,152.3108122515391,42.30871550530529,1,110.0020967462338,42.30871550530529,152.3108122515391,0.0,50,STABLE,2025-12-26
SKU0040,south,165,110.0020967462338,152.3108122515391,42.30871550530529,1,110.0020967462338,42.30871550530529,152.3108122515391,0.0,50,STABLE,2025-12-26
SKU0040,north,366,130.90791039333655,174.25235671825934,43.344446324922785,1,130.90791039333655,43.344446324922785,174.25235671825934,0.0,50,STABLE,2025-12-26
SKU0040,east,302,130.90791039333655,174.25235671825934,43.344446324922785,1,130.90791039333655,43.344446324922785,174.25235671825934,0.0,50,STABLE,2025-12-26
SKU0040,north,366,143.26968841093856,187.62530215145523,44.355613740516674,1,143.26968841093856,44.355613740516674,187.62530215145523,0.0,50,STABLE,2025-12-26
SKU0040,east,302,143.26968841093856,187.62530215145523,44.355613740516674,1,143.26968841093856,44.355613740516674,187.62530215145523,0.0,50,STABLE,2025-12-26
SKU0040,north,366,119.88042243294204,165.2251966559462,45.344774223004165,1,119.88042243294204,45.344774223004165,165.2251966559462,0.0,50,STABLE,2025-12-26
SKU0040,east,302,119.88042243294204,165.2251966559462,45.344774223004165,1,119.88042243294204,45.344774223004165,165.2251966559462,0.0,50,STABLE,2025-12-26
SKU0040,north,366,105.437547762736,151.75166465386044,46.31411689112444,1,105.437547762736,46.31411689112444,151.75166465386044,0.0,50,STABLE,2025-12-26
SKU0040,east,302,105.437547762736,151.75166465386044,46.31411689112444,1,105.437547762736,46.31411689112444,151.75166465386044,0.0,50,STABLE,2025-12-26
SKU0040,south,165,105.437547762736,151.75166465386044,46.31411689112444,1,105.437547762736,46.31411689112444,151.75166465386044,0.0,50,STABLE,2025-12-26
SKU0040,north,366,100.5167301946192,147.78226354049104,47.265533345871845,1,100.5167301946192,47.265533345871845,147.78226354049104,0.0,50,STABLE,2025-12-26
SKU0040,east,302,100.5167301946192,147.78226354049104,47.265533345871845,1,100.5167301946192,47.265533345871845,147.78226354049104,0.0,50,STABLE,2025-12-26
SKU0040,south,165,100.5167301946192,147.78226354049104,47.265533345871845,1,100.5167301946192,47.265533345871845,147.78226354049104,0.0,50,STABLE,2025-12-26
SKU0040,north,366,115.42133486980018,163.6220062250342,48.20067135523402,1,115.42133486980018,48.20067135523402,163.6220062250342,0.0,50,STABLE,2025-12-26
SKU0040,east,302,115.42133486980018,163.6220062250342,48.20067135523402,1,115.42133486980018,48.20067135523402,163.6220062250342,0.0,50,STABLE,2025-12-26
SKU0040,south,165,115.42133486980018,163.6220062250342,48.20067135523402,1,115.42133486980018,48.20067135523402,163.6220062250342,0.0,50,STABLE,2025-12-26
SKU0040,north,366,117.11508107423803,166.2360578011514,49.120976726913355,1,117.11508107423803,49.120976726913355,166.2360578011514,0.0,50,STABLE,2025-12-26
SKU0040,east,302,117.11508107423803,166.2360578011514,49.120976726913355,1,117.11508107423803,49.120976726913355,166.2360578011514,0.0,50,STABLE,2025-12-26
SKU0040,north,366,108.12509960257104,158.15282599698276,50.027726394411715,1,108.12509960257104,50.027726394411715,158.15282599698276,0.0,50,STABLE,2025-12-26
SKU0040,east,302,108.12509960257104,158.15282599698276,50.027726394411715,1,108.12509960257104,50.027726394411715,158.15282599698276,0.0,50,STABLE,2025-12-26
SKU0040,south,165,108.12509960257104,158.15282599698276,50.027726394411715,1,108.12509960257104,50.027726394411715,158.15282599698276,0.0,50,STABLE,2025-12-26
SKU0040,north,366,114.49032425976438,165.412379127006,50.92205486724163,1,114.49032425976438,50.92205486724163,165.412379127006,0.0,50,STABLE,2025-12-26
SKU0040,east,302,114.49032425976438,165.412379127006,50.92205486724163,1,114.49032425976438,50.92205486724163,165.412379127006,0.0,50,STABLE,2025-12-26
SKU0040,north,366,134.65975320505487,186.4647288057106,51.80497560065572,1,134.65975320505487,51.80497560065572,186.4647288057106,0.0,50,STABLE,2025-12-26
SKU0040,east,302,134.65975320505487,186.4647288057106,51.80497560065572,1,134.65975320505487,51.80497560065572,186.4647288057106,0.0,50,STABLE,2025-12-26
SKU0040,north,366,115.96425218256913,168.64165060986238,52.677398427293255,1,115.96425218256913,52.677398427293255,168.64165060986238,0.0,50,STABLE,2025-12-26
SKU0040,east,302,115.96425218256913,168.64165060986238,52.677398427293255,1,115.96425218256913,52.677398427293255,168.64165060986238,0.0,50,STABLE,2025-12-26
SKU0040,north,366,120.9847043553365,174.52484825699173,53.54014390165523,1,120.9847043553365,53.54014390165523,174.52484825699173,0.0,50,STABLE,2025-12-26
SKU0040,east,302,120.9847043553365,174.52484825699173,53.54014390165523,1,120.9847043553365,53.54014390165523,174.52484825699173,0.0,50,STABLE,2025-12-26
SKU0040,north,366,131.44793571702024,185.84189091642395,54.393955199403706,1,131.44793571702024,54.393955199403706,185.84189091642395,0.0,50,STABLE,2025-12-26
SKU0040,east,302,131.44793571702024,185.84189091642395,54.393955199403706,1,131.44793571702024,54.393955199403706,185.84189091642395,0.0,50,STABLE,2025-12-26
SKU0040,north,366,137.44687606706287,192.68638412861625,55.23950806155338,1,137.44687606706287,55.23950806155338,192.68638412861625,0.0,50,STABLE,2025-12-26
SKU0040,east,302,137.44687606706287,192.68638412861625,55.23950806155338,1,137.44687606706287,55.23950806155338,192.68638412861625,0.0,50,STABLE,2025-12-26
SKU0040,north,366,132.5682028692373,188.64562203096312,56.07741916172583,1,132.5682028692373,56.07741916172583,188.64562203096312,0.0,50,STABLE,2025-12-26
SKU0040,east,302,132.5682028692373,188.64562203096312,56.07741916172583,1,132.5682028692373,56.07741916172583,188.64562203096312,0.0,50,STABLE,2025-12-26
SKU0040,north,366,132.3572224232975,189.2654756144877,56.90825319119023,1,132.3572224232975,56.90825319119023,189.2654756144877,0.0,50,STABLE,2025-12-26
SKU0040,east,302,132.3572224232975,189.2654756144877,56.90825319119023,1,132.3572224232975,56.90825319119023,189.2654756144877,0.0,50,STABLE,2025-12-26
SKU0040,north,366,146.33931793863488,204.07184683215732,57.73252889352244,1,146.33931793863488,57.73252889352244,204.07184683215732,0.0,50,STABLE,2025-12-26
SKU0040,east,302,146.33931793863488,204.07184683215732,57.73252889352244,1,146.33931793863488,57.73252889352244,204.07184683215732,0.0,50,STABLE,2025-12-26
SKU0040,north,366,131.7552190675448,190.30594330033492,58.55072423279012,1,131.7552190675448,58.55072423279012,190.30594330033492,0.0,50,STABLE,2025-12-26
SKU0040,east,302,131.7552190675448,190.30594330033492,58.55072423279012,1,131.7552190675448,58.55072423279012,190.30594330033492,0.0,50,STABLE,2025-12-26
SKU0040,north,366,143.99802223697,203.3613030793101,59.36328084234009,1,143.99802223697,59.36328084234009,203.3613030793101,0.0,50,STABLE,2025-12-26
SKU0040,east,302,143.99802223697,203.3613030793101,59.36328084234009,1,143.99802223697,59.36328084234009,203.3613030793101,0.0,50,STABLE,2025-12-26
SKU0040,north,366,139.14208979961566,199.3126976722795,60.17060787266385,1,139.14208979961566,60.17060787266385,199.3126976722795,0.0,50,STABLE,2025-12-26
SKU0040,east,302,139.14208979961566,199.3126976722795,60.17060787266385,1,139.14208979961566,60.17060787266385,199.3126976722795,0.0,50,STABLE,2025-12-26
SKU0042,south,488,136.0828377005444,167.89291594514924,31.810078244604853,2,272.1656754010888,63.620156489209705,335.7858318902985,0.0,50,STABLE,2025-12-26
SKU0042,south,488,134.00484803360513,166.89242880632804,32.88758077272291,2,268.00969606721026,65.77516154544583,333.7848576126561,0.0,50,STABLE,2025-12-26
SKU0042,south,488,140.5500549733752,174.4356546435443,33.885599670169086,2,281.1001099467504,67.77119934033817,348.8713092870886,0.0,50,STABLE,2025-12-26
SKU0042,south,488,140.28154301357205,175.09604385283143,34.81450083925938,2,280.5630860271441,69.62900167851876,350.19208770566286,0.0,50,STABLE,2025-12-26
SKU0042,south,488,136.1676839945867,171.85023123028253,35.682547235695836,2,272.3353679891734,71.36509447139167,343.70046246056506,0.0,50,STABLE,2025-12-26
SKU0042,south,488,156.40988776943104,192.9063503176548,36.496462548223775,2,312.8197755388621,72.99292509644755,385.8127006353096,0.0,50,STABLE,2025-12-26
SKU0042,south,488,127.98993240896108,165.2517452329074,37.26181282394633,2,255.97986481792216,74.52362564789266,330.5034904658148,0.0,50,STABLE,2025-12-26
SKU0042,south,488,155.96047852998387,193.94375302398964,37.98327449400577,2,311.92095705996775,75.96654898801154,387.8875060479793,0.0,50,STABLE,2025-12-26
SKU0042,south,488,146.56085327350007,185.2256784646309,38.66482519113083,2,293.12170654700014,77.32965038226166,370.4513569292618,0.0,50,STABLE,2025-12-26
SKU0042,south,488,148.15162227936122,187.4615081393404,39.309885859979175,2,296.30324455872244,78.61977171995835,374.9230162786808,0.0,50,STABLE,2025-12-26
SKU0042,south,488,144.11745699793573,184.03888373726485,39.92142673932912,2,288.23491399587147,79.84285347865824,368.0777674745297,0.0,50,STABLE,2025-12-26
SKU0042,south,488,141.8765031912677,182.37855171883425,40.50204852756656,2,283.7530063825354,81.00409705513312,364.7571034376685,0.0,50,STABLE,2025-12-26
SKU0042,south,488,147.36152469195963,188.4155701173762,41.054045425416575,2,294.72304938391926,82.10809085083315,376.8311402347524,0.0,50,STABLE,2025-12-26
SKU0042,south,488,145.14353762402823,186.72299241882223,41.579454794794,2,290.28707524805645,83.158909589588,373.44598483764446,0.0,50,STABLE,2025-12-26
SKU0042,south,488,142.04824467288364,184.1283414436377,42.08009677075407,2,284.0964893457673,84.16019354150814,368.2566828872754,0.0,50,STABLE,2025-12-26
SKU0042,south,488,141.93136767841975,184.488973898486,42.55760622006625,2,283.8627353568395,85.1152124401325,368.977947796972,0.0,50,STABLE,2025-12-26
SKU0042,south,488,129.95767140211078,172.97113019404958,43.0134587919388,2,259.91534280422155,86.0269175838776,345.94226038809916,0.0,50,STABLE,2025-12-26
SKU0042,south,488,158.64177791789976,202.09077027100875,43.44899235310899,2,317.2835558357995,86.89798470621798,404.1815405420175,0.0,50,STABLE,2025-12-26
SKU0042,south,488,135.1202302641909,178.9856550412626,43.865424777071695,2,270.2404605283818,87.73084955414339,357.9713100825252,0.0,50,STABLE,2025-12-26
SKU0042,south,488,153.44339328714042,197.70726211150745,44.26386882436702,2,306.88678657428085,88.52773764873405,395.4145242230149,0.0,50,STABLE,2025-12-26
SKU0042,south,488,140.32598919083307,184.97133387117643,44.64534468034336,2,280.65197838166614,89.29068936068671,369.94266774235285,0.0,50,STABLE,2025-12-26
SKU0042,south,488,146.50493623486096,191.51572682522567,45.01079059036471,2,293.0098724697219,90.02158118072941,383.03145365045134,0.0,50,STABLE,2025-12-26
SKU0042,south,488,131.3329721709792,176.69404410852798,45.361071937548786,2,262.6659443419584,90.72214387509757,353.38808821705595,0.0,50,STABLE,2025-12-26
SKU0042,south,488,136.9399080790049,182.63689711515832,45.69698903615341,2,273.8798161580098,91.39397807230682,365.27379423031664,0.0,50,STABLE,2025-12-26
SKU0042,south,488,144.92945302124252,190.94873687982292,46.019283858580394,2,289.85890604248505,92.03856771716079,381.89747375964583,0.0,50,STABLE,2025-12-26
SKU0042,south,488,134.23674408602153,180.5653899573417,46.32864587132016,2,268.47348817204306,92.65729174264033,361.1307799146834,0.0,50,STABLE,2025-12-26
SKU0043,north,276,149.7159382468189,192.4300445303201,42.714106283501195,1,149.7159382468189,42.714106283501195,192.4300445303201,0.0,100,STABLE,2025-12-26
SKU0043,south,233,149.7159382468189,192.4300445303201,42.714106283501195,1,149.7159382468189,42.714106283501195,192.4300445303201,0.0,100,STABLE,2025-12-26
SKU0043,north,276,145.3106561019614,188.01391053701067,42.703254435049274,1,145.3106561019614,42.703254435049274,188.01391053701067,0.0,100,STABLE,2025-12-26
SKU0043,south,233,145.3106561019614,188.01391053701067,42.703254435049274,1,145.3106561019614,42.703254435049274,188.01391053701067,0.0,100,STABLE,2025-12-26
SKU0043,north,276,127.0499405299135,169.7428636389792,42.6929231090657,1,127.0499405299135,42.6929231090657,169.7428636389792,0.0,100,STABLE,2025-12-26
SKU0043,west,186,127.0499405299135,169.7428636389792,42.6929231090657,1,127.0499405299135,42.6929231090657,169.7428636389792,0.0,100,STABLE,2025-12-26
SKU0043,south,233,127.0499405299135,169.7428636389792,42.6929231090657,1,127.0499405299135,42.6929231090657,169.7428636389792,0.0,100,STABLE,2025-12-26
SKU0043,north,276,134.66720892169658,177.35029643381267,42.68308751211609,1,134.66720892169658,42.68308751211609,177.35029643381267,0.0,100,STABLE,2025-12-26
SKU0043,west,186,134.66720892169658,177.35029643381267,42.68308751211609,1,134.66720892169658,42.68308751211609,177.35029643381267,0.0,100,STABLE,2025-12-26
SKU0043,south,233,134.66720892169658,177.35029643381267,42.68308751211609,1,134.66720892169658,42.68308751211609,177.35029643381267,0.0,100,STABLE,2025-12-26
SKU0043,north,276,146.94437271103797,189.61809672635147,42.673724015313496,1,146.94437271103797,42.673724015313496,189.61809672635147,0.0,100,STABLE,2025-12-26
SKU0043,south,233,146.94437271103797,189.61809672635147,42.673724015313496,1,146.94437271103797,42.673724015313496,189.61809672635147,0.0,100,STABLE,2025-12-26
SKU0043,north,276,145.36381026430334,188.02862036565463,42.66481010135129,1,145.36381026430334,42.66481010135129,188.02862036565463,0.0,100,STABLE,2025-12-26
SKU0043,south,233,145.36381026430334,188.02862036565463,42.66481010135129,1,145.36381026430334,42.66481010135129,188.02862036565463,0.0,100,STABLE,2025-12-26
SKU0043,north,276,146.12712128794172,188.78344560151723,42.65632431357551,1,146.12712128794172,42.65632431357551,188.78344560151723,0.0,100,STABLE,2025-12-26
SKU0043,south,233,146.12712128794172,188.78344560151723,42.65632431357551,1,146.12712128794172,42.65632431357551,188.78344560151723,0.0,100,STABLE,2025-12-26
SKU0043,north,276,145.37580835429145,188.02405456155452,42.64824620726307,1,145.37580835429145,42.64824620726307,188.02405456155452,0.0,100,STABLE,2025-12-26
SKU0043,south,233,145.37580835429145,188.02405456155452,42.64824620726307,1,145.37580835429145,42.64824620726307,188.02405456155452,0.0,100,STABLE,2025-12-26
SKU0043,north,276,164.3266565009654,206.9672128039895,42.640556303024084,1,164.3266565009654,42.640556303024084,206.9672128039895,0.0,100,STABLE,2025-12-26
SKU0043,south,233,164.3266565009654,206.9672128039895,42.640556303024084,1,164.3266565009654,42.640556303024084,206.9672128039895,0.0,100,STABLE,2025-12-26
SKU0043,north,276,123.51028457393748,166.14352061618123,42.63323604224375,1,123.51028457393748,42.63323604224375,166.14352061618123,0.0,100,STABLE,2025-12-26
SKU0043,west,186,123.51028457393748,166.14352061618123,42.63323604224375,1,123.51028457393748,42.63323604224375,166.14352061618123,0.0,100,STABLE,2025-12-26
SKU0043,south,233,123.51028457393748,166.14352061618123,42.63323604224375,1,123.51028457393748,42.63323604224375,166.14352061618123,0.0,100,STABLE,2025-12-26
SKU0043,north,276,156.40245531644774,199.0287230609348,42.62626774448705,1,156.40245531644774,42.62626774448705,199.0287230609348,0.0,100,STABLE,2025-12-26
SKU0043,south,233,156.40245531644774,199.0287230609348,42.62626774448705,1,156.40245531644774,42.62626774448705,199.0287230609348,0.0,100,STABLE,2025-12-26
SKU0043,north,276,131.84064957614515,174.46028414293176,42.6196345667866,1,131.84064957614515,42.6196345667866,174.46028414293176,0.0,100,STABLE,2025-12-26
SKU0043,west,186,131.84064957614515,174.46028414293176,42.6196345667866,1,131.84064957614515,42.6196345667866,174.46028414293176,0.0,100,STABLE,2025-12-26
SKU0043,south,233,131.84064957614515,174.46028414293176,42.6196345667866,1,131.84064957614515,42.6196345667866,174.46028414293176,0.0,100,STABLE,2025-12-26
SKU0043,north,276,148.19570195134463,190.80902241608436,42.61332046473973,1,148.19570195134463,42.61332046473973,190.80902241608436,0.0,100,STABLE,2025-12-26
SKU0043,south,233,148.19570195134463,190.80902241608436,42.61332046473973,1,148.19570195134463,42.61332046473973,190.80902241608436,0.0,100,STABLE,2025-12-26
SKU0043,north,276,139.11447840961242,181.72178856495373,42.60731015534131,1,139.11447840961242,42.60731015534131,181.72178856495373,0.0,100,STABLE,2025-12-26
SKU0043,west,186,139.11447840961242,181.72178856495373,42.60731015534131,1,139.11447840961242,42.60731015534131,181.72178856495373,0.0,100,STABLE,2025-12-26
SKU0043,south,233,139.11447840961242,181.72178856495373,42.60731015534131,1,139.11447840961242,42.60731015534131,181.72178856495373,0.0,100,STABLE,2025-12-26
SKU0043,north,276,139.3156521651853,181.91724124666624,42.60158908148094,1,139.3156521651853,42.60158908148094,181.91724124666624,0.0,100,STABLE,2025-12-26
SKU0043,west,186,139.3156521651853,181.91724124666624,42.60158908148094,1,139.3156521651853,42.60158908148094,181.91724124666624,0.0,100,STABLE,2025-12-26
SKU0043,south,233,139.3156521651853,181.91724124666624,42.60158908148094,1,139.3156521651853,42.60158908148094,181.91724124666624,0.0,100,STABLE,2025-12-26
SKU0043,north,276,170.78762024991536,213.38376362716932,42.59614337725395,1,170.78762024991536,42.59614337725395,213.38376362716932,0.0,100,STABLE,2025-12-26
SKU0043,south,233,170.78762024991536,213.38376362716932,42.59614337725395,1,170.78762024991536,42.59614337725395,213.38376362716932,0.0,100,STABLE,2025-12-26
SKU0043,north,276,129.75769379065372,172.34865284881215,42.59095905815843,1,129.75769379065372,42.59095905815843,172.34865284881215,0.0,100,STABLE,2025-12-26
SKU0043,west,186,129.75769379065372,172.34865284881215,42.59095905815843,1,129.75769379065372,42.59095905815843,172.34865284881215,0.0,100,STABLE,2025-12-26
SKU0043,south,233,129.75769379065372,172.34865284881215,42.59095905815843,1,129.75769379065372,42.59095905815843,172.34865284881215,0.0,100,STABLE,2025-12-26
SKU0043,north,276,152.79741216738915,195.38263269301115,42.58522052562199,1,152.79741216738915,42.58522052562199,195.38263269301115,0.0,100,STABLE,2025-12-26
SKU0043,south,233,152.79741216738915,195.38263269301115,42.58522052562199,1,152.79741216738915,42.58522052562199,195.38263269301115,0.0,100,STABLE,2025-12-26
SKU0043,north,276,168.95157418351064,211.5321356593219,42.580561475811265,1,168.95157418351064,42.580561475811265,211.5321356593219,0.0,100,STABLE,2025-12-26
SKU0043,south,233,168.95157418351064,211.5321356593219,42.580561475811265,1,168.95157418351064,42.580561475811265,211.5321356593219,0.0,100,STABLE,2025-12-26
SKU0043,north,276,129.81598838840026,172.39211522789952,42.57612683949927,1,129.81598838840026,42.57612683949927,172.39211522789952,0.0,100,STABLE,2025-12-26
SKU0043,west,186,129.81598838840026,172.39211522789952,42.57612683949927,1,129.81598838840026,42.57612683949927,172.39211522789952,0.0,100,STABLE,2025-12-26
SKU0043,south,233,129.81598838840026,172.39211522789952,42.57612683949927,1,129.81598838840026,42.57612683949927,172.39211522789952,0.0,100,STABLE,2025-12-26
SKU0043,north,276,134.02710892932797,176.5990147690709,42.571905839742925,1,134.02710892932797,42.571905839742925,176.5990147690709,0.0,100,STABLE,2025-12-26
SKU0043,west,186,134.02710892932797,176.5990147690709,42.571905839742925,1,134.02710892932797,42.571905839742925,176.5990147690709,0.0,100,STABLE,2025-12-26
SKU0043,south,233,134.02710892932797,176.5990147690709,42.571905839742925,1,134.02710892932797,42.571905839742925,176.5990147690709,0.0,100,STABLE,2025-12-26
SKU0043,north,276,140.95904309172988,183.52693130582497,42.56788821409509,1,140.95904309172988,42.56788821409509,183.52693130582497,0.0,100,STABLE,2025-12-26
SKU0043,west,186,140.95904309172988,183.52693130582497,42.56788821409509,1,140.95904309172988,42.56788821409509,183.52693130582497,0.0,100,STABLE,2025-12-26
SKU0043,south,233,140.95904309172988,183.52693130582497,42.56788821409509,1,140.95904309172988,42.56788821409509,183.52693130582497,0.0,100,STABLE,2025-12-26
SKU0043,north,276,145.58741539595118,188.15147958627895,42.56406419032777,1,145.58741539595118,42.56406419032777,188.15147958627895,0.0,100,STABLE,2025-12-26
SKU0043,south,233,145.58741539595118,188.15147958627895,42.56406419032777,1,145.58741539595118,42.56406419032777,188.15147958627895,0.0,100,STABLE,2025-12-26
SKU0043,north,276,124.3252329763838,166.88565743965788,42.560424463274074,1,124.3252329763838,42.560424463274074,166.88565743965788,0.0,100,STABLE,2025-12-26
SKU0043,west,186,124.3252329763838,166.88565743965788,42.560424463274074,1,124.3252329763838,42.560424463274074,166.88565743965788,0.0,100,STABLE,2025-12-26
SKU0043,south,233,124.3252329763838,166.88565743965788,42.560424463274074,1,124.3252329763838,42.560424463274074,166.88565743965788,0.0,100,STABLE,2025-12-26
SKU0043,north,276,123.5811781412818,166.1381383140207,42.5569601727389,1,123.5811781412818,42.5569601727389,166.1381383140207,0.0,100,STABLE,2025-12-26
SKU0043,west,186,123.5811781412818,166.1381383140207,42.5569601727389,1,123.5811781412818,42.5569601727389,166.1381383140207,0.0,100,STABLE,2025-12-26
SKU0043,south,233,123.5811781412818,166.1381383140207,42.5569601727389,1,123.5811781412818,42.5569601727389,166.1381383140207,0.0,100,STABLE,2025-12-26
SKU0043,north,276,152.63525183291986,195.18891471535304,42.55366288243317,1,152.63525183291986,42.55366288243317,195.18891471535304,0.0,100,STABLE,2025-12-26
SKU0043,south,233,152.63525183291986,195.18891471535304,42.55366288243317,1,152.63525183291986,42.55366288243317,195.18891471535304,0.0,100,STABLE,2025-12-26
SKU0045,south,409,100.95808820434706,126.2548620236396,25.29677381929254,3,302.8742646130412,75.89032145787762,378.7645860709188,0.0,100,STABLE,2025-12-26
SKU0045,south,409,97.723522905731,123.00132731360492,25.277804407873916,3,293.170568717193,75.83341322362175,369.00398194081475,0.0,100,STABLE,2025-12-26
SKU0045,south,409,99.6902550140312,124.95047206705529,25.260217053024093,3,299.07076504209357,75.78065115907228,374.8514162011659,0.0,100,STABLE,2025-12-26
SKU0045,south,409,101.3758440941767,126.6197564909927,25.243912396816,3,304.12753228253007,75.731737190448,379.8592694729781,0.0,100,STABLE,2025-12-26
SKU0045,south,409,96.46774325641915,121.69654128949124,25.22879803307208,3,289.40322976925745,75.68639409921624,365.0896238684737,0.0,100,STABLE,2025-12-26
SKU0045,south,409,103.23172640713122,128.44651446038463,25.214788053253415,3,309.6951792213937,75.64436415976024,385.33954338115393,0.0,100,STABLE,2025-12-26
SKU0045,south,409,92.76998338844555,117.97178600011053,25.201802611664974,3,278.30995016533666,75.60540783499492,353.9153580003316,0.0,100,STABLE,2025-12-26
SKU0045,south,409,104.60529913513912,129.79506665182703,25.18976751668791,3,313.81589740541733,75.56930255006372,389.3851999554811,0.0,100,STABLE,2025-12-26
SKU0045,south,409,91.7381567335959,116.91677058051197,25.178613846916065,3,275.2144702007877,75.5358415407482,350.7503117415359,0.0,100,STABLE,2025-12-26
SKU0045,south,409,86.05250936417326,111.22078695522636,25.168277591053098,3,258.1575280925198,75.5048327731593,333.6623608656791,0.0,100,STABLE,2025-12-26
SKU0045,south,409,90.53628399556352,115.69498330598827,25.15869931042475,3,271.6088519866906,75.47609793127425,347.0849499179648,0.0,100,STABLE,2025-12-26
SKU0045,south,409,82.93457822127954,108.0844020442464,25.149823822966866,3,248.8037346638386,75.4494714689006,324.2532061327392,0.0,100,STABLE,2025-12-26
SKU0045,south,409,92.14208884623908,117.2836887538045,25.14159990756542,3,276.42626653871724,75.42479972269626,351.8510662614135,0.0,100,STABLE,2025-12-26
SKU0045,south,409,88.597017478501,113.7309975061493,25.133980027648292,3,265.791052435503,75.40194008294488,341.19299251844785,0.0,100,STABLE,2025-12-26
SKU0045,south,409,92.72442386175632,117.85134393471328,25.126920072956963,3,278.17327158526894,75.38076021887089,353.5540318041398,0.0,100,STABLE,2025-12-26
SKU0045,south,409,83.1001535198275,108.22053263828614,25.120379118458644,3,249.3004605594825,75.36113735537593,324.6615979148584,0.0,100,STABLE,2025-12-26
SKU0045,south,409,83.96926635197823,109.08358555137552,25.114319199397286,3,251.9077990559347,75.34295759819186,327.2507566541266,0.0,100,STABLE,2025-12-26
SKU0045,south,409,81.54685924226658,106.65556434378604,25.108705101519462,3,244.64057772679973,75.32611530455839,319.9666930313581,0.0,100,STABLE,2025-12-26
SKU0045,south,409,79.31908829399686,104.42259245954916,25.10350416555231,3,237.95726488199057,75.31051249665693,313.2677773786475,0.0,100,STABLE,2025-12-26
SKU0045,south,409,71.14059019313603,96.23927629818806,25.098686105052025,3,213.4217705794081,75.29605831515607,288.71782889456415,0.0,100,STABLE,2025-12-26
SKU0045,south,409,86.40457638733412,111.49879922411787,25.094222836783757,3,259.2137291620023,75.28266851035127,334.4963976723536,0.0,100,STABLE,2025-12-26
SKU0045,south,409,73.46211945237953,98.5522077752143,25.090088322834774,3,220.3863583571386,75.27026496850432,295.6566233256429,0.0,100,STABLE,2025-12-26
SKU0045,south,409,74.49409794718221,99.58035637088727,25.08625842370506,3,223.48229384154664,75.25877527111518,298.7410691126618,0.0,100,STABLE,2025-12-26
SKU0045,south,409,77.70875177048941,102.7914625321495,25.08271076166008,3,233.12625531146824,75.24813228498024,308.3743875964485,0.0,100,STABLE,2025-12-26
SKU0045,south,409,70.15156534022677,95.23098993389652,25.079424593669756,3,210.4546960206803,75.23827378100927,285.69296980168957,0.0,100,STABLE,2025-12-26
SKU0045,south,409,72.2483868263904,97.324767519687,25.0763806932966,3,216.7451604791712,75.2291420798898,291.974302559061,0.0,100,STABLE,2025-12-26
